代码组(master_cd),代码值(cd_val),中文(zh),韩文(ko),英文(en),启用(use_yn)
1,1,,,,Y
ABNR_REASON_CD,1A,炼钢提前出钢,제강 선 출장,,Y
ABNR_REASON_CD,1B,RH设备异常,RH 설비이상,,Y
ABNR_REASON_CD,1C,LF设备异常,LF 설비이상,,Y
ABNR_REASON_CD,1D,炼钢天车异常,제강Crane이상,,Y
ABNR_REASON_CD,1E,炼钢成分异常,제강 성분이상,,Y
ABNR_REASON_CD,1F,铁水不足,용선부족,,Y
ABNR_REASON_CD,1G,炼钢副原料不足,부 원료 부족,,Y
ABNR_REASON_CD,1H,炼钢现场调整申请,제강 현장 조정요청,,Y
ABNR_REASON_CD,1J,炼钢其他,제강 기타,,Y
ABNR_REASON_CD,21,板坯成分,,Slab Reject,Y
ABNR_REASON_CD,2A,连铸调宽设备异常,연주 폭 가변 설비이상,,Y
ABNR_REASON_CD,22,板坯未生产,Slab 미생산,,Y
ABNR_REASON_CD,2B,连铸原因,연주Breeding,,Y
ABNR_REASON_CD,2C,连铸突发情况,연주Break Out,,Y
ABNR_REASON_CD,2D,连铸天车异常,연주 Crane이상,,Y
ABNR_REASON_CD,2E,模具未准备,Mold 미준비,,Y
ABNR_REASON_CD,2F,连铸设备异常,연주설비이상,,Y
ABNR_REASON_CD,2G,连铸附属设备异常,연주부대설비이상,,Y
ABNR_REASON_CD,2H,连铸现场调整申请,연주 현장 조정요청,,Y
ABNR_REASON_CD,2J,连铸其他,연주기타,,Y
ABNR_REASON_CD,3A,加热炉异常,가열로 이상,,Y
ABNR_REASON_CD,3B,热轧轧制设备异常,열연압연설비이상,,Y
ABNR_REASON_CD,3C,热轧D/C异常,열연D/C이상,,Y
ABNR_REASON_CD,3D,热轧天车设备异常,열연 Crane설비이상,,Y
ABNR_REASON_CD,3F,热轧计划停休延迟,열연 계획휴지지연,,Y
ABNR_REASON_CD,3G,冷却区域 Full,냉각장 Full,,Y
ABNR_REASON_CD,3J,热轧其他,열연기타,,Y
ABNR_REASON_CD,4B,冷轧轧制设备异常,냉연압연설비이상,,Y
ABNR_REASON_CD,4C,冷轧D/C异常,냉연D/C이상,,Y
ABNR_REASON_CD,4D,天车设备异常,Crane이상,,Y
ABNR_REASON_CD,4F,冷轧计划停休延迟,냉연계획휴지지연,,Y
ABNR_REASON_CD,4G,仓库Full,창고Full,,Y
ABNR_REASON_CD,4J,冷轧其他,냉연기타,,Y
ABNR_REASON_CD,5A,加热炉异常,가열로 이상,,Y
ABNR_REASON_CD,5B,厚板轧制设备异常,후판압연설비이상,,Y
ABNR_REASON_CD,5C,"厚板DS,DSS异常",후판전단설비이상,,Y
ABNR_REASON_CD,5D,厚板天车设备异常,후판Crane설비이상,,Y
ABNR_REASON_CD,5F,厚板计划停休延迟,후판계획휴지지연,,Y
ABNR_REASON_CD,5G,冷却区域 Full,냉각장 Full,,Y
ABNR_REASON_CD,5J,厚板其他,후판기타,,Y
ABNR_REASON_CD,6A,修改订单,수정주문,,Y
ABNR_REASON_CD,6B,取消订单,취소주문,,Y
ABNR_REASON_CD,6C,质量设计异常,품질설계이상,,Y
ABNR_REASON_CD,6D,质量设计遗漏,품질설계누락,,Y
ABNR_REASON_CD,6E,设计成分异常,설계성분이상,,Y
ABNR_REASON_CD,6J,订单/质量其他,주문/품질 기타,,Y
ABNR_REASON_CD,7A,工序设计MISS,공정설계MISS,,Y
ABNR_REASON_CD,7B,交期替代申请,납기대체요청,,Y
ABNR_REASON_CD,7C,库存调整申请,재고조정요청,,Y
ABNR_REASON_CD,7D,紧急生产替代,긴급생산대체,,Y
ABNR_REASON_CD,7E,ROLL不适合,ROLL부적합,,Y
ABNR_REASON_CD,7F,设计项目遗漏,설계항목누락,,Y
ABNR_REASON_CD,7J,工序其他,공정기타,,Y
ABNR_REASON_GRP,1,,,Steel Making,Y
ABNR_REASON_GRP,2,,,Casting,Y
ABNR_REASON_GRP,3,,,Hot Rolling,Y
ABNR_REASON_GRP,4,,,Cold Rolling,Y
ABNR_REASON_GRP,5,,,Plate Rolling,Y
ABNR_REASON_GRP,6,,,Order & Quality,Y
ABNR_REASON_GRP,7,,,Planning,Y
ACCEPT_YN,Y,已接收,,,Y
ACCEPT_YN,N,未接收,,,Y
ALLOC_CHK_TY,M,,,Mandatory Check,Y
ALLOC_CHK_TY,O,,,Optional Check,Y
ALLOC_CHK_TY,N,,,Not Check,Y
ALLOC_TY,A,,,Allocation,Y
ALLOC_TY,D,,,De-Allocation,Y
ALLOC_TY,E,,,Order Exchange,Y
ALTER_PLT_CD,3,3500产线,,,Y
ANALYSIS PLACE CODE,A,原料分析中心,원료부석센타,,Y
ANALYSIS PLACE CODE,B,冶炼分析中心,제련분석센타,,Y
ANALYSIS PLACE CODE,C,板材检测中心,판재검사센타,,Y
ANALYSIS PLACE CODE,D,环保监测中心,환경보호검측센타,,Y
ANALYSIS PLACE CODE,E,低倍实验室,저출력시험실,,Y
ANALYSIS PLACE CODE,F,产品研发实验室,제품연구개발시험실,,Y
ANALYSIS PLACE CODE,G,焦化实验室,코크스시험실,,Y
ANALYSIS PLACE CODE,H,冷轧中央检验室,냉연시험실,,Y
ANAL_STS,TEST_REG,,,Test Registeration,Y
ANAL_STS,TEST_LAB,,,Testing in Lab,Y
ANAL_STS,TEST_CLOSE,,,Test Close,Y
ANAL_STS,REQ_CANCEL,,,Request Cancel,Y
ANAL_TY,A,钢材等级品率,강재등급품율,,Y
ANAL_TY,B,执行企业标准产品比率,기업표준수행제품비율,,Y
ANAL_TY,C,出口钢材产品比率,수출강재제품비율,,Y
ANAL_TY,D,产品物理性能改判率,제품물리성능개판율,,Y
ANAL_TY,E,炼钢化学成分改判率,제강화학성분개판율,,Y
ANAL_TY,F,连铸坯综合合格率,연주slab종합합격율,,Y
ANAL_TY,G,出口坯比率,수출slab비율,,Y
ANAL_TY,H,生铁合格率,생철합격율,,Y
ANTIFNG_WGT_GRT_CD,A,性能试验+性能判定+质保书发行,,,Y
ANTIFNG_WGT_GRT_CD,B,性能试验+性能判定,,,Y
ANTIFNG_WGT_GRT_CD,C,性能试验+质保书发行,,,Y
ANTIFNG_WGT_GRT_CD,D,性能试验,,,Y
ANTRST_OIL_KIND,A,,,CORTEC,Y
ANTRST_OIL_KIND,B,一般防锈油,일반방청유,,Y
ANTRST_OIL_KIND,C,,,DOSA,Y
ANTRST_OIL_KIND,D,脱脂改善防锈油,탈지개선방청유,,Y
ANTRST_OIL_KIND,E,高润滑防锈油,고윤활방청유,,Y
ANTRST_OIL_KIND,F,客户指定防锈油,고객지정방청유,,Y
ANTRST_OIL_KIND,X,无涂油,무도유,,Y
APPRD_GRD,1,合格,,,Y
APPRD_GRD,2,订单外一级,,,Y
APPRD_GRD,4,保留材,,,Y
APPRD_GRD,5,协议材,,,Y
APPRD_GRD,9,不合格,,,Y
APPR_DEF_CD,BBF2,角部裂纹,,Thick Over,Y
APPR_DEF_CD,FBK0,内部角裂,,internal corner-crack,Y
APPR_DEF_CD,ABP4,针孔气泡,,pinhole bubble,Y
APPR_DEF_CD,FBP5,中心偏析,,Center segregation,Y
APPR_DEF_CD,FBP6,中心疏松,,central porosity,Y
APPR_DEF_CD,FBP7,中心线裂纹,,Center line Crack,Y
APPR_DEF_CD,ABD1,凹陷,,depression,Y
APPR_DEF_CD,ABD6,边部线状缺陷,,Edge line defects,Y
APPR_DEF_CD,ABE1,表面凹陷,,surface dimple,Y
APPR_DEF_CD,ABE3,表面横裂纹,,Surface Horizontal Crack,Y
APPR_DEF_CD,ABE4,表面夹渣,,surface inclusions,Y
APPR_DEF_CD,ABE7,表面纵裂纹,,Surface Horizontal Crack,Y
APPR_DEF_CD,CBE9,不平度,,waviness,Y
APPR_DEF_CD,BBF3,白亮带,,Width Over,Y
APPR_DEF_CD,BBG3,短尺,,short length,Y
APPR_DEF_CD,FBB9,分层,,stratification,Y
APPR_DEF_CD,CBG9,鼓肚,,Bulging,Y
APPR_DEF_CD,BBH8,厚度薄,,Thick Under,Y
APPR_DEF_CD,ABH9,划痕,,scratch,Y
APPR_DEF_CD,ABI1,夹杂翘皮,,inclusions upwarping,Y
APPR_DEF_CD,ABI2,角裂,,corner crack,Y
APPR_DEF_CD,ABI3,接头,,joint,Y
APPR_DEF_CD,ABB2,结疤,,scar,Y
APPR_DEF_CD,BBI8,宽度窄,,Width Under,Y
APPR_DEF_CD,CBJ2,镰刀弯,,Sickle bend,Y
APPR_DEF_CD,EBK1,坯头,,slab head,Y
APPR_DEF_CD,EBK2,坯尾,,slab tail,Y
APPR_DEF_CD,FBK3,皮下夹渣,,subsurface inclusion,Y
APPR_DEF_CD,FBM1,缩孔,,shrinkage cavity,Y
APPR_DEF_CD,CBM7,脱方,,Out of squareness,Y
APPR_DEF_CD,CBM9,弯曲,,Bending,Y
APPR_DEF_CD,CBN8,异金属夹杂,,wedge,Y
APPR_DEF_CD,ABO4,星裂纹,,Star crack,Y
APPR_DEF_CD,BBP2,长尺,,Length Over,Y
APPR_DEF_CD,ABQ2,振痕,,oscillation mark,Y
APPR_DEF_CD,FBQ5,中间纵裂,,Center  Vertical Crack,Y
APPR_DEF_CD,ACA6,边部翘皮,,Side tilt,Y
APPR_DEF_CD,CCC9,边浪,,Edge wave,Y
APPR_DEF_CD,ABB5,边裂,,side crack,Y
APPR_DEF_CD,ACB5,边裂,,side crack,Y
APPR_DEF_CD,CCB7,扁卷,,flat coil,Y
APPR_DEF_CD,ABE2,表面分层,,Surface stratification,Y
APPR_DEF_CD,ACE8,剥落,,spalling,Y
APPR_DEF_CD,CCE9,不平度,,waviness,Y
APPR_DEF_CD,ACF1,擦伤,,abrasion,Y
APPR_DEF_CD,BCF2,缩孔,,Thick Over,Y
APPR_DEF_CD,BCF3,超宽,,Width Under,Y
APPR_DEF_CD,BCG3,短尺,,short length,Y
APPR_DEF_CD,ACA1,非金属夹杂物,,Secondary iron oxide skin press,Y
APPR_DEF_CD,CCG9,鼓肚,,Bulging,Y
APPR_DEF_CD,ACB0,辊印,,Roll Mark,Y
APPR_DEF_CD,ABC7,横裂,,Horizontal Crack,Y
APPR_DEF_CD,ACC7,横裂,,Horizontal Crack,Y
APPR_DEF_CD,ACA3,红锈,,Red rust,Y
APPR_DEF_CD,BCH8,厚度薄,,Thick Under,Y
APPR_DEF_CD,ACB1,划伤,,scratch,Y
APPR_DEF_CD,ABB4,机清条纹,,stripe,Y
APPR_DEF_CD,ABB8,夹杂,,Inclusions,Y
APPR_DEF_CD,ACB2,结疤,,scar,Y
APPR_DEF_CD,ACC1,翻皮,,zigzag Edge,Y
APPR_DEF_CD,ABA4,卷渣,,Involved Slag,Y
APPR_DEF_CD,ABI7,孔洞,,Hole,Y
APPR_DEF_CD,BCI8,宽度窄,,Width Under,Y
APPR_DEF_CD,CCJ1,浪形,,Wave shape,Y
APPR_DEF_CD,CCJ2,镰刀弯,,Sickle bend,Y
APPR_DEF_CD,ACJ6,麻点,,Pitting,Y
APPR_DEF_CD,ACJ8,毛刺,,Durrs,Y
APPR_DEF_CD,ACA5,面部翘皮,,Surface tilt,Y
APPR_DEF_CD,CCK4,瓢曲,,Buckling,Y
APPR_DEF_CD,ABA8,气泡,,bubble,Y
APPR_DEF_CD,ACA2,硅酸盐夹杂,,The third iron oxide skin press,Y
APPR_DEF_CD,CCM0,白点,,slackening coil,Y
APPR_DEF_CD,CCB6,塔形,,Telescope,Y
APPR_DEF_CD,ACN0,网纹,,crazing,Y
APPR_DEF_CD,CCN8,楔形,,Wedge,Y
APPR_DEF_CD,ACA9,压痕,,Press,Y
APPR_DEF_CD,ACA0,三角区裂纹,,The first iron oxide skin press,Y
APPR_DEF_CD,ACB3,异物压入,,urity pressed in,Y
APPR_DEF_CD,CCC5,溢出边,,Overflow edge,Y
APPR_DEF_CD,ACO8,氧化铝夹渣,,oil stain,Y
APPR_DEF_CD,ACA7,轧制翘皮,,Rolling tilt,Y
APPR_DEF_CD,BCP2,长尺,,Length Over,Y
APPR_DEF_CD,ABP8,蜂窝气泡,,Fold,Y
APPR_DEF_CD,ACP8,折叠,,Fold,Y
APPR_DEF_CD,ACQ1,褶皱,,Fold,Y
APPR_DEF_CD,ACQ2,振痕,,oscillation mark,Y
APPR_DEF_CD,CCQ3,中间浪,,Central waves,Y
APPR_DEF_CD,CCQ4,中间凸厚,,Middle convex,Y
APPR_DEF_CD,ABQ6,重接,,Re-connect,Y
APPR_DEF_CD,ACD4,重皮,,double skin,Y
APPR_DEF_CD,ABC6,纵裂,,Vertical Crack,Y
APPR_DEF_CD,ACC6,纵裂,,Vertical Crack,Y
APPR_DEF_CD,BDF2,超厚,,Thick Over,Y
APPR_DEF_CD,ADD0,凹坑,,pit,Y
APPR_DEF_CD,BDD7,边厚,,Edge Thick Over,Y
APPR_DEF_CD,ADD8,边损,,Edge loss,Y
APPR_DEF_CD,CDB7,扁卷,,flat coil,Y
APPR_DEF_CD,BDF3,超宽,,Width Over,Y
APPR_DEF_CD,EDF5,粗糙度不合,,Roughness unqualified,Y
APPR_DEF_CD,BDG3,短尺,,short length,Y
APPR_DEF_CD,EDG7,钝化膜涂覆不均,,The passivation film is unevenly coated,Y
APPR_DEF_CD,AAB9,分层,,stratification,Y
APPR_DEF_CD,BDH8,厚度薄,,Thick Under,Y
APPR_DEF_CD,ADB1,划伤,,Scratch,Y
APPR_DEF_CD,ADB2,结疤,,scar,Y
APPR_DEF_CD,EDI6,卷取内径不合,,Coiling internal diameter unqualified,Y
APPR_DEF_CD,BDI8,宽度窄,,Width Under,Y
APPR_DEF_CD,CDJ1,浪形,,Wave shape,Y
APPR_DEF_CD,CCJ5,隆起/梗印,,uplift,Y
APPR_DEF_CD,AEJ7,麻坑/酸洗坑,,Pickling pits,Y
APPR_DEF_CD,CDK4,瓢曲,,Buckling,Y
APPR_DEF_CD,ADL3,清洗黑印,,Clean the black mark,Y
APPR_DEF_CD,ADL4,清洗液残留,,Residual washing liquid,Y
APPR_DEF_CD,ADL5,热划伤,,Scratch,Y
APPR_DEF_CD,CDM0,松卷,,open coiling,Y
APPR_DEF_CD,CDB6,塔形,,Pyramid,Y
APPR_DEF_CD,ACC2,凸棱,,Convex,Y
APPR_DEF_CD,EDM4,中心裂纹,,Uneven oil,Y
APPR_DEF_CD,EDM5,皮下裂纹,,Too much oil,Y
APPR_DEF_CD,EDM6,皮下气泡,,Too little oil,Y
APPR_DEF_CD,ADC4,锈斑,,Rust,Y
APPR_DEF_CD,ADB3,异物压入,,urity pressed in,Y
APPR_DEF_CD,CDC5,溢出边,,Overflow edge,Y
APPR_DEF_CD,CDP0,月牙弯,,Crescent bends,Y
APPR_DEF_CD,BDP2,长尺,,Length Over,Y
APPR_DEF_CD,ADP3,折迭,,enfold,Y
APPR_DEF_CD,EDQ9,重量不合,,Weight Fail,Y
APPR_DEF_CD,ADD2,白斑,,White spot,Y
APPR_DEF_CD,ADD5,边部细线,,Edge thin lines,Y
APPR_DEF_CD,ADB5,边裂,,side crack,Y
APPR_DEF_CD,ADE0,边折印,,slag spot,Y
APPR_DEF_CD,ABC8,表面微裂纹,,Surface microcracks,Y
APPR_DEF_CD,ACC8,表面微裂纹,,Surface microcracks,Y
APPR_DEF_CD,ADC8,表面微裂纹,,Surface microcracks,Y
APPR_DEF_CD,ADF0,擦划伤,,Scratch,Y
APPR_DEF_CD,ADF6,粗晶,,Coarse grain,Y
APPR_DEF_CD,ACF9,点片状氧化铁皮,,Point flake iron oxide,Y
APPR_DEF_CD,ADF9,点片状氧化铁皮,,Point flake iron oxide,Y
APPR_DEF_CD,ADC0,硌痕,,Dent mark,Y
APPR_DEF_CD,ADH1,规律条纹,,Regular stripes,Y
APPR_DEF_CD,AHJ4,炉辊辊印,,Roll Mark,Y
APPR_DEF_CD,ADH5,黑斑/蓝斑/黄斑/油过烧,,Dark spots,Y
APPR_DEF_CD,ADH6,横向条纹,,Horizontal stripes,Y
APPR_DEF_CD,ADH7,横折印,,Horizontal folding,Y
APPR_DEF_CD,ECI0,混晶,,Mixed crystal,Y
APPR_DEF_CD,EDI0,混晶,,Mixed crystal,Y
APPR_DEF_CD,AAB8,夹杂,,Inclusions,Y
APPR_DEF_CD,ACI4,橘皮,,Orange peel,Y
APPR_DEF_CD,ADI4,橘皮,,Orange peel,Y
APPR_DEF_CD,ADI5,卷取划伤,,Scratch,Y
APPR_DEF_CD,ACI7,孔洞,,Hole,Y
APPR_DEF_CD,ADI7,孔洞,,Hole,Y
APPR_DEF_CD,ADI9,宽窄印,,coating cross striation,Y
APPR_DEF_CD,ADJ6,麻点,,Pitting,Y
APPR_DEF_CD,ADJ8,毛刺,,grey coating,Y
APPR_DEF_CD,CHL0,热瓢曲,,buckling,Y
APPR_DEF_CD,AFK5,平整黄膜,,Smooth yellow membrane,Y
APPR_DEF_CD,AFK6,平整勒印,,Flat mark,Y
APPR_DEF_CD,AFK7,平整液斑迹,,Flat liquid stains,Y
APPR_DEF_CD,AEL1,欠酸洗,,Insufficient pickling,Y
APPR_DEF_CD,ADL2,翘皮,,tilt,Y
APPR_DEF_CD,ADC3,色差,,Color difference,Y
APPR_DEF_CD,AFL9,湿平整斑,,Wet flat spot,Y
APPR_DEF_CD,AEM2,停车斑,,Due to stop the production caused by the spots,Y
APPR_DEF_CD,CFN2,未平整,,buckling,Y
APPR_DEF_CD,ACN7,线状氧化铁皮,,Linear iron oxide,Y
APPR_DEF_CD,ADN7,线状氧化铁皮,,Linear iron oxide,Y
APPR_DEF_CD,ADN9,斜纹,,Twill,Y
APPR_DEF_CD,CDO0,心型卷,,heart-shaped coil,Y
APPR_DEF_CD,AHO5,氧化色,,Oxidation color,Y
APPR_DEF_CD,ADO7,油斑,,Oil spots,Y
APPR_DEF_CD,AFO9,羽痕/平整纹,,feather,Y
APPR_DEF_CD,ADP9,折痕,,wrinkle,Y
APPR_DEF_CD,ADQ2,振痕,,oscillation mark,Y
APPR_DEF_CD,ADH2,辊花及进刀纹,,Roller and feed stripes,Y
APPR_DEF_CD,ADB0,辊印,,Roll Mark,Y
APPR_DEF_CD,AEH3,过酸洗,,Excessive pickling,Y
APPR_DEF_CD,ADH4,焊缝,,Welds,Y
APPR_DEF_CD,CDJ2,镰刀弯,,Sickle bend,Y
APPR_DEF_CD,AAA8,气泡,,bubble,Y
APPR_DEF_CD,ADL6,热轧山水画,,Hot rolling landscape painting,Y
APPR_DEF_CD,ADL7,热轧纵向条纹,,Lateral Bending,Y
APPR_DEF_CD,ADL8,乳化液斑,,Emulsion plaque,Y
APPR_DEF_CD,ADM3,头尾黑斑,,Head and tail dark spots,Y
APPR_DEF_CD,ACO6,氧化铁皮(氧化铁片),,scale,Y
APPR_DEF_CD,ADO6,氧化铁皮(氧化铁片),,scale,Y
APPR_DEF_CD,ADP1,轧勒印,,Engraved,Y
APPR_DEF_CD,ADQ8,纵向亮线,,Vertical bright line,Y
APPR_DEF_CD,AIN6,锌灰,,Zinc ash,Y
APPR_DEF_CD,AID3,白边,,White border,Y
APPR_DEF_CD,ABD5,边部细线,,Edge thin lines,Y
APPR_DEF_CD,ACD5,边部细线,,Edge thin lines,Y
APPR_DEF_CD,AIE0,边折印,,Edge folding,Y
APPR_DEF_CD,CIB7,扁卷,,flat coil,Y
APPR_DEF_CD,AIE5,表面漏镀,,Surface galvanized missing,Y
APPR_DEF_CD,AIE6,表面脏污,,The surface is dirty,Y
APPR_DEF_CD,AIF4,沉没辊辊印,,Roll Mark,Y
APPR_DEF_CD,EIF5,粗糙度不合,,Roughness unqualified,Y
APPR_DEF_CD,AIF7,粗锌渣（直径＞0.5mm）,,big slag particle,Y
APPR_DEF_CD,AIF8,带焊缝,,dezincification,Y
APPR_DEF_CD,AIG1,镀后划伤,,Scratch after galvanizing,Y
APPR_DEF_CD,ACG0,镀前划伤,,Scratch before galvanizing,Y
APPR_DEF_CD,ADG0,镀前划伤,,Scratch before galvanizing,Y
APPR_DEF_CD,AIG2,端面漏镀,,Galvanized end face missing,Y
APPR_DEF_CD,AIG4,钝化斑,,Passivation spot,Y
APPR_DEF_CD,AIG5,钝化边,,Passivation edge,Y
APPR_DEF_CD,AIG6,钝化不均,,Passivation is uneven,Y
APPR_DEF_CD,EIG7,钝化膜涂覆不均,,The passivation film is unevenly coated,Y
APPR_DEF_CD,AIG8,高压水枪印,,High pressure water gun mark,Y
APPR_DEF_CD,AIC0,硌痕,,Dent mark,Y
APPR_DEF_CD,AIH0,光整液斑迹,,Light liquid stains,Y
APPR_DEF_CD,AIH1,规律条纹,,Regular stripes,Y
APPR_DEF_CD,AIB0,辊印,,Roll Mark,Y
APPR_DEF_CD,EII6,卷取内径不合,,Coiling internal diameter unqualified,Y
APPR_DEF_CD,AII9,宽窄印,,Wide and narrow mark,Y
APPR_DEF_CD,AGJ0,拉矫纹/吕德斯带,,Straightening lines,Y
APPR_DEF_CD,AIJ3,亮边,,Bright edge,Y
APPR_DEF_CD,AID9,亮点,,bright spot,Y
APPR_DEF_CD,AIJ8,毛刺,,grey coating,Y
APPR_DEF_CD,AIJ9,密集细线状钝化辊印,,Dense linear passivation roller imprint,Y
APPR_DEF_CD,AIK8,起筋,,From the tendons,Y
APPR_DEF_CD,AIK9,气刀条纹,,Air knife stripes,Y
APPR_DEF_CD,AIL2,翘皮,,tilt,Y
APPR_DEF_CD,AIC3,色差,,Color difference,Y
APPR_DEF_CD,CIM0,松卷,,open coiling,Y
APPR_DEF_CD,CIB6,塔形,,Pyramid,Y
APPR_DEF_CD,AIM2,停车斑,,Due to stop the production caused by the spots,Y
APPR_DEF_CD,AIM8,脱锌,,dezincification,Y
APPR_DEF_CD,AIN1,未光整,,Not smooth,Y
APPR_DEF_CD,AIN3,无钝化,,No passivation,Y
APPR_DEF_CD,AIN4,无涂油,,No oil,Y
APPR_DEF_CD,AIN5,细锌渣（直径≤0.5mm）,,small slag particle,Y
APPR_DEF_CD,EIO1,锌层附着力差,,Poor adhesion of zinc layer,Y
APPR_DEF_CD,EIO2,锌层厚度不合,,Thick Fail,Y
APPR_DEF_CD,AIO3,锌流纹,,Zinc flow stripe,Y
APPR_DEF_CD,CIC5,溢出边,,Overflow edge,Y
APPR_DEF_CD,AIO7,油斑,,Oil spots,Y
APPR_DEF_CD,AIO8,油污,,oil stain,Y
APPR_DEF_CD,AIQ0,折皱,,Wrinkle,Y
APPR_DEF_CD,AIQ7,纵向辊印,,Vertical Roll Mark,Y
APPR_DEF_CD,P001,分层,,,Y
APPR_DEF_CD,P002,夹杂,,,Y
APPR_DEF_CD,P003,结疤,,,Y
APPR_DEF_CD,P004,翘皮,,,Y
APPR_DEF_CD,P005,气泡,,,Y
APPR_DEF_CD,P006,边浪,,,Y
APPR_DEF_CD,P007,中间浪,,,Y
APPR_DEF_CD,P008,镰刀弯,,,Y
APPR_DEF_CD,P009,瓢曲,,,Y
APPR_DEF_CD,P010,边裂,,,Y
APPR_DEF_CD,P011,横裂,,,Y
APPR_DEF_CD,P012,小纵裂,,,Y
APPR_DEF_CD,P013,大纵裂,,,Y
APPR_DEF_CD,P014,山峰裂,,,Y
APPR_DEF_CD,P015,马蜂窝裂,,,Y
APPR_DEF_CD,P016,异物压入,,,Y
APPR_DEF_CD,P017,氧化铁皮压入,,,Y
APPR_DEF_CD,P018,麻点,,,Y
APPR_DEF_CD,P019,红锈,,,Y
APPR_DEF_CD,P020,辊印,,,Y
APPR_DEF_CD,P021,划伤,,,Y
APPR_DEF_CD,P022,划痕,,,Y
APPR_DEF_CD,P023,压痕,,,Y
APPR_DEF_CD,P024,折叠,,,Y
APPR_DEF_CD,P025,油污,,,Y
APPR_DEF_CD,P026,超厚,,,Y
APPR_DEF_CD,P027,厚度薄,,,Y
APPR_DEF_CD,P028,宽度窄,,,Y
APPR_DEF_CD,P029,短尺,,,Y
APPR_DEF_CD,P030,探伤不合,,,Y
APPR_DEF_CD,P031,现货订单外1级处理,,,Y
APPR_DEF_CD,P032,现货订单合格品处理,,,Y
APPR_DEF_CD,P033,物性不合,,,Y
APPR_DEF_CD,P034,边部黑线,,,Y
APPR_DEF_CD,P035,卷轧头尾钢板,,,Y
APPR_DEF_CD,P036,星裂纹,,,Y
APPR_DEF_CD,P037,性能不合挽救取样短尺,,,Y
APPR_DEF_CD,P038,花斑,,,Y
APPR_DEF_CD,P039,边部折叠,,,Y
APPR_DEF_CD,P040,边部山峰裂,,,Y
APPR_DEF_CD,P041,边部纵裂纹,,,Y
APPR_DEF_CD,P042,涂料压入,,,Y
APPR_DEF_CD,P043,探伤缺陷切除宽度不合,,,Y
APPR_DEF_CD,P044,探伤缺陷切除长度不合,,,Y
APPR_DEF_CD,P045,探伤缺陷切除改尺,,,Y
APPR_DEF_CD,P046,红送网裂,,,Y
APPR_DEF_CD1,A,表面缺陷,표면결함,,Y
APPR_DEF_CD1,B,尺寸缺陷,Size결함,,Y
APPR_DEF_CD1,C,形状缺陷,형상결함,,Y
APPR_DEF_CD1,E,其他缺陷,기타결함,,Y
APPR_DEF_CD1,F,内部缺陷,내부결함,,Y
APPR_DEF_CD2,A,炼钢,제강,,Y
APPR_DEF_CD2,B,炼钢-连铸,제강-연주,,Y
APPR_DEF_CD2,C,棒材,열연,,Y
APPR_DEF_CD2,D,线材,냉연,,Y
APPR_DEF_CD2,E,中厚板,냉연-산세,,Y
APPR_DEF_GRP,GA3,,,GA Defect ETC,Y
APPR_DEF_GRP,GA2,GA Defect ETC(冷轧退库其他原因),GA Defect ETC(냉연 반납 기타원인),,Y
APPR_DEF_GRP,GA1,GA Defect ETC(热轧退库其他原因),GA Defect ETC(열연 반납 기타원인),,Y
APPR_DEF_GRP,GB5,,,GB GB Reason ETC,Y
APPR_DEF_GRP,GB4,GB GB Reason ETC(5B 协议材_性能热轧原因-其他),GB GB Reason ETC(5B 협의재_성능 열연원인 기타),,Y
APPR_DEF_GRP,GB3,,,GB GA Reason ETC,Y
APPR_DEF_GRP,GB2,GB GA Reason ETC(5B 协议材_性能炼钢原因-其他),GB GA Reason ETC(5B 협의재_성능 제강원인 기타),,Y
APPR_DEF_GRP,GB1,GB GA Reason ETC(退库原因-其他),GB GA Reason ETC(반납 원인 기타),,Y
APPR_DEF_GRP,GC9,GC PO Reason etc(冷轧-其他原因),GC PO Reason etc(냉연 기타원인),,Y
APPR_DEF_GRP,GC5,GC PO Reason etc(热轧-其他原因),GC PO Reason etc(열연 기타원인),,Y
APPR_DEF_GRP,GC3,GC PO Reason etc(冶金-其他原因),GC PO Reason etc(야금 기타원인),,Y
APPR_DEF_GRP,GH9,GH Cold Reason etc(冷轧-其他原因),GH Cold Reason etc(냉연 기타원인),,Y
APPR_DEF_GRP,GH5,GH Cold Reason etc(热轧-其他原因),GH Cold Reason etc(열연 기타원인),,Y
APPR_DEF_GRP,GH3,GH Cold Reason etc(冶金-其他原因),GH Cold Reason etc(야금 기타원인),,Y
APPR_DEF_GRP,GJ9,GJ FH Reason etc(冷轧-其他原因),GJ FH Reason etc(냉연 기타원인),,Y
APPR_DEF_GRP,GJ5,GJ FH Reason etc(热轧-其他原因),GJ FH Reason etc(열연 기타원인),,Y
APPR_DEF_GRP,GJ3,GJ FH Reason etc(冶金-其他原因),GJ FH Reason etc(야금 기타원인),,Y
APPR_DEF_GRP,GK9,,GK 냉연-도금 Reason etc(冷轧-其他原因),,Y
APPR_DEF_GRP,GK5,,GK 냉연-도금 Reason etc(热轧-其他原因),,Y
APPR_DEF_GRP,GK3,,GK 냉연-도금 Reason etc(冶金-其他原因),,Y
APPR_DEF_GRP,B01,气泡,,bubble,Y
APPR_DEF_GRP,C01,纵裂,,Crack,Y
APPR_DEF_GRP,EC9,孔洞,,Hole,Y
APPR_DEF_GRP,ET1,边部细线,,Edge thin lines,Y
APPR_DEF_GRP,FD1,折叠,,Fold,Y
APPR_DEF_GRP,IC1,夹杂,,Inclusions,Y
APPR_DEF_GRP,LO1,长尺,,Length Over,Y
APPR_DEF_GRP,LS1,短尺,,short length,Y
APPR_DEF_GRP,RM1,辊印,,Roll Mark,Y
APPR_DEF_GRP,SC1,氧化铁皮(氧化铁片),,scale,Y
APPR_DEF_GRP,SM1,表面微裂纹,,Surface microcracks,Y
APPR_DEF_GRP,SR1,擦划伤,,Scratch,Y
APPR_DEF_GRP,TO1,超厚,,Thick Over,Y
APPR_DEF_GRP,TU1,厚度薄,,Thick Under,Y
APPR_DEF_GRP,WO1,超宽,,Width Over,Y
APPR_DEF_GRP,WU1,宽度窄,,Width Under,Y
APPR_FIN_MTH_CD,1,冷矫直,냉각교정,,Y
APPR_FIN_MTH_CD,2,压力矫,압력교정,,Y
APPR_FIN_MTH_CD,3,修磨,연마,,Y
APPR_FIN_MTH_CD,4,火切,화염절단,,Y
APPR_FIN_MTH_CD,5,离线探伤,Offline탐상,,Y
APPR_FIN_MTH_CD,6,上线剪切,기계전단,,Y
APPR_FIN_MTH_CD,N,热处理_正火,열처리_Normal,,Y
APPR_FIN_MTH_CD,T,热处理_回火,열처리_역화,,Y
APPR_FIN_MTH_CD,Q,热处理_淬火,열처리_담금질,,Y
APPR_JDG_GRD,1,合格,,,Y
APPR_JDG_GRD,2,订单外1级,,,Y
APPR_JDG_GRD,4,自用坯,,,Y
APPR_JDG_GRD,5,协议材,,,Y
APPR_JDG_GRD,9,不合格,,,Y
APPR_JDG_YN,Y,完成,,,Y
APPR_JDG_YN,N,未完成,,,Y
APP_DEF_PROC_SPR,SPRR,热轧,,,Y
APP_DEF_PROC_SPR,SMS,炼钢,,,Y
APP_DEF_PROC_SPR,SPRD,精整,,,Y
APP_DEF_PROC_SPR,SPRH,热处理,,,Y
APP_DEF_PROC_SPR,SPRE,设备,,,Y
APP_DEF_PROC_SPR,SPRF,火切,,,Y
APP_DEF_PROC_SPR,SCH,营销,,,Y
APP_DEF_PROC_SPR,SPRPG,生产保障,,,Y
APP_DEF_PROC_SPR,SPRRE,热轧+设备,,,Y
APP_DEF_PROC_SPR,SPRRPG,热轧+生产保障,,,Y
APP_DEF_PROC_SPR,SPRDE,精整+设备,,,Y
APP_DEF_PROC_SPR,SPRDPG,精整+生产保障,,,Y
APP_DEF_PROC_SPR,SPRRMS,热轧+炼钢,,,Y
AREA_CODE,SIS,炼铁,,,Y
AREA_CODE,SMM,球团,,,Y
AREA_CODE,SPE,原料,,,Y
AREA_CODE,SCK,焦化,,,Y
AREA_CODE,SIN,烧结,,,Y
ARR_STATION,岚山站,岚山站,,,Y
ARR_STATION,leiwu,到达站,,laiwu,Y
ARR_STATION,岚山站1,岚山站1,,,Y
ASSUR_COND,A,,,0~20 gurantee,Y
ATL_STEEL_GRD_TY,1,可同一Heat钢种,,,Y
ATL_STEEL_GRD_TY,2,可同一Cast钢种,,,Y
AUTO_REFRESH,0,选择日期,,Stop,Y
AUTO_REFRESH,1,自动更新,,Auto,Y
BAP_PROC_PTRN,1_B,,PI & 처리미지정(SPACE) & Bottom BB Only,PI & Process not define(SPACE) & Bottom BB Only,Y
BAP_PROC_PTRN,1_C,,PI & 처리미지정(SPACE) & Top + Bottom BB,PI & Process not define(SPACE) & Top + Bottom BB,Y
BAP_PROC_PTRN,1_T,,PI & 처리미지정(SPACE) & Top BB Only,PI & Process not define(SPACE) & Top BB Only,Y
BAP_PROC_PTRN,1IB,,,PI & Powder Injection & Bottom BB Only,Y
BAP_PROC_PTRN,1IC,,,PI & Powder Injection & Top + Bottom BB,Y
BAP_PROC_PTRN,1IT,,,PI & Powder Injection & Top BB Only,Y
BAP_PROC_PTRN,1WB,,,PI & Wire Feeding & Bottom BB Only,Y
BAP_PROC_PTRN,1WC,,,PI & Wire Feeding & Top + Bottom BB,Y
BAP_PROC_PTRN,1WT,,,PI & Wire Feeding & Top BB Only,Y
BAP_PROC_PTRN,2_B,,GI & 처리미지정(SPACE) & Bottom BB Only,GI & Process not define(SPACE) & Bottom BB Only,Y
BAP_PROC_PTRN,2_C,,GI & 처리미지정(SPACE) & Top + Bottom BB,GI & Process not define(SPACE) & Top + Bottom BB,Y
BAP_PROC_PTRN,2_T,,GI & 처리미지정(SPACE) & Top BB Only,GI & Process not define(SPACE) & Top BB Only,Y
BAP_PROC_PTRN,2IB,,,GI & Powder Injection & Bottom BB Only,Y
BAP_PROC_PTRN,2IC,,,GI & Powder Injection & Top + Bottom BB,Y
BAP_PROC_PTRN,2IT,,,GI & Powder Injection & Top BB Only,Y
BAP_PROC_PTRN,2WB,,,GI & Wire Feeding & Bottom BB Only,Y
BAP_PROC_PTRN,2WC,,,GI & Wire Feeding & Top + Bottom BB,Y
BAP_PROC_PTRN,2WT,,,GI & Wire Feeding & Top BB Only,Y
BAP_PROC_PTRN,3_B,,CAS-OB & 처리미지정(SPACE) & Bottom BB Only,CAS-OB & Process not define(SPACE) & Bottom BB Only,Y
BAP_PROC_PTRN,3_C,,CAS-OB & 처리미지정(SPACE) & Top + Bottom BB,CAS-OB & Process not define(SPACE) & Top + Bottom BB,Y
BAP_PROC_PTRN,3_T,,CAS-OB & 처리미지정(SPACE) & Top BB Only,CAS-OB & Process not define(SPACE) & Top BB Only,Y
BAP_PROC_PTRN,3IB,,,CAS-OB & Powder Injection & Bottom BB Only,Y
BAP_PROC_PTRN,3IC,,,CAS-OB & Powder Injection & Top + Bottom BB,Y
BAP_PROC_PTRN,3IT,,,CAS-OB & Powder Injection & Top BB Only,Y
BAP_PROC_PTRN,3WB,,,CAS-OB & Wire Feeding & Bottom BB Only,Y
BAP_PROC_PTRN,3WC,,,CAS-OB & Wire Feeding & Top + Bottom BB,Y
BAP_PROC_PTRN,3WT,,,CAS-OB & Wire Feeding & Top BB Only,Y
BAP_PROC_PTRN,Z_B,,단순Bubbling & 처리미지정(SPACE) & Bottom BB Only,Simple Bubbling & Process not define(SPACE) & Bottom BB Only,Y
BAP_PROC_PTRN,Z_C,,단순Bubbling & 처리미지정(SPACE) & Top + Bottom BB,Simple Bubbling & Process not define(SPACE) & Top + Bottom BB,Y
BAP_PROC_PTRN,Z_T,,단순Bubbling & 처리미지정(SPACE) & Top BB Only,Simple Bubbling & Process not define(SPACE) & Top BB Only,Y
BAP_PROC_PTRN,ZIB,,단순Bubbling & Powder Injection & Bottom BB Only,Simple Bubbling & Powder Injection & Bottom BB Only,Y
BAP_PROC_PTRN,ZIC,,단순Bubbling & Powder Injection & Top + Bottom BB,Simple Bubbling & Powder Injection & Top + Bottom BB,Y
BAP_PROC_PTRN,ZIT,,단순Bubbling & Powder Injection & Top BB Only,Simple Bubbling & Powder Injection & Top BB Only,Y
BAP_PROC_PTRN,ZWB,,단순Bubbling & Wire Feeding & Bottom BB Only,Simple Bubbling & Wire Feeding & Bottom BB Only,Y
BAP_PROC_PTRN,ZWC,,단순Bubbling & Wire Feeding & Top + Bottom BB,Simple Bubbling & Wire Feeding & Top + Bottom BB,Y
BAP_PROC_PTRN,ZWT,,단순Bubbling & Wire Feeding & Top BB Only,Simple Bubbling & Wire Feeding & Top BB Only,Y
BATCH_RESULT,S,,,Succeeded,Y
BATCH_RESULT,F,,,Failed,Y
BATCH_RESULT,T,,,Stopped,Y
BATCH_TYPE,P,,,Oracle PL/SQL,Y
BATCH_TYPE,S,,,Glue Service,Y
BATTERY_TY,1,,,1 Battery,Y
BATTERY_TY,2,,,2 Battery,Y
BATTERY_TY,3,,,1+2 Battery,Y
BD_MAT_CLASS,BOF,转炉,,,Y
BD_MAT_CLASS,LF,LF精炼,,,Y
BEFOR_STATUS_LOV,APPROVE,已确认,,,Y
BEND_ANGLE,A,,,A,Y
BEND_CD,A,,,,Y
BEND_CD,B,,,,Y
BEND_CD,C,,,,Y
BEND_CD,D,,,,Y
BEND_CD,E,正弯90°,,,Y
BEND_CD,F,反弯20°,,,Y
BEND_DIA,A,,,A,Y
BEND_GRT_CD,A,性能试验+性能判定+质保书发行,,,Y
BEND_GRT_CD,B,性能试验+性能判定,,,Y
BEND_GRT_CD,C,性能试验+质保书发行,,,Y
BEND_GRT_CD,D,性能试验,,,Y
BEND_SMP_CND,11,同炉次、同牌号、同轧制状态、同厚度,,,Y
BEND_SMP_CND,12,同炉号、同牌号、同轧制状态、同厚度，每批不超过40t,,,Y
BEND_SMP_CND,13,同炉号、同牌号、同轧制状态、同厚度，每批不超过50t,,,Y
BEND_SMP_CND,14,同炉号、同牌号、同轧制状态、同厚度，每批不超过60t,,,Y
BEND_SMP_CND,15,同炉号、同牌号、同轧制状态、同厚度，每批不超过60t;若单卷＞30吨，则可2卷组1批,,,Y
BEND_SMP_CND,16,同炉次、同牌号、同轧制状态、同厚度为1批，批重量≤50t时正常取1组样；批重量＞50t时增加1个拉伸样,,,Y
BEND_SMP_CND,17,每卷为1批,,,Y
BEND_SMP_CND,18,同炉号、同厚度、同宽度组成1批,,,Y
BEND_SMP_LTH_LOC,B,采取下部,,,Y
BEND_SMP_LTH_LOC,M,采取中间部分,,,Y
BEND_SMP_LTH_LOC,T,采取上部,,,Y
BEND_SMP_LTH_LOC,W,采取上部和下部,,,Y
BEND_SMP_LTH_LOC,X,采取上部和中间部分,,,Y
BEND_SMP_LTH_LOC,Y,采取上部和中间部分和下部,,,Y
BEND_SMP_SPCMN_DIR,L,长度方向采样,길이방향으로 시편채취,,Y
BEND_SMP_SPCMN_DIR,B,宽度方向采样,폭방향으로 시편채취,,Y
BEND_SMP_SPCMN_DIR,C,厚度方向采样,두께방향으로 시편채취,,Y
BEND_SMP_SPCMN_DIR,D,45˚方向采样,45방향으로 시편채취,,Y
BEND_SMP_SPCMN_DIR,E,30˚方向采样,30방향으로 시편채취,,Y
BEND_SMP_SPCMN_SZ,01,"长度 ≥250, 宽度 ≥35",,,Y
BEND_SMP_WTH_LOC,A,1/2W 部位,,,Y
BEND_SMP_WTH_LOC,C,1/4W 部位,,,Y
BEND_SMP_WTH_LOC,E,"Top 1/2W, Bottom 1/4W部位",,,Y
BEND_SMP_WTH_LOC,B,Edge 部位,,,Y
BEND_SMP_WTH_LOC,D,对角线的两角部位,,,Y
BEND_SMP_WTH_LOC,F,"Top 1/4W, Bottom 1/2W部位",,,Y
BEND_UNIT,A,,,,Y
BEND_UNIT,B,,,,Y
BEND_UNIT,C,,,,Y
BEND_UNIT,D,,,,Y
BEND_UNIT,E,,,,Y
BEND_UNIT,F,,,,Y
BEND_UNIT,G,,,,Y
BF_LADLE_NO,T01,,,T01,Y
BF_LADLE_NO,T02,,,T02,Y
BF_LADLE_NO,T03,,,T03,Y
BF_LADLE_NO,T04,,,T04,Y
BF_LADLE_NO,T05,,,T05,Y
BF_LADLE_NO,T06,,,T06,Y
BF_LADLE_NO,T07,,,T07,Y
BF_LADLE_NO,T08,,,T08,Y
BF_LADLE_NO,T09,,,T09,Y
BF_LADLE_NO,T10,,,T10,Y
BF_LADLE_NO,T11,,,T11,Y
BF_LADLE_NO,T12,,,T12,Y
BF_LADLE_NO,T13,,,T13,Y
BF_LADLE_NO,T14,,,T14,Y
BF_LADLE_NO,T15,,,T15,Y
BF_LADLE_NO,T16,,,T16,Y
BF_LADLE_NO,T17,,,T17,Y
BF_LADLE_NO,T18,,,T18,Y
BF_LADLE_NO,T19,,,T19,Y
BF_LADLE_NO,T20,,,T20,Y
BF_LADLE_NO,T21,,,T21,Y
BF_LADLE_NO,T22,,,T22,Y
BF_LADLE_NO,T23,,,T23,Y
BF_LADLE_NO,T24,,,T24,Y
BF_LADLE_NO,T25,,,T25,Y
BF_LADLE_NO,T26,,,T26,Y
BF_LADLE_NO,T27,,,T27,Y
BF_LADLE_NO,T28,,,T28,Y
BF_LADLE_NO,T29,,,T29,Y
BF_LADLE_NO,T30,,,T30,Y
BF_LADLE_NO,T31,,,T31,Y
BF_LADLE_NO,T32,,,T32,Y
BF_LADLE_NO,T33,,,T33,Y
BF_LADLE_NO,T34,,,T34,Y
BF_LAD_RCV_STS_TY,1,,,Initialized,Y
BF_LAD_RCV_STS_TY,3,,,Completed,Y
BF_LD_RCV_STS_TY,2,,,Recepit Start,Y
BF_LD_RCV_STS_TY,3,,,Recepit Finish,Y
BF_NO,1,,,,Y
BF_NO,2,,,,Y
BF_PIGIR_TAP_HOLE_TY,1,,,1Hole,Y
BF_PIGIR_TAP_HOLE_TY,2,,,2Hole,Y
BF_PIGIR_TAP_HOLE_TY,3,,,3Hole,Y
BF_PIGIR_TAP_HOLE_TY,4,,,4Hole,Y
BF_RETURN_FINES_RATE,101020100000002,罗伊山块,,,Y
BF_RETURN_FINES_RATE,101020100000003,PB块,,,Y
BF_RETURN_FINES_RATE,101020100000156,PMI块,,,Y
BF_RETURN_FINES_RATE,101020200000001,巴西块矿,,,Y
BF_RETURN_FINES_RATE,101020400000003,墨西哥块,,,Y
BF_RETURN_FINES_RATE,101020400000283,老挝块,,,Y
BF_RETURN_FINES_RATE,102050000000001,外购球返率,,,Y
BF_RETURN_FINES_RATE,202020203000234,自产球返率,,,Y
BF_TAP_TM_TY,1,,,Initiation,Y
BF_TAP_TM_TY,3,,,Completion,Y
BH_GRT_CD,A,性能试验+性能判定+质保书发行,,,Y
BH_GRT_CD,B,性能试验+性能判定,,,Y
BH_GRT_CD,C,性能试验+质保书发行,,,Y
BH_GRT_CD,D,性能试验,,,Y
BH_SMP_CND,11,同炉次、同牌号、同轧制状态、同厚度,,,Y
BH_SMP_CND,12,同炉号、同牌号、同轧制状态、同厚度，每批不超过40t,,,Y
BH_SMP_CND,13,同炉号、同牌号、同轧制状态、同厚度，每批不超过50t,,,Y
BH_SMP_CND,14,同炉号、同牌号、同轧制状态、同厚度，每批不超过60t,,,Y
BH_SMP_CND,15,同炉号、同牌号、同轧制状态、同厚度，每批不超过60t;若单卷＞30吨，则可2卷组1批,,,Y
BH_SMP_CND,16,同炉次、同牌号、同轧制状态、同厚度为1批，批重量≤50t时正常取1组样；批重量＞50t时增加1个拉伸样,,,Y
BH_SMP_CND,17,每卷为1批,,,Y
BH_SMP_CND,18,同炉号、同厚度、同宽度组成1批,,,Y
BH_SMP_LTH_LOC,B,采取下部,,,Y
BH_SMP_LTH_LOC,M,采取中间部分,,,Y
BH_SMP_LTH_LOC,T,采取上部,,,Y
BH_SMP_LTH_LOC,W,采取上部和下部,,,Y
BH_SMP_LTH_LOC,X,采取上部和中间部分,,,Y
BH_SMP_LTH_LOC,Y,采取上部和中间部分和下部,,,Y
BH_SMP_SPCMN_DIR,L,纵向Longitudinal,길이방향으로 시편채취,,Y
BH_SMP_SPCMN_DIR,B,横向Horizontal,폭방향으로 시편채취,,Y
BH_SMP_SPCMN_DIR,C,厚度方向采样,두께방향으로 시편채취,,Y
BH_SMP_SPCMN_DIR,D,45˚方向采样,45방향으로 시편채취,,Y
BH_SMP_SPCMN_DIR,E,30˚方向采样,30방향으로 시편채취,,Y
BH_SMP_WTH_LOC,A,1/2W 部位,,,Y
BH_SMP_WTH_LOC,C,1/4W 部位,,,Y
BH_SMP_WTH_LOC,E,"Top 1/2W, Bottom 1/4W部位",,,Y
BH_SMP_WTH_LOC,B,Edge 部位,,,Y
BH_SMP_WTH_LOC,D,对角线的两角部位,,,Y
BH_SMP_WTH_LOC,F,"Top 1/4W, Bottom 1/2W部位",,,Y
BIZ_CHAIN_CD,SSD,,,Sales & Distribution,Y
BIZ_CHAIN_CD,SPG,,,Order Prog.,Y
BIZ_CHAIN_CD,SCH,,,Scheduling,Y
BIZ_CHAIN_CD,SQM,,,Quality,Y
BIZ_CHAIN_CD,SMS,,,Steel Making,Y
BIZ_CHAIN_CD,SPR,,,Plate Mill,Y
BIZ_CHAIN_CD,SCO,,,Common,Y
BIZ_CHAIN_CD,SYD,,,Yard / Dispatch,Y
BIZ_CHAIN_CD,SCT,成本管理,,,Y
BIZ_CHAIN_CD,SDA,数采,,,Y
BIZ_CHAIN_CD,SMD,主数据,,,Y
BIZ_CHAIN_CD,SRS,,,Roll Shop,Y
BLW_PTRN,A,,API재 취련,API Category Blowing,Y
BLW_PTRN,H,,고탄소 공구강 취련,,Y
BLW_PTRN,J,,질소첨가강 취련,,Y
BLW_PTRN,L,,LSP 조업,LSP Operation,Y
BLW_PTRN,M,,SMP 조업,SMP Operation,Y
BLW_PTRN,N,,미지정 일반취련,"Not Defined, Normal Blowing",Y
BLW_PTRN,S,,특이강종 취련,Special Steel Grade Blowing,Y
BOF_BALANCE_TY,M1,,,Same Mc DE-P/C,Y
BOF_BALANCE_TY,M2,,,Only BOF#1 DE-P,Y
BOF_BALANCE_TY,M3,,,Only BOF#2 DE-P,Y
BOF_BALANCE_TY,M4,,,Cross Mc DE-P/C,Y
BOF_NO,1,,,,Y
BOTTOM_STAT,1,良好,,,Y
BOTTOM_STAT,2,一般,,,Y
BOTTOM_STAT,3,较差,,,Y
BOTTOM_STAT,4,不通,,,Y
BO_OCC_REASON_CD,20,,침지노즐 폐쇄,Settle Nozzle Close,Y
BO_OCC_REASON_CD,21,,침지노즐 CRACK,Settle Nozzle CRACK,Y
BO_OCC_REASON_CD,22,,침지노즐 탈락,Settle Nozzle Abnormal,Y
BO_OCC_REASON_CD,23,,T/D~SEN간 용강유출,,Y
BO_OCC_REASON_CD,24,,침지노즐 용손과다,,Y
BO_OCC_REASON_CD,25,,기타 침지노즐  관계,Misc. SN Related,Y
BO_OCC_REASON_CD,26,,STOPPER Cutting  ( TOP NOZZLE 막힘 ),,Y
BO_OCC_REASON_CD,27,,STOPPER CRACK ( CASSETTE 이상 ),STOPPER Crack ( Cassette Abnor. ),Y
BO_OCC_REASON_CD,28,,STOPPER RUNNING ( UNIT 이상 ),STOPPER Running ( Unit Abnor ),Y
BO_OCC_REASON_CD,29,,기타  STOPPER 관계,Etc STOPPER Related,Y
BO_OCC_REASON_CD,30,,Slide Gate 개폐불량,,Y
BO_OCC_REASON_CD,31,,Slide Gate System 이상,Slide Gate System Abnor.,Y
BO_OCC_REASON_CD,32,,CASSATTE 사이  용강유출,,Y
BO_OCC_REASON_CD,33,,기타  S/N 관계,Etc S/N Related,Y
BO_OCC_REASON_CD,34,,,T/D Over Flow,Y
BO_OCC_REASON_CD,35,,PINCH ROLL 이상,Pinch Roll Abnor.,Y
BO_OCC_REASON_CD,36,,전기계통  이상,Electronic Part Abnor.,Y
BO_OCC_REASON_CD,37,,급지계통  이상,,Y
BO_OCC_REASON_CD,38,,TUNDISH CAR 이상,T/D Car Abnor.,Y
BO_OCC_REASON_CD,39,,１차냉각계통  이상,１st Cooling Abnor.,Y
BO_OCC_REASON_CD,40,,２차냉각계통  이상,２nd cooling Abnor.,Y
BO_OCC_REASON_CD,41,,LADLE TURRET 관계,Ladle Turret Related,Y
BO_OCC_REASON_CD,42,,CRANE 관계,Crane Related,Y
BO_OCC_REASON_CD,43,,TCM 이상,TCM Abnor.,Y
BO_OCC_REASON_CD,44,,MOLD 관계,MOLD Abnnor.,Y
BO_OCC_REASON_CD,45,,냉각 HOSE 탈락,,Y
BO_OCC_REASON_CD,46,,MOLD 탕면제어장치  이상,,Y
BO_OCC_REASON_CD,47,,EMS  이상,EMS Abnor.,Y
BO_OCC_REASON_CD,48,,,P/C Down,Y
BO_OCC_REASON_CD,49,,GUIDE ROLL 이상,Guide Roll Abnor.,Y
BO_OCC_REASON_CD,50,,Oscillation 이상,Oscillation Abnormal,Y
BO_OCC_REASON_CD,51,,MLAC 이상,MLAC Abnor.,Y
BO_OCC_REASON_CD,52,,Dummy Bar 인발이상,Dummy Bar Drawing Abnor.,Y
BO_OCC_REASON_CD,53,,기타  설비이상,Etc Equip. Abnor.,Y
BO_OCC_REASON_CD,54,,LADLE 온도  높음,LADLE Temp. High,Y
BO_OCC_REASON_CD,55,,LADLE 온도  낮음,LADLE Temp. Low,Y
BO_OCC_REASON_CD,56,,TUNDISH 주조말기  온도 하락,,Y
BO_OCC_REASON_CD,57,,LADLE 온도하락  ( 대기 ),Ladle Temp. Down(Waiting),Y
BO_OCC_REASON_CD,58,,기타  온도관계,Etc Temp. Related,Y
BO_OCC_REASON_CD,59,,미탈산,Not De-oxide,Y
BO_OCC_REASON_CD,60,,,Mold Over Flow,Y
BO_OCC_REASON_CD,61,,,Break-Out,Y
BO_OCC_REASON_CD,62,,,Bleeding,Y
BO_OCC_REASON_CD,63,,출강  CYCLE 부적,Tapping CYCLE Abnoraml,Y
BO_OCC_REASON_CD,64,,전공정 처리지연,Prev. Process delay,Y
BO_OCC_REASON_CD,65,,전  CHARGE 미완주,Prev. Heat not complete,Y
BO_OCC_REASON_CD,66,,전 CHARGE 말기  TUNDISH 탕면유지 불가,,Y
BO_OCC_REASON_CD,67,,기타(제강요인）,Etc(SMS）,Y
BO_OCC_REASON_CD,68,,기타(연주요인）,Etc(C.Cast）,Y
BO_OCC_REASON_CD,69,,R/U 이상,R/U Abnor.,Y
BO_OCC_REASON_CD,70,,P/S 이상,P/S Abnor.,Y
BO_OCC_REASON_CD,71,,I/H 이상,I/H Abnor.,Y
BO_OCC_REASON_CD,72,,C/S 이상,C/S Abnor.,Y
BO_OCC_REASON_CD,73,,Bar 사행,Bar Scrap,Y
BRAND_ITEM,0,,,Brand,Y
BRAND_ITEM,1,,,Item,Y
BRG_STS,0,,,NOT USE,Y
BRG_STS,1,,,USE,Y
BRG_TY,RAB,圆锥轴承,,Radial bearing,Y
BRG_TY,THB,推力轴承,,Thrust bearing,Y
BRG_TY,OFB,油膜轴承,,Oil Film bearing,Y
BUND_RSN,H,热处理原料库,,,Y
BUND_RSN,S,精整成品库,,,Y
BUND_TY,H,热处理组吊,,,Y
BUND_TY,S,精整组吊,,,Y
BYPROD_TRANS_TY,A,A类,,,Y
BYPROD_TRANS_TY,B,B类,,,Y
BYPROD_UOM_CD,J,,,GJ,Y
BYPROD_UOM_CD,K,,,Kg,Y
BYPROD_UOM_CD,T,,,Ton,Y
BYPROD_UOM_CD,W,,,kWh,Y
CAL1_SPM_USE_TY,0,不使用,,,Y
CAL1_SPM_USE_TY,1,使用-延伸率模式,,,Y
CAL1_SPM_USE_TY,2,使用-轧制力模式,,,Y
CAL2_SPM_USE_TY,0,不使用,,,Y
CAL2_SPM_USE_TY,1,使用-延伸率模式,,,Y
CAL2_SPM_USE_TY,2,使用-轧制力模式,,,Y
CAL_PROC_CD,1,1#连退,,,Y
CAL_PROC_CD,2,2#连退,,,Y
CAL_PROC_CD,4,1/2#连退,,,Y
CAL_TYPE_CD,A,客户期望交付期,,,Y
CAL_TYPE_CD,B,标准交付期,,,Y
CAPA_FL,1,,계획능력,,Y
CAPA_FL,2,,조정능력,,Y
CAPA_FL,3,,배분누계,,Y
CAPA_FL,4,,배분량,,Y
CAPA_KIND,A,,설비처리능력,,Y
CAPA_KIND,B,,주문투입계획,,Y
CAPA_PROC_CD,CR1,,2차정련,,Y
CAPA_PROC_CD,CC1,,제강연주,,Y
CAPA_PROC_CD,EH1,,열연,,Y
CAPA_PROC_CD,FP1,,,PPL,Y
CAPA_PROC_CD,FT1,,,PCM,Y
CAPA_PROC_CD,FC1,,,1CAL,Y
CAPA_PROC_CD,FC2,,,2CAL,Y
CAPA_PROC_CD,FG1,,,CGL,Y
CAPA_PROC_CD,GBA,,열연제품,,Y
CAPA_PROC_CD,GAB,,SLAB제품,,Y
CAPA_PROC_CD,GCA,,PPL제품,,Y
CAPA_PROC_CD,GHA,,냉연소둔제품,,Y
CAPA_PROC_CD,GJA,,냉연도금제품,,Y
CAPA_PROC_CD,PH1,,1후판,,Y
CAPA_PROC_CD,PU1,,,UST,Y
CAPA_PROC_CD,PT1,,열처리,,Y
CAPA_PROC_CD,PG1,,GAS절단,,Y
CAPA_PROC_CD,PH2,,2후판,,Y
CAP_CONFIRM,YES,已确认,,,Y
CAP_CONFIRM,NO,未确认,,,Y
CAP_CONFIRM,ALL,全部,,,Y
CAP_GRT_CD,A,性能试验+性能判定+质保书发行,,,Y
CAP_GRT_CD,B,性能试验+性能判定,,,Y
CAP_GRT_CD,C,性能试验+质保书发行,,,Y
CAP_GRT_CD,D,性能试验,,,Y
CAP_PDI_FL,P,预定指令,,Planned PDI,Y
CAP_PDI_FL,Y,确定指令,,Working PDI,Y
CAP_SCALE_NO,11,,,Scaler 11,Y
CAP_SCALE_NO,12,,,Scaler 12,Y
CAP_SCALE_NO,13,,,Slab Gafe Scaler 13,Y
CAP_SCALE_NO,14,,,Slab Gafe Scaler 14,Y
CAP_SCALE_NO,Z1,,,ZPE Scaler #1,Y
CAP_SCALE_NO,Z2,,,ZPE Scaler #2,Y
CAP_SCALE_NO,Z3,,,ZPE Scaler #3,Y
CAP_SMP_TY,A,,,a,Y
CAP_SMP_TY,B,,,b,Y
CAP_SMP_TY,C,,,c,Y
CAP_SMP_TY,D,,,d,Y
CAP_SMP_TY,E,,,e,Y
CAP_TY,A,,,a,Y
CAP_TY,B,,,b,Y
CAP_TY,C,,,c,Y
CAP_TY,D,,,d,Y
CAP_TY,E,,,e,Y
CAR_ASGN_FL,A,,,Created Assign,Y
CAR_ASGN_FL,B,,,Confirmed Assign,Y
CAR_ASGN_FL,Z,,,Cancelled Assign,Y
CAR_ASGN_STS,A,,,Entered Car Assign,Y
CAR_ASGN_STS,B,,,Confirmed Car Assign,Y
CAR_ASGN_STS,C,,,Cancelled Car Assign,Y
CAR_ASGN_STS,Z,,,Cancelled Car Assign,Y
CAR_CMP_CD,J000001,,,Juvencio Vehicle Co,Y
CAR_CMP_CD,H000001,,,Edward Vehicle Co,Y
CAR_ENTRY_FL,A,,,Car Entry,Y
CAR_ENTRY_FL,Z,,,Cancel Entry,Y
CAR_KIND,D0,翻斗车,,Dump,Y
CAR_KIND,C0,货运,,Cargo,Y
CAR_KIND,K0,罐车,,Tank Lorry,Y
CAR_KIND,01,汽车,,Truck,Y
CAR_LOAD_STS,A,,,Create Vehicle Loading Lot,Y
CAR_LOAD_STS,B,,,Send Bay-in Order,Y
CAR_LOAD_STS,C,,,Vehicle Arrival,Y
CAR_LOAD_STS,D,,,Progress in Loading,Y
CAR_LOAD_STS,E,,,Load Complete,Y
CAR_LOAD_STS,F,,,Dispatch Complete,Y
CAR_LOAD_STS,Z,,,Cancel Vehicle Loading Lot,Y
CAR_OWNER_TY,1,CSP 车辆,,CSP Vehicle,Y
CAR_OWNER_TY,2,租赁车辆,,Lease Vehicle,Y
CAR_OWNER_TY,3,客户车辆,,Customer Vehicle,Y
CAR_OWNER_TY,4,运输公司车辆,,Transfer Company Vehicle,Y
CAR_PROG,A,,,Vehicle Entry Waitting Lot,Y
CAR_PROG,B,,,Create Vehicle Loading Lot,Y
CAR_PROG,C,,,Vehicle Arrival,Y
CAR_PROG,D,,,Progress in Loading,Y
CAR_PROG,E,,,Load Complete,Y
CAR_PROG,F,,,Vehicle Departure,Y
CAR_PROG,G,,,Vehicle Exit Gate,Y
CAR_PROG,Z,,,Cancel Entry Gate,Y
CAR_STOP_POSIT,H1CAR01,,,BAY1-1,Y
CAR_STOP_POSIT,H2CAR01,,,Bay2 - 1,Y
CAR_STOP_POSIT,H2CAR02,,,BAY2-2,Y
CAR_STOP_POSIT,H3CAR01,,,BAY3-1,Y
CAR_STOP_POSIT,H3CAR02,,,BAY3-2,Y
CAR_STOP_POSIT,H4CAR01,,,BAY4-1,Y
CAR_STOP_POSIT,H4CAR02,,,BAY4-2,Y
CAR_STOP_POSIT,H5CAR02,,,BAY5-1,Y
CAR_STOP_POSIT,S1CAR01,,,S1CAR01,Y
CAR_STOP_POSIT,S2CAR01,,,S2CAR01,Y
CAR_STOP_POSIT,S3CAR01,,,S3CAR01,Y
CAR_STS,1,在用,,In using,Y
CAR_STS,2,维修,,under repair,Y
CAR_STS,9,不可用,,Disused car,Y
CAR_USAGE,PP,,,Purchase only,Y
CAR_USAGE,IT,,,Internal only,Y
CAR_USAGE,SB,,,Sales By-Product,Y
CAR_USAGE,SP,,,Sales Product,Y
CAST_COMP_TY,1,,정상주조,Normal,Y
CAST_COMP_TY,2,,미처리 반송,Full Return,Y
CAST_COMP_TY,3,,주편없는 미완주 반송,Partial Return w/o slab,Y
CAST_COMP_TY,4,,주편있는 미완주 반송,Partial Return with slab,Y
CAST_DIFF_STL_MIX_TY,A,允许,,,Y
CAST_DIFF_STL_MIX_TY,B,不允许,,,Y
CAST_DIFF_STL_MIX_TY,C,未指定,,,Y
CAST_RULE_CD,6000,,,,Y
CAST_RULE_CD,9000,,,,Y
CAST_RULE_CD,9200,,,,Y
CAST_RULE_CD,9450,,,,Y
CAST_RULE_CD,11000,,,,Y
CAST_RULE_CD,11600,,,,Y
CAST_RULE_CD,11800,,,,Y
CAST_RULE_CD,11900,,,,Y
CAST_RULE_CD,12000,,,,Y
CCK_PROT_PLT_MTRL,C45N_,,,C45+Normalization,Y
CCK_PROT_PLT_MTRL,COMPS,,,Compound Steel,Y
CCK_STS,0,,,NOT USE,Y
CCK_STS,1,,,USE,Y
CCK_TY,WST,上操,,Working Side Top,Y
CCK_TY,WSB,下操,,Working Side Bottom,Y
CCK_TY,DST,上传,,Drive Side Top,Y
CCK_TY,DSB,下传,,Drive Side Bottom,Y
CCM_CD,1,,연주기1,CCM1,Y
CCM_CD_W,1,1#铸机,,,Y
CCM_NO,1,,,CCM1,Y
CCM_NO,2,,,CCM2,Y
CCM_NO,3,,,CCM3,Y
CCM_NO,4,,,CCM4,Y
CCM_NO,5,,,CCM5,Y
CCOIL_PAK_EQU_NM,1,,,#1CPL LINE,Y
CCOIL_PAK_EQU_NM,2,,,#2CPL LINE,Y
CCOIL_PAK_EQU_NM,3,,,#3CPL LINE,Y
CCOIL_PAK_EQU_NM,4,,,PPL PACKING LINE,Y
CCOIL_PAK_EQU_NM,5,,,OTHER,Y
CC_CB_COOL_TIME_TY,A,6小时以内,,,Y
CC_CB_COOL_TIME_TY,B,12小时,,,Y
CC_CB_COOL_TIME_TY,C,24小时,,,Y
CC_CB_COOL_TIME_TY,D,48小时,,,Y
CC_CB_COOL_TIME_TY,E,72小时,,,Y
CC_CB_COOL_TIME_TY,X,未指定,,,Y
CC_CB_COOL_TY,A,空气冷却air cooling,,,Y
CC_CB_COOL_TY,B,缓冷坑Slow cooling pit,,,Y
CC_CB_COOL_TY,X,未指定,,,Y
CC_CB_PRST,A,,,,Y
CC_CB_PRST,B,,,,Y
CC_CB_PRST,C,,,,Y
CC_CB_PRST,D,,,,Y
CC_CB_PRST,E,,,,Y
CC_CB_PRST,F,,,X,Y
CC_CB_REPAIR_TY,A,上表扒皮,,,Y
CC_CB_REPAIR_TY,B,上下表扒皮,,,Y
CC_CB_REPAIR_TY,C,4面扒皮,,,Y
CC_CB_REPAIR_TY,D,边部清理,,,Y
CC_CB_REPAIR_TY,E,割角,,,Y
CC_CB_REPAIR_TY,F,头尾清理,,,Y
CC_CB_REPAIR_TY,X,未指定,,,Y
CC_CB_RESTR_CD,A,不允许头+1/尾-1铸坯,,,Y
CC_CB_RESTR_CD,B,不允许头坯/尾坯,,,Y
CC_CB_RESTR_CD,C,不允许接头前后铸坯,,,Y
CC_CB_RESTR_CD,D,不允许头+1/尾-1铸坯、不允许接头前后铸坯,,,Y
CC_CB_RESTR_CD,E,不允许头坯/尾坯、不允许接头前后铸坯,,,Y
CC_CB_RESTR_CD,X,未指定,,,Y
CC_CB_SEG,A,,,C2.5,Y
CC_CB_SEG,B,,,C2.0,Y
CC_CB_SEG,C,,,C1.5,Y
CC_CB_SEG,D,,,C1.0,Y
CC_CB_SEG,E,,,C0.5,Y
CC_CB_SEG,F,,,X,Y
CC_LADLE_STR_TY,A,自开（auto）,,,Y
CC_LADLE_STR_TY,B,不作要求,,,Y
CC_OPC_CD,TD_TMP,,,Tundish Temperature,Y
CC_OPC_CD,SEQ_CAL_SOLIDIFY_TM,,,Theory Solidification Temperature,Y
CC_OPC_CD,SEQ_SPD,,,Sequence Speed,Y
CC_OPC_CD,SEQ_LEN_CONT_R,,,Sequence Length Shrinkage,Y
CC_OPC_CD,SEQ_W_CONT_R_BAS,,,Sequence Length Shrinkage Standards,Y
CC_OPC_CD,MD_1ST_C_INDI_PTN,,,Cooling Moldst Pattern,Y
CC_OPC_CD,SEQ_2ND_C_PTRN,,,2nd Cooling Pattern,Y
CC_OPC_CD,AUTO_STA_STP_PTRN,,,AutoStartStop Pattern,Y
CC_OPC_CD,MD_VIBRA_PTRN,,,Mold Vibration Pattern,Y
CC_OPC_CD,SOFT_PRS_PTN_NM,,,Soft Reduction Pattern,Y
CC_OPC_CD,DIFENT_ST_TY,,,Different Steel Type,Y
CC_OPC_CD,LMC_DIR_CD,,,LMC Insturction Code,Y
CC_OPC_CD,MD_FLUX_CD,,,Mold Flux Code,Y
CC_OPC_CD,EMS_E_CUR_V,,,EMS Reference Current Value,Y
CC_OPC_CD,EMS_FREQ,,,EMS Reference Frequency,Y
CC_OPC_CD,STR_EMS_E_CUR_V,,,EMS Standard Electric Current Value,Y
CC_OPC_CD,STR_EMS_F,,,Strand EMS Frequency,Y
CC_OPC_CD,FIN_EMS_E_CUR_V,,,Final EMS Electric Current Value,Y
CC_OPC_CD,FIN_EMS_FREQ,,,Final EMS Frequency,Y
CC_OPC_CD,EMS_PTRN,,,EMS Pattern,Y
CC_OPC_CD,ST_EMS_CTL_PT_TY,,,Strand EMS Pattern,Y
CC_OPC_CD,BX_EMS_CTL_PT_TY,,,Final EMS Pattern,Y
CC_OPC_CD,LSI_SPG_TM_IS_WGT,,,Tundish Sampling Time Steel Weight,Y
CC_OPC_CD,FIREPROOF_RE_USE_ALW,,,Refractories Reuse Flag,Y
CC_OPC_CD,SETT_NOZ_USE_ASN_CD,,,Nozzel Usage Code,Y
CC_OPC_CD,SEQ_SAT_TD_IS_WGT,,,Tundish Steel Weight,Y
CC_OPC_CD,SEQ_TR_HEAT_CNT,,,Max Heat Count in Sequence,Y
CC_OPC_CD,TD_M_STE_INDI_QT,,,Tundish Steel Min Weight,Y
CC_OPC_CD,TD_UP_NOZ_AR_FL,,,Tundish UpperNozzle Air Flux,Y
CC_OPC_CD,UP_PLTD_AR_FL,,,Upper Plate Air Flux,Y
CC_OPC_CD,TD_SETT_NOZ_AR_FL_QT,,,Tundish Nozzle Air Flux,Y
CC_OPC_CD,MD_FLUX_TY,,,Mold Fulx Type,Y
CC_OPC_CD,MD_VIBRA_W,,,Mold Vibration Width,Y
CC_OPC_CD,TD_TM_CONSTANT,,,Tundish Temperature Constant,Y
CC_OPC_CD,TD_HTEM_SRED_DEF,,,Tundish High Temperature Deceleration Constant,Y
CC_OPC_CD,MD_ENEX_CW_DFF_TMP,,,Mold Entrance Side Cooling Water Temperature Deceleration,Y
CC_OPC_CD,MD_SOT_CW_FL,,,Mold Short Side Cooling Water Flow,Y
CC_OPC_CD,MD_LNG_CW_FL,,,Mold Long Side Cooling Water Flow,Y
CC_OPC_CD,MD_LEVEL_CW_FL,,,Mold Level Sense Cooling Water Flow,Y
CC_OPC_CD,MD_EMS_PT_NO,,,Mold EMS Pattern,Y
CC_OPC_CD,MD_EMS_EC,,,Mold EMS Electric Current,Y
CC_OPC_CD,MD_EMS_FRQ,,,Mold EMS Frequency,Y
CC_OPC_CD,ST_EMS_EC,,,Strand EMS Electric Current,Y
CC_OPC_CD,ST_EMS_FRQ,,,Strand EMS Frequency,Y
CC_OPC_CD,FNL_EMS_EC,,,Final EMS Electric Current,Y
CC_OPC_CD,FNL_EMS_FRQ,,,Final EMS Frequency,Y
CC_OPC_CD,ALLOY_STE_TY,,,Alloy Steel Type,Y
CC_OPC_CD,AP_MACRO_SMP_INDI_CD,,,Sampling Instruction Code,Y
CC_OPC_CD,EMLA_PTN_TY,,,EMLA Pattern,Y
CC_OPC_CD,TD_INSUL_TY,,,Tundish Insulation Type,Y
CC_OPC_CD,TD_INSL_USG,,,Tundish Insulation Thickness,Y
CC_OPC_CD,TD_FLUX_THW_ISQ,,,Tundish Flux Steel Weight,Y
CC_OPC_CD,MD_TAPR_R,,,Mold Taper Ratio,Y
CC_OPC_CD,MD_TAPR_300_R,,,Mold Taper Ratio(More than 300),Y
CC_OPC_CD,MD_TAPR_600_R,,,Mold Taper Ratio(More than 600),Y
CC_OPC_CD,MD_TAPR_900_R,,,Mold Taper Ratio(More than 900),Y
CC_OPC_CD,TPDT_SBM_F,,,Test Material Flag,Y
CC_OPC_CD,LD_EXCN_SNZ_DIP_DTH,,,Ladle Exchange ShroudNozzle Min Depth,Y
CC_OPC_CD,TD_REM_QT,,,Tundish Min Balance Quantity,Y
CC_OPC_CD,TD_IS_OVRH,,,Tundish Over Heat,Y
CC_PLANT_FL,1,1连铸工厂,1연주,,Y
CC_PLANT_FL,2,2连铸工厂,2연주,,Y
CE,01,,,((2601*V06)+(388*V14)+(120*V15)+(149*V02)+(1728*V04)-(729*V06*V14)-(910*V14*V04)-(3339*V06*V06))/100,Y
CE,02,,,(V05/V25)*FLOOR(V05+0.99849),Y
CE,03,,,0.01+(FLOOR(V05+0.997500)*FLOOR(0.000449/V25)),Y
CE,04,,,V07/V36,Y
CE,05,,,V01 + (V03 + V02) / 4,Y
CE,06,,,V01 + (V03+ V02)/6 + (V15 + V16 + V10 + V19)/5 + (V14 + V06)/15,Y
CE,07,,,V01 + (V03+V16)/10 + (V15+V06)/20 + V14/40,Y
CE,08,,,V01 + (V03+V16)/10 + (V15+V06)/20 + V14/40,Y
CE,09,,,V01 + (V03+V02+V15+V16)/10 + (V14+V15)/16,Y
CE,10,,,V01 + V06 + 2*V16 + 10*V19 + 7*V10 + 5*V18,Y
CE,11,,,V01 + F * (V03/6 + V02/24 + V06/15 + V14/20 + (V15 + V16 + V19 + V10)/5 + 5*V11),Y
CE,12,,,V01 + V03/10,Y
CE,13,,,V01 + V03/3,Y
CE,14,,,V01 + V03/4,Y
CE,15,,,V01 + V03/4  + V15/10  - V19/10 + (V14 + V06) /20 - V16/50,Y
CE,16,,,V01 + V03/5,Y
CE,17,,,V01 + V03/5 + 2*V10,Y
CE,18,,,V01 + V03/5 + V04 + V02/6 + V15/10,Y
CE,19,,,V01 + V03/5 + V02/7,Y
CE,20,,,V01 + V03/5 + V19,Y
CE,21,,,V01 + V03/5 + V19 + 2*V10,Y
CE,22,,,V01 + V03/6,Y
CE,23,,,V01 + V03/6  + (V14+V06)/15 + (V15+V16+V19)/5,Y
CE,24,,,V01 + V03/6  + V15/10 + V16/50 + V19/10 + V14/20 + V06/40,Y
CE,25,,,V01 + V03/6  + V02/24,Y
CE,26,,,V01 + V03/6  + V02/24  + V14/40 + V16/4 + V19/14,Y
CE,27,,,V01 + V03/6  + V02/24 + V15/5 + V19/14,Y
CE,28,,,V01 + V03/6  + V02/24 + V15/5 + V19/14 + V14/40,Y
CE,29,,,V01 + V03/6  + V02/24 + V15/5 + V19/14 + V14/40 + V16/4,Y
CE,30,,,V01 + V03/6  + V02/24 + V14/40 + V15/5 + V16/4 + V19/14 + V06/13,Y
CE,31,,,V01 + V03/6 + (V15 + V16 + V19 + V18)/5 + (V14 + V06)/15,Y
CE,32,,,V01 + V03/6 + (V15 + V16 + V19)/5 + (V14 + V06 + V02)/15,Y
CE,33,,,V01 + V03/6 + (V15 + V16 + V19)/5 + (V14 + V06)/15,Y
CE,34,,,V01 + V03/6 + (V15 + V16)/5 + (V14 + V06)/15,Y
CE,35,,,V01 + V03/6 + (V15+V18+V16+V10+V19)/5 + (V14+V06)/15 + 15*V11,Y
CE,36,,,V01 + V03/6 + (V06+V14)/15 + (V15+V16+V19)/15 +V02/24,Y
CE,37,,,V01 + V03/6 + V15 + V16,Y
CE,38,,,V01 + V03/6 + V14/15 + V16/4 + V15/5 + V06/13 + V02/24 + V04/2 + V19/5,Y
CE,39,,,V01 + V03/6 + V02/24,Y
CE,40,,,V01 + V03/6 + V02/24 + (V15 + V16 + V19 + V10 + V18)/5 + (V14 + V06)/15 + 5*V11,Y
CE,41,,,V01 + V03/6 + V02/24 + (V15 + V16 + V19 + V10)/5 + (V14 + V06)/15 + 5*V11,Y
CE,42,,,V01 + V03/6 + V02/24 + V16/4 + V15/5 + V14/40 + V06/13 + V19/14,Y
CE,43,,,V01 + V03/6 + V02/24 + V14/40 + V15/5 + V16/4 + V19/14,Y
CE,44,,,V01 + V03/6 + V02/4,Y
CE,45,,,V01 + V03/6 + V02/6 + (V14 + V06)/15 + (V15 + V16 + V19)/5,Y
CE,46,,,V01 + V03/6 + V19/5,Y
CE,47,,,V01 + V03/8,Y
CE,48,,,V01 + V04,Y
CE,49,,,V01 + V04 + V03/7 + V15/5 + (V06 + V14)/15 + V02/25 - V11 - (V19 + V10 + V18)/10 - V16/50,Y
CE,50,,,V01 + V02 + V03/4 + (V14 + V15 + V06)/2 + 2 (V05 + V04)+ 3 V22,Y
CE,51,,,V01 + V02/30 + (V03 + V06 + V15)/20 + V14/60 + V16/15 + V19/10 + 5*V11,Y
CE,52,,,V01 + V02/30 + V03/20 + 2*V04 + 4*V05,Y
CE,53,,,V01*10000 + V03*100 + V04*1000,Y
CE,54,,,V25/V05,Y
CE,55,,,V15 + V06 + V16,Y
CE,56,,,V15 + V06 + V16 + V14,Y
CE,57,,,V15 + V16,Y
CE,58,,,V15 + V16 + V14,Y
CE,59,,,V15 + V14 + V16 + V22 + V06 + V24 + V36,Y
CE,60,,,V06 + 6*V31,Y
CE,61,,,V06 + V15 + V14,Y
CE,62,,,V06 + V15 + V14 + V22,Y
CE,63,,,V06 + V14,Y
CE,64,,,V06 + V14 + V15 + V16 + V10 + V18 + V07 + V36,Y
CE,65,,,V06 + V14 + V15 + V16 + V22,Y
CE,66,,,V06 + V18 + V15,Y
CE,67,,,V03/V01,Y
CE,68,,,V03/V02,Y
CE,69,,,V03/V02,Y
CE,70,,,V10 + V18,Y
CE,71,,,V10 + V19,Y
CE,72,,,V10 + V19 + V07,Y
CE,73,,,V10 + V19 + V18,Y
CE,74,,,V10 + V19 + V18 + V06 + V15 + V16,Y
CE,75,,,V14/V06,Y
CE,76,,,V04 + V05,Y
CE,77,,,V02+2.5*V04,Y
CE,78,,,V22 + V23 + V31 + V11,Y
CE,79,,,V18 + V06 + V16 + V15 + V19,Y
CE,80,,,V18 + V06 + V16 + V15 + V19,Y
CE,81,,,V18/V36,Y
CE,82,,,V18/V36,Y
CE,83,,,V19 + V06,Y
CE,84,,,V07*V36*10000000,Y
CENTER_LOV,LG,炼钢,,,Y
CENTER_LOV,ZB,宽厚板,,,Y
CEQ,05,,,V01 + (V03 + V02) / 4,Y
CEQ,06,,,V01 + (V03+ V02)/6 + (V15 + V16 + V10 + V19)/5 + (V14 + V06)/15,Y
CEQ,07,,,V01 + (V03+V16)/10 + (V15+V06)/20 + V14/40,Y
CEQ,08,,,V01 + (V03+V16)/10 + (V15+V06)/20 + V14/40,Y
CEQ,09,,,V01 + (V03+V02+V15+V16)/10 + (V14+V15)/16,Y
CEQ,10,,,V01 + V06 + 2*V16 + 10*V19 + 7*V10 + 5*V18,Y
CEQ,11,,,V01 + F * (V03/6 + V02/24 + V06/15 + V14/20 + (V15 + V16 + V19 + V10)/5 + 5*V11),Y
CEQ,12,,,V01 + V03/10,Y
CEQ,13,,,V01 + V03/3,Y
CEQ,14,,,V01 + V03/4,Y
CEQ,15,,,V01 + V03/4  + V15/10  - V19/10 + (V14 + V06) /20 - V16/50,Y
CEQ,16,,,V01 + V03/5,Y
CEQ,17,,,V01 + V03/5 + 2*V10,Y
CEQ,18,,,V01 + V03/5 + V04 + V02/6 + V15/10,Y
CEQ,19,,,V01 + V03/5 + V02/7,Y
CEQ,20,,,V01 + V03/5 + V19,Y
CEQ,21,,,V01 + V03/5 + V19 + 2*V10,Y
CEQ,22,,,V01 + V03/6,Y
CEQ,23,,,V01 + V03/6  + (V14+V06)/15 + (V15+V16+V19)/5,Y
CEQ,24,,,V01 + V03/6  + V15/10 + V16/50 + V19/10 + V14/20 + V06/40,Y
CEQ,25,,,V01 + V03/6  + V02/24,Y
CEQ,26,,,V01 + V03/6  + V02/24  + V14/40 + V16/4 + V19/14,Y
CEQ,27,,,V01 + V03/6  + V02/24 + V15/5 + V19/14,Y
CEQ,28,,,V01 + V03/6  + V02/24 + V15/5 + V19/14 + V14/40,Y
CEQ,29,,,V01 + V03/6  + V02/24 + V15/5 + V19/14 + V14/40 + V16/4,Y
CEQ,30,,,V01 + V03/6  + V02/24 + V14/40 + V15/5 + V16/4 + V19/14 + V06/13,Y
CEQ,31,,,V01 + V03/6 + (V15 + V16 + V19 + V18)/5 + (V14 + V06)/15,Y
CEQ,32,,,V01 + V03/6 + (V15 + V16 + V19)/5 + (V14 + V06 + V02)/15,Y
CEQ,33,,,V01 + V03/6 + (V15 + V16 + V19)/5 + (V14 + V06)/15,Y
CEQ,34,,,V01 + V03/6 + (V15 + V16)/5 + (V14 + V06)/15,Y
CGL_SPM_USE_TY,0,不使用,,,Y
CGL_SPM_USE_TY,1,使用-延伸率模式,,,Y
CGL_SPM_USE_TY,2,使用-轧制力模式,,,Y
CGL_TL_USE_TY,0,有无使用Tension Leveller拉矫机,,no use of TL,Y
CGL_TL_USE_TY,1,有无使用Tension Leveller拉矫机,,use TL with target elongation,Y
CHANGE_TY,I,,,Insert,Y
CHANGE_TY,U,,,Update,Y
CHANGE_TY,D,,,Delete,Y
CHARTS_FIELD_LOV,PRODUCTION_QTY,产量,,,Y
CHARTS_FIELD_LOV,CONSUMPTION,消耗量,,,Y
CHARTS_FIELD_LOV,TOTAL_COST,总成本,,,Y
CHARTS_FIELD_LOV,UNIT_COST,单位成本,,,Y
CHARTS_FIELD_LOV,UNIT_CONSUMPTION,单耗,,,Y
CHARTS_FIELD_LOV,PRICE,单价,,,Y
CHARTS_TYPE,LINE,曲线图,,,Y
CHARTS_TYPE,BAR,柱图,,,Y
CHEM_BIZ_CD,69,转炉钢水,,,Y
CHEM_BIZ_CD,76,高炉铁水,,,Y
CHEM_BIZ_CD,78,转炉渣,,,Y
CHEM_CD,A00,,,FeO,Y
CHEM_CD,W88,,,RMS,Y
CHEM_CD,A01,,,Mn,Y
CHEM_CD,A06,,,"St,ad",Y
CHEM_CD,A07,膨胀容,,,Y
CHEM_CD,A09,氯离子,,,Y
CHEM_CD,A10,碱度,,,Y
CHEM_CD,A14,铝比例,,,Y
CHEM_CD,A18,,,"St,d",Y
CHEM_CD,A20,,,Mad,Y
CHEM_CD,A21,,,Y,Y
CHEM_CD,A29,,,Ca²⁺,Y
CHEM_CD,A32,,,CaF₂,Y
CHEM_CD,A34,,,TFe,Y
CHEM_CD,A36,,,SiO₂,Y
CHEM_CD,A43,,,G,Y
CHEM_CD,A46,,,K₂O,Y
CHEM_CD,A53,低位发热量,,,Y
CHEM_CD,A60,,,Rmax,Y
CHEM_CD,A69,,,Na,Y
CHEM_CD,A73,,,Al₂O₃,Y
CHEM_CD,A77,,,TiO₂,Y
CHEM_CD,A81,吸蓝量,,,Y
CHEM_CD,A82,铁比例,,,Y
CHEM_CD,A83,,,pH,Y
CHEM_CD,A84,高位发热量,,,Y
CHEM_CD,A85,,,K,Y
CHEM_CD,A86,,,MgO,Y
CHEM_CD,A87,电导率,,,Y
CHEM_CD,A88,活性度,,,Y
CHEM_CD,A89,,,H₂O,Y
CHEM_CD,A90,固定碳,,,Y
CHEM_CD,A91,,,R²,Y
CHEM_CD,A92,,,X,Y
CHEM_CD,A93,硬 度,,,Y
CHEM_CD,A94,,,RDI,Y
CHEM_CD,A95,,,MnO,Y
CHEM_CD,A96,,,Ad,Y
CHEM_CD,A97,,,Vdaf,Y
CHEM_CD,A98,,,CaCO₃,Y
CHEM_CD,A99,,,FCd,Y
CHEM_CD,A100,,,Na₂O,Y
CHEM_CD,A101,,,FCad,Y
CHEM_CD,A102,,,CaO,Y
CHEM_CD,A103,,,Vd,Y
CHEM_CD,A104,,,MFe,Y
CHEM_CD,A105,浊度,,,Y
CHEM_CD,B02,,,Cu,Y
CHEM_CD,B29,,,Ti,Y
CHEM_CD,B30,,,Als,Y
CHEM_CD,B36,,,W,Y
CHEM_CD,B43,,,B,Y
CHEM_CD,B45,,,Sb,Y
CHEM_CD,B53,,,Pcm,Y
CHEM_CD,B60,,,Ce,Y
CHEM_CD,B65,,,Ca,Y
CHEM_CD,B81,,,Fe,Y
CHEM_CD,B83,,,Fe,Y
CHEM_CD,B84,,,Cr,Y
CHEM_CD,B85,,,Ni,Y
CHEM_CD,B86,,,O,Y
CHEM_CD,B87,S-CS仪,,,Y
CHEM_CD,B88,,,CEV,Y
CHEM_CD,B89,,,ALinsol,Y
CHEM_CD,B90,,,CEQ,Y
CHEM_CD,B91,,,C,Y
CHEM_CD,B92,,,Mo,Y
CHEM_CD,B93,,,Zr,Y
CHEM_CD,B94,C-CS仪,,,Y
CHEM_CD,B95,,,Zn,Y
CHEM_CD,B96,,,Alsol,Y
CHEM_CD,B97,,,Nb,Y
CHEM_CD,B98,,,S,Y
CHEM_CD,B99,,,Si,Y
CHEM_CD,B100,,,N,Y
CHEM_CD,B101,,,H,Y
CHEM_CD,B102,,,As,Y
CHEM_CD,B103,,,F,Y
CHEM_CD,B104,,,P,Y
CHEM_CD,B105,,,Al,Y
CHEM_CD,B106,,,Pb,Y
CHEM_CD,B107,,,Bi,Y
CHEM_CD,B108,,,Sn,Y
CHEM_CD,B109,,,V,Y
CHEM_CD,B110,,,Mg,Y
CHEM_CD,B111,,,Co,Y
CHEM_CD,E01,钙芯米重,,,Y
CHEM_CD,E02,弹筒发热量,,,Y
CHEM_CD,E03,,,M10,Y
CHEM_CD,E04,粉铁比,,,Y
CHEM_CD,E05,容重,,,Y
CHEM_CD,E06,焦末（<25mm）,,,Y
CHEM_CD,E07,生/过烧率,,,Y
CHEM_CD,E08,表观密度,,,Y
CHEM_CD,E09,钙芯质量,,,Y
CHEM_CD,E10,铁皮重,,,Y
CHEM_CD,E11,钢带质量,,,Y
CHEM_CD,E12,铁皮质量,,,Y
CHEM_CD,E13,转鼓强度(+6.3mm),,,Y
CHEM_CD,E14,钢带厚度,,,Y
CHEM_CD,E15,钙铁比,,,Y
CHEM_CD,E17,铝皮质量,,,Y
CHEM_CD,E18,铝铁比,,,Y
CHEM_CD,E19,哈氏可磨指数,,,Y
CHEM_CD,E20,,,CRI,Y
CHEM_CD,E21,粒度,,,Y
CHEM_CD,E22,芯铁比,,,Y
CHEM_CD,E23,细度,,,Y
CHEM_CD,E24,抗压强度,,,Y
CHEM_CD,E25,芯粉米重,,,Y
CHEM_CD,E26,粉重,,,Y
CHEM_CD,E27,皮重,,,Y
CHEM_CD,E28,,,H₂O,Y
CHEM_CD,E29,,,CSR,Y
CHEM_CD,E30,芯粉质量,,,Y
CHEM_CD,E31,筛分指数(-5mm),,,Y
CHEM_CD,E32,,,M40,Y
CHEM_CD,E39,钢带重量,,,Y
CHEM_CD,E40,铝皮重,,,Y
CHEM_CD,E44,,,M.S,Y
CHEM_CD,51,成品水份,,,Y
CHEM_CD,E45,,,H2O,Y
CHEM_CD,E46,自产球团物理 规格,,,Y
CHEM_CD,E47,自产球团物理 规格,,,Y
CHEM_CD,E48,自产球团物理 规格,,,Y
CHEM_CD,E49,比表面积,,,Y
CHEM_CD,E50,水渣水份,,,Y
CHEM_CD,E51,成品水份,,,Y
CHEM_CD,E52,密度,,,Y
CHEM_CD,E53,活性指数（7d）,,,Y
CHEM_CD,E54,活性指数（28d）,,,Y
CHEM_CD,E55,流动度比,,,Y
CHEM_CD,E56,初凝时间比,,,Y
CHEM_CD,E57,,,SO₃,Y
CHEM_CD,E58,,,Cl-,Y
CHEM_CD,E59,烧矢量,,,Y
CHEM_CD,E60,不溶物,,,Y
CHEM_CD,E61,焦炭粒度规格,,,Y
CHEM_CD,E62,焦炭粒度规格,,,Y
CHEM_CD,E63,焦炭粒度规格,,,Y
CHEM_CD,E64,焦炭粒度规格,,,Y
CHEM_CD,E65,平均粒度（MM）,,,Y
CHEM_CD,E66,焦炭粒度规格,,,Y
CHEM_CD,H02,工业盐,,,Y
CHEM_CD,H03,颜色（铂-钴）,,,Y
CHEM_CD,H04,氨含量（饱和器后）,,,Y
CHEM_CD,H05,内水,,,Y
CHEM_CD,H06,盐酸浓度,,,Y
CHEM_CD,H07,总硫,,,Y
CHEM_CD,H08,氮含量（干基）,,,Y
CHEM_CD,H09,塔后硫化氢浓度,,,Y
CHEM_CD,H10,固体NaOH,,,Y
CHEM_CD,H11,苯的含量,,,Y
CHEM_CD,H14,挥发氨,,,Y
CHEM_CD,H15,萘含量（无水基）,,,Y
CHEM_CD,H17,自产硫酸浓度（吸收）,,,Y
CHEM_CD,H18,工业硫酸,,,Y
CHEM_CD,H19,三苯含量,,,Y
CHEM_CD,H20,270°前馏出量,,,Y
CHEM_CD,H21,氨含量（饱和器前）,,,Y
CHEM_CD,H22,PH值,,,Y
CHEM_CD,H23,游离酸,,,Y
CHEM_CD,H24,氮含量（干基）,,,Y
CHEM_CD,H25,浓度,,,Y
CHEM_CD,H27,氨水浓度,,,Y
CHEM_CD,H29,化产品水分,,,Y
CHEM_CD,H30,硫酸（烧结入油库）,,,Y
CHEM_CD,H31,酸洗比色,,,Y
CHEM_CD,H32,230°前馏出量,,,Y
CHEM_CD,H33,干点（101 325Pa）,,,Y
CHEM_CD,H34,化产品灰分,,,Y
CHEM_CD,H35,黏度（E₈₀）,,,Y
CHEM_CD,H36,甲苯不溶物（无水基）,,,Y
CHEM_CD,H37,煤气中焦油含量,,,Y
CHEM_CD,H38,悬浮硫,,,Y
CHEM_CD,H39,塔前硫化氢浓度,,,Y
CHEM_CD,H40,工业碳酸钠,,,Y
CHEM_CD,H41,溴价,,,Y
CHEM_CD,H42,自产硫酸浓度（稀酸）,,,Y
CHEM_CD,H43,,,PDS,Y
CHEM_CD,H44,粘度(E25),,,Y
CHEM_CD,H45,噻吩,,,Y
CHEM_CD,H46,工业合成盐酸,,,Y
CHEM_CD,H49,外观,,,Y
CHEM_CD,H50,密度（20℃）,,,Y
CHEM_CD,H51,180℃前馏出物,,,Y
CHEM_CD,H53,300°前馏出量,,,Y
CHEM_CD,H54,总氯,,,Y
CHEM_CD,H55,游离酸（H₂SO₄）含量,,,Y
CHEM_CD,H56,自产硫酸浓度（干燥）,,,Y
CHEM_CD,H58,结晶点,,,Y
CHEM_CD,H59,硫代硫酸铵,,,Y
CHEM_CD,H60,硫酸铵,,,Y
CHEM_CD,H61,硫氰酸铵,,,Y
CHEM_CD,H62,液碱浓度,,,Y
CHEM_CD,H65,,,CaO/SiO2,Y
CHEM_CD,H68,初馏点（101 325Pa）,,,Y
CHEM_CD,H74,中性试验,,,Y
CHEM_CD,H76,粘度(E50),,,Y
CHEM_CD,V01,,,C,Y
CHEM_CD,V02,,,Si,Y
CHEM_CD,V03,,,Mn,Y
CHEM_CD,V04,,,P,Y
CHEM_CD,V05,,,S,Y
CHEM_CD,V06,,,Cu,Y
CHEM_CD,V07,,,T-Al,Y
CHEM_CD,V08,,,S-Al,Y
CHEM_CD,V10,,,Nb,Y
CHEM_CD,V11,,,B,Y
CHEM_CD,V14,,,Ni,Y
CHEM_CD,V15,,,Cr,Y
CHEM_CD,V16,,,Mo,Y
CHEM_CD,V17,,,W,Y
CHEM_CD,V18,,,Ti,Y
CHEM_CD,V19,,,V,Y
CHEM_CD,V20,,,Zr,Y
CHEM_CD,V21,,,Pb,Y
CHEM_CD,V22,,,Sn,Y
CHEM_CD,V23,,,As,Y
CHEM_CD,V24,,,Co,Y
CHEM_CD,V25,,,Ca,Y
CHEM_CD,V28,,,Mg,Y
CHEM_CD,V29,,,Te,Y
CHEM_CD,V30,,,Bi,Y
CHEM_CD,V31,,,Sb,Y
CHEM_CD,V32,,,Zn,Y
CHEM_CD,V33,,,H,Y
CHEM_CD,V36,,,N,Y
CHEM_CD,V37,,,O,Y
CHEM_CD,V69,,,CEQ,Y
CHEM_CD,V70,,,PCM,Y
CHEM_CD,V71,,,PSR,Y
CHEM_CD,V72,I(耐腐蚀因子),,CF-I,Y
CHEM_CD,V73,J(回火脆性敏感系数),,CF-J,Y
CHEM_CD,V74,X(回火脆性敏感系数),,CF-X,Y
CHEM_CD,V75,,,C1,Y
CHEM_CD,V82,,,Si,Y
CHEM_CD,V81,,,C,Y
CHEM_CD,V83,,,Mn,Y
CHEM_CD,V84,,,P,Y
CHEM_CD,V85,,,S,Y
CHEM_CD,V86,,,Ti,Y
CHEM_CD,V87,,,Zn,Y
CHEM_CD,V88,,,Cr,Y
CHEM_CD,V89,,,V,Y
CHEM_CD,V90,,,B,Y
CHEM_CD,V91,,,Ni,Y
CHEM_CD,V57,,,CEQ-EXP(%),Y
CHEM_CD,V92,,,As,Y
CHEM_CD,V93,,,Cu,Y
CHEM_CD,V95,,,CEQ-1(%),Y
CHEM_CD,V96,,,CEV-IIW(%),Y
CHEM_CD,V97,,,CET(%),Y
CHEM_CD,V98,,,CEQ-AWS(%),Y
CHEM_CD,V99,,,CEQ-JIS(%),Y
CHEM_CD,V38,,,RE,Y
CHEM_CD,W01,,,Tfe,Y
CHEM_CD,W02,,,CaO,Y
CHEM_CD,W03,,,SiO2,Y
CHEM_CD,W04,,,MgO,Y
CHEM_CD,W05,,,MnO,Y
CHEM_CD,W06,,,Al2O3,Y
CHEM_CD,W07,,,P2O5,Y
CHEM_CD,W08,,,S,Y
CHEM_CD,W09,,,TiO2,Y
CHEM_CD,W10,,,ZnO,Y
CHEM_CD,W11,,,K2O,Y
CHEM_CD,W12,,,Na2O,Y
CHEM_CD,W13,,,FeO,Y
CHEM_CD,W14,,,Cr2O3,Y
CHEM_CD,W15,,,CaO/SiO2,Y
CHEM_CD,W19,,,CaF2,Y
CHEM_CD,W22,,,Zn,Y
CHEM_CD,W24,,,BaO,Y
CHEM_CD,W25,,,CdO,Y
CHEM_CD,W26,,,PbO,Y
CHEM_CD,W89,,,EI,Y
CHEM_JDG_GRD,1,合格,,,Y
CHEM_JDG_GRD,2,订单外1级,,,Y
CHEM_JDG_GRD,4,协议材,,,Y
CHEM_JDG_GRD,9,不合格,,,Y
CHEM_JDG_STATE,A,成分二次合,,,Y
CHEM_JDG_STATE,X,强制判合格,,,Y
CHEM_LVL1_CD,RRA,,,Iron Ore,Y
CHEM_LVL1_CD,RRB,,,Coal,Y
CHEM_LVL1_CD,RRC,,,Other Mineral,Y
CHEM_LVL1_CD,RRD,,,Metallics,Y
CHEM_LVL1_CD,RRE,,,Ferroalloys,Y
CHEM_LVL1_CD,RRF,,,Non-ferrous Metals,Y
CHEM_LVL1_CD,RRG,,,Other Raw Materials,Y
CHEM_LVL1_CD,RCA,,,Blast Furnace Pig Iron,Y
CHEM_LVL1_CD,RCB,,,Blast Furnace Slag,Y
CHEM_LVL1_CD,RCC,,,BF Dust,Y
CHEM_LVL1_CD,RDA,,,"Steel (MAIN), Steel Pig iron",Y
CHEM_LVL1_CD,RDC,,,Steel (Slag),Y
CHEM_LVL1_CD,RHA,,,Sintered ore,Y
CHEM_LVL1_CD,RHB,,,Blending Ore,Y
CHEM_LVL1_CD,RHC,,,Powdered Coke,Y
CHEM_LVL1_CD,RHE,,,Sinter Ore From BF,Y
CHEM_LVL1_CD,RJA,,,Charging Coal,Y
CHEM_LVL1_CD,RJB,,,Wharf Coke,Y
CHEM_LVL1_CD,RJC,,,Coke previous B/F,Y
CHEM_LVL1_CD,RJD,,,Coke Dust,Y
CHEM_LVL1_CD,RKA,,,Pellet Ore,Y
CHEM_LVL1_CD,RKB,,,Pellet Dust,Y
CHEM_LVL2_CD,RRAA,铁矿石.粉矿,,Iron Ore.Fine,Y
CHEM_LVL2_CD,SG1A,半成品.炼铁.球团,,,Y
CHEM_LVL2_CD,RRAB,铁矿石.块矿,,Iron Ore.Lump,Y
CHEM_LVL2_CD,SG1B,半成品.炼铁.烧结,,,Y
CHEM_LVL2_CD,RRAC,铁矿石.球团,,Iron Ore.Pellet,Y
CHEM_LVL2_CD,SG1C,半成品.炼铁.铁水,,,Y
CHEM_LVL2_CD,RRAD,铁矿石.铁精粉,,Iron Ore.Iron Powder,Y
CHEM_LVL2_CD,SG1D,半成品.炼铁.铸铁块,,,Y
CHEM_LVL2_CD,RRAE,铁矿石.赤铁粉,,Iron Ore.Hematite Powder,Y
CHEM_LVL2_CD,SG2A,半成品.焦化.焦炭,,,Y
CHEM_LVL2_CD,RRBA,煤炭.炼焦煤,,Coal for Coke,Y
CHEM_LVL2_CD,SG8A,半成品.副产物.炼铁,,,Y
CHEM_LVL2_CD,RRBB,煤炭.喷吹煤,,Coal for PCI,Y
CHEM_LVL2_CD,SG8B,半成品.副产物.焦化,,,Y
CHEM_LVL2_CD,RRBC,煤炭.烧结用煤,,Coal for Sinter,Y
CHEM_LVL2_CD,SG8C,半成品.副产物.氧化铁皮,,,Y
CHEM_LVL2_CD,RRBD,煤炭.动力煤,,Coal for Power,Y
CHEM_LVL2_CD,SG8D,半成品.副产物.废阳极,,,Y
CHEM_LVL2_CD,RRBE,煤炭.焦炭,,Coke,Y
CHEM_LVL2_CD,RRCA,其他矿产.白云石,,Minerals.Dolomite,Y
CHEM_LVL2_CD,RRCB,其他矿产.萤石,,Minerals.Fluorite,Y
CHEM_LVL2_CD,RRCC,其他矿产.硅石,,Minerals.Silica,Y
CHEM_LVL2_CD,RRCD,其他矿产.石灰石,,Minerals.Limestone,Y
CHEM_LVL2_CD,RRCE,其他矿产.锰矿,,Minerals.Mangan Ore,Y
CHEM_LVL2_CD,RRCF,其他矿产.镍矿,,Minerals.Nickel ore,Y
CHEM_LVL2_CD,RRCG,其他矿产.蛇纹石,,Minerals.Serpentine,Y
CHEM_LVL2_CD,RRCH,其他矿产.钛矿,,Minerals.Titanium Ore,Y
CHEM_LVL2_CD,RRCJ,其他矿产.膨润土,,Minerals.bentonite,Y
CHEM_LVL2_CD,RRCK,其他矿产.高硅块（海南）,,Minerals.SilicaHigh,Y
CHEM_LVL2_CD,RRDA,含铁原料.废铁类,,Metallics.Scrap,Y
CHEM_LVL2_CD,RRDZ,含铁原料.其它,,Metallics.etc.,Y
CHEM_LVL2_CD,RREA,铁合金.锰硅合金,,Non Ferro Metals.mang_silica mix,Y
CHEM_LVL2_CD,RREB,铁合金.硅铁,,Non Ferro Metals.silica,Y
CHEM_LVL2_CD,RREC,铁合金.锰铁,,Non Ferro Metals.mangan,Y
CHEM_LVL2_CD,RREZ,特种合金,,Non Ferro Metals.spec metal,Y
CHEM_LVL2_CD,RRFA,非铁类金属.铝类,,Non Ferro Metals.Aluminium,Y
CHEM_LVL2_CD,RRFB,非铁类金属.锌类,,Non Ferro Metals.Zinc,Y
CHEM_LVL2_CD,RRFC,非铁类金属.线类,,Non Ferro Metals.Wire,Y
CHEM_LVL2_CD,RRFZ,非铁类金属.其它金属,,Non Ferro Metals.etc.,Y
CHEM_LVL2_CD,RRGA,其他原料.增碳剂,,Other Raw Materials.Recarburizer,Y
CHEM_LVL2_CD,RRGB,其他原料.脱硫剂,,Other Raw Materials.Desulfurization,Y
CHEM_LVL2_CD,RRGC,其他原料.脱磷剂,,Other Raw Materials.Dephosphorizing,Y
CHEM_LVL2_CD,RRGD,其他原料.熔剂,,Other Raw Materials.Flux,Y
CHEM_LVL2_CD,RRGE,其他原料.后处理溶液,,Other Raw Materials.Post Treatment,Y
CHEM_LVL2_CD,RRGF,其他原料.涂层剂,,Other Raw Materials.Coating,Y
CHEM_LVL2_CD,RCA1,,,1 B/F Plant,Y
CHEM_LVL2_CD,RCB1,,,1 B/F Plant,Y
CHEM_LVL2_CD,RCC1,,,1 B/F Plant,Y
CHEM_LVL2_CD,RDA11,铁水,,1 KR,Y
CHEM_LVL2_CD,RDA12,2#脱硫站,,2 KR,Y
CHEM_LVL2_CD,RDA13,3#脱硫站,,3 KR,Y
CHEM_LVL2_CD,RDA14,4#脱硫站,,4 KR,Y
CHEM_LVL2_CD,RDA21,转炉,,1 BOF,Y
CHEM_LVL2_CD,RDA22,2#转炉,,2 BOF,Y
CHEM_LVL2_CD,RDA23,3#转炉,,3 BOF,Y
CHEM_LVL2_CD,RDA24,4#转炉,,4 BOF,Y
CHEM_LVL2_CD,RDA31,吹氩站,,1 WF,Y
CHEM_LVL2_CD,RDA32,2#吹氩站,,2 WF,Y
CHEM_LVL2_CD,RDA33,3#吹氩站,,3 WF,Y
CHEM_LVL2_CD,RDA34,4#吹氩站,,4 WF,Y
CHEM_LVL2_CD,RDA41,,,1#LF,Y
CHEM_LVL2_CD,RDA42,,,2#LF,Y
CHEM_LVL2_CD,RDA43,,,RH,Y
CHEM_LVL2_CD,RDA44,,,2#RH,Y
CHEM_LVL2_CD,RDA45,,,3#RH,Y
CHEM_LVL2_CD,RDA51,连铸,,1 CC,Y
CHEM_LVL2_CD,RDA52,,,2#CC,Y
CHEM_LVL2_CD,RDA53,,,3#CC,Y
CHEM_LVL2_CD,RDA54,,,4#CC,Y
CHEM_LVL2_CD,RDA55,,,5#CC,Y
CHEM_LVL2_CD,RDB41,,,1#LF,Y
CHEM_LVL2_CD,RDB42,,,2#LF,Y
CHEM_LVL2_CD,RDB43,,,1#RH,Y
CHEM_LVL2_CD,RDB44,,,2#RH,Y
CHEM_LVL2_CD,RDB45,,,3#RH,Y
CHEM_LVL2_CD,RDB51,,,1#CC,Y
CHEM_LVL2_CD,RDB52,,,2#CC,Y
CHEM_LVL2_CD,RDB53,,,3#CC,Y
CHEM_LVL2_CD,RDB54,,,4#CC,Y
CHEM_LVL2_CD,RDB55,,,5#CC,Y
CHEM_LVL2_CD,RDC21,1#转炉渣,,1 BOF,Y
CHEM_LVL2_CD,RDC22,2#转炉,,2 BOF,Y
CHEM_LVL2_CD,RDC23,3#转炉,,3 BOF,Y
CHEM_LVL2_CD,RDC24,4#转炉,,4 BOF,Y
CHEM_LVL2_CD,RDC41,,,1#LF,Y
CHEM_LVL2_CD,RDC42,,,2#LF,Y
CHEM_LVL2_CD,RDC43,,,1#RH,Y
CHEM_LVL2_CD,RDC44,,,2#RH,Y
CHEM_LVL2_CD,RDC45,,,3#RH,Y
CHEM_LVL2_CD,RHA1,,,1 Sinter Plant,Y
CHEM_LVL2_CD,RHB1,,,1 Sinter Plant,Y
CHEM_LVL2_CD,RHC1,,,1 Sinter Plant,Y
CHEM_LVL2_CD,RHE1,,,1 Sinter Plant,Y
CHEM_LVL2_CD,RJA1,,,1 COKE,Y
CHEM_LVL2_CD,RJB1,,,1 COKE,Y
CHEM_LVL2_CD,RJCA,,,1 B/F Plant,Y
CHEM_LVL2_CD,RJCB,,,2 B/F Plant,Y
CHEM_LVL2_CD,RJD1,,,1 Coke Plant,Y
CHEM_LVL2_CD,RKA1,,,1 Pellet Plant,Y
CHEM_LVL2_CD,RKB1,,,1 Pellet Plant,Y
CHEM_LVL3_CD,RRAA01,原料.铁矿石.粉矿.高铁低铝（高硅）,,Raw Material.Iron Ore.Fine.High Fe and Low Alumina (High Silica),Y
CHEM_LVL3_CD,RRAC04,原料.铁矿石.球团.国外球团矿,,,Y
CHEM_LVL3_CD,SG1A01,半成品.炼铁.球团.球团矿,,,Y
CHEM_LVL3_CD,RRAA02,原料.铁矿石.粉矿.高铁低铝（低硅）,,Raw Material.Iron Ore.Fine.High Fe and Low Alumina (Low Silica),Y
CHEM_LVL3_CD,RRAC05,原料.铁矿石.球团.国外球团矿,,,Y
CHEM_LVL3_CD,SG1B01,半成品.炼铁.烧结.烧结矿,,,Y
CHEM_LVL3_CD,RRAA03,原料.铁矿石.粉矿.高铁高铝,,Raw Material.Iron Ore.Fine.High Fe and High Alumina,Y
CHEM_LVL3_CD,RRAC06,原料.铁矿石.球团.国外球团矿,,,Y
CHEM_LVL3_CD,SG1C01,半成品.炼铁.铁水.铁水,,,Y
CHEM_LVL3_CD,RRAA04,原料.铁矿石.粉矿.低铁低铝,,Raw Material.Iron Ore.Fine.Low Fe and Low Alumina,Y
CHEM_LVL3_CD,RRAC07,原料.铁矿石.球团.国外球团矿,,,Y
CHEM_LVL3_CD,SG1D01,半成品.炼铁.铸铁块.铸铁块,,,Y
CHEM_LVL3_CD,RRAA05,原料.铁矿石.粉矿.低铁高铝,,Raw Material.Iron Ore.Fine.Low Fe and High Alumina,Y
CHEM_LVL3_CD,RRAC08,原料.铁矿石.球团.国外球团矿,,,Y
CHEM_LVL3_CD,SG2A01,半成品.焦化.焦炭.焦炭,,,Y
CHEM_LVL3_CD,RRAA06,原料.铁矿石.粉矿.低铁,,Raw Material.Iron Ore.Fine.Low Fe,Y
CHEM_LVL3_CD,RRAC09,原料.铁矿石.球团.国外球团矿,,,Y
CHEM_LVL3_CD,RRAA09,,,SSS,Y
CHEM_LVL3_CD,RRAB01,原料.铁矿石.块矿.铁矿ROM,,Raw Material.Iron Ore.Lump.Iron Ore ROM,Y
CHEM_LVL3_CD,RRAC10,原料.铁矿石.球团.国外球团矿,,,Y
CHEM_LVL3_CD,RRAB02,原料.铁矿石.块矿.低铁块矿,,Raw Material.Iron Ore.Lump.Low Fe Iron Ore Lump,Y
CHEM_LVL3_CD,RRAC01,原料.铁矿石.球团.标准,,Raw Material.Iron Ore.Pellet.Standard,Y
CHEM_LVL3_CD,RRAC02,原料.铁矿石.球团.高强度,,Raw Material.Iron Ore.Pellet.High Strength,Y
CHEM_LVL3_CD,RRAC03,原料.铁矿石.球团.国内球团矿,,,Y
CHEM_LVL3_CD,RRAD01,原料.铁矿石.铁精粉.国内铁精粉,,Raw Material.Iron Ore.Iron Powder.Domestic,Y
CHEM_LVL3_CD,RRAC011,,,,Y
CHEM_LVL3_CD,RRAD02,原料.铁矿石.铁精粉.进口铁精粉,,Raw Material.Iron Ore.Iron Powder.Import,Y
CHEM_LVL3_CD,RRAE01,原料.铁矿石.赤铁粉.赤铁粉,,Raw Material.Iron Ore.Hematite Powder.Hematite Powder,Y
CHEM_LVL3_CD,RRBA01,原料.煤炭.炼焦煤.国内焦煤,,,Y
CHEM_LVL3_CD,RRBA02,原料.煤炭.炼焦煤.进口焦煤,,,Y
CHEM_LVL3_CD,RRBA03,原料.煤炭.炼焦煤.肥煤,,,Y
CHEM_LVL3_CD,RRBA04,原料.煤炭.炼焦煤.气煤,,,Y
CHEM_LVL3_CD,RRBA05,原料.煤炭.炼焦煤.瘦煤,,,Y
CHEM_LVL3_CD,RRBA06,原料.煤炭.炼焦煤.气肥煤,,,Y
CHEM_LVL3_CD,RRBA07,原料.煤炭.炼焦煤.1/3焦煤,,,Y
CHEM_LVL3_CD,RRBA08,原料.煤炭.炼焦煤.高硫焦煤,,,Y
CHEM_LVL3_CD,RRBA09,原料.煤炭.炼焦煤.高硫肥煤,,,Y
CHEM_LVL3_CD,RRBA10,原料.煤炭.炼焦煤.贫瘦煤,,,Y
CHEM_LVL3_CD,RRBA11,原料.煤炭.炼焦煤.其它炼焦煤,,,Y
CHEM_LVL3_CD,RRBB01,原料.煤炭.喷吹煤.喷吹无烟煤,,,Y
CHEM_LVL3_CD,RRBB02,原料.煤炭.喷吹煤.喷吹贫瘦煤,,,Y
CHEM_LVL3_CD,RRBB03,原料.煤炭.喷吹煤.喷吹烟煤,,,Y
CHEM_LVL3_CD,RRBC01,原料.煤炭.烧结用煤.烧结无烟煤,,,Y
CHEM_LVL3_CD,RRBD01,原料.煤炭.动力煤.高硫原煤,,,Y
CHEM_LVL3_CD,RRBD02,原料.煤炭.动力煤.低硫原煤,,,Y
CHEM_LVL3_CD,RRBE01,原料.煤炭.焦炭.冶金焦,,,Y
CHEM_LVL3_CD,RRBE02,原料.煤炭.焦炭.焦粉,,,Y
CHEM_LVL3_CD,RRCA01,原料.其他矿产.白云石.中块,,Raw Material.Minerals.Dolomite.Medium-Lump,Y
CHEM_LVL3_CD,RRCA02,原料.其他矿产.白云石.小块,,Raw Material.Minerals.Dolomite.Small-Lump,Y
CHEM_LVL3_CD,RRCA03,原料.其他矿产.白云石.轻烧,,Raw Material.Minerals.Dolomite.Lightly Burned,Y
CHEM_LVL3_CD,RRCA04,原料.其他矿产.白云石.炼铁粉,,Raw Material.Minerals.Dolomite.Fine,Y
CHEM_LVL3_CD,RRCB01,原料.其他矿产.萤石.块,,Raw Material.Minerals.Fluorite.Lump,Y
CHEM_LVL3_CD,RRCB02,原料.其他矿产.萤石.煤饼,,Raw Material.Minerals.Fluorite.Briquette,Y
CHEM_LVL3_CD,RRCB03,原料.其他矿产.萤石.精炼用萤石,,,Y
CHEM_LVL3_CD,RRCC01,原料.其他矿产.硅石.块,,Raw Material.Minerals.Silica.Lump,Y
CHEM_LVL3_CD,RRCC02,原料.其他矿产.硅石.粉,,Raw Material.Minerals.Silica.Fine,Y
CHEM_LVL3_CD,RRCD01,其他矿产.石灰石.中块,,Limestone.Medium-Lump,Y
CHEM_LVL3_CD,RRCD02,其他矿产.石灰石.小块,,Limestone.Small-Lump,Y
CHEM_LVL3_CD,RRCD03,其他矿产.石灰石.高品位小块,,Limestone.Small-Lump High Grade,Y
CHEM_LVL3_CD,RRCD04,其他矿产.石灰石.粉,,Limestone.Fine Normal Grade,Y
CHEM_LVL3_CD,RRCD05,其他矿产.石灰石.高品位粉,,Limestone.Fine High Grade,Y
CHEM_LVL3_CD,RRCD06,其他矿产.石灰石.高品位中块,,Limestone.Medium Lump High Grade,Y
CHEM_LVL3_CD,RRCD07,其他矿产.石灰石.炼铁粉,,Limestone.Fine,Y
CHEM_LVL3_CD,RRCD08,其他矿产.石灰石.生石灰,,Limestone.Quick Lime,Y
CHEM_LVL3_CD,RRCD09,其他矿产.石灰石.炼钢生石灰,,Limestone.Quick Lime.SM,Y
CHEM_LVL3_CD,RRCD10,其他矿产.石灰石.炼铁生石灰,,Limestone.Quick Lime.IM,Y
CHEM_LVL3_CD,RRCD11,其他矿产.石灰石.炼铁高品位生石灰,,Limestone.Quick Lime High Grade,Y
CHEM_LVL3_CD,RRCD12,其他矿产.石灰石.精炼生石灰,,,Y
CHEM_LVL3_CD,RRCD13,其他矿产.石灰石.烧结生石灰,,,Y
CHEM_LVL3_CD,RRCE01,原料.其他矿产.锰矿.块矿,,Raw Material.Minerals.Mangan Ore.Lump,Y
CHEM_LVL3_CD,RRCE02,原料.其他矿产.锰矿.粉矿,,Raw Material.Minerals.Mangan Ore.Fine,Y
CHEM_LVL3_CD,RRCF01,原料.其他矿产.镍矿.块矿,,Raw Material.Minerals.Nickel ore.Lump,Y
CHEM_LVL3_CD,RRCG01,原料.其他矿产.蛇纹石.块矿,,Raw Material.Minerals.Serpentine .Lump,Y
CHEM_LVL3_CD,RRCG02,原料.其他矿产.蛇纹石.粉矿,,Raw Material.Minerals.Serpentine .Fine,Y
CHEM_LVL3_CD,RRCH01,原料.其他矿产.钛矿.块矿,,Raw Material.Minerals.Titanium Ore.Lump,Y
CHEM_LVL3_CD,RRCJ01,原料.其他矿产.膨润土.粉,,Raw Material.Minerals.bentonite.Fine,Y
CHEM_LVL3_CD,RRCK01,原料.其他矿产.高硅块（海南）.块矿,,,Y
CHEM_LVL3_CD,RRDA01,原料.含铁原料.废铁类.高级钢,,Raw Material.Metallics.Scrap.High Grade Steel,Y
CHEM_LVL3_CD,RRDA02,原料.含铁原料.废铁类.低级钢,,Raw Material.Metallics.Scrap.Low Grade Steel,Y
CHEM_LVL3_CD,RRDA03,原料.含铁原料.废铁类.钢罐,,Raw Material.Metallics.Scrap.Steel Can,Y
CHEM_LVL3_CD,RRDA04,原料.含铁原料.废铁类.直接还原铁,,Raw Material.Metallics.Scrap.DRI (Direct Reduced Iron),Y
CHEM_LVL3_CD,RRDZ01,原料.含铁原料.其它.氧化铁皮,,,Y
CHEM_LVL3_CD,RREA01,原料.铁合金.锰硅合金.锰硅合金FeMn68Si18,,,Y
CHEM_LVL3_CD,RREA02,原料.铁合金.锰硅合金.低磷低碳锰硅合金FeMn70Si16,,,Y
CHEM_LVL3_CD,RREA03,原料.铁合金.锰硅合金.低磷低碳锰硅合金FeMn68Si16,,,Y
CHEM_LVL3_CD,RREA04,原料.铁合金.锰硅合金.锰硅包芯线,,,Y
CHEM_LVL3_CD,RREB01,原料.铁合金.硅铁.硅铁FeSi75-B,,,Y
CHEM_LVL3_CD,RREB02,原料.铁合金.硅铁.硅铁FeSi75-A,,,Y
CHEM_LVL3_CD,RREB03,原料.铁合金.硅铁.硅铁包芯线,,,Y
CHEM_LVL3_CD,RREC01,原料.铁合金.锰铁.高碳锰铁FeMn68,,,Y
CHEM_LVL3_CD,RREC02,原料.铁合金.锰铁.中碳锰铁FeMn78C2.0,,,Y
CHEM_LVL3_CD,RREC03,原料.铁合金.锰铁.低磷中碳锰铁FeMn78C2.0 SiⅠ,,,Y
CHEM_LVL3_CD,RREC04,原料.铁合金.锰铁.铝锰铁,,,Y
CHEM_LVL3_CD,RREZ01,特种合金.钼铁FeMo60-B,,,Y
CHEM_LVL3_CD,RREZ02,特种合金.钒铁FeV50-A,,,Y
CHEM_LVL3_CD,RREZ03,特种合金.钒氮合金VN16,,,Y
CHEM_LVL3_CD,RREZ04,特种合金.钒氮合金VN12,,,Y
CHEM_LVL3_CD,RREZ05,特种合金.铌铁 FeNb60-B,,,Y
CHEM_LVL3_CD,RREZ06,特种合金.铌砂 FeNb60-B,,,Y
CHEM_LVL3_CD,RREZ07,特种合金.低碳铬铁FeCr55C0.25CrⅡSiⅡPⅠSⅡ,,,Y
CHEM_LVL3_CD,RREZ08,特种合金.中碳铬铁FeCr55C1.0,,,Y
CHEM_LVL3_CD,RREZ09,特种合金.中碳铬铁FeCr55C2.0,,,Y
CHEM_LVL3_CD,RREZ10,特种合金.高碳铬铁FeCr55C10.0CrⅡSiⅡPⅠSⅠ,,,Y
CHEM_LVL3_CD,RREZ11,特种合金.金属锰JMn97-B,,,Y
CHEM_LVL3_CD,RREZ12,特种合金.阴极铜Cu-CATH-2,,,Y
CHEM_LVL3_CD,RREZ13,特种合金.硼铁FeB18C0.5-A,,,Y
CHEM_LVL3_CD,RREZ14,特种合金.电解镍Ni9996,,,Y
CHEM_LVL3_CD,RREZ15,特种合金.钛铁FeTi30-A,,,Y
CHEM_LVL3_CD,RREZ16,特种合金.钛铁FeTi30-B,,,Y
CHEM_LVL3_CD,RREZ17,特种合金.钛铁FeTi70-A,,,Y
CHEM_LVL3_CD,RREZ18,特种合金.磷铁FeP24,,,Y
CHEM_LVL3_CD,RREZ19,特种合金.铜粒T3,,,Y
CHEM_LVL3_CD,RRFA01,原料.非铁类金属.铝类.铸块,,Raw Material.Non Ferro Metals.Aluminium.INGOT,Y
CHEM_LVL3_CD,RRFA02,原料.非铁类金属.铝类.球团,,Raw Material.Non Ferro Metals.Aluminium.Pellet,Y
CHEM_LVL3_CD,RRFA03,原料.非铁类金属.铝类.小球团（铝粒）,,Raw Material.Non Ferro Metals.Aluminium.Mini pellet,Y
CHEM_LVL3_CD,RRFA04,原料.非铁类金属.铝类.线（铝线）,,Raw Material.Non Ferro Metals.Aluminium.Wire,Y
CHEM_LVL3_CD,RRFA05,原料.非铁类金属.铝类.条,,Raw Material.Non Ferro Metals.Aluminium.BAR,Y
CHEM_LVL3_CD,RRFB01,原料.非铁类金属.锌类.普通锌,,Raw Material.Non Ferro Metals.Zinc.Pure Zinc,Y
CHEM_LVL3_CD,RRFB02,原料.非铁类金属.锌类.组合锌,,Raw Material.Non Ferro Metals.Zinc.Mixed Zinc,Y
CHEM_LVL3_CD,RRFB03,原料.非铁类金属.锌类.再生锌,,Raw Material.Non Ferro Metals.Zinc.Recycled Zinc,Y
CHEM_LVL3_CD,RRFB04,原料.非铁类金属.锌类.合金锌,,Raw Material.Non Ferro Metals.Zinc.Compounding Zinc,Y
CHEM_LVL3_CD,RRFB05,原料.非铁类金属.锌类.锌球,,Raw Material.Non Ferro Metals.Zinc.Zn-Ball,Y
CHEM_LVL3_CD,RRFB06,原料.非铁类金属.锌类.热镀锌用锌合金锭,,Raw Material.Non Ferro Metals.Zinc,Y
CHEM_LVL3_CD,RRFB07,原料.非铁类金属.锌类.热镀锌用锌调整锭,,Raw Material.Non Ferro Metals.Zinc,Y
CHEM_LVL3_CD,RRFC01,原料.非铁类金属.线类.线,,Raw Material.Non Ferro Metals.Wire.Wire,Y
CHEM_LVL3_CD,RRFC02,原料.非铁类金属.线类.纯钙包芯线,,,Y
CHEM_LVL3_CD,RRFC03,原料.非铁类金属.线类.钛铁包芯线,,,Y
CHEM_LVL3_CD,RRFZ01,原料.非铁类金属.其它.其它,,Non Ferro Metals.etc..etc.,Y
CHEM_LVL3_CD,RRGA01,原料.其他原料.增碳剂.增碳剂,,Raw Material.Other Raw Materials.Recarburizer.Recarburizer,Y
CHEM_LVL3_CD,RRGA02,原料.其他原料.增碳剂.石墨转,,Raw Material.Other Raw Materials.Recarburizer.Graphite Briquette,Y
CHEM_LVL3_CD,RRGA03,原料.其他原料.增碳剂.碳包芯线,,Raw Material.Other Raw Materials.Recarburizer.Carbon Cored Wire,Y
CHEM_LVL3_CD,RRGB01,原料.其他原料.脱硫剂.氧化钙（高品级）,,Raw Material.Other Raw Materials.Desulfurization.CaO(High Grade),Y
CHEM_LVL3_CD,RRGB02,原料.其他原料.脱硫剂.氧化钙,,Raw Material.Other Raw Materials.Desulfurization.CaO,Y
CHEM_LVL3_CD,RRGB03,原料.其他原料.脱硫剂.碳酸钙,,Raw Material.Other Raw Materials.Desulfurization.CaCO3,Y
CHEM_LVL3_CD,RRGB04,原料.其他原料.脱硫剂.纯碱脱硫剂,,Raw Material.Other Raw Materials.Desulfurization.Soda Ashlight,Y
CHEM_LVL3_CD,RRGB05,原料.其他原料.脱硫剂.镁脱硫剂,,Raw Material.Other Raw Materials.Desulfurization.Mg,Y
CHEM_LVL3_CD,RRGC01,原料.其他原料.脱磷剂.脱磷剂,,Raw Material.Other Raw Materials.Dephosphorizing.Dephosphorizing,Y
CHEM_LVL3_CD,RRGD01,原料.其他原料.熔剂.镇定剂,,Raw Material.Other Raw Materials.Flux.Slag Depressant,Y
CHEM_LVL3_CD,RRGD02,原料.其他原料.熔剂.凝结剂,,Raw Material.Other Raw Materials.Flux.Slag Compounder,Y
CHEM_LVL3_CD,RRGD03,原料.其他原料.熔剂.脱氧剂,,Raw Material.Other Raw Materials.Flux.Slag Deoxidizer,Y
CHEM_LVL3_CD,RRGD04,原料.其他原料.熔剂.泡沫扎抑制剂,,Raw Material.Other Raw Materials.Flux.Slag Foaming Restrainer,Y
CHEM_LVL3_CD,RRGD05,原料.其他原料.熔剂.氧化铝,,Raw Material.Other Raw Materials.Flux.Alumina,Y
CHEM_LVL3_CD,RRGD06,原料.其他原料.熔剂.高碱溶剂,,Raw Material.Other Raw Materials.Flux.High Basicity,Y
CHEM_LVL3_CD,RRGD07,原料.其他原料.熔剂.造渣剂,,,Y
CHEM_LVL3_CD,RRGD08,原料.其他原料.熔剂.碳化稻壳,,,Y
CHEM_LVL3_CD,RRGD09,原料.其他原料.熔剂.碳镁球,,,Y
CHEM_LVL3_CD,RRGE01,原料.其他原料.后处理溶液.表面处理剂,,"Raw Material.Other Raw Materials.Post Treatment.Surface Treatment ,,,,",Y
CHEM_LVL3_CD,RRGF01,原料.其他原料.涂层剂.涂层剂,,"Raw Material.Other Raw Materials.Coating.Coating ,,,,",Y
CHEM_LVL3_CD,RCA100,无要求,,,Y
CHEM_LVL3_CD,RCA171,1#BF 1#出铁口,,,Y
CHEM_LVL3_CD,RCA172,1#BF 2#出铁口,,,Y
CHEM_LVL3_CD,RCA173,1#BF 3#出铁口,,,Y
CHEM_LVL3_CD,RCA174,1#BF 4#出铁口,,,Y
CHEM_LVL3_CD,RDA106,,,KR,Y
CHEM_LVL3_CD,RDA111,,,DP,Y
CHEM_LVL3_CD,RDA112,,,DC,Y
CHEM_LVL3_CD,RDA1100,铁水样,,,Y
CHEM_LVL3_CD,RDA1130,炉前的铁样,용선탈류전,,Y
CHEM_LVL3_CD,RDA1131,铁水脱硫后的铁样,용선탈류후,,Y
CHEM_LVL3_CD,RDA121,,,BAP1,Y
CHEM_LVL3_CD,RDA122,,,BAP2,Y
CHEM_LVL3_CD,RDA123,,,RH,Y
CHEM_LVL3_CD,RDA1230,铁水脱硫前的铁样,용선탈류전,,Y
CHEM_LVL3_CD,RDA1231,铁水脱硫后的铁样,용선탈류후,,Y
CHEM_LVL3_CD,RDA124,,,LF,Y
CHEM_LVL3_CD,RDA1330,铁水脱硫前的铁样,용선탈류전,,Y
CHEM_LVL3_CD,RDA1331,铁水脱硫后的铁样,용선탈류후,,Y
CHEM_LVL3_CD,RDA141,,,CC,Y
CHEM_LVL3_CD,RDA1430,铁水脱硫前的铁样,용선탈류전,,Y
CHEM_LVL3_CD,RDA1431,铁水脱硫后的铁样,용선탈류후,,Y
CHEM_LVL3_CD,RDA2111,转炉吹炼时的样,,,Y
CHEM_LVL3_CD,RDA2112,转炉样,,,Y
CHEM_LVL3_CD,RDA2113,转炉后吹结束时的样,전로 후취련 완료시,,Y
CHEM_LVL3_CD,RDA2114,脱磷转炉吹炼终点时的样,탈린전로 취련종결시,,Y
CHEM_LVL3_CD,RDA2115,脱磷转炉再吹炼的样,탈린전로 재취련시,,Y
CHEM_LVL3_CD,RDA2211,转炉主吹炼结束时的样,전로 메인취련 완료후,,Y
CHEM_LVL3_CD,RDA2212,转炉吹炼终点时的样,전로 취련 종결시,,Y
CHEM_LVL3_CD,RDA2213,转炉后吹结束时的样,전로 후취련 완료시,,Y
CHEM_LVL3_CD,RDA2214,脱磷转炉吹炼终点时的样,탈린전로 취련종결시,,Y
CHEM_LVL3_CD,RDA2215,脱磷转炉再吹炼的样,탈린전로 재취련시,,Y
CHEM_LVL3_CD,RDA2311,转炉主吹炼结束时的样,전로 메인취련 완료후,,Y
CHEM_LVL3_CD,RDA2312,转炉吹炼终点时的样,전로 취련 종결시,,Y
CHEM_LVL3_CD,RDA2313,转炉后吹结束时的样,전로 후취련 완료시,,Y
CHEM_LVL3_CD,RDA2314,脱磷转炉吹炼终点时的样,탈린전로 취련종결시,,Y
CHEM_LVL3_CD,RDA2315,脱磷转炉再吹炼的样,탈린전로 재취련시,,Y
CHEM_LVL3_CD,RDA2411,转炉主吹炼结束时的样,전로 메인취련 완료후,,Y
CHEM_LVL3_CD,RDA2412,转炉吹炼终点时的样,전로 취련 종결시,,Y
CHEM_LVL3_CD,RDA2413,转炉后吹结束时的样,전로 후취련 완료시,,Y
CHEM_LVL3_CD,RDA2414,脱磷转炉吹炼终点时的样,탈린전로 취련종결시,,Y
CHEM_LVL3_CD,RDA2415,脱磷转炉再吹炼的样,탈린전로 재취련시,,Y
CHEM_LVL3_CD,RDA3132,吹氩站钢样,아르곤 넣는곳의  강철 시료,,Y
CHEM_LVL3_CD,RDA3232,吹氩站钢样,아르곤 넣는곳의  강철 시료,,Y
CHEM_LVL3_CD,RDA3332,吹氩站钢样,아르곤 넣는곳의  강철 시료,,Y
CHEM_LVL3_CD,RDA3432,吹氩站钢样,아르곤 넣는곳의  강철 시료,,Y
CHEM_LVL3_CD,RDA4120,精炼过程样,정련중의 시료,,Y
CHEM_LVL3_CD,RDA4121,精炼结束样,정련 완료시,,Y
CHEM_LVL3_CD,RDA4220,精炼过程样,정련중의 시료,,Y
CHEM_LVL3_CD,RDA4221,精炼结束样,정련 완료시,,Y
CHEM_LVL3_CD,RDA4320,精炼过程样,정련중의 시료,,Y
CHEM_LVL3_CD,RDA4321,精炼结束样,정련 완료시,,Y
CHEM_LVL3_CD,RDA4420,精炼过程样,정련중의 시료,,Y
CHEM_LVL3_CD,RDA4421,精炼结束样,정련 완료시,,Y
CHEM_LVL3_CD,RDA4520,精炼过程样,정련중의 시료,,Y
CHEM_LVL3_CD,RDA4521,精炼结束样,정련 완료시,,Y
CHEM_LVL3_CD,RDA5140,中间包本样,용강래들 샘플(1차),,Y
CHEM_LVL3_CD,RDA5141,中间包副样,용강래들 예비용 샘플(2차),,Y
CHEM_LVL3_CD,RDA5151,,,"1CC , 1MOLD",Y
CHEM_LVL3_CD,RDA5152,,,"1CC , 2MOLD",Y
CHEM_LVL3_CD,RDA5240,中间包本样,용강래들 샘플(1차),,Y
CHEM_LVL3_CD,RDA5241,中间包副样,용강래들 예비용 샘플(2차),,Y
CHEM_LVL3_CD,RDA5253,,,"2CC , 1MOLD",Y
CHEM_LVL3_CD,RDA5254,,,"2CC , 2MOLD",Y
CHEM_LVL3_CD,RDA5340,中间包本样,용강래들 샘플(1차),,Y
CHEM_LVL3_CD,RDA5341,中间包副样,용강래들 예비용 샘플(2차),,Y
CHEM_LVL3_CD,RDA5355,,,"3CC , 1MOLD",Y
CHEM_LVL3_CD,RDA5440,中间包本样,용강래들 샘플(1차),,Y
CHEM_LVL3_CD,RDA5441,中间包副样,용강래들 예비용 샘플(2차),,Y
CHEM_LVL3_CD,RDA5456,,,"4CC , 1MOLD",Y
CHEM_LVL3_CD,RDA5540,中间包本样,용강래들 샘플(1차),,Y
CHEM_LVL3_CD,RDA5541,中间包副样,용강래들 예비용 샘플(2차),,Y
CHEM_LVL3_CD,RDA5557,,,"5CC , 1MOLD",Y
CHEM_LVL3_CD,RDB4120,精炼过程样,정련중의 시료,,Y
CHEM_LVL3_CD,RDB4121,精炼结束样,정련 완료시,,Y
CHEM_LVL3_CD,RDB4220,精炼过程样,정련중의 시료,,Y
CHEM_LVL3_CD,RDB4221,精炼结束样,정련 완료시,,Y
CHEM_LVL3_CD,RDB4320,精炼过程样,정련중의 시료,,Y
CHEM_LVL3_CD,RDB4321,精炼结束样,정련 완료시,,Y
CHEM_LVL3_CD,RDB4420,精炼过程样,정련중의 시료,,Y
CHEM_LVL3_CD,RDB4421,精炼结束样,정련 완료시,,Y
CHEM_LVL3_CD,RDB4520,精炼过程样,정련중의 시료,,Y
CHEM_LVL3_CD,RDB4521,精炼结束样,정련 완료시,,Y
CHEM_LVL3_CD,RDB5140,中间包本样,용강래들 샘플(1차),,Y
CHEM_LVL3_CD,RDB5141,中间包副样,용강래들 예비용 샘플(2차),,Y
CHEM_LVL3_CD,RDB5240,中间包本样,용강래들 샘플(1차),,Y
CHEM_LVL3_CD,RDB5241,中间包副样,용강래들 예비용 샘플(2차),,Y
CHEM_LVL3_CD,RDB5340,中间包本样,용강래들 샘플(1차),,Y
CHEM_LVL3_CD,RDB5341,中间包副样,용강래들 예비용 샘플(2차),,Y
CHEM_LVL3_CD,RDB5440,中间包本样,용강래들 샘플(1차),,Y
CHEM_LVL3_CD,RDB5441,中间包副样,용강래들 예비용 샘플(2차),,Y
CHEM_LVL3_CD,RDB5540,中间包本样,용강래들 샘플(1차),,Y
CHEM_LVL3_CD,RDB5541,中间包副样,용강래들 예비용 샘플(2차),,Y
CHEM_LVL3_CD,RDC112,,,LD,Y
CHEM_LVL3_CD,RDC122,,,BAP,Y
CHEM_LVL3_CD,RDC123,,,RH,Y
CHEM_LVL3_CD,RDC124,,,LF,Y
CHEM_LVL3_CD,RDC141,,,CC,Y
CHEM_LVL3_CD,RDC2112,转炉吹炼结束时的渣样,전로 취련 종결시,,Y
CHEM_LVL3_CD,RDC2212,转炉吹炼终点时的样,전로 취련 종결시,,Y
CHEM_LVL3_CD,RDC2312,转炉吹炼终点时的样,전로 취련 종결시,,Y
CHEM_LVL3_CD,RDC2412,转炉吹炼终点时的样,전로 취련 종결시,,Y
CHEM_LVL3_CD,RDC4120,精炼过程样,정련중의 시료,,Y
CHEM_LVL3_CD,RDC4121,精炼结束样,정련 완료시,,Y
CHEM_LVL3_CD,RDC4220,精炼过程样,정련중의 시료,,Y
CHEM_LVL3_CD,RDC4221,精炼结束样,정련 완료시,,Y
CHEM_LVL3_CD,RDC4320,精炼过程样,정련중의 시료,,Y
CHEM_LVL3_CD,RDC4321,精炼结束样,정련 완료시,,Y
CHEM_LVL3_CD,RDC4420,精炼过程样,정련중의 시료,,Y
CHEM_LVL3_CD,RDC4421,精炼结束样,정련 완료시,,Y
CHEM_LVL3_CD,RDC4520,精炼过程样,정련중의 시료,,Y
CHEM_LVL3_CD,RDC4521,精炼结束样,정련 완료시,,Y
CHEM_LVL3_CD,RDF112,,,LD,Y
CHEM_LVL3_CD,RDF121,,,BB,Y
CHEM_LVL3_CD,RDF122,,,BAP,Y
CHEM_LVL3_CD,RDF123,,,RH,Y
CHEM_LVL3_CD,RDF124,,,LF,Y
CHEM_LVL3_CD,RDF141,,,CC,Y
CHEM_LVL4_CD,RCA10101,,,Before Treatment,Y
CHEM_LVL4_CD,RDA412001,第一次精炼过程样,1차 정련과정의 시료,,Y
CHEM_LVL4_CD,RDA412002,第二次精炼过程样,2차 정련과정의 시료,,Y
CHEM_LVL4_CD,RDA412101,第一次精炼结束时样,1차 정련완료시의 시료,,Y
CHEM_LVL4_CD,RDA412102,第二次精炼结束时样,2차 정련완료시의 시료,,Y
CHEM_LVL4_CD,RCA10102,,,After Treatment,Y
CHEM_LVL4_CD,RDA10601,,,Pre Treatment,Y
CHEM_LVL4_CD,RDA422001,第一次精炼过程样,1차 정련과정의 시료,,Y
CHEM_LVL4_CD,RDA422002,第二次精炼过程样,2차 정련과정의 시료,,Y
CHEM_LVL4_CD,RDA422101,第一次精炼结束时样,1차 정련완료시의 시료,,Y
CHEM_LVL4_CD,RDA422102,第二次精炼结束时样,2차 정련완료시의 시료,,Y
CHEM_LVL4_CD,RDA10602,,,Post de-S,Y
CHEM_LVL4_CD,RDA432001,第一次精炼过程样,1차 정련과정의 시료,,Y
CHEM_LVL4_CD,RDA432002,第二次精炼过程样,2차 정련과정의 시료,,Y
CHEM_LVL4_CD,RDA432101,第一次精炼结束时样,1차 정련완료시의 시료,,Y
CHEM_LVL4_CD,RDA432102,第二次精炼结束时样,2차 정련완료시의 시료,,Y
CHEM_LVL4_CD,RDA10603,,,Post de-P,Y
CHEM_LVL4_CD,RDA442001,第一次精炼结束时样,1차 정련과정의 시료,,Y
CHEM_LVL4_CD,RDA442002,第二次精炼结束时样,2차 정련과정의 시료,,Y
CHEM_LVL4_CD,RDA442101,第一次精炼结束时样,1차 정련완료시의 시료,,Y
CHEM_LVL4_CD,RDA442102,第二次精炼结束时样,2차 정련완료시의 시료,,Y
CHEM_LVL4_CD,RDA452001,第一次精炼结束时样,1차 정련과정의 시료,,Y
CHEM_LVL4_CD,RDA452002,第二次精炼结束时样,2차 정련과정의 시료,,Y
CHEM_LVL4_CD,RDA452101,第一次精炼结束时样,1차 정련완료시의 시료,,Y
CHEM_LVL4_CD,RDA452102,第二次精炼结束时样,2차 정련완료시의 시료,,Y
CHEM_LVL4_CD,RDA10604,,,"Post de-P,S",Y
CHEM_LVL4_CD,RDA10605,,,Post de-Si,Y
CHEM_LVL4_CD,RDA10606,,,Post Treatment,Y
CHEM_LVL4_CD,RDA11121,,,Post de-P,Y
CHEM_LVL4_CD,RDA11221,,,Post de-P,Y
CHEM_LVL4_CD,RDA11222,,,Blowing,Y
CHEM_LVL4_CD,RDA11223,,,Main Blowing,Y
CHEM_LVL4_CD,RDA11224,,,ReBlowing,Y
CHEM_LVL4_CD,RDA12151,,,Pre Treatment,Y
CHEM_LVL4_CD,RDA12251,,,Pre Treatment,Y
CHEM_LVL4_CD,RDA11225,,,DECK,Y
CHEM_LVL4_CD,RDA12152,,,Treatment1,Y
CHEM_LVL4_CD,RDA12252,,,Treatment1,Y
CHEM_LVL4_CD,RDA12153,,,Treatment2,Y
CHEM_LVL4_CD,RDA12253,,,Treatment2,Y
CHEM_LVL4_CD,RDA12154,,,Treatment3,Y
CHEM_LVL4_CD,RDA12254,,,Treatment3,Y
CHEM_LVL4_CD,RDA12155,,,Post Treatment,Y
CHEM_LVL4_CD,RDA12255,,,Post Treatment,Y
CHEM_LVL4_CD,RDA12156,,,Re Treatment,Y
CHEM_LVL4_CD,RDA12256,,,Re Treatment,Y
CHEM_LVL4_CD,RDA12351,,,Pre Treatment,Y
CHEM_LVL4_CD,RDA12352,,,Treatment1,Y
CHEM_LVL4_CD,RDA12353,,,Treatment2,Y
CHEM_LVL4_CD,RDA12354,,,Treatment3,Y
CHEM_LVL4_CD,RDA12355,,,Post Treatment,Y
CHEM_LVL4_CD,RDA12356,,,Re Treatment,Y
CHEM_LVL4_CD,RDA12451,,,Pre Treatment,Y
CHEM_LVL4_CD,RDA12452,,,Treatment1,Y
CHEM_LVL4_CD,RDA12453,,,Treatment2,Y
CHEM_LVL4_CD,RDA12454,,,Treatment3,Y
CHEM_LVL4_CD,RDA12455,,,Post Treatment,Y
CHEM_LVL4_CD,RDA12456,,,Re Treatment,Y
CHEM_LVL4_CD,RDA14171,,,1st Treatment,Y
CHEM_LVL4_CD,RDA14172,,,2nd Treatment,Y
CHEM_LVL4_CD,RDA20501,,,Pre Treatment,Y
CHEM_LVL4_CD,RDA20502,,,Post de-S,Y
CHEM_LVL4_CD,RDA20503,,,Post de-P,Y
CHEM_LVL4_CD,RDA20504,,,"Post de-P,S",Y
CHEM_LVL4_CD,RDA20506,,,Post Treatment,Y
CHEM_LVL4_CD,RDA20706,,,Post Treatment,Y
CHEM_LVL4_CD,RDA21222,,,Blowing,Y
CHEM_LVL4_CD,RDA21223,,,Main Blowing,Y
CHEM_LVL4_CD,RDA22151,,,Pre Treatment,Y
CHEM_LVL4_CD,RDA22152,,,Treatment1,Y
CHEM_LVL4_CD,RDA22153,,,Treatment2,Y
CHEM_LVL4_CD,RDA22154,,,Treatment3,Y
CHEM_LVL4_CD,RDA22155,,,Post Treatment,Y
CHEM_LVL4_CD,RDA22156,,,Re Treatment,Y
CHEM_LVL4_CD,RDA22251,,,Pre Treatment,Y
CHEM_LVL4_CD,RDA22252,,,Treatment1,Y
CHEM_LVL4_CD,RDA22253,,,Treatment2,Y
CHEM_LVL4_CD,RDA22254,,,Treatment3,Y
CHEM_LVL4_CD,RDA22255,,,Post Treatment,Y
CHEM_LVL4_CD,RDA22256,,,Re Treatment,Y
CHEM_LVL4_CD,RDA22351,,,Pre Treatment,Y
CHEM_LVL4_CD,RDA22352,,,Treatment1,Y
CHEM_LVL4_CD,RDA22353,,,Treatment2,Y
CHEM_LVL4_CD,RDA22354,,,Treatment3,Y
CHEM_LVL4_CD,RDA22355,,,Post Treatment,Y
CHEM_LVL4_CD,RDA22356,,,Re Treatment,Y
CHEM_LVL4_CD,RDA22451,,,Pre Treatment,Y
CHEM_LVL4_CD,RDA22452,,,Treatment1,Y
CHEM_LVL4_CD,RDA22453,,,Treatment2,Y
CHEM_LVL4_CD,RDA22454,,,Treatment3,Y
CHEM_LVL4_CD,RDA22455,,,Post Treatment,Y
CHEM_LVL4_CD,RDA22456,,,Re Treatment,Y
CHEM_LVL4_CD,RDA22551,,,Pre Treatment,Y
CHEM_LVL4_CD,RDA22552,,,Treatment1,Y
CHEM_LVL4_CD,RDA22553,,,Treatment2,Y
CHEM_LVL4_CD,RDA22554,,,Treatment3,Y
CHEM_LVL4_CD,RDA22555,,,Post Treatment,Y
CHEM_LVL4_CD,RDA22556,,,Re Treatment,Y
CHEM_LVL4_CD,RDA24171,,,T/D,Y
CHEM_LVL4_CD,RDA24172,,,MOLD,Y
CHEM_LVL4_CD,RDA61111,,,Melting,Y
CHEM_LVL4_CD,RDA62151,,,Pre Treatment,Y
CHEM_LVL4_CD,RDA62251,,,Pre Treatment,Y
CHEM_LVL4_CD,RDA62451,,,Pre Treatment,Y
CHEM_LVL4_CD,RDA62452,,,Treatment1,Y
CHEM_LVL4_CD,RDA62453,,,Treatment2,Y
CHEM_LVL4_CD,RDA62454,,,Treatment3,Y
CHEM_LVL4_CD,RDA62455,,,Post Treatment,Y
CHEM_LVL4_CD,RDA62456,,,Re Treatment,Y
CHEM_LVL4_CD,RDA62551,,,Pre Treatment,Y
CHEM_LVL4_CD,RDA62552,,,Treatment1,Y
CHEM_LVL4_CD,RDA62553,,,Treatment2,Y
CHEM_LVL4_CD,RDA62554,,,Treatment3,Y
CHEM_LVL4_CD,RDA62555,,,Post Treatment,Y
CHEM_LVL4_CD,RDA62556,,,Re Treatment,Y
CHEM_LVL4_CD,RDA64171,,,T/D,Y
CHEM_LVL4_CD,RDA64172,,,MOLD,Y
CHEM_LVL4_CD,RDB12251,,,Pre Treatment,Y
CHEM_LVL4_CD,RDB12255,,,Post Treatment,Y
CHEM_LVL4_CD,RDB12351,,,Pre Treatment,Y
CHEM_LVL4_CD,RDB12352,,,Treatment1,Y
CHEM_LVL4_CD,RDB12353,,,Treatment2,Y
CHEM_LVL4_CD,RDB12354,,,Treatment3,Y
CHEM_LVL4_CD,RDB12355,,,Post Treatment,Y
CHEM_LVL4_CD,RDB12356,,,Re Treatment,Y
CHEM_LVL4_CD,RDB12451,,,Pre Treatment,Y
CHEM_LVL4_CD,RDB12452,,,Treatment1,Y
CHEM_LVL4_CD,RDB12453,,,Treatment2,Y
CHEM_LVL4_CD,RDB12454,,,Treatment3,Y
CHEM_LVL4_CD,RDB12455,,,Post Treatment,Y
CHEM_LVL4_CD,RDB12456,,,Re Treatment,Y
CHEM_LVL4_CD,RDB14171,,,T/D,Y
CHEM_LVL4_CD,RDB14172,,,MOLD,Y
CHEM_LVL4_CD,RDB22251,,,Pre Treatment,Y
CHEM_LVL4_CD,RDB22255,,,Post Treatment,Y
CHEM_LVL4_CD,RDB22351,,,Pre Treatment,Y
CHEM_LVL4_CD,RDB22352,,,Treatment1,Y
CHEM_LVL4_CD,RDB22353,,,Treatment2,Y
CHEM_LVL4_CD,RDB22354,,,Treatment3,Y
CHEM_LVL4_CD,RDB22355,,,Post Treatment,Y
CHEM_LVL4_CD,RDB22356,,,Re Treatment,Y
CHEM_LVL4_CD,RDB22451,,,Pre Treatment,Y
CHEM_LVL4_CD,RDB22452,,,Treatment1,Y
CHEM_LVL4_CD,RDB22453,,,Treatment2,Y
CHEM_LVL4_CD,RDB22454,,,Treatment3,Y
CHEM_LVL4_CD,RDB22455,,,Post Treatment,Y
CHEM_LVL4_CD,RDB22456,,,Re Treatment,Y
CHEM_LVL4_CD,RDB22551,,,Pre Treatment,Y
CHEM_LVL4_CD,RDB22552,,,Treatment1,Y
CHEM_LVL4_CD,RDB22553,,,Treatment2,Y
CHEM_LVL4_CD,RDB22554,,,Treatment3,Y
CHEM_LVL4_CD,RDB22555,,,Post Treatment,Y
CHEM_LVL4_CD,RDB22556,,,Re Treatment,Y
CHEM_LVL4_CD,RDB24171,,,T/D,Y
CHEM_LVL4_CD,RDB24172,,,MOLD,Y
CHEM_LVL4_CD,RDB61111,,,Melting,Y
CHEM_LVL4_CD,RDB62451,,,Pre Treatment,Y
CHEM_LVL4_CD,RDB62455,,,Post Treatment,Y
CHEM_LVL4_CD,RDB62551,,,Pre Treatment,Y
CHEM_LVL4_CD,RDB62555,,,Post Treatment,Y
CHEM_LVL4_CD,RDB64171,,,T/D,Y
CHEM_LVL4_CD,RDB64172,,,MOLD,Y
CHEM_LVL4_CD,RDC10401,,,Pre Treatment,Y
CHEM_LVL4_CD,RDC10406,,,Post Treatment,Y
CHEM_LVL4_CD,RDC10601,,,Pre De-S,Y
CHEM_LVL4_CD,RDC10606,,,Post De-S,Y
CHEM_LVL4_CD,RDC11222,,,Blowing,Y
CHEM_LVL4_CD,RDC12251,,,Pre Treatment,Y
CHEM_LVL4_CD,RDC12255,,,Post Treatment,Y
CHEM_LVL4_CD,RDC12351,,,Pre Treatment,Y
CHEM_LVL4_CD,RDC12355,,,Post Treatment,Y
CHEM_LVL4_CD,RDC12451,,,Pre Treatment,Y
CHEM_LVL4_CD,RDC12455,,,Post Treatment,Y
CHEM_LVL4_CD,RDC14171,,,T/D,Y
CHEM_LVL4_CD,RDC14172,,,MOLD,Y
CHEM_LVL4_CD,RDC20501,,,Pre Treatment,Y
CHEM_LVL4_CD,RDC20506,,,Post Treatment,Y
CHEM_LVL4_CD,RDC21222,,,Blowing,Y
CHEM_LVL4_CD,RDC22151,,,Pre Treatment,Y
CHEM_LVL4_CD,RDC22255,,,Post Treatment,Y
CHEM_LVL4_CD,RDC22351,,,Pre Treatment,Y
CHEM_LVL4_CD,RDC22355,,,Post Treatment,Y
CHEM_LVL4_CD,RDC22451,,,Pre Treatment,Y
CHEM_LVL4_CD,RDC22455,,,Post Treatment,Y
CHEM_LVL4_CD,RDC22551,,,Pre Treatment,Y
CHEM_LVL4_CD,RDC22555,,,Post Treatment,Y
CHEM_LVL4_CD,RDC24171,,,T/D,Y
CHEM_LVL4_CD,RDC24172,,,MOLD,Y
CHEM_LVL4_CD,RDC61122,,,Melting,Y
CHEM_LVL4_CD,RDC62451,,,Pre Treatment,Y
CHEM_LVL4_CD,RDC62455,,,Post Treatment,Y
CHEM_LVL4_CD,RDC62551,,,Pre Treatment,Y
CHEM_LVL4_CD,RDC62555,,,Post Treatment,Y
CHEM_LVL4_CD,RDC64171,,,T/D,Y
CHEM_LVL4_CD,RDC64172,,,MOLD,Y
CHEM_LVL4_CD,RDD10301,,,Pre Treatment,Y
CHEM_LVL4_CD,RDD10302,,,Post de-S,Y
CHEM_LVL4_CD,RDD10303,,,Post de-P,Y
CHEM_LVL4_CD,RDD10304,,,"Post de-P,S",Y
CHEM_LVL4_CD,RDD20206,,,Post Treatment,Y
CHEM_LVL4_CD,RDD20301,,,Pre Treatment,Y
CHEM_LVL4_CD,RDD20302,,,Post de-S,Y
CHEM_LVL4_CD,RDD20303,,,Post de-P,Y
CHEM_LVL4_CD,RDD20304,,,"Post de-P,S",Y
CHEM_LVL4_CD,RDD20706,,,Post Treatment,Y
CHEM_LVL4_CD,RDE10201,,,Pre Treatment,Y
CHEM_LVL4_CD,RDE10301,,,Pre Treatment,Y
CHEM_LVL4_CD,RDE10302,,,Post de-S,Y
CHEM_LVL4_CD,RDE10303,,,Post de-P,Y
CHEM_LVL4_CD,RDE10305,,,Post de-Si,Y
CHEM_LVL4_CD,RDE10406,,,Post Treatment,Y
CHEM_LVL4_CD,RDE10601,,,Pre Treatment,Y
CHEM_LVL4_CD,RDE10602,,,Post de-S,Y
CHEM_LVL4_CD,RDE10603,,,Post de-P,Y
CHEM_LVL4_CD,RDE10605,,,Post de-Si,Y
CHEM_LVL4_CD,RDE10606,,,Post Treatment,Y
CHEM_LVL4_CD,RDE20101,,,Pre Treatment,Y
CHEM_LVL4_CD,RDE20102,,,Post de-S,Y
CHEM_LVL4_CD,RDE20103,,,Post de-P,Y
CHEM_LVL4_CD,RDE20105,,,Post de-Si,Y
CHEM_LVL4_CD,RDE20406,,,Post Treatment,Y
CHEM_LVL4_CD,RDF12255,,,Post Treatment,Y
CHEM_LVL4_CD,RDF12355,,,Post Treatment,Y
CHEM_LVL4_CD,RDF12455,,,Post Treatment,Y
CHEM_LVL4_CD,RDF12555,,,Post Treatment,Y
CHEM_LVL4_CD,RDF14171,,,T/D,Y
CHEM_LVL4_CD,RDF14172,,,MOLD,Y
CHEM_LVL4_CD,RDF22155,,,Post Treatment,Y
CHEM_LVL4_CD,RDF22255,,,Post Treatment,Y
CHEM_LVL4_CD,RDF22355,,,Post Treatment,Y
CHEM_LVL4_CD,RDF22455,,,Post Treatment,Y
CHEM_LVL4_CD,RDF24171,,,T/D,Y
CHEM_LVL4_CD,RDF24172,,,MOLD,Y
CHEM_LVL4_CD,RDF62455,,,Post Treatment,Y
CHEM_LVL4_CD,RDF62555,,,Post Treatment,Y
CHEM_LVL4_CD,RDF64171,,,T/D,Y
CHEM_LVL4_CD,RDF64172,,,MOLD,Y
CHEM_REQ_PURPOSE,271,制样室,,,Y
CHEM_REQ_PURPOSE,276,物理检测室,,,Y
CHEM_REQ_PURPOSE,231,物理实验室,,,Y
CHEM_REQ_PURPOSE,244,金相实验,,,Y
CHEM_REQ_PURPOSE_TY,A,纪委稽查,,,Y
CHEM_REQ_PURPOSE_TY,B,生产过程,,,Y
CHEM_REQ_PURPOSE_TY,C,技术研究,,,Y
CHEM_REQ_PURPOSE_TY,D,认证审核,,,Y
CHEM_REQ_PURPOSE_TY,E,钢材异议,,,Y
CHEM_REQ_PURPOSE_TY,F,质量抽查,,,Y
CHEM_REQ_PURPOSE_TY,L,原料稽查,,,Y
CHEM_REQ_PURPOSE_TY,M,质量分析,,,Y
CHEM_REQ_PURPOSE_TY,N,原料异议,,,Y
CHEM_REQ_PURPOSE_TY,O,其他,,,Y
CHEM_REQ_TYPE,A,常规委托,,,Y
CHEM_REQ_TYPE,B,非常规委托,,,Y
CHEM_SMP_CD_BIG,ZLZ,转炉渣,,,Y
CHEM_SMP_CD_BIG,TS,铁水,,,Y
CHEM_SMP_CD_BIG,GS,钢水,,,Y
CHROMATE_ADHE_GRT_CD,A,性能试验+性能判定+质保书发行,,,Y
CHROMATE_ADHE_GRT_CD,B,性能试验+性能判定,,,Y
CHROMATE_ADHE_GRT_CD,C,性能试验+质保书发行,,,Y
CHROMATE_ADHE_GRT_CD,D,性能试验,,,Y
CHROMFRE_ADHE_GRT_CD,A,性能试验+性能判定+质保书发行,,,Y
CHROMFRE_ADHE_GRT_CD,B,性能试验+性能判定,,,Y
CHROMFRE_ADHE_GRT_CD,C,性能试验+质保书发行,,,Y
CHROMFRE_ADHE_GRT_CD,D,性能试验,,,Y
CHR_ASGN_HOLD_MTL_YN,1,措施,,,Y
CHR_ASGN_HOLD_MTL_YN,2,未措施,,,Y
CH_DISCH_FL,1,,장입(装炉),,Y
CH_DISCH_FL,2,,추출(出炉),,Y
CH_DISCH_FL,3,,재장입(再装炉),,Y
CH_DISCH_FL,4,,재추출(再出炉),,Y
CH_OR_DIS,1,未出炉,,,Y
CH_OR_DIS,2,已出炉,,,Y
CITY_CD,110000,北京市,,,Y
CITY_CD,120000,天津市,,,Y
CITY_CD,130100,河北省石家庄市,,,Y
CITY_CD,130200,河北省唐山市,,,Y
CITY_CD,130300,河北省秦皇岛市,,,Y
CITY_CD,130400,河北省邯郸市,,,Y
CITY_CD,130500,河北省邢台市,,,Y
CITY_CD,130600,河北省保定市,,,Y
CITY_CD,130700,河北省张家口市,,,Y
CITY_CD,130800,河北省承德市,,,Y
CITY_CD,130900,河北省沧州市,,,Y
CITY_CD,131000,河北省廊坊市,,,Y
CITY_CD,131100,河北省衡水市,,,Y
CITY_CD,140100,山西省太原市,,,Y
CITY_CD,140200,山西省大同市,,,Y
CITY_CD,140300,山西省阳泉市,,,Y
CITY_CD,140400,山西省长治市,,,Y
CITY_CD,140500,山西省晋城市,,,Y
CITY_CD,140600,山西省朔州市,,,Y
CITY_CD,140700,山西省晋中市,,,Y
CITY_CD,140800,山西省运城市,,,Y
CITY_CD,140900,山西省忻州市,,,Y
CITY_CD,141000,山西省临汾市,,,Y
CITY_CD,141100,山西省吕梁市,,,Y
CITY_CD,150100,内蒙古自治区呼和浩特市,,,Y
CITY_CD,150200,内蒙古自治区包头市,,,Y
CITY_CD,150300,内蒙古自治区乌海市,,,Y
CITY_CD,150400,内蒙古自治区赤峰市,,,Y
CITY_CD,150500,内蒙古自治区通辽市,,,Y
CITY_CD,150600,内蒙古自治区鄂尔多斯市,,,Y
CITY_CD,150700,内蒙古自治区呼伦贝尔市,,,Y
CITY_CD,150800,内蒙古自治区巴彦淖尔市,,,Y
CITY_CD,150900,内蒙古自治区乌兰察布市,,,Y
CITY_CD,152200,内蒙古自治区兴安盟,,,Y
CITY_CD,152500,内蒙古自治区锡林郭勒盟,,,Y
CITY_CD,152900,内蒙古自治区阿拉善盟,,,Y
CITY_CD,210100,辽宁省沈阳市,,,Y
CITY_CD,210200,辽宁省大连市,,,Y
CITY_CD,210300,辽宁省鞍山市,,,Y
CITY_CD,210400,辽宁省抚顺市,,,Y
CITY_CD,210500,辽宁省本溪市,,,Y
CITY_CD,210600,辽宁省丹东市,,,Y
CITY_CD,210700,辽宁省锦州市,,,Y
CITY_CD,210800,辽宁省营口市,,,Y
CITY_CD,210900,辽宁省阜新市,,,Y
CITY_CD,211000,辽宁省辽阳市,,,Y
CITY_CD,211100,辽宁省盘锦市,,,Y
CITY_CD,211200,辽宁省铁岭市,,,Y
CITY_CD,211300,辽宁省朝阳市,,,Y
CITY_CD,211400,辽宁省葫芦岛市,,,Y
CITY_CD,220100,吉林省长春市,,,Y
CITY_CD,220200,吉林省吉林市,,,Y
CITY_CD,220300,吉林省四平市,,,Y
CITY_CD,220400,吉林省辽源市,,,Y
CITY_CD,220500,吉林省通化市,,,Y
CITY_CD,220600,吉林省白山市,,,Y
CITY_CD,220700,吉林省松原市,,,Y
CITY_CD,220800,吉林省白城市,,,Y
CITY_CD,222400,吉林省延边朝鲜族自治州,,,Y
CITY_CD,230100,黑龙江省哈尔滨市,,,Y
CITY_CD,230200,黑龙江省齐齐哈尔市,,,Y
CITY_CD,230300,黑龙江省鸡西市,,,Y
CITY_CD,230400,黑龙江省鹤岗市,,,Y
CITY_CD,230500,黑龙江省双鸭山市,,,Y
CITY_CD,230600,黑龙江省大庆市,,,Y
CITY_CD,230700,黑龙江省伊春市,,,Y
CITY_CD,230800,黑龙江省佳木斯市,,,Y
CITY_CD,230900,黑龙江省七台河市,,,Y
CITY_CD,231000,黑龙江省牡丹江市,,,Y
CITY_CD,231100,黑龙江省黑河市,,,Y
CITY_CD,231200,黑龙江省绥化市,,,Y
CITY_CD,232700,黑龙江省大兴安岭地区,,,Y
CITY_CD,310000,上海市,,,Y
CITY_CD,320100,江苏省南京市,,,Y
CITY_CD,320200,江苏省无锡市,,,Y
CITY_CD,320300,江苏省徐州市,,,Y
CITY_CD,320400,江苏省常州市,,,Y
CITY_CD,320500,江苏省苏州市,,,Y
CITY_CD,320600,江苏省南通市,,,Y
CITY_CD,320700,江苏省连云港市,,,Y
CITY_CD,320800,江苏省淮安市,,,Y
CITY_CD,320900,江苏省盐城市,,,Y
CITY_CD,321000,江苏省扬州市,,,Y
CITY_CD,321100,江苏省镇江市,,,Y
CITY_CD,321200,江苏省泰州市,,,Y
CITY_CD,321300,江苏省宿迁市,,,Y
CITY_CD,330100,浙江省杭州市,,,Y
CITY_CD,330200,浙江省宁波市,,,Y
CITY_CD,330300,浙江省温州市,,,Y
CITY_CD,330400,浙江省嘉兴市,,,Y
CITY_CD,330500,浙江省湖州市,,,Y
CITY_CD,330600,浙江省绍兴市,,,Y
CITY_CD,330700,浙江省金华市,,,Y
CITY_CD,330800,浙江省衢州市,,,Y
CITY_CD,330900,浙江省舟山市,,,Y
CITY_CD,331000,浙江省台州市,,,Y
CITY_CD,331100,浙江省丽水市,,,Y
CITY_CD,340100,安徽省合肥市,,,Y
CITY_CD,340200,安徽省芜湖市,,,Y
CITY_CD,340300,安徽省蚌埠市,,,Y
CITY_CD,340400,安徽省淮南市,,,Y
CITY_CD,340500,安徽省马鞍山市,,,Y
CITY_CD,340600,安徽省淮北市,,,Y
CITY_CD,340700,安徽省铜陵市,,,Y
CITY_CD,340800,安徽省安庆市,,,Y
CITY_CD,341000,安徽省黄山市,,,Y
CITY_CD,341100,安徽省滁州市,,,Y
CITY_CD,341200,安徽省阜阳市,,,Y
CITY_CD,341300,安徽省宿州市,,,Y
CITY_CD,341500,安徽省六安市,,,Y
CITY_CD,341600,安徽省亳州市,,,Y
CITY_CD,341700,安徽省池州市,,,Y
CITY_CD,341800,安徽省宣城市,,,Y
CITY_CD,350100,福建省福州市,,,Y
CITY_CD,350200,福建省厦门市,,,Y
CITY_CD,350300,福建省莆田市,,,Y
CITY_CD,350400,福建省三明市,,,Y
CITY_CD,350500,福建省泉州市,,,Y
CITY_CD,350600,福建省漳州市,,,Y
CITY_CD,350700,福建省南平市,,,Y
CITY_CD,350800,福建省龙岩市,,,Y
CITY_CD,350900,福建省宁德市,,,Y
CITY_CD,360100,江西省南昌市,,,Y
CITY_CD,360200,江西省景德镇市,,,Y
CITY_CD,360300,江西省萍乡市,,,Y
CITY_CD,360400,江西省九江市,,,Y
CITY_CD,360500,江西省新余市,,,Y
CITY_CD,360600,江西省鹰潭市,,,Y
CITY_CD,360700,江西省赣州市,,,Y
CITY_CD,360800,江西省吉安市,,,Y
CITY_CD,360900,江西省宜春市,,,Y
CITY_CD,361000,江西省抚州市,,,Y
CITY_CD,361100,江西省上饶市,,,Y
CITY_CD,370100,山东省济南市,,,Y
CITY_CD,370200,山东省青岛市,,,Y
CITY_CD,370300,山东省淄博市,,,Y
CITY_CD,370400,山东省枣庄市,,,Y
CITY_CD,370500,山东省东营市,,,Y
CITY_CD,370600,山东省烟台市,,,Y
CITY_CD,370700,山东省潍坊市,,,Y
CITY_CD,370800,山东省济宁市,,,Y
CITY_CD,370900,山东省泰安市,,,Y
CITY_CD,371000,山东省威海市,,,Y
CITY_CD,371100,山东省日照市,,,Y
CITY_CD,371300,山东省临沂市,,,Y
CITY_CD,371400,山东省德州市,,,Y
CITY_CD,371500,山东省聊城市,,,Y
CITY_CD,371600,山东省滨州市,,,Y
CITY_CD,371700,山东省菏泽市,,,Y
CITY_CD,410100,河南省郑州市,,,Y
CITY_CD,410200,河南省开封市,,,Y
CITY_CD,410300,河南省洛阳市,,,Y
CITY_CD,410400,河南省平顶山市,,,Y
CITY_CD,410500,河南省安阳市,,,Y
CITY_CD,410600,河南省鹤壁市,,,Y
CITY_CD,410700,河南省新乡市,,,Y
CITY_CD,410800,河南省焦作市,,,Y
CITY_CD,410900,河南省濮阳市,,,Y
CITY_CD,411000,河南省许昌市,,,Y
CITY_CD,411100,河南省漯河市,,,Y
CITY_CD,411200,河南省三门峡市,,,Y
CITY_CD,411300,河南省南阳市,,,Y
CITY_CD,411400,河南省商丘市,,,Y
CITY_CD,411500,河南省信阳市,,,Y
CITY_CD,411600,河南省周口市,,,Y
CITY_CD,411700,河南省驻马店市,,,Y
CITY_CD,419001,河南省河南省济源市,,,Y
CITY_CD,420100,湖北省武汉市,,,Y
CITY_CD,420200,湖北省黄石市,,,Y
CITY_CD,420300,湖北省十堰市,,,Y
CITY_CD,420500,湖北省宜昌市,,,Y
CITY_CD,420600,湖北省襄阳市,,,Y
CITY_CD,420700,湖北省鄂州市,,,Y
CITY_CD,420800,湖北省荆门市,,,Y
CITY_CD,420900,湖北省孝感市,,,Y
CITY_CD,421000,湖北省荆州市,,,Y
CITY_CD,421100,湖北省黄冈市,,,Y
CITY_CD,421200,湖北省咸宁市,,,Y
CITY_CD,421300,湖北省随州市,,,Y
CITY_CD,422800,湖北省恩施土家族苗族自治州,,,Y
CITY_CD,429004,湖北省湖北省仙桃市,,,Y
CITY_CD,429005,湖北省湖北省潜江市,,,Y
CITY_CD,429006,湖北省湖北省天门市,,,Y
CITY_CD,429021,湖北省湖北省神农架林区,,,Y
CITY_CD,430100,湖南省长沙市,,,Y
CITY_CD,430200,湖南省株洲市,,,Y
CITY_CD,430300,湖南省湘潭市,,,Y
CITY_CD,430400,湖南省衡阳市,,,Y
CITY_CD,430500,湖南省邵阳市,,,Y
CITY_CD,430600,湖南省岳阳市,,,Y
CITY_CD,430700,湖南省常德市,,,Y
CITY_CD,430800,湖南省张家界市,,,Y
CITY_CD,430900,湖南省益阳市,,,Y
CITY_CD,431000,湖南省郴州市,,,Y
CITY_CD,431100,湖南省永州市,,,Y
CITY_CD,431200,湖南省怀化市,,,Y
CITY_CD,431300,湖南省娄底市,,,Y
CITY_CD,433100,湖南省湘西土家族苗族自治州,,,Y
CITY_CD,440100,广东省广州市,,,Y
CITY_CD,440200,广东省韶关市,,,Y
CITY_CD,440300,广东省深圳市,,,Y
CITY_CD,440400,广东省珠海市,,,Y
CITY_CD,440500,广东省汕头市,,,Y
CITY_CD,440600,广东省佛山市,,,Y
CITY_CD,440700,广东省江门市,,,Y
CITY_CD,440800,广东省湛江市,,,Y
CITY_CD,440900,广东省茂名市,,,Y
CITY_CD,441200,广东省肇庆市,,,Y
CITY_CD,441300,广东省惠州市,,,Y
CITY_CD,441400,广东省梅州市,,,Y
CITY_CD,441500,广东省汕尾市,,,Y
CITY_CD,441600,广东省河源市,,,Y
CITY_CD,441700,广东省阳江市,,,Y
CITY_CD,441800,广东省清远市,,,Y
CITY_CD,441900,广东省东莞市,,,Y
CITY_CD,442000,广东省中山市,,,Y
CITY_CD,445100,广东省潮州市,,,Y
CITY_CD,445200,广东省揭阳市,,,Y
CITY_CD,445300,广东省云浮市,,,Y
CITY_CD,450100,广西壮族自治区南宁市,,,Y
CITY_CD,450200,广西壮族自治区柳州市,,,Y
CITY_CD,450300,广西壮族自治区桂林市,,,Y
CITY_CD,450400,广西壮族自治区梧州市,,,Y
CITY_CD,450500,广西壮族自治区北海市,,,Y
CITY_CD,450600,广西壮族自治区防城港市,,,Y
CITY_CD,450700,广西壮族自治区钦州市,,,Y
CITY_CD,450800,广西壮族自治区贵港市,,,Y
CITY_CD,450900,广西壮族自治区玉林市,,,Y
CITY_CD,451000,广西壮族自治区百色市,,,Y
CITY_CD,451100,广西壮族自治区贺州市,,,Y
CITY_CD,451200,广西壮族自治区河池市,,,Y
CITY_CD,451300,广西壮族自治区来宾市,,,Y
CITY_CD,451400,广西壮族自治区崇左市,,,Y
CITY_CD,460100,海南省海口市,,,Y
CITY_CD,460200,海南省三亚市,,,Y
CITY_CD,460300,海南省三沙市,,,Y
CITY_CD,460400,海南省儋州市,,,Y
CITY_CD,469001,海南省海南省五指山市,,,Y
CITY_CD,469002,海南省海南省琼海市,,,Y
CITY_CD,469005,海南省海南省文昌市,,,Y
CITY_CD,469006,海南省海南省万宁市,,,Y
CITY_CD,469007,海南省海南省东方市,,,Y
CITY_CD,469021,海南省海南省定安县,,,Y
CITY_CD,469022,海南省海南省屯昌县,,,Y
CITY_CD,469023,海南省海南省澄迈县,,,Y
CITY_CD,469024,海南省海南省临高县,,,Y
CITY_CD,469025,海南省海南省白沙黎族自治县,,,Y
CITY_CD,469026,海南省海南省昌江黎族自治县,,,Y
CITY_CD,469027,海南省海南省乐东黎族自治县,,,Y
CITY_CD,469028,海南省海南省陵水黎族自治县,,,Y
CITY_CD,469029,海南省海南省保亭黎族苗族自治县,,,Y
CITY_CD,469030,海南省海南省琼中黎族苗族自治县,,,Y
CITY_CD,500000,重庆市,,,Y
CITY_CD,510100,四川省成都市,,,Y
CITY_CD,510300,四川省自贡市,,,Y
CITY_CD,510400,四川省攀枝花市,,,Y
CITY_CD,510500,四川省泸州市,,,Y
CITY_CD,510600,四川省德阳市,,,Y
CITY_CD,510700,四川省绵阳市,,,Y
CITY_CD,510800,四川省广元市,,,Y
CITY_CD,510900,四川省遂宁市,,,Y
CITY_CD,511000,四川省内江市,,,Y
CITY_CD,511100,四川省乐山市,,,Y
CITY_CD,511300,四川省南充市,,,Y
CITY_CD,511400,四川省眉山市,,,Y
CITY_CD,511500,四川省宜宾市,,,Y
CITY_CD,511600,四川省广安市,,,Y
CITY_CD,511700,四川省达州市,,,Y
CITY_CD,511800,四川省雅安市,,,Y
CITY_CD,511900,四川省巴中市,,,Y
CITY_CD,512000,四川省资阳市,,,Y
CITY_CD,513200,四川省阿坝藏族羌族自治州,,,Y
CITY_CD,513300,四川省甘孜藏族自治州,,,Y
CITY_CD,513400,四川省凉山彝族自治州,,,Y
CITY_CD,520100,贵州省贵阳市,,,Y
CITY_CD,520200,贵州省六盘水市,,,Y
CITY_CD,520300,贵州省遵义市,,,Y
CITY_CD,520400,贵州省安顺市,,,Y
CITY_CD,520500,贵州省毕节市,,,Y
CITY_CD,520600,贵州省铜仁市,,,Y
CITY_CD,522300,贵州省黔西南布依族苗族自治州,,,Y
CITY_CD,522600,贵州省黔东南苗族侗族自治州,,,Y
CITY_CD,522700,贵州省黔南布依族苗族自治州,,,Y
CITY_CD,530100,云南省昆明市,,,Y
CITY_CD,530300,云南省曲靖市,,,Y
CITY_CD,530400,云南省玉溪市,,,Y
CITY_CD,530500,云南省保山市,,,Y
CITY_CD,530600,云南省昭通市,,,Y
CITY_CD,530700,云南省丽江市,,,Y
CITY_CD,530800,云南省普洱市,,,Y
CITY_CD,530900,云南省临沧市,,,Y
CITY_CD,532300,云南省楚雄彝族自治州,,,Y
CITY_CD,532500,云南省红河哈尼族彝族自治州,,,Y
CITY_CD,532600,云南省文山壮族苗族自治州,,,Y
CITY_CD,532800,云南省西双版纳傣族自治州,,,Y
CITY_CD,532900,云南省大理白族自治州,,,Y
CITY_CD,533100,云南省德宏傣族景颇族自治州,,,Y
CITY_CD,533300,云南省怒江傈僳族自治州,,,Y
CITY_CD,533400,云南省迪庆藏族自治州,,,Y
CITY_CD,540100,西藏自治区拉萨市,,,Y
CITY_CD,540200,西藏自治区日喀则市,,,Y
CITY_CD,540300,西藏自治区昌都市,,,Y
CITY_CD,540400,西藏自治区林芝市,,,Y
CITY_CD,540500,西藏自治区山南市,,,Y
CITY_CD,540600,西藏自治区那曲市,,,Y
CITY_CD,542500,西藏自治区阿里地区,,,Y
CITY_CD,610100,陕西省西安市,,,Y
CITY_CD,610200,陕西省铜川市,,,Y
CITY_CD,610300,陕西省宝鸡市,,,Y
CITY_CD,610400,陕西省咸阳市,,,Y
CITY_CD,610500,陕西省渭南市,,,Y
CITY_CD,610600,陕西省延安市,,,Y
CITY_CD,610700,陕西省汉中市,,,Y
CITY_CD,610800,陕西省榆林市,,,Y
CITY_CD,610900,陕西省安康市,,,Y
CITY_CD,611000,陕西省商洛市,,,Y
CITY_CD,620100,甘肃省兰州市,,,Y
CITY_CD,620200,甘肃省嘉峪关市,,,Y
CITY_CD,620300,甘肃省金昌市,,,Y
CITY_CD,620400,甘肃省白银市,,,Y
CITY_CD,620500,甘肃省天水市,,,Y
CITY_CD,620600,甘肃省武威市,,,Y
CITY_CD,620700,甘肃省张掖市,,,Y
CITY_CD,620800,甘肃省平凉市,,,Y
CITY_CD,620900,甘肃省酒泉市,,,Y
CITY_CD,621000,甘肃省庆阳市,,,Y
CITY_CD,621100,甘肃省定西市,,,Y
CITY_CD,621200,甘肃省陇南市,,,Y
CITY_CD,622900,甘肃省临夏回族自治州,,,Y
CITY_CD,623000,甘肃省甘南藏族自治州,,,Y
CITY_CD,630100,青海省西宁市,,,Y
CITY_CD,630200,青海省海东市,,,Y
CITY_CD,632200,青海省海北藏族自治州,,,Y
CITY_CD,632300,青海省黄南藏族自治州,,,Y
CITY_CD,632500,青海省海南藏族自治州,,,Y
CITY_CD,632600,青海省果洛藏族自治州,,,Y
CITY_CD,632700,青海省玉树藏族自治州,,,Y
CITY_CD,632800,青海省海西蒙古族藏族自治州,,,Y
CITY_CD,640100,宁夏回族自治区银川市,,,Y
CITY_CD,640200,宁夏回族自治区石嘴山市,,,Y
CITY_CD,640300,宁夏回族自治区吴忠市,,,Y
CITY_CD,640400,宁夏回族自治区固原市,,,Y
CITY_CD,640500,宁夏回族自治区中卫市,,,Y
CITY_CD,650100,新疆维吾尔自治区乌鲁木齐市,,,Y
CITY_CD,650200,新疆维吾尔自治区克拉玛依市,,,Y
CITY_CD,650400,新疆维吾尔自治区吐鲁番市,,,Y
CITY_CD,650500,新疆维吾尔自治区哈密市,,,Y
CITY_CD,652300,新疆维吾尔自治区昌吉回族自治州,,,Y
CITY_CD,652700,新疆维吾尔自治区博尔塔拉蒙古自治州,,,Y
CITY_CD,652800,新疆维吾尔自治区巴音郭楞蒙古自治州,,,Y
CITY_CD,652900,新疆维吾尔自治区阿克苏地区,,,Y
CITY_CD,653000,新疆维吾尔自治区克孜勒苏柯尔克孜自治州,,,Y
CITY_CD,653100,新疆维吾尔自治区喀什地区,,,Y
CITY_CD,653200,新疆维吾尔自治区和田地区,,,Y
CITY_CD,654000,新疆维吾尔自治区伊犁哈萨克自治州,,,Y
CITY_CD,654200,新疆维吾尔自治区塔城地区,,,Y
CITY_CD,654300,新疆维吾尔自治区阿勒泰地区,,,Y
CITY_CD,659001,新疆维吾尔自治区新疆维吾尔自治区石河子市,,,Y
CITY_CD,659002,新疆维吾尔自治区新疆维吾尔自治区阿拉尔市,,,Y
CITY_CD,659003,新疆维吾尔自治区新疆维吾尔自治区图木舒克市,,,Y
CITY_CD,659004,新疆维吾尔自治区新疆维吾尔自治区五家渠市,,,Y
CITY_CD,659005,新疆维吾尔自治区新疆维吾尔自治区北屯市,,,Y
CITY_CD,659006,新疆维吾尔自治区新疆维吾尔自治区铁门关市,,,Y
CITY_CD,659007,新疆维吾尔自治区新疆维吾尔自治区双河市,,,Y
CITY_CD,659008,新疆维吾尔自治区新疆维吾尔自治区可克达拉市,,,Y
CITY_CD,659009,新疆维吾尔自治区新疆维吾尔自治区昆玉市,,,Y
CITY_CD,659010,新疆维吾尔自治区新疆维吾尔自治区胡杨河市,,,Y
CITY_CD,659011,新疆维吾尔自治区新疆维吾尔自治区新星市,,,Y
CITY_CD,710000,台湾省,,,Y
CITY_CD,810000,香港特别行政区,,,Y
CITY_CD,820000,澳门特别行政区,,,Y
CLAIM_OCR_CAUSE_CD,A,成分不合,고객불만,,Y
CLAIM_OCR_CAUSE_CD,B,性能不合,재질이상,,Y
CLAIM_OCR_CAUSE_CD,C,尺寸不合,성분이상,,Y
CLAIM_OCR_CAUSE_CD,D,裂纹,출하요인,,Y
CLAIM_OCR_CAUSE_CD,E,分层,보관요인,,Y
CLAIM_OCR_CAUSE_CD,F,探伤不合,,,Y
CLAIM_OCR_CAUSE_CD,G,外观原因,,,Y
CLAIM_OCR_CAUSE_CD,H,其他,,,Y
CLAIM_REQ_HNL_CD,A,确认事实,,,Y
CLAIM_REQ_HNL_CD,B,分析原因,,,Y
CLAIM_REQ_HNL_CD,C,再处理,,,Y
CLAIM_REQ_HNL_CD,D,兑换现金,,,Y
CLAIM_REQ_HNL_CD,E,质量改善,,,Y
CLAIM_REQ_HNL_CD,F,现金补偿,,,Y
CLAIM_REQ_HNL_CD,G,更换现货,,,Y
CLAIM_REQ_HNL_CD,H,现货补偿,,,Y
CLAIM_REWARD_TY,A1,现金补偿,현금보상,,Y
CLAIM_REWARD_TY,B1,换货,제품대환불,,Y
CLAIM_REWARD_TY,C1,货物补偿,현품교환,,Y
CLAIM_REWARD_TY,C2,再处理,재처리,,Y
CLAIM_REWARD_TY,D1,退货,현품보상,,Y
CLAIM_REWARD_TY,E1,换货+现金补偿,불만종결,,Y
CLAIM_REWARD_TY,E2,再处理+现金补偿,취소,,Y
CLAIM_REWARD_TY,E3,退货+现金补偿,거절,,Y
CLAIM_REWARD_TY,E4,撤销,,,Y
CLAIM_STS_CD,H1,等待接收,접수대기,,Y
CLAIM_STS_CD,H2,接收,접수완료,,Y
CLAIM_STS_CD,H3,调查中,조사중,,Y
CLAIM_STS_CD,H4,补偿处理中,보상처리중,,Y
CLAIM_STS_CD,H5,回收中,조사회수중,,Y
CLAIM_STS_CD,H6,完成,조사완료,,Y
CLAIM_STS_CD,L1,保存,보상처리주문등록,,Y
CLAIM_STS_CD,L2,回收中,보상회수중,,Y
CLAIM_STS_CD,L3,生产替代产品中,대체제생산중,,Y
CLAIM_STS_CD,L4,等待支付中,보상지불대기중,,Y
CLAIM_STS_CD,L5,完成,보상완료,,Y
CLASSSIFICATION,1,入库,,,Y
CLASSSIFICATION,2,倒垛,,,Y
CLASSSIFICATION,3,出库,,,Y
CLASSSIFICATION,4,酸洗,,,Y
CLASSSIFICATION,5,酸轧,,,Y
CLASSSIFICATION,6,平整,,,Y
CLASSSIFICATION,7,取样,,,Y
CLASSSIFICATION,8,过跨车,,,Y
CLASS_LOV,Z,全天,,,Y
CLASS_LOV,A,甲班,,,Y
CLASS_LOV,B,乙班,,,Y
CLASS_LOV,C,丙班,,,Y
CLASS_LOV,D,丁班,,,Y
CLEAN1_GRT_CD,A,性能试验+性能判定+质保书发行,,,Y
CLEAN1_GRT_CD,B,性能试验+性能判定,,,Y
CLEAN1_GRT_CD,C,性能试验+质保书发行,,,Y
CLEAN1_GRT_CD,D,性能试验,,,Y
CLEAN2_GRT_CD,A,性能试验+性能判定+质保书发行,,,Y
CLEAN2_GRT_CD,B,性能试验+性能判定,,,Y
CLEAN2_GRT_CD,C,性能试验+质保书发行,,,Y
CLEAN2_GRT_CD,D,性能试验,,,Y
CLEAN3_GRT_CD,A,性能试验+性能判定+质保书发行,,,Y
CLEAN3_GRT_CD,B,性能试验+性能判定,,,Y
CLEAN3_GRT_CD,C,性能试验+质保书发行,,,Y
CLEAN3_GRT_CD,D,性能试验,,,Y
CLEAN_SMP_CND,11,同炉次、同牌号、同轧制状态、同厚度,,,Y
CLEAN_SMP_CND,12,同炉号、同牌号、同轧制状态、同厚度，每批不超过40t,,,Y
CLEAN_SMP_CND,13,同炉号、同牌号、同轧制状态、同厚度，每批不超过50t,,,Y
CLEAN_SMP_CND,14,同炉号、同牌号、同轧制状态、同厚度，每批不超过60t,,,Y
CLEAN_SMP_CND,15,同炉号、同牌号、同轧制状态、同厚度，每批不超过60t;若单卷＞30吨，则可2卷组1批,,,Y
CLEAN_SMP_CND,16,同炉次、同牌号、同轧制状态、同厚度为1批，批重量≤50t时正常取1组样；批重量＞50t时增加1个拉伸样,,,Y
CLEAN_SMP_CND,17,每卷为1批,,,Y
CLEAN_SMP_CND,18,同炉号、同厚度、同宽度组成1批,,,Y
CLEAN_SMP_LTH_LOC,B,采取下部,,,Y
CLEAN_SMP_LTH_LOC,M,采取中间部分,,,Y
CLEAN_SMP_LTH_LOC,T,采取上部,,,Y
CLEAN_SMP_LTH_LOC,W,采取上部和下部,,,Y
CLEAN_SMP_LTH_LOC,X,采取上部和中间部分,,,Y
CLEAN_SMP_LTH_LOC,Y,采取上部和中间部分和下部,,,Y
CLEAN_SMP_SPCMN_DIR,L,长度方向采样,길이방향으로 시편채취,,Y
CLEAN_SMP_SPCMN_DIR,B,宽度方向采样,폭방향으로 시편채취,,Y
CLEAN_SMP_SPCMN_DIR,C,厚度方向采样,두께방향으로 시편채취,,Y
CLEAN_SMP_SPCMN_DIR,D,45˚方向采样,45방향으로 시편채취,,Y
CLEAN_SMP_SPCMN_DIR,E,30˚方向采样,30방향으로 시편채취,,Y
CLEAN_SMP_SPCMN_SZ,01,"长度 ≥250, 宽度 ≥35",,,Y
CLEAN_SMP_WTH_LOC,A,1/2W 部位,,,Y
CLEAN_SMP_WTH_LOC,C,1/4W 部位,,,Y
CLEAN_SMP_WTH_LOC,E,"Top 1/2W, Bottom 1/4W部位",,,Y
CLEAN_SMP_WTH_LOC,B,Edge 部位,,,Y
CLEAN_SMP_WTH_LOC,D,对角线的两角部位,,,Y
CLEAN_SMP_WTH_LOC,F,"Top 1/4W, Bottom 1/2W部位",,,Y
CM_CYCLE,A,,,Event,Y
CM_CYCLE,B,,,1 Minute,Y
CM_CYCLE,C,,,5 Minutes,Y
CM_CYCLE,D,,,10 Minutes,Y
CM_CYCLE,E,,,30 Minutes,Y
CM_CYCLE,F,,,1 hour,Y
CM_CYCLE,G,,,4 hours,Y
CM_CYCLE,H,,,8 hours,Y
CM_CYCLE,J,,,Day,Y
CM_CYCLE,K,,,Month,Y
CM_CYCLE,L,,,Quarter,Y
CM_CYCLE,M,,,Half Year,Y
CM_CYCLE,N,,,Year,Y
COAT_ATTH_CD,A,U弯,,,Y
COAT_ATTH_CD,B,V弯目测,,,Y
COAT_ATTH_CD,C,V弯粘结剥离试验法,,,Y
COAT_ATTH_CD,D,T弯,,,Y
COAT_ATTH_CD,E,球冲试验,,,Y
COAT_ATTH_DERATIO_GRT_CD,A,性能试验+性能判定+质保书发行,,,Y
COAT_ATTH_DERATIO_GRT_CD,B,性能试验+性能判定,,,Y
COAT_ATTH_DERATIO_GRT_CD,C,性能试验+质保书发行,,,Y
COAT_ATTH_DERATIO_GRT_CD,D,性能试验,,,Y
COAT_ATTH_DEWTH_GRT_CD,A,性能试验+性能判定+质保书发行,,,Y
COAT_ATTH_DEWTH_GRT_CD,B,性能试验+性能判定,,,Y
COAT_ATTH_DEWTH_GRT_CD,C,性能试验+质保书发行,,,Y
COAT_ATTH_DEWTH_GRT_CD,D,性能试验,,,Y
COAT_ATTH_GRD_MAX_GRT_CD,A,性能试验+性能判定+质保书发行,,,Y
COAT_ATTH_GRD_MAX_GRT_CD,B,性能试验+性能判定,,,Y
COAT_ATTH_GRD_MAX_GRT_CD,C,性能试验+质保书发行,,,Y
COAT_ATTH_GRD_MAX_GRT_CD,D,性能试验,,,Y
COAT_ATTH_REFLCT_GRT_CD,A,性能试验+性能判定+质保书发行,,,Y
COAT_ATTH_REFLCT_GRT_CD,B,性能试验+性能判定,,,Y
COAT_ATTH_REFLCT_GRT_CD,C,性能试验+质保书发行,,,Y
COAT_ATTH_REFLCT_GRT_CD,D,性能试验,,,Y
COAT_ATTH_SMP_CND,11,同炉次、同牌号、同轧制状态、同厚度,,,Y
COAT_ATTH_SMP_CND,12,同炉号、同牌号、同轧制状态、同厚度，每批不超过40t,,,Y
COAT_ATTH_SMP_CND,13,同炉号、同牌号、同轧制状态、同厚度，每批不超过50t,,,Y
COAT_ATTH_SMP_CND,14,同炉号、同牌号、同轧制状态、同厚度，每批不超过60t,,,Y
COAT_ATTH_SMP_CND,15,同炉号、同牌号、同轧制状态、同厚度，每批不超过60t;若单卷＞30吨，则可2卷组1批,,,Y
COAT_ATTH_SMP_CND,16,同炉次、同牌号、同轧制状态、同厚度为1批，批重量≤50t时正常取1组样；批重量＞50t时增加1个拉伸样,,,Y
COAT_ATTH_SMP_CND,17,每卷为1批,,,Y
COAT_ATTH_SMP_CND,18,同炉号、同厚度、同宽度组成1批,,,Y
COAT_ATTH_SMP_LTH_LOC,B,采取下部,,,Y
COAT_ATTH_SMP_LTH_LOC,M,采取中间部分,,,Y
COAT_ATTH_SMP_LTH_LOC,T,采取上部,,,Y
COAT_ATTH_SMP_LTH_LOC,W,采取上部和下部,,,Y
COAT_ATTH_SMP_LTH_LOC,X,采取上部和中间部分,,,Y
COAT_ATTH_SMP_LTH_LOC,Y,采取上部和中间部分和下部,,,Y
COAT_ATTH_SMP_SPCMN_DIR,L,纵向方向采样,길이방향으로 시편채취,,Y
COAT_ATTH_SMP_SPCMN_DIR,B,横向方向采样,폭방향으로 시편채취,,Y
COAT_ATTH_SMP_SPCMN_SZ,01,"长度 ≥250, 宽度 ≥35",,,Y
COAT_ATTH_SMP_WTH_LOC,A,1/2W 部位,,,Y
COAT_ATTH_SMP_WTH_LOC,C,1/4W 部位,,,Y
COAT_ATTH_SMP_WTH_LOC,E,"Top 1/2W, Bottom 1/4W部位",,,Y
COAT_ATTH_SMP_WTH_LOC,B,Edge 部位,,,Y
COAT_ATTH_SMP_WTH_LOC,D,对角线的两角部位,,,Y
COAT_ATTH_SMP_WTH_LOC,F,"Top 1/4W, Bottom 1/2W部位",,,Y
COAT_METHOD,A,,질소코팅,N2 Coating,Y
COAT_METHOD,B,,일반코팅,Normal Coating,Y
COAT_METHOD,C,,Slag 비잔류,Empty Slag,Y
COAT_PROD_THK_TY,1,原板厚度（不包含镀锌厚度）,원판두께(도금두께미포함),,Y
COAT_PROD_THK_TY,2,包含镀锌厚度,도금두께포함,,Y
COAT_WGT_GRP_CD,A,锌层总量(T<60g),도금량(<60g),,Y
COAT_WGT_GRP_CD,B,锌层总量(60≤T<80g),도금량(60~80g),,Y
COAT_WGT_GRP_CD,C,锌层总量(80≤T<100g),도금량(80~100g),,Y
COAT_WGT_GRP_CD,D,锌层总量(100≤T<120g),도금량(100~120g),,Y
COAT_WGT_GRP_CD,E,锌层总量(120≤T<150g),도금량(120~150g),,Y
COAT_WGT_GRP_CD,F,锌层总量(150≤T<180g),도금량(150~180g),,Y
COAT_WGT_GRP_CD,G,锌层总量(180≤T<230g),도금량(180~230g),,Y
COAT_WGT_GRP_CD,H,锌层总量(230≤T<280g),도금량(230~280g),,Y
COAT_WGT_GRP_CD,J,锌层总量(280≤T<330g),도금량(280~330g),,Y
COAT_WGT_GRP_CD,K,锌层总量(330≤T<380g),도금량(330~380g),,Y
COAT_WGT_GRP_CD,L,锌层总量(380≤T<450g),도금량(380~450g),,Y
COAT_WGT_GRP_CD,M,锌层总量(450g≤T),도금량(450g≤),,Y
COAT_WGT_GRT_CD,A,性能试验+性能判定+质保书发行,,,Y
COAT_WGT_GRT_CD,B,性能试验+性能判定,,,Y
COAT_WGT_GRT_CD,C,性能试验+质保书发行,,,Y
COAT_WGT_GRT_CD,D,性能试验,,,Y
COAT_WGT_SMP_CND,11,同炉次、同牌号、同轧制状态、同厚度,,,Y
COAT_WGT_SMP_CND,12,同炉号、同牌号、同轧制状态、同厚度，每批不超过40t,,,Y
COAT_WGT_SMP_CND,13,同炉号、同牌号、同轧制状态、同厚度，每批不超过50t,,,Y
COAT_WGT_SMP_CND,14,同炉号、同牌号、同轧制状态、同厚度，每批不超过60t,,,Y
COAT_WGT_SMP_CND,15,同炉号、同牌号、同轧制状态、同厚度，每批不超过60t;若单卷＞30吨，则可2卷组1批,,,Y
COAT_WGT_SMP_CND,16,同炉次、同牌号、同轧制状态、同厚度为1批，批重量≤50t时正常取1组样；批重量＞50t时增加1个拉伸样,,,Y
COAT_WGT_SMP_CND,17,每卷为1批,,,Y
COAT_WGT_SMP_CND,18,同炉号、同厚度、同宽度组成1批,,,Y
COAT_WGT_SMP_LTH_LOC,B,采取下部,,,Y
COAT_WGT_SMP_LTH_LOC,M,采取中间部分,,,Y
COAT_WGT_SMP_LTH_LOC,T,采取上部,,,Y
COAT_WGT_SMP_LTH_LOC,W,采取上部和下部,,,Y
COAT_WGT_SMP_LTH_LOC,X,采取上部和中间部分,,,Y
COAT_WGT_SMP_LTH_LOC,Y,采取上部和中间部分和下部,,,Y
COAT_WGT_SMP_SPCMN_DIR,L,长度方向采样,길이방향으로 시편채취,,Y
COAT_WGT_SMP_SPCMN_DIR,B,宽度方向采样,폭방향으로 시편채취,,Y
COAT_WGT_SMP_SPCMN_DIR,C,厚度方向采样,두께방향으로 시편채취,,Y
COAT_WGT_SMP_SPCMN_DIR,D,45˚方向采样,45방향으로 시편채취,,Y
COAT_WGT_SMP_SPCMN_DIR,E,30˚方向采样,30방향으로 시편채취,,Y
COAT_WGT_SMP_SPCMN_SZ,01,"长度 ≥250, 宽度 ≥35",,,Y
COAT_WGT_SMP_WTH_LOC,A,1/2W 部位,,,Y
COAT_WGT_SMP_WTH_LOC,C,1/4W 部位,,,Y
COAT_WGT_SMP_WTH_LOC,E,"Top 1/2W, Bottom 1/4W部位",,,Y
COAT_WGT_SMP_WTH_LOC,B,Edge 部位,,,Y
COAT_WGT_SMP_WTH_LOC,D,对角线的两角部位,,,Y
COAT_WGT_SMP_WTH_LOC,F,"Top 1/4W, Bottom 1/2W部位",,,Y
CODE_VAL,0,,,,Y
CODE_VAL,1,,,,Y
COIL_IN_DIA,508,,,508 mm,Y
COIL_IN_DIA,610,,,610 mm,Y
COIL_IN_DIA,762,,,762 mm,Y
COIL_PAK_EQUIP_NM,CPL1,,,#1CPL In Packing LIne,Y
COIL_PAK_EQUIP_NM,CPL2,,,#2CPL In Packing LIne,Y
COIL_PAK_EQUIP_NM,CPL3,,,#3CPL In Packing LIne,Y
COIL_PAK_EQUIP_NM,CPL4,,,PPL Packing Line,Y
COIL_PAK_EQUIP_NM,CPL5,,,RCL Mannual Packing Line,Y
COIL_PAK_EQU_NM,FK1,,,#1CPL,Y
COIL_PAK_EQU_NM,FK2,,,#2CPL,Y
COIL_PAK_EQU_NM,FK3,,,#3CPL,Y
COIL_PAK_EQU_NM,FK4,,PPL 포장기,,Y
COIL_PAK_EQU_NM,FK5,,RCL인공포장기,,Y
COIL_PAK_EQU_NM,FK6,,PPL인공포장기,,Y
COLLATERAL_KIND,A,,부동산 근저장,,Y
COLLATERAL_KIND,B,,은행예금,,Y
COLLATERAL_KIND,C,,양도각서,,Y
COLLATERAL_KIND,D,,보험증권,,Y
COLLECTION_SUB_TY,S,银行承兑（小）,,,Y
COLLECTION_SUB_TY,B,银行承兑（大）,,,Y
COLLECTION_TY,1,银行承兑汇票,은행인수어음,,Y
COLLECTION_TY,2,商业承兑汇票,상업인수어음,,Y
COLLECTION_TY,3,银行存款,현금수납（支票收款）,,Y
COLLECTION_TY,6,内部转款,내부인수,,Y
COLOR_STK_CD,A,,,Red,Y
COLOR_STK_CD,B,,,Yellow,Y
COMP_CHEM_CD,BB,,,V11,Y
COMP_CHEM_CD,BA,,,"V30,V11",Y
COMP_CHEM_CD,BC,,,"V16,V11",Y
COMP_CHEM_CD,BD,,,"V11,V36",Y
COMP_CHEM_CD,BE,,,"V11,V10",Y
COMP_CHEM_CD,BF,,,"V11,V18",Y
COMP_CHEM_CD,BG,,,"V11,V15,V18",Y
COMP_CHEM_CD,BH,,,"V11,V36,V18",Y
COMP_CHEM_CD,BJ,,,"V11,V10,V18",Y
COMP_CHEM_CD,BK,,,"V11,V15,V06,V14",Y
COMP_CHEM_CD,BL,,,"V11,V15,V16,V18",Y
COMP_CHEM_CD,BM,,,"V11,V06,V36,V10",Y
COMP_CHEM_CD,BN,,,"V11,V15,V06,V14,V18",Y
COMP_CHEM_CD,BP,,,"V11,V15,V16,V14,V19",Y
COMP_CHEM_CD,BQ,,,"V11,V15,V06,V16,V14,V18",Y
COMP_CHEM_CD,BR,,,"V11,V15,V06,V14,V18,V19",Y
COMP_CHEM_CD,BS,,,"V11,V15,V06,V16,V14,V18,V19",Y
COMP_CHEM_CD,BT,,,"V11,V15,V06,V10,V14,V18,V19",Y
COMP_CHEM_CD,BU,,,"V11,V15,V06,V16,V36,V10,V14,V18",Y
COMP_CHEM_CD,BV,,,"V11,V06,V16,V10,V14,V18",Y
COMP_CHEM_CD,BW,,,"V11,V36,V10,V14",Y
COMP_CHEM_CD,AA,,,"V11,V15,V16,V18,V19",Y
COMP_CHEM_CD,AB,,,"V11,V16,V10",Y
COMP_CHEM_CD,AC,,,"V11,V16,V10,V14,V18",Y
COMP_CHEM_CD,CA,,,V25,Y
COMP_CHEM_CD,CB,,,"V25,V15",Y
COMP_CHEM_CD,CC,,,"V25,V16",Y
COMP_CHEM_CD,CD,,,"V25,V10",Y
COMP_CHEM_CD,CE,,,"V25,V15,V10",Y
COMP_CHEM_CD,CF,,,"V25,V06,V14",Y
COMP_CHEM_CD,CG,,,"V25,V36,V19",Y
COMP_CHEM_CD,CH,,,"V25,V10,V18",Y
COMP_CHEM_CD,CJ,,,"V25,V10,V19",Y
COMP_CHEM_CD,ET,,,"V15,V06,V14,V19",Y
COMP_CHEM_CD,EU,,,"V15,V16,V10,V19",Y
COMP_CHEM_CD,EV,,,"V15,V16,V14,V19",Y
COMP_CHEM_CD,FA,,,"V15,V36,V14,V19",Y
COMP_CHEM_CD,FB,,,"V15,V36,V18,V19",Y
COMP_CHEM_CD,FC,,,"V15,V06,V16,V10,V14",Y
COMP_CHEM_CD,FD,,,"V15,V06,V16,V14,V19",Y
COMP_CHEM_CD,FE,,,"V15,V06,V10,V14,V19",Y
COMP_CHEM_CD,FF,,,"V15,V16,V10,V14,V18",Y
COMP_CHEM_CD,FG,,,"V15,V16,V10,V18,V19",Y
COMP_CHEM_CD,FH,,,"V15,V36,V14,V18,V19",Y
COMP_CHEM_CD,FJ,,,"V15,V06,V16,V14,V18,V19",Y
COMP_CHEM_CD,FK,,,"V15,V06,V10,V14,V18,V19",Y
COMP_CHEM_CD,FL,,,"V15,V18,V19",Y
COMP_CHEM_CD,FM,,,"V15,V10,V14,V19",Y
COMP_CHEM_CD,FN,,,"V15,V06,V16,V36,V10,V14,V19",Y
COMP_CHEM_CD,FP,,,"V15,V06,V10,V14,V18",Y
COMP_CHEM_CD,FQ,,,"V15,V06,V16,V10,V14,V18,V19",Y
COMP_CHEM_CD,GA,,,"V06,V14",Y
COMP_CHEM_CD,GB,,,"V06,V18",Y
COMP_CHEM_CD,GC,,,"V06,V19",Y
COMP_CHEM_CD,GD,,,"V06,V36,V22",Y
COMP_CHEM_CD,GE,,,"V06,V10,V14",Y
COMP_CHEM_CD,GF,,,"V06,V14,V22",Y
COMP_CHEM_CD,GG,,,"V06,V14,V18",Y
COMP_CHEM_CD,GH,,,"V06,V14,V19",Y
COMP_CHEM_CD,GJ,,,"V06,V16,V14,V19",Y
COMP_CHEM_CD,GK,,,"V06,V10,V14,V18",Y
COMP_CHEM_CD,GL,,,"V06,V10,V14,V19",Y
COMP_CHEM_CD,GM,,,"V06,V36,V10,V14,V19",Y
COMP_CHEM_CD,GN,,,"V06,V36,V14,V18,V19",Y
COMP_CHEM_CD,GP,,,"V06,V10,V14,V18,V19",Y
COMP_CHEM_CD,GQ,,,"V06,V16,V10,V14,V18,V19",Y
COMP_CHEM_CD,CK,,,"V25,V15,V06,V14",Y
COMP_CHEM_CD,CL,,,"V25,V15,V16,V10",Y
COMP_CHEM_CD,CM,,,"V25,V06,V10,V14",Y
COMP_CHEM_CD,CN,,,"V25,V06,V14,V19",Y
COMP_CHEM_CD,CP,,,"V25,V16,V10,V19",Y
COMP_CHEM_CD,CQ,,,"V25,V10,V18,V19",Y
COMP_CHEM_CD,CS,,,"V25,V06,V10,V14,V19",Y
COMP_CHEM_CD,CT,,,"V25,V16,V10,V14,V18",Y
COMP_CHEM_CD,CV,,,"V25,V15,V06,V10,V14,V18",Y
COMP_CHEM_CD,DA,,,"V25,V06,V10,V14,V18,V19",Y
COMP_CHEM_CD,DB,,,"V25,V06,V16,V10,V14,V18,V19",Y
COMP_CHEM_CD,DC,,,"V25,V15,V19",Y
COMP_CHEM_CD,DD,,,"V25,V16,V10,V18,V19",Y
COMP_CHEM_CD,CR,,,V15,Y
COMP_CHEM_CD,DE,,,"V25,V15,V06,V14,V19",Y
COMP_CHEM_CD,DF,,,"V25,V16,V10,V14,V18,V19",Y
COMP_CHEM_CD,DG,,,"V25,V15,V16,V10,V14,V18,V19",Y
COMP_CHEM_CD,EA,,,"V15,V16",Y
COMP_CHEM_CD,EB,,,"V15,V36",Y
COMP_CHEM_CD,EC,,,"V15,V14",Y
COMP_CHEM_CD,ED,,,"V15,V22",Y
COMP_CHEM_CD,EE,,,"V15,V19",Y
COMP_CHEM_CD,EF,,,"V15,V06,V36",Y
COMP_CHEM_CD,EG,,,"V15,V06,V14",Y
COMP_CHEM_CD,EH,,,"V15,V06,V18",Y
COMP_CHEM_CD,EJ,,,"V15,V16,V10",Y
COMP_CHEM_CD,EK,,,"V15,V16,V14",Y
COMP_CHEM_CD,EL,,,"V15,V16,V37",Y
COMP_CHEM_CD,EM,,,"V15,V16,V19",Y
COMP_CHEM_CD,EN,,,"V15,V36,V19",Y
COMP_CHEM_CD,EP,,,"V15,V14,V19",Y
COMP_CHEM_CD,EQ,,,"V15,V06,V16,V14",Y
COMP_CHEM_CD,ES,,,"V15,V06,V10,V14",Y
COMP_CHEM_CD,GR,,,"V06,V16",Y
COMP_CHEM_CD,GS,,,"V06,V16,V10,V14 ,V19",Y
COMP_CHEM_CD,MO,,,V16,Y
COMP_CHEM_CD,MB,,,"V16,V10",Y
COMP_CHEM_CD,MC,,,"V16,V14",Y
COMP_CHEM_CD,MD,,,"V16,V18",Y
COMP_CHEM_CD,ME,,,"V16,V10,V18",Y
COMP_CHEM_CD,MF,,,"V16,V10,V19",Y
COMP_CHEM_CD,MG,,,"V16,V14,V19",Y
COMP_CHEM_CD,MH,,,"V16,V18,V19",Y
COMP_CHEM_CD,MJ,,,"V16,V36,V18,V19",Y
COMP_CHEM_CD,MK,,,"V16,V10,V14,V18",Y
COMP_CHEM_CD,ML,,,"V16,V14,V18,V19",Y
COMP_CHEM_CD,MM,,,"V16,V10,V14,V18,V19",Y
COMP_CHEM_CD,MP,,,"V16,V10,V18,V19",Y
COMP_CHEM_CD,NN,,,V36,Y
COMP_CHEM_CD,NC,,,"V36,V22",Y
COMP_CHEM_CD,ND,,,"V36,V18",Y
COMP_CHEM_CD,NE,,,"V36,V19",Y
COMP_CHEM_CD,NF,,,"V36,V10,V19",Y
COMP_CHEM_CD,NG,,,"V36,V10",Y
COMP_CHEM_CD,NB,,,V10,Y
COMP_CHEM_CD,PA,,,"V10,V14",Y
COMP_CHEM_CD,PB,,,V21,Y
COMP_CHEM_CD,PC,,,"V10,V19",Y
COMP_CHEM_CD,PD,,,"V10,V18,V19",Y
COMP_CHEM_CD,PE,,,"V10,V18",Y
COMP_CHEM_CD,NI,,,V14,Y
COMP_CHEM_CD,TI,,,V18,Y
COMP_CHEM_CD,TA,,,"V18,V19",Y
COMP_CHEM_CD,VA,,,V19,Y
COMP_CHEM_CD,XX,,,,Y
CONSIGN_CD,500000,,,USINAS SIDERURGICAS DE MINAS,Y
CONSIGN_CD,500001,,,COMPANHIA SIDERURGICA NACIONAL,Y
CONSIGN_CD,600000,,,DONGKUK STEEL,Y
CONSIGN_CD,600001,,,POSCO,Y
CONT_ROLL_PAT,1,正常控轧,,,Y
CONT_ROLL_PAT,2,2阶段控轧,,,Y
CONT_ROLL_PAT,3,3阶段控轧,,,Y
COOLING_COMP_YN,Y,完成,,,Y
COOLING_COMP_YN,N,未完成,,,Y
COOLING_PTRN,_C,,"X 수동,Y:CPU모드","1:Manual,Y:CPU Mode",Y
COOLING_PTRN,_M,,"X 수동,Y:PLC","1:Manual,Y:PLC",Y
COOLING_PTRN,C_,,"X :CPU Mode(자동)로 2차냉각수량 제어,Y:수동","1:CPU Mode(Auto)-control water flow,Y:Manaual",Y
COOLING_PTRN,CC,,"X :CPU Mode(자동)로 2차냉각수량 제어,Y:CPU모드","1:CPU Mode(Auto)-control water flow,Y:CPU Mode",Y
COOLING_PTRN,CM,,"X:CPU Mode(자동)로 2차냉각수량 제어,Y:PLC","1:CPU Mode(Auto)-control water flow,Y:PLC",Y
COOLING_PTRN,M_,,"X PLC,Y:수동","1: PLC,Y:Manual",Y
COOLING_PTRN,MC,,"X 수동,Y:CPU모드","1:Manual,Y:CPU Mode",Y
COOLING_PTRN,MM,,"X 수동,Y:수동","1:Manual,Y:Manaul",Y
COUNTRY_CD,CN,,,China,Y
COUNTRY_CD,AD,,,Andorran,Y
COUNTRY_CD,AF,,,Afghanistan,Y
COUNTRY_CD,AG,,,Antigua/Barbuda,Y
COUNTRY_CD,AI,,,Anguilla,Y
COUNTRY_CD,AL,,,Albania,Y
COUNTRY_CD,AM,,,Armenia,Y
COUNTRY_CD,AN,,,(blank),Y
COUNTRY_CD,AO,,,Angola,Y
COUNTRY_CD,AQ,,,Antarctica,Y
COUNTRY_CD,AR,,,Argentina,Y
COUNTRY_CD,AS,,,"Samoa, America",Y
COUNTRY_CD,AT,,,Austria,Y
COUNTRY_CD,AU,,,Australia,Y
COUNTRY_CD,AW,,,Aruba,Y
COUNTRY_CD,AX,,,(blank),Y
COUNTRY_CD,AZ,,,Azerbaijan,Y
COUNTRY_CD,BA,,,Bosnia-Herz.,Y
COUNTRY_CD,BB,,,Barbados,Y
COUNTRY_CD,BD,,,Bangladesh,Y
COUNTRY_CD,BE,,,Belgium,Y
COUNTRY_CD,BF,,,Burkina Faso,Y
COUNTRY_CD,BG,,,Bulgaria,Y
COUNTRY_CD,BH,,,Bahrain,Y
COUNTRY_CD,BI,,,Burundi,Y
COUNTRY_CD,BJ,,,Benin,Y
COUNTRY_CD,BL,,,Blue,Y
COUNTRY_CD,BM,,,Bermuda,Y
COUNTRY_CD,BN,,,Brunei Daruss.,Y
COUNTRY_CD,BO,,,Bolivia,Y
COUNTRY_CD,BQ,,,"Bonaire, Saba",Y
COUNTRY_CD,BR,,,Brazil,Y
COUNTRY_CD,BS,,,Bahamas,Y
COUNTRY_CD,BT,,,Bhutan,Y
COUNTRY_CD,BV,,,Bouvet Islands,Y
COUNTRY_CD,BW,,,Botswana,Y
COUNTRY_CD,BY,,,Belarus,Y
COUNTRY_CD,BZ,,,Belize,Y
COUNTRY_CD,CA,,,Canada,Y
COUNTRY_CD,CC,,,Coconut Islands,Y
COUNTRY_CD,CD,,,Dem. Rep. Congo,Y
COUNTRY_CD,CF,,,CAR,Y
COUNTRY_CD,CG,,,Rep.of Congo,Y
COUNTRY_CD,CH,,,Switzerland,Y
COUNTRY_CD,CI,,,Cote d'Ivoire,Y
COUNTRY_CD,CK,,,Cook Islands,Y
COUNTRY_CD,CL,,,Chile,Y
COUNTRY_CD,CM,,,Cameroon,Y
COUNTRY_CD,AE,,,Utd.Arab Emir.,Y
COUNTRY_CD,CO,,,Colombia,Y
COUNTRY_CD,CR,,,Costa Rica,Y
COUNTRY_CD,CS,,,Serbia/Monten.,Y
COUNTRY_CD,CU,,,Cuba,Y
COUNTRY_CD,CV,,,Cape Verde,Y
COUNTRY_CD,CW,,,Curaçao,Y
COUNTRY_CD,CX,,,Christmas Islnd,Y
COUNTRY_CD,CY,,,Cyprus,Y
COUNTRY_CD,CZ,,,Czech Republic,Y
COUNTRY_CD,DE,,,Germany,Y
COUNTRY_CD,DJ,,,Djibouti,Y
COUNTRY_CD,DK,,,Denmark,Y
COUNTRY_CD,DM,,,Dominica,Y
COUNTRY_CD,DO,,,Dominican Rep.,Y
COUNTRY_CD,DZ,,,Algeria,Y
COUNTRY_CD,EC,,,Ecuador,Y
COUNTRY_CD,EE,,,Estonia,Y
COUNTRY_CD,EG,,,Egypt,Y
COUNTRY_CD,EH,,,West Sahara,Y
COUNTRY_CD,ER,,,Eritrea,Y
COUNTRY_CD,ES,,,Spain,Y
COUNTRY_CD,ET,,,Ethiopia,Y
COUNTRY_CD,EU,,,European Union,Y
COUNTRY_CD,FI,,,Finland,Y
COUNTRY_CD,FJ,,,Fiji,Y
COUNTRY_CD,FK,,,Falkland Islnds,Y
COUNTRY_CD,FM,,,Micronesia,Y
COUNTRY_CD,FO,,,Faroe Islands,Y
COUNTRY_CD,FR,,,France,Y
COUNTRY_CD,GA,,,Gabon,Y
COUNTRY_CD,GB,,,United Kingdom,Y
COUNTRY_CD,GD,,,Grenada,Y
COUNTRY_CD,GE,,,Georgia,Y
COUNTRY_CD,GF,,,French Guayana,Y
COUNTRY_CD,GG,,,Guernsey,Y
COUNTRY_CD,GH,,,Ghana,Y
COUNTRY_CD,GI,,,Gibraltar,Y
COUNTRY_CD,GL,,,Greenland,Y
COUNTRY_CD,GM,,,Gambia,Y
COUNTRY_CD,GN,,,Guinea,Y
COUNTRY_CD,GP,,,Guadeloupe,Y
COUNTRY_CD,GQ,,,Equatorial Guin,Y
COUNTRY_CD,GR,,,Greece,Y
COUNTRY_CD,GS,,,S. Sandwich Ins,Y
COUNTRY_CD,GT,,,Guatemala,Y
COUNTRY_CD,GU,,,Guam,Y
COUNTRY_CD,GW,,,Guinea-Bissau,Y
COUNTRY_CD,GY,,,Guyana,Y
COUNTRY_CD,HK,,,Hong Kong,Y
COUNTRY_CD,HM,,,Heard/McDon.Isl,Y
COUNTRY_CD,HN,,,Honduras,Y
COUNTRY_CD,HR,,,Croatia,Y
COUNTRY_CD,HT,,,Haiti,Y
COUNTRY_CD,HU,,,Hungary,Y
COUNTRY_CD,ID,,,Indonesia,Y
COUNTRY_CD,IE,,,Ireland,Y
COUNTRY_CD,IL,,,Israel,Y
COUNTRY_CD,IM,,,Isle of Man,Y
COUNTRY_CD,IN,,,India,Y
COUNTRY_CD,IO,,,Brit.Ind.Oc.Ter,Y
COUNTRY_CD,IQ,,,Iraq,Y
COUNTRY_CD,IR,,,Iran,Y
COUNTRY_CD,IS,,,Iceland,Y
COUNTRY_CD,IT,,,Italy,Y
COUNTRY_CD,JE,,,Jersey,Y
COUNTRY_CD,JM,,,Jamaica,Y
COUNTRY_CD,JO,,,Jordan,Y
COUNTRY_CD,JP,,,Japan,Y
COUNTRY_CD,KE,,,Kenya,Y
COUNTRY_CD,KG,,,Kyrgyzstan,Y
COUNTRY_CD,KH,,,Cambodia,Y
COUNTRY_CD,KI,,,Kiribati,Y
COUNTRY_CD,KM,,,Comoros,Y
COUNTRY_CD,KN,,,St Kitts&Nevis,Y
COUNTRY_CD,KP,,,North Korea,Y
COUNTRY_CD,KR,,,South Korea,Y
COUNTRY_CD,KW,,,Kuwait,Y
COUNTRY_CD,KY,,,Cayman Islands,Y
COUNTRY_CD,KZ,,,Kazakhstan,Y
COUNTRY_CD,LA,,,Laos,Y
COUNTRY_CD,LB,,,Lebanon,Y
COUNTRY_CD,LC,,,St. Lucia,Y
COUNTRY_CD,LI,,,Liechtenstein,Y
COUNTRY_CD,LK,,,Sri Lanka,Y
COUNTRY_CD,LR,,,Liberia,Y
COUNTRY_CD,LS,,,Lesotho,Y
COUNTRY_CD,LT,,,Lithuania,Y
COUNTRY_CD,LU,,,Luxembourg,Y
COUNTRY_CD,LV,,,Latvia,Y
COUNTRY_CD,LY,,,Libya,Y
COUNTRY_CD,MA,,,Morocco,Y
COUNTRY_CD,MC,,,Monaco,Y
COUNTRY_CD,MD,,,Moldova,Y
COUNTRY_CD,ME,,,(blank),Y
COUNTRY_CD,MF,,,(blank),Y
COUNTRY_CD,MG,,,Madagascar,Y
COUNTRY_CD,MH,,,Marshall Islnds,Y
COUNTRY_CD,MK,,,Macedonia,Y
COUNTRY_CD,ML,,,Mali,Y
COUNTRY_CD,MM,,,Burma,Y
COUNTRY_CD,MN,,,Mongolia,Y
COUNTRY_CD,MO,,,Macau,Y
COUNTRY_CD,MP,,,N.Mariana Islnd,Y
COUNTRY_CD,MQ,,,Martinique,Y
COUNTRY_CD,MR,,,Mauretania,Y
COUNTRY_CD,MS,,,Montserrat,Y
COUNTRY_CD,MT,,,Malta,Y
COUNTRY_CD,MU,,,Mauritius,Y
COUNTRY_CD,MV,,,Maldives,Y
COUNTRY_CD,MW,,,Malawi,Y
COUNTRY_CD,MX,,,Mexico,Y
COUNTRY_CD,MY,,,Malaysia,Y
COUNTRY_CD,MZ,,,Mozambique,Y
COUNTRY_CD,NA,,,Namibia,Y
COUNTRY_CD,NC,,,New Caledonia,Y
COUNTRY_CD,NE,,,Niger,Y
COUNTRY_CD,NF,,,Norfolk Islands,Y
COUNTRY_CD,NG,,,Nigeria,Y
COUNTRY_CD,NI,,,Nicaragua,Y
COUNTRY_CD,NL,,,Netherlands,Y
COUNTRY_CD,NO,,,Norway,Y
COUNTRY_CD,NP,,,Nepal,Y
COUNTRY_CD,NR,,,Nauru,Y
COUNTRY_CD,NT,,,NATO,Y
COUNTRY_CD,NU,,,Niue,Y
COUNTRY_CD,NZ,,,New Zealand,Y
COUNTRY_CD,OM,,,Oman,Y
COUNTRY_CD,OR,,,Orange,Y
COUNTRY_CD,PA,,,Panama,Y
COUNTRY_CD,PE,,,Peru,Y
COUNTRY_CD,PF,,,Frenc.Polynesia,Y
COUNTRY_CD,PG,,,Pap. New Guinea,Y
COUNTRY_CD,PH,,,Philippines,Y
COUNTRY_CD,PK,,,Pakistan,Y
COUNTRY_CD,PL,,,Poland,Y
COUNTRY_CD,PM,,,"St.Pier,Miquel.",Y
COUNTRY_CD,PN,,,Pitcairn Islnds,Y
COUNTRY_CD,PR,,,Puerto Rico,Y
COUNTRY_CD,PS,,,Palestine,Y
COUNTRY_CD,PT,,,Portugal,Y
COUNTRY_CD,PW,,,Palau,Y
COUNTRY_CD,PY,,,Paraguay,Y
COUNTRY_CD,QA,,,Qatar,Y
COUNTRY_CD,RE,,,Reunion,Y
COUNTRY_CD,RO,,,Romania,Y
COUNTRY_CD,RS,,,(blank),Y
COUNTRY_CD,RU,,,Russian Fed.,Y
COUNTRY_CD,RW,,,Rwanda,Y
COUNTRY_CD,SA,,,Saudi Arabia,Y
COUNTRY_CD,SB,,,Solomon Islands,Y
COUNTRY_CD,SC,,,Seychelles,Y
COUNTRY_CD,SD,,,Sudan,Y
COUNTRY_CD,SE,,,Sweden,Y
COUNTRY_CD,SG,,,Singapore,Y
COUNTRY_CD,SH,,,Saint Helena,Y
COUNTRY_CD,SI,,,Slovenia,Y
COUNTRY_CD,SJ,,,Svalbard,Y
COUNTRY_CD,SK,,,Slovakia,Y
COUNTRY_CD,SL,,,Sierra Leone,Y
COUNTRY_CD,SM,,,San Marino,Y
COUNTRY_CD,SN,,,Senegal,Y
COUNTRY_CD,SO,,,Somalia,Y
COUNTRY_CD,SR,,,Suriname,Y
COUNTRY_CD,SS,,,South Sudan,Y
COUNTRY_CD,ST,,,"S.Tome,Principe",Y
COUNTRY_CD,SV,,,El Salvador,Y
COUNTRY_CD,SX,,,Sint Maarten,Y
COUNTRY_CD,SY,,,Syria,Y
COUNTRY_CD,SZ,,,Swaziland,Y
COUNTRY_CD,TC,,,Turksh Caicosin,Y
COUNTRY_CD,TD,,,Chad,Y
COUNTRY_CD,TF,,,French S.Territ,Y
COUNTRY_CD,TG,,,Togo,Y
COUNTRY_CD,TH,,,Thailand,Y
COUNTRY_CD,TJ,,,Tajikistan,Y
COUNTRY_CD,TK,,,Tokelau Islands,Y
COUNTRY_CD,TL,,,East Timor,Y
COUNTRY_CD,TM,,,Turkmenistan,Y
COUNTRY_CD,TN,,,Tunisia,Y
COUNTRY_CD,TO,,,Tonga,Y
COUNTRY_CD,TP,,,East Timor,Y
COUNTRY_CD,TR,,,Turkey,Y
COUNTRY_CD,TT,,,"Trinidad,Tobago",Y
COUNTRY_CD,TV,,,Tuvalu,Y
COUNTRY_CD,TW,,,Taiwan,Y
COUNTRY_CD,TZ,,,Tanzania,Y
COUNTRY_CD,UA,,,Ukraine,Y
COUNTRY_CD,UG,,,Uganda,Y
COUNTRY_CD,UM,,,Minor Outl.Isl.,Y
COUNTRY_CD,UN,,,United Nations,Y
COUNTRY_CD,US,,,USA,Y
COUNTRY_CD,UY,,,Uruguay,Y
COUNTRY_CD,UZ,,,Uzbekistan,Y
COUNTRY_CD,VA,,,Vatican City,Y
COUNTRY_CD,VC,,,St. Vincent,Y
COUNTRY_CD,VE,,,Venezuela,Y
COUNTRY_CD,VG,,,Brit.Virgin Is.,Y
COUNTRY_CD,VI,,,Amer.Virgin Is.,Y
COUNTRY_CD,VN,,,Vietnam,Y
COUNTRY_CD,VU,,,Vanuatu,Y
COUNTRY_CD,WF,,,"Wallis,Futuna",Y
COUNTRY_CD,WS,,,Samoa,Y
COUNTRY_CD,YE,,,Yemen,Y
COUNTRY_CD,YT,,,Mayotte,Y
COUNTRY_CD,ZA,,,South Africa,Y
COUNTRY_CD,ZM,,,Zambia,Y
COUNTRY_CD,ZW,,,Zimbabwe,Y
CPL_STS_CD,0,,무효,Levelling not valid,Y
CPL_STS_CD,1,,유효,Levelling valid,Y
CREDIT_LMT_YN,Y,有,,,Y
CREDIT_LMT_YN,N,无,,,Y
CREW,A,,,A,Y
CREW,B,,,B,Y
CREW,C,,,C,Y
CREW,D,,,D,Y
CRL_FINISH_FL,A,重卷检查,검사(Recoiling),,Y
CRL_FINISH_FL,B,重卷拉矫,평정(Leveling),,Y
CRL_FINISH_FL,X,不重卷,냉연정정미지정,,Y
CS_CUT_TP,H,,,Head Crop Cut,Y
CS_CUT_TP,M,,,Mother Plate Cut,Y
CS_CUT_TP,T,,,Tail Crop Cut,Y
CS_CUT_TP,D,热分段板(Hot Div Plate) Cut,,,Y
CTOD_SMP_TY,A,,,SE(B),Y
CTOD_SMP_TY,B,,,ASE(B),Y
CTOD_SMP_TY,C,,,C(T),Y
CTOD_SMP_TY,X,其它,,,Y
CTOD_VAL_TY,A,,,,Y
CTOD_VAL_TY,B,,,δi,Y
CTOD_VAL_TY,C,,,δc,Y
CTOD_VAL_TY,D,,,δu,Y
CTOD_VAL_TY,E,,,δm,Y
CTOD_VAL_TY,X,其它,,,Y
CURRENCY_CD,CNY,,,China (Yuan),Y
CURRENCY_CD,KRW,,,Korea (Won),Y
CURRENCY_CD,USD,,,US (Dollar),Y
CURRENCY_CD,EUR,,,Europe (EURO),Y
CURRENCY_CD,JPY,,,Japan (Yen),Y
CURRENCY_CD,CUC,,,CUC,Y
CURRENCY_CD,ZWL,,,ZWL,Y
CURRENCY_CD,TMT,,,TMT,Y
CURRENCY_CD,RSD,,,RSD,Y
CURRENCY_CD,BYR,,,BYR,Y
CURRENCY_CD,MXV,,,MXV,Y
CURRENCY_CD,SSP,,,SSP,Y
CURRENCY_CD,XSU,,,XSU,Y
CURRENCY_CD,XUA,,,XUA,Y
CURRENCY_CD,ZMW,,,ZMW,Y
CURRENCY_CD,GEL,,,GEL,Y
CURRENCY_CD,CDF,,,CDF,Y
CURRENCY_CD,ERN,,,ERN,Y
CURRENCY_CD,AOA,,,AOA,Y
CURRENCY_CD,BAM,,,BAM,Y
CURRENCY_CD,BGN,,,BGN,Y
CURRENCY_CD,RUB,,,RUB,Y
CURRENCY_CD,UAH,,,UAH,Y
CURRENCY_CD,YUM,,,YUM,Y
CURRENCY_CD,TJS,,,TJS,Y
CURRENCY_CD,ADP,,,ADP,Y
CURRENCY_CD,AED,,,AED,Y
CURRENCY_CD,AFA,,,AFA,Y
CURRENCY_CD,ALL,,,ALL,Y
CURRENCY_CD,AMD,,,AMD,Y
CURRENCY_CD,ANG,,,ANG,Y
CURRENCY_CD,AOK,,,AOK,Y
CURRENCY_CD,AON,,,AON,Y
CURRENCY_CD,ARA,,,ARA,Y
CURRENCY_CD,ARS,,,ARS,Y
CURRENCY_CD,ATS,,,ATS,Y
CURRENCY_CD,AUD,,,AUD,Y
CURRENCY_CD,AWG,,,AWG,Y
CURRENCY_CD,AZM,,,AZM,Y
CURRENCY_CD,BBD,,,BBD,Y
CURRENCY_CD,BDT,,,BDT,Y
CURRENCY_CD,BEF,,,BEF,Y
CURRENCY_CD,BGL,,,BGL,Y
CURRENCY_CD,BHD,,,BHD,Y
CURRENCY_CD,BIF,,,BIF,Y
CURRENCY_CD,BMD,,,BMD,Y
CURRENCY_CD,BND,,,BND,Y
CURRENCY_CD,BOB,,,BOB,Y
CURRENCY_CD,BOV,,,BOV,Y
CURRENCY_CD,BRC,,,BRC,Y
CURRENCY_CD,BRL,,,BRL,Y
CURRENCY_CD,BSD,,,BSD,Y
CURRENCY_CD,BTN,,,BTN,Y
CURRENCY_CD,BUK,,,BUK,Y
CURRENCY_CD,BWP,,,BWP,Y
CURRENCY_CD,BYB,,,BYB,Y
CURRENCY_CD,BZD,,,BZD,Y
CURRENCY_CD,CAD,,,CAD,Y
CURRENCY_CD,CHF,,,CHF,Y
CURRENCY_CD,CLF,,,CLF,Y
CURRENCY_CD,CLP,,,CLP,Y
CURRENCY_CD,COP,,,COP,Y
CURRENCY_CD,CRC,,,CRC,Y
CURRENCY_CD,CSK,,,CSK,Y
CURRENCY_CD,CUP,,,CUP,Y
CURRENCY_CD,CVE,,,CVE,Y
CURRENCY_CD,CYP,,,CYP,Y
CURRENCY_CD,CZK,,,CZK,Y
CURRENCY_CD,DEM,,,DEM,Y
CURRENCY_CD,DJF,,,DJF,Y
CURRENCY_CD,DKK,,,DKK,Y
CURRENCY_CD,DOP,,,DOP,Y
CURRENCY_CD,DZD,,,DZD,Y
CURRENCY_CD,ECS,,,ECS,Y
CURRENCY_CD,ECV,,,ECV,Y
CURRENCY_CD,EEK,,,EEK,Y
CURRENCY_CD,EGP,,,EGP,Y
CURRENCY_CD,ESB,,,ESB,Y
CURRENCY_CD,ESP,,,ESP,Y
CURRENCY_CD,ETB,,,ETB,Y
CURRENCY_CD,FIM,,,FIM,Y
CURRENCY_CD,FJD,,,FJD,Y
CURRENCY_CD,FKP,,,FKP,Y
CURRENCY_CD,FRF,,,FRF,Y
CURRENCY_CD,GBP,,,GBP,Y
CURRENCY_CD,GEK,,,GEK,Y
CURRENCY_CD,GHC,,,GHC,Y
CURRENCY_CD,GIP,,,GIP,Y
CURRENCY_CD,GMD,,,GMD,Y
CURRENCY_CD,GNF,,,GNF,Y
CURRENCY_CD,GRD,,,GRD,Y
CURRENCY_CD,GTQ,,,GTQ,Y
CURRENCY_CD,GWP,,,GWP,Y
CURRENCY_CD,GYD,,,GYD,Y
CURRENCY_CD,HKD,,,HKD,Y
CURRENCY_CD,HNL,,,HNL,Y
CURRENCY_CD,HRD,,,HRD,Y
CURRENCY_CD,HRK,,,HRK,Y
CURRENCY_CD,HTG,,,HTG,Y
CURRENCY_CD,HUF,,,HUF,Y
CURRENCY_CD,IDR,,,IDR,Y
CURRENCY_CD,IEP,,,IEP,Y
CURRENCY_CD,ILS,,,ILS,Y
CURRENCY_CD,INR,,,INR,Y
CURRENCY_CD,IQD,,,IQD,Y
CURRENCY_CD,IRR,,,IRR,Y
CURRENCY_CD,ISK,,,ISK,Y
CURRENCY_CD,ITL,,,ITL,Y
CURRENCY_CD,JMD,,,JMD,Y
CURRENCY_CD,JOD,,,JOD,Y
CURRENCY_CD,KES,,,KES,Y
CURRENCY_CD,KGS,,,KGS,Y
CURRENCY_CD,KHR,,,KHR,Y
CURRENCY_CD,KMF,,,KMF,Y
CURRENCY_CD,KPW,,,KPW,Y
CURRENCY_CD,KWD,,,KWD,Y
CURRENCY_CD,KYD,,,KYD,Y
CURRENCY_CD,KZT,,,KZT,Y
CURRENCY_CD,LAK,,,LAK,Y
CURRENCY_CD,LBP,,,LBP,Y
CURRENCY_CD,LKR,,,LKR,Y
CURRENCY_CD,LRD,,,LRD,Y
CURRENCY_CD,LSL,,,LSL,Y
CURRENCY_CD,LTL,,,LTL,Y
CURRENCY_CD,LUC,,,LUC,Y
CURRENCY_CD,LUF,,,LUF,Y
CURRENCY_CD,LUL,,,LUL,Y
CURRENCY_CD,LVL,,,LVL,Y
CURRENCY_CD,LVR,,,LVR,Y
CURRENCY_CD,LYD,,,LYD,Y
CURRENCY_CD,MAD,,,MAD,Y
CURRENCY_CD,MDL,,,MDL,Y
CURRENCY_CD,MGF,,,MGF,Y
CURRENCY_CD,MKD,,,MKD,Y
CURRENCY_CD,MMK,,,MMK,Y
CURRENCY_CD,MNT,,,MNT,Y
CURRENCY_CD,MOP,,,MOP,Y
CURRENCY_CD,MRO,,,MRO,Y
CURRENCY_CD,MTL,,,MTL,Y
CURRENCY_CD,MUR,,,MUR,Y
CURRENCY_CD,MVR,,,MVR,Y
CURRENCY_CD,MWK,,,MWK,Y
CURRENCY_CD,MXN,,,MXN,Y
CURRENCY_CD,MXP,,,MXP,Y
CURRENCY_CD,MYR,,,MYR,Y
CURRENCY_CD,MZM,,,MZM,Y
CURRENCY_CD,NAD,,,NAD,Y
CURRENCY_CD,NGN,,,NGN,Y
CURRENCY_CD,NIC,,,NIC,Y
CURRENCY_CD,NIO,,,NIO,Y
CURRENCY_CD,NLG,,,NLG,Y
CURRENCY_CD,NOK,,,NOK,Y
CURRENCY_CD,NPR,,,NPR,Y
CURRENCY_CD,NZD,,,NZD,Y
CURRENCY_CD,OMR,,,OMR,Y
CURRENCY_CD,PAB,,,PAB,Y
CURRENCY_CD,PEI,,,PEI,Y
CURRENCY_CD,PEN,,,PEN,Y
CURRENCY_CD,PGK,,,PGK,Y
CURRENCY_CD,PHP,,,PHP,Y
CURRENCY_CD,PKR,,,PKR,Y
CURRENCY_CD,PLN,,,PLN,Y
CURRENCY_CD,PLZ,,,PLZ,Y
CURRENCY_CD,PTE,,,PTE,Y
CURRENCY_CD,PYG,,,PYG,Y
CURRENCY_CD,QAR,,,QAR,Y
CURRENCY_CD,ROL,,,ROL,Y
CURRENCY_CD,RUR,,,RUR,Y
CURRENCY_CD,RWF,,,RWF,Y
CURRENCY_CD,SAR,,,SAR,Y
CURRENCY_CD,SBD,,,SBD,Y
CURRENCY_CD,SCR,,,SCR,Y
CURRENCY_CD,SDD,,,SDD,Y
CURRENCY_CD,SDP,,,SDP,Y
CURRENCY_CD,SEK,,,SEK,Y
CURRENCY_CD,SGD,,,SGD,Y
CURRENCY_CD,SHP,,,SHP,Y
CURRENCY_CD,SIT,,,SIT,Y
CURRENCY_CD,SKK,,,SKK,Y
CURRENCY_CD,SLL,,,SLL,Y
CURRENCY_CD,SOS,,,SOS,Y
CURRENCY_CD,SRG,,,SRG,Y
CURRENCY_CD,STAT,,,STAT,Y
CURRENCY_CD,STD,,,STD,Y
CURRENCY_CD,SUR,,,SUR,Y
CURRENCY_CD,SVC,,,SVC,Y
CURRENCY_CD,SYP,,,SYP,Y
CURRENCY_CD,SZL,,,SZL,Y
CURRENCY_CD,THB,,,THB,Y
CURRENCY_CD,TJR,,,TJR,Y
CURRENCY_CD,TMM,,,TMM,Y
CURRENCY_CD,TND,,,TND,Y
CURRENCY_CD,TOP,,,TOP,Y
CURRENCY_CD,TPE,,,TPE,Y
CURRENCY_CD,TRL,,,TRL,Y
CURRENCY_CD,TTD,,,TTD,Y
CURRENCY_CD,TWD,,,TWD,Y
CURRENCY_CD,TZS,,,TZS,Y
CURRENCY_CD,UAK,,,UAK,Y
CURRENCY_CD,UGS,,,UGS,Y
CURRENCY_CD,UGX,,,UGX,Y
CURRENCY_CD,USN,,,USN,Y
CURRENCY_CD,USS,,,USS,Y
CURRENCY_CD,UYP,,,UYP,Y
CURRENCY_CD,UYU,,,UYU,Y
CURRENCY_CD,UZS,,,UZS,Y
CURRENCY_CD,VEB,,,VEB,Y
CURRENCY_CD,VND,,,VND,Y
CURRENCY_CD,VUV,,,VUV,Y
CURRENCY_CD,WST,,,WST,Y
CURRENCY_CD,XAF,,,XAF,Y
CURRENCY_CD,XAG,,,XAG,Y
CURRENCY_CD,XAU,,,XAU,Y
CURRENCY_CD,XB5,,,XB5,Y
CURRENCY_CD,XBA,,,XBA,Y
CURRENCY_CD,XBB,,,XBB,Y
CURRENCY_CD,XBC,,,XBC,Y
CURRENCY_CD,XBD,,,XBD,Y
CURRENCY_CD,XCD,,,XCD,Y
CURRENCY_CD,XDR,,,XDR,Y
CURRENCY_CD,XEU,,,XEU,Y
CURRENCY_CD,XFO,,,XFO,Y
CURRENCY_CD,XFU,,,XFU,Y
CURRENCY_CD,XOF,,,XOF,Y
CURRENCY_CD,XPD,,,XPD,Y
CURRENCY_CD,XPF,,,XPF,Y
CURRENCY_CD,XPT,,,XPT,Y
CURRENCY_CD,XTS,,,XTS,Y
CURRENCY_CD,XXX,,,XXX,Y
CURRENCY_CD,YDD,,,YDD,Y
CURRENCY_CD,YER,,,YER,Y
CURRENCY_CD,YUD,,,YUD,Y
CURRENCY_CD,YUN,,,YUN,Y
CURRENCY_CD,ZAL,,,ZAL,Y
CURRENCY_CD,ZAR,,,ZAR,Y
CURRENCY_CD,ZMK,,,ZMK,Y
CURRENCY_CD,ZRN,,,ZRN,Y
CURRENCY_CD,ZRZ,,,ZRZ,Y
CURRENCY_CD,ZWD,,,ZWD,Y
CURRENCY_CD,RON,,,RON,Y
CURRENCY_CD,TRY,,,TRY,Y
CURRENCY_CD,AZN,,,AZN,Y
CURRENCY_CD,VEF,,,VEF,Y
CURRENCY_CD,SRD,,,SRD,Y
CURRENCY_CD,MZN,,,MZN,Y
CURRENCY_CD,MGA,,,MGA,Y
CURRENCY_CD,GHS,,,GHS,Y
CURRENCY_CD,CHE,,,CHE,Y
CURRENCY_CD,CHW,,,CHW,Y
CURRENCY_CD,COU,,,COU,Y
CURRENCY_CD,AFN,,,AFN,Y
CURRENCY_CD,SDG,,,SDG,Y
CURRENCY_CD,UYI,,,UYI,Y
CUST_GRD,11,5星等级,,,Y
CUST_GRD,12,4星等级,,,Y
CUST_GRD,13,3星等级,,,Y
CUST_GRD,14,2星等级,,,Y
CUST_GRD,15,1星等级,,,Y
CUST_KIND,11,国内客户,,,Y
CUST_KIND,12,国外客户,,,Y
CUST_KIND,13,关联公司客户,,,Y
CUST_SLAB_PROC_TY,BB,,,BILLET PROCESS,Y
CUST_SLAB_PROC_TY,CR,,,COLD ROLLING PROCESS,Y
CUST_SLAB_PROC_TY,GG,,,GALVANIZING PROCESS,Y
CUST_SLAB_PROC_TY,HP,,,HEAVY PLATE PROCESS,Y
CUST_SLAB_PROC_TY,HR,,,HOT ROLLING PROCESS,Y
CUST_SMP_LOT_FL,N,,否(지정 않함),,Y
CUST_SMP_LOT_FL,L,,每炉一张(매Heat당1개),,Y
CUST_SMP_LOT_FL,P,,每批一张(매Plate당1개),,Y
CUST_STR_TY,1,,,"A, B",Y
CUST_STR_TY,2,,,,Y
CUT_MTH_CD,A,在线切割,기계절단,,Y
CUT_MTH_CD,B,火焰切割,가스절단,,Y
CUT_MTH_CD,X,不切割,절단미실시,,Y
CUT_SLAB_PROG_CD,1,火焰清理作业待机,Scarfing작업대기,,Y
CUT_SLAB_PROG_CD,2,火焰清理实绩登录完了,Scarfing실적등록완료,,Y
CUT_SLAB_PROG_CD,3,板坯精整处理结束,Slab정정마감처리됨,,Y
CYCLE_FL,M,月,,,Y
CYCLE_FL,Y,年,,,Y
CYCLE_FL,D,日,,,Y
CYCLE_PERIOD,J,日,,Day,Y
CYCLE_PERIOD,K,月,,Month,Y
C_CHEM_TGT,045,,,,Y
C_CHEM_TGT,055,,,,Y
C_SGRG_GRT_CD,A,性能试验+性能判定+质保书发行,,,Y
C_SGRG_GRT_CD,B,性能试验+性能判定,,,Y
C_SGRG_GRT_CD,C,性能试验+质保书发行,,,Y
C_SGRG_GRT_CD,D,性能试验,,,Y
C_SGRG_KIND,A,低倍测试,,,Y
C_SGRG_SMP_CND,11,同炉次、同牌号、同轧制状态、同厚度,,,Y
C_SGRG_SMP_CND,12,同炉号、同牌号、同轧制状态、同厚度，每批不超过40t,,,Y
C_SGRG_SMP_CND,13,同炉号、同牌号、同轧制状态、同厚度，每批不超过50t,,,Y
C_SGRG_SMP_CND,14,同炉号、同牌号、同轧制状态、同厚度，每批不超过60t,,,Y
C_SGRG_SMP_CND,15,同炉号、同牌号、同轧制状态、同厚度，每批不超过60t;若单卷＞30吨，则可2卷组1批,,,Y
C_SGRG_SMP_CND,16,同炉次、同牌号、同轧制状态、同厚度为1批，批重量≤50t时正常取1组样；批重量＞50t时增加1个拉伸样,,,Y
C_SGRG_SMP_CND,17,每卷为1批,,,Y
C_SGRG_SMP_CND,18,同炉号、同厚度、同宽度组成1批,,,Y
C_SGRG_SMP_LTH_LOC,B,采取下部,,,Y
C_SGRG_SMP_LTH_LOC,M,采取中间部分,,,Y
C_SGRG_SMP_LTH_LOC,T,采取上部,,,Y
C_SGRG_SMP_LTH_LOC,W,采取上部和下部,,,Y
C_SGRG_SMP_LTH_LOC,X,采取上部和中间部分,,,Y
C_SGRG_SMP_LTH_LOC,Y,采取上部和中间部分和下部,,,Y
C_SGRG_SMP_SPCMN_DIR,L,长度方向采样,길이방향으로 시편채취,,Y
C_SGRG_SMP_SPCMN_DIR,B,宽度方向采样,폭방향으로 시편채취,,Y
C_SGRG_SMP_SPCMN_DIR,C,厚度方向采样,두께방향으로 시편채취,,Y
C_SGRG_SMP_SPCMN_DIR,D,45˚方向采样,45방향으로 시편채취,,Y
C_SGRG_SMP_SPCMN_DIR,E,30˚方向采样,30방향으로 시편채취,,Y
C_SGRG_SMP_SPCMN_SZ,01,"长度 ≥250, 宽度 ≥35",,,Y
C_SGRG_SMP_WTH_LOC,A,1/2W 部位,,,Y
C_SGRG_SMP_WTH_LOC,C,1/4W 部位,,,Y
C_SGRG_SMP_WTH_LOC,E,"Top 1/2W, Bottom 1/4W部位",,,Y
C_SGRG_SMP_WTH_LOC,B,Edge 部位,,,Y
C_SGRG_SMP_WTH_LOC,D,对角线的两角部位,,,Y
C_SGRG_SMP_WTH_LOC,F,"Top 1/4W, Bottom 1/2W部位",,,Y
DAO_SERVICE_CD,MES,,,MES,Y
DAO_SERVICE_CD,SCO,,,SCO,Y
DATA_CYCLE,A,,,Event,Y
DATA_CYCLE,B,,,Minute,Y
DATA_CYCLE,H,,,SHIFT,Y
DATA_CYCLE,J,,,Day,Y
DATA_CYCLE,K,,,Month,Y
DATA_STATE,-1,已删除,,,Y
DATA_STATE,0,新建,,,Y
DATA_STATE,1,提交,,,Y
DATA_STATE,2,下发,,,Y
DATA_STATE,3,审核,,,Y
DATA_TY,V,,,Varchar2,Y
DATA_TY,N,,,Number,Y
DATA_TY,D,,,Date,Y
DATA_TY,T,,,Timestamp,Y
DATA_TY,C,,,CLOB,Y
DATA_TY,G,,,Group,Y
DATETIME_SEPA,-,,,hyphen,Y
DATETIME_SEPA,/,,,slash,Y
DATE_FORM,YMD,,,YYYYMMDD,Y
DATE_FORM,DMY,,,DDMMYYYY,Y
DATE_SEPA,-,,,hyphen,Y
DAY_MONTH,H,每班次,,SHIFT,Y
DAY_MONTH,J,日,,DAY,Y
DAY_MONTH,K,月,,MONTH,Y
DC_NO,1,1#卷取机,,,Y
DC_NO,2,2#卷取机,,,Y
DC_NO,3,3#卷取机,,,Y
DECIMAL_SEPA,.,,,dot,Y
DECIMAL_SEPA,",",,,comma,Y
DEFECT_LOC,T,,,Top,Y
DEFECT_LOC,M,,,Middle,Y
DEFECT_LOC,B,,,Bottom,Y
DEFECT_LOC,X,,,Both surface,Y
DEF_GRD,1,,결함평점1,,Y
DEF_GRD,2,,결함평점2,,Y
DEF_GRD,3,,결함평점3,,Y
DEF_GRD,4,,결함평점4,,Y
DEF_GRD,5,,결함평점5,,Y
DEF_GRD,6,,결함평점6,,Y
DEF_GRD,7,,결함평점7,,Y
DEF_GRD,8,,결함평점8,,Y
DEF_GRD,9,,결함평점9,,Y
DEF_LANG,PT,,,português,Y
DEF_LANG,EN,,,English,Y
DEF_LANG,KR,,한국어,korean,Y
DELV_COND_CD,0,自提,,,Y
DELV_COND_CD,1,代运,,,Y
DELV_DELEY_CAU_CD,C0,,품질설계지연,,Y
DELV_DELEY_CAU_CD,D0,,생산투입지연,,Y
DELV_DELEY_CAU_CD,F0,,제강연주생산지연,,Y
DELV_DELEY_CAU_CD,G0,,열연생산지연,,Y
DELV_DELEY_CAU_CD,H0,,냉연생산지연,,Y
DELV_DELEY_CAU_CD,Q0,,종합판정지연,,Y
DELV_DELEY_CAU_CD,S0,,출고지연,,Y
DELV_DELEY_CAU_CD,T0,,운송지연,,Y
DELV_DELEY_TY,D,,납기지연,,Y
DELV_DELEY_TY,P,,납지지연예정,,Y
DEOXIDATION_CD,B,,,Rim-Cast,Y
DEOXIDATION_CD,P,,,Si Killed,Y
DEOXIDATION_CD,V,,,Si + Al Killed,Y
DEOXIDATION_CD,W,,,Al Killed,Y
DEPT_CD,A1,,,HR,Y
DEPT_CD,A2,,,Cost,Y
DEPT_CD,A3,,,Infra,Y
DEPT_CD,1000,,,Domestic Sales team,Y
DEPT_CD,2000,,,International Sales Team,Y
DEPT_CD,9001,汽车用钢,자동차용강/汽车用钢,,Y
DEPT_CD,9002,家电用钢,가전용강/家电用钢,,Y
DEPT_CD,9003,结构用钢,구조용강/结构用钢,,Y
DEPT_CD,9004,能源造船用钢,에너지조선용강/能源造船用钢,,Y
DEPT_CD,100000000,山东钢铁集团日照有限公司,,,Y
DEPT_CD,1101,110000000_公司领导,,,Y
DEPT_CD,32142134,110100000_办公室,,,Y
DEPT_CD,321432,110200000_规划部,,,Y
DEPT_CD,1111,110200000_生产指挥中心,,,Y
DEPT_CD,110100000,日照公司党委办公室/办公室,,,Y
DEPT_CD,110200000,日照公司党委组织部/人力资源部,,,Y
DEPT_CD,110300000,日照公司企业文化部/党群工作部/工会,,,Y
DEPT_CD,110400000,日照公司纪委/监察部,,,Y
DEPT_CD,110500000,日照公司规划运营部,,,Y
DEPT_CD,110600000,日照公司财务部,,,Y
DEPT_CD,110700000,日照公司采购部,,,Y
DEPT_CD,110800000,日照公司安保部,,,Y
DEPT_CD,110900000,日照公司公益事业部,,,Y
DEPT_CD,111000000,日照公司工程管理部,,,Y
DEPT_CD,140100000,日照公司山钢贸易公司,,,Y
DEPT_CD,140200000,日照公司股份销售公司,,,Y
DEPT_CD,130100000,日照公司焦化部,,,Y
DEPT_CD,130110100,日照公司焦化部综合管理室,,,Y
DEPT_CD,130110200,日照公司焦化部安全生产室,,,Y
DEPT_CD,130110300,日照公司焦化部技术质量室,,,Y
DEPT_CD,130110400,日照公司焦化部设备管理室,,,Y
DEPT_CD,130120100,日照公司焦化部煤焦作业区,,,Y
DEPT_CD,130120200,日照公司焦化部干熄焦作业区,,,Y
DEPT_CD,130120300,日照公司焦化部煤气净化作业区,,,Y
DEPT_CD,130120400,日照公司焦化部LNG作业区,,,Y
DEPT_CD,130120500,日照公司焦化部运行保障作业区,,,Y
DEPT_CD,130200000,日照公司炼铁部,,,Y
DEPT_CD,130210100,日照公司炼铁部综合管理室,,,Y
DEPT_CD,130210200,日照公司炼铁部安全生产室,,,Y
DEPT_CD,130210300,日照公司炼铁部技术质量室,,,Y
DEPT_CD,130210400,日照公司炼铁部设备管理室,,,Y
DEPT_CD,130220100,日照公司炼铁部原料作业区,,,Y
DEPT_CD,130220200,日照公司炼铁部烧结作业区,,,Y
DEPT_CD,130220300,日照公司炼铁部球团作业区,,,Y
DEPT_CD,130220400,日照公司炼铁部1号高炉作业区,,,Y
DEPT_CD,130220500,日照公司炼铁部2号高炉作业区,,,Y
DEPT_CD,130220600,日照公司炼铁部铸铁作业区,,,Y
DEPT_CD,130220700,日照公司炼铁部生产保障作业区,,,Y
DEPT_CD,130220800,日照公司炼铁部运行保障作业区,,,Y
DEPT_CD,130300000,日照公司炼钢部,,,Y
DEPT_CD,130310100,日照公司炼钢部综合管理室,,,Y
DEPT_CD,130310200,日照公司炼钢部安全生产室,,,Y
DEPT_CD,130310300,日照公司炼钢部技术质量室,,,Y
DEPT_CD,130310400,日照公司炼钢部设备管理室,,,Y
DEPT_CD,130320100,日照公司炼钢部第一炼钢作业区,,,Y
DEPT_CD,130320200,日照公司炼钢部第二炼钢作业区,,,Y
DEPT_CD,130320300,日照公司炼钢部第一连铸作业区,,,Y
DEPT_CD,130320400,日照公司炼钢部第二连铸作业区,,,Y
DEPT_CD,130320500,日照公司炼钢部精炼作业区,,,Y
DEPT_CD,130320600,日照公司炼钢部生产保障作业区,,,Y
DEPT_CD,130320700,日照公司炼钢部行车作业区,,,Y
DEPT_CD,130320800,日照公司炼钢部运行保障作业区,,,Y
DEPT_CD,130400000,日照公司热轧部,,,Y
DEPT_CD,130410100,日照公司热轧部综合管理室,,,Y
DEPT_CD,130410200,日照公司热轧部安全生产室,,,Y
DEPT_CD,130410300,日照公司热轧部技术质量室,,,Y
DEPT_CD,130410400,日照公司热轧部设备管理室,,,Y
DEPT_CD,1300005,综合管理室,,,Y
DEPT_CD,130610001,日照公司厚板部综合管理室,,,Y
DEPT_CD,1222222,test日照公司厚板部,,,Y
DEPT_CD,12300000,日照公司厚板部1,,,Y
DEPT_CD,123456555,山东钢铁集团日照有限公司人力资源部编制定员科,,,Y
DEPT_CD,123122,部门测试,,,Y
DEPT_CD,3232,作业区测试,,,Y
DEPT_CD,1655,部门测试2,,,Y
DEPT_CD,140000000,日照公司厚板部4,,,Y
DEPT_CD,140000001,日照公司厚板部4安全生产室TEST,,,Y
DEPT_CD,140000002,日照公司厚板部4设备管理室,,,Y
DEPT_CD,140000003,日照公司厚板部4技术质量室,,,Y
DEPT_CD,140000004,日照公司厚板部4技术质量室TEST,,,Y
DEPT_CD,130600001,日照公司测试666,,,Y
DEPT_CD,130600021,日照公司测试作业区测试666,,,Y
DEPT_CD,11030000,日照公司装备材料部,,,Y
DEPT_CD,13100000,日照公司烧结部,,,Y
DEPT_CD,111100000,工程管理部,,,Y
DEPT_CD,111200000,预决算部,,,Y
DEPT_CD,111300000,设备管理部,,,Y
DEPT_CD,120500000,钢铁研究院,,,Y
DEPT_CD,120210600,能源环保中心电力维护作业区,,,Y
DEPT_CD,120210700,能源环保中心发电作业区,,,Y
DEPT_CD,120210800,能源环保中心燃气作业区,,,Y
DEPT_CD,120210900,能源环保中心水处理作业区,,,Y
DEPT_CD,120211000,能源环保中心环境管理室,,,Y
DEPT_CD,130120600,焦化部运行保障作业区,,,Y
DEPT_CD,130420300,热轧部运行保障作业区,,,Y
DEPT_CD,130710100,冷轧部综合管理室,,,Y
DEPT_CD,130710200,冷轧部安全生产室,,,Y
DEPT_CD,130710300,冷轧部技术质量室,,,Y
DEPT_CD,130710400,冷轧部设备管理室,,,Y
DEPT_CD,130720100,冷轧部酸洗作业区,,,Y
DEPT_CD,130720200,冷轧部酸轧作业区,,,Y
DEPT_CD,130720300,冷轧部连退作业区,,,Y
DEPT_CD,130720400,冷轧部镀锌作业区,,,Y
DEPT_CD,130720500,冷轧部精整作业区,,,Y
DEPT_CD,130720600,冷轧部生产保障作业区,,,Y
DEPT_CD,130720700,冷轧部运行保障作业区,,,Y
DEPT_CD,120510100,综合管理室,,,Y
DEPT_CD,120510200,科研规划室,,,Y
DEPT_CD,120510300,冶金实验室,,,Y
DEPT_CD,120510400,热轧产品研究所,,,Y
DEPT_CD,120510500,冷轧产品研究所,,,Y
DEPT_CD,120510600,中厚板产品研究所,,,Y
DEPT_CD,120510700,铁前研究所,,,Y
DEPT_CD,120510800,炼钢研究所,,,Y
DEPT_CD,120510900,数据研究所,,,Y
DEPT_CD,110000000,公司领导,,,Y
DEPT_CD,100000001,人力资源部测试系统1,,,Y
DEPT_CD,808080,人力资源考试机构,,,Y
DEPT_CD,9005,出口部,,,Y
DEP_STATION,长治北,长治北,,,Y
DEP_STATION,长治北1,长治北1,,,Y
DEP_STATION,laiwu,出发站,,laiwu,Y
DESCMODE,1,不除磷,,,Y
DESCMODE,2,除磷,,,Y
DESCPATTERN,1,入口,,,Y
DESCPATTERN,2,出口,,,Y
DESCPATTERN,3,出入口,,,Y
DEST_TY,A,,,All,Y
DEST_TY,B,,,Department,Y
DEV_STS,0,,,Register,Y
DEV_STS,1,,,Design Start,Y
DEV_STS,2,,,Design End,Y
DEV_STS,3,,,Dev. Start,Y
DEV_STS,4,,,Dev. End,Y
DEV_STS,5,,,Test Start,Y
DEV_STS,6,,,Test End,Y
DEV_STS,9,,,End,Y
DE_P_TY,ORP,,,Optimizing Refining Process,Y
DE_P_TY,MURC,,,Multi Refining Converter,Y
DE_P_YN,A,是,,,Y
DE_P_YN,B,否,,,Y
DE_P_YN,C,未指定,,,Y
DIFF_TEMP_GRD_CD,FH,,,FH,Y
DIFF_TEMP_GRD_CD,2H,,,2H,Y
DIFF_TEMP_GRD_CD,4H,,,4H,Y
DIFF_TEMP_GRD_CD,8H,,,8H,Y
DIFF_TEMP_GRD_CD,CA,退货状态(最软质),,CA,Y
DIFF_TEMP_GRD_CD,CS,调制标准(软质),,CS,Y
DIMEN_GRD,Y,,,Pass,Y
DIMEN_GRD,N,,,Fail,Y
DISPOSE_STATUS,N,未处置,,,Y
DISPOSE_STATUS,Y,已处置,,,Y
DISP_DEST_CD,A00001,,,Seoul. Korea,Y
DISP_DEST_CD,A00002,,,Busan. Korea,Y
DISP_DEST_CD,B00003,,,Osaka. Japan,Y
DISP_MODE_CD,01,,,Road,Y
DISP_MODE_CD,02,,,Road-Maritime,Y
DMS_SCALE_CD,XK01F0330001,热轧平整区钢卷秤,,,Y
DMS_SCALE_CD,XK01F0330002,冷轧酸洗钢卷秤,,,Y
DMS_SCALE_CD,XK01F0330003,冷轧酸轧钢卷秤,,,Y
DMS_SCALE_CD,XK01F0330004,冷轧连退1钢卷秤,,,Y
DMS_SCALE_CD,XK01F0330005,冷轧连退2钢卷秤,,,Y
DMS_SCALE_CD,XK01F0330006,冷轧镀锌钢卷秤,,,Y
DMS_SCALE_CD,XK01F0330007,冷轧重卷1#钢卷秤,,,Y
DMS_SCALE_CD,XK01F0330008,冷轧重卷2#钢卷秤,,,Y
DMS_SCALE_CD,XK01F0330009,冷轧重卷3#钢卷秤,,,Y
DMS_SCALE_CD,XK01F0330010,热轧成品库钢卷秤,,,Y
DMS_SCALE_CD,XK01F0330011,热轧运输车钢卷秤1重,,,Y
DMS_SCALE_CD,XK01F0330012,热轧运输车钢卷秤2轻,,,Y
DORD_STS,A,提货单生成,,,Y
DORD_STS,B,提货单确认,,,Y
DORD_STS,C,装车中,,,Y
DORD_STS,F,发货结束,,,Y
DORD_STS,Z,提货单取消,,,Y
DORD_TY,0,销售,,,Y
DORD_TY,1,退货,,,Y
DRIVER_NM,1,李星,,,Y
DRIVER_NM,2,吴成东,,,Y
DRIVER_NM,3,时应辉,,,Y
DRIVER_NM,4,李俊,,,Y
DRIVER_NM,5,胡仁伟,,,Y
DRIVER_NM,6,周名见,,,Y
DRIVER_NM,7,杜应兵,,,Y
DRIVER_NM,8,郑伟,,,Y
DRIVER_NM,9,孙耀,,,Y
DRIVER_NM,10,孟祥明,,,Y
DRIVER_NM,11,魏昌学,,,Y
DRIVER_NM,12,刘庆国,,,Y
DRIVER_NM,13,杨凯,,,Y
DRIVER_NM,14,刘瑞桥,,,Y
DRIVER_NM,15,段正国,,,Y
DRIVER_NM,16,郭宗彪,,,Y
DRIVER_NM,17,刘庆福,,,Y
DRIVER_NM,18,丁凤鸣,,,Y
DRIVER_NM,19,周亮,,,Y
DRIVER_NM,20,郑昌宇,,,Y
DRIVER_NM,21,郭慧,,,Y
DRIVER_NM,22,张红军,,,Y
DRIVER_NM,23,金长青,,,Y
DRIVER_NM,24,龙增钢,,,Y
DRIVER_NM,25,付玉龙,,,Y
DRIVER_NM,26,龚大菊,,,Y
DRIVER_NM,27,韩家洋,,,Y
DRIVER_NM,28,王新龙,,,Y
DRIVER_NM,29,孟小丽,,,Y
DRIVER_NM,30,刘安庆,,,Y
DRIVER_NM,31,储四朋,,,Y
DRIVER_NM,32,张正涛,,,Y
DSN_ERR_TY,VAL_ERR,,,Validation Error,Y
DSN_ERR_TY,DSN_ERR,,,Design Error,Y
DS_CUT_TP,P,,,Plan Plate Cutting,Y
DS_CUT_TP,S,,,Sampling Cut,Y
DS_CUT_TP,N,,,Surplus Plate Cut,Y
DS_CUT_TP,X,,,Scrap Cut,Y
DS_CUT_TP,H,,,Head Crop Cut,Y
DS_CUT_TP,T,,,Tail Crop Cut,Y
DUTY_DEP,1,炼钢事业部,,,Y
DUTY_DEP,2,轧钢事业部,,,Y
DUTY_DEP,3,其他,,,Y
DWTT_CREAK_CD,A,压制缺口,,,Y
DWTT_CREAK_CD,C,V型缺口,,,Y
DWTT_CREAK_CD,B,人字型缺口,,,Y
DWTT_GRT_CD,A,性能试验+性能判定+质保书发行,,,Y
DWTT_GRT_CD,B,性能试验+性能判定,,,Y
DWTT_GRT_CD,C,性能试验+质保书发行,,,Y
DWTT_GRT_CD,D,性能试验,,,Y
DWTT_SF_RATIO_GRT_CD,A,性能试验+性能判定+质保书发行,,,Y
DWTT_SF_RATIO_GRT_CD,B,性能试验+性能判定,,,Y
DWTT_SF_RATIO_GRT_CD,C,性能试验+质保书发行,,,Y
DWTT_SF_RATIO_GRT_CD,D,性能试验,,,Y
DWTT_SMP_CND,11,同炉次、同牌号、同轧制状态、同厚度,,,Y
DWTT_SMP_CND,12,同炉号、同牌号、同轧制状态、同厚度，每批不超过40t,,,Y
DWTT_SMP_CND,13,同炉号、同牌号、同轧制状态、同厚度，每批不超过50t,,,Y
DWTT_SMP_CND,14,同炉号、同牌号、同轧制状态、同厚度，每批不超过60t,,,Y
DWTT_SMP_CND,15,同炉号、同牌号、同轧制状态、同厚度，每批不超过60t;若单卷＞30吨，则可2卷组1批,,,Y
DWTT_SMP_CND,16,同炉次、同牌号、同轧制状态、同厚度为1批，批重量≤50t时正常取1组样；批重量＞50t时增加1个拉伸样,,,Y
DWTT_SMP_CND,17,每卷为1批,,,Y
DWTT_SMP_CND,18,同炉号、同厚度、同宽度组成1批,,,Y
DWTT_SMP_LTH_LOC,B,采取下部,,,Y
DWTT_SMP_LTH_LOC,M,采取中间部分,,,Y
DWTT_SMP_LTH_LOC,T,采取上部,,,Y
DWTT_SMP_LTH_LOC,W,采取上部和下部,,,Y
DWTT_SMP_LTH_LOC,X,采取上部和中间部分,,,Y
DWTT_SMP_LTH_LOC,Y,采取上部和中间部分和下部,,,Y
DWTT_SMP_SPCMN_DIR,L,纵向Longitudinal,길이방향으로 시편채취,,Y
DWTT_SMP_SPCMN_DIR,B,横向Horizontal,폭방향으로 시편채취,,Y
DWTT_SMP_SPCMN_DIR,C,厚度方向采样,두께방향으로 시편채취,,Y
DWTT_SMP_SPCMN_DIR,D,45˚方向采样,45방향으로 시편채취,,Y
DWTT_SMP_SPCMN_DIR,E,30˚方向采样,30방향으로 시편채취,,Y
DWTT_SMP_SPCMN_SZ,01,"长度 ≥250, 宽度 ≥35",,,Y
DWTT_SMP_WTH_LOC,A,1/2W 部位,,,Y
DWTT_SMP_WTH_LOC,C,1/4W 部位,,,Y
DWTT_SMP_WTH_LOC,E,"Top 1/2W, Bottom 1/4W部位",,,Y
DWTT_SMP_WTH_LOC,B,Edge 部位,,,Y
DWTT_SMP_WTH_LOC,D,对角线的两角部位,,,Y
DWTT_SMP_WTH_LOC,F,"Top 1/4W, Bottom 1/2W部位",,,Y
DWTT_TEMP,A,DWTT测试温度,,,Y
EDGE_CD,M,,,Mill Edge,Y
EDGE_CD,S,,,Silt Edge,Y
EDGE_TY,M,,,"Mill Edge (PL,PLTCM trimming)",Y
EDGE_TY,S,,,Slit Edge (Final process trimming),Y
EDGE_TY,4,,,"Slit Edge (Side trimming, Crop & Tail Cut))",Y
EDGE_TY,2,,,Mill Edge (Crop & Tail Cut),Y
EDGE_TY,N,,,No trimming,Y
ENABLESTATE,1,是,,,Y
ENABLESTATE,0,否,,,Y
ENERGY_STATE,A,保存,,,Y
ENERGY_STATE,B,确认,,,Y
ENERGY_STATE,C,取消确认,,,Y
ENGRV_MRK_CD,A,,PLATE NO 타각,,Y
ENGRV_MRK_CD,B,,PLATE NO  + (선급협회마크 + GRADE) 타각,,Y
ENGRV_MRK_CD,C,,PLATE NO  + (선급협회마크 + GRADE) + HEAT NO 타각,,Y
ENGRV_MRK_CD,D,,PLATE NO  + (선급협회마크 + GRADE) + 제조사 명 타각,,Y
ENGRV_MRK_CD,X,,타각 불필요,,Y
ENTRY_DELV_TY,E,入侧,,Entry,Y
ENTRY_DELV_TY,D,出侧,,Delivary,Y
ENTRY_DELV_TY,C,中心,,Center,Y
ENT_DIV_OCC_REA_CD,A1,,,Surface Abnormal Code,Y
ENT_DIV_OCC_REA_CD,A2,,,Shape Abnormal Code,Y
ENT_DIV_OCC_REA_CD,A3,,,Surface and Shape Abnormal Code,Y
ENT_DIV_OCC_REA_CD,B1,,,Thickness Error,Y
ENT_DIV_OCC_REA_CD,B2,,,Width Error,Y
ENT_DIV_OCC_REA_CD,B3,,,Length Error,Y
ENT_DIV_OCC_REA_CD,B4,,,"Thickness and Width, Length Error",Y
ENT_DIV_OCC_REA_CD,C1,,,Other,Y
ENT_DLV_TP,E,,입측,ENTRY,Y
ENT_DLV_TP,D,,출측,DELIVARY,Y
ENV_TY,L,,,Layout,Y
ENV_TY,F,,,Format,Y
ENV_TY,S,,,Separator,Y
ENV_TY,G,,,Language,Y
ENV_TY,B,,,Common Biz,Y
EQUIP_FACIL_CD,RM,,,Raw Material,Y
EQUIP_FACIL_CD,ST,,,Sinter,Y
EQUIP_FACIL_CD,CK,,,Cokes,Y
EQUIP_FACIL_CD,BF,,,Blast Furnace,Y
EQUIP_FACIL_CD,SM,,,Steel Making,Y
EQUIP_FACIL_CD,CC,,,Continuous Casting,Y
EQUIP_FACIL_CD,YD,,,Yard,Y
EQUIP_FACIL_CD,IT,,,Internal Transport,Y
EQUIP_LOC,E,,입측,Entry Side,Y
EQUIP_LOC,D,,출측,Delivary Side,Y
EQUIP_STOP_CD,M,,,Manual,Y
EQUIP_STOP_CD,1110,,대수리,,Y
EQUIP_STOP_CD,A,,,Planning Stop,Y
EQUIP_STOP_CD,1120,,중수리,,Y
EQUIP_STOP_CD,B,,,Emergency Stop,Y
EQUIP_STOP_CD,1130,,정기수리,,Y
EQUIP_STOP_CD,1140,,소수리,,Y
EQUIP_STOP_CD,1210,,생산조정휴지,,Y
EQUIP_STOP_CD,1220,,조업도달성휴지,,Y
EQUIP_STOP_CD,1310,,Back Up Roll교체휴지,,Y
EQUIP_STOP_CD,1320,,Knife교체휴지,,Y
EQUIP_STOP_CD,1330,,내화물교체,,Y
EQUIP_STOP_CD,1340,,노벽보수,,Y
EQUIP_STOP_CD,1350,,Mode교체,,Y
EQUIP_STOP_CD,1360,,전로수리교체,,Y
EQUIP_STOP_CD,1370,,Segment교환,,Y
EQUIP_STOP_CD,1410,,설비합리화,,Y
EQUIP_STOP_CD,3110,,생산설비 점검,,Y
EQUIP_STOP_CD,3120,,수리작업준비,,Y
EQUIP_STOP_CD,3210,,,Slag Coating,Y
EQUIP_STOP_CD,3220,,탕면측정,,Y
EQUIP_STOP_CD,3230,,승열,,Y
EQUIP_STOP_CD,3240,,전로(CDPS)탈린,,Y
EQUIP_STOP_CD,3250,,수리후 운전준비,,Y
EQUIP_STOP_CD,3310,,Lance 교환,,Y
EQUIP_STOP_CD,3320,,출강구 교환,,Y
EQUIP_STOP_CD,3410,,UTILITY 점검조정,,Y
EQUIP_STOP_CD,3510,,노하청소,,Y
EQUIP_STOP_CD,3520,,노구지금제거,,Y
EQUIP_STOP_CD,3530,,출강구지금제거,,Y
EQUIP_STOP_CD,3540,,노체 Spray,,Y
EQUIP_STOP_CD,3550,,출강구 Spray,,Y
EQUIP_STOP_CD,3560,,3/3기 조업대기,,Y
EQUIP_STOP_CD,3570,,Kneader재 보강,,Y
EQUIP_STOP_CD,3580,,잔존측정,,Y
EQUIP_STOP_CD,3590,,Posled작업대기(광 2제강),,Y
EQUIP_STOP_CD,4110,,고철지연대기,,Y
EQUIP_STOP_CD,4120,,용선지연대기(이동),,Y
EQUIP_STOP_CD,4130,,장입대기,,Y
EQUIP_STOP_CD,4140,,고로용선대기,,Y
EQUIP_STOP_CD,4150,,"탈류,탈린 용선대기",,Y
EQUIP_STOP_CD,4210,,반송용강 처리대기(제강요인),,Y
EQUIP_STOP_CD,4220,,반송용강 처리대기(연주요인),,Y
EQUIP_STOP_CD,4230,,전로조업 이상대기,,Y
EQUIP_STOP_CD,4240,,2차정련공정대기(설비요인),,Y
EQUIP_STOP_CD,4241,,RH 대기,,Y
EQUIP_STOP_CD,4242,,BAP 대기,,Y
EQUIP_STOP_CD,4243,,LF 대기,,Y
EQUIP_STOP_CD,4244,,VTD 대기,,Y
EQUIP_STOP_CD,4245,,B/B 대기,,Y
EQUIP_STOP_CD,4250,,협폭재 생산 대기,,Y
EQUIP_STOP_CD,4260,,"RH,LF 공정대기(연속편성)",,Y
EQUIP_STOP_CD,4270,,PI 처리대기(Double Slag),,Y
EQUIP_STOP_CD,4280,,기타 공정대기,,Y
EQUIP_STOP_CD,4290,,선출강 공정대기,,Y
EQUIP_STOP_CD,4310,,취련대기,,Y
EQUIP_STOP_CD,4320,,Ladle 대기,,Y
EQUIP_STOP_CD,4330,,Slag Pot 대기,,Y
EQUIP_STOP_CD,4340,,분석대기,,Y
EQUIP_STOP_CD,4346,,연주조업요인대기,,Y
EQUIP_STOP_CD,4347,,연주설비요인대기,,Y
EQUIP_STOP_CD,4350,,Double Slag 대기(Si),,Y
EQUIP_STOP_CD,4360,,CRANE 지원대기(포 2제강),,Y
EQUIP_STOP_CD,4410,,작업 지시 대기,,Y
EQUIP_STOP_CD,4510,,"BB Stand 합리화, 수리, 휴지등의 영향으로 대기",,Y
EQUIP_STOP_CD,4520,,"BAP 합리화, 수리, 휴지등의 영향으로 대기",,Y
EQUIP_STOP_CD,4530,,"LF합리화, 수리, 휴지등의 영향으로 대기",,Y
EQUIP_STOP_CD,4540,,"RH합리화, 수리, 휴지등의 영향으로 대기",,Y
EQUIP_STOP_CD,4550,,"VTD합리화, 수리, 휴지등의 영향으로 대기",,Y
EQUIP_STOP_CD,4560,,"연주 합리화, 수리, 휴지등의 영향으로 대기",,Y
EQUIP_STOP_CD,5110,,작업자 조작Miss,,Y
EQUIP_STOP_CD,5120,,부원료 투입이상,,Y
EQUIP_STOP_CD,5130,,작업 Miss로인한 Schedule변경,,Y
EQUIP_STOP_CD,5210,,기계설비 점검 및 부품교체,,Y
EQUIP_STOP_CD,5220,,전기장치 점검 및 부품교체,,Y
EQUIP_STOP_CD,5230,,계장계통 점검 및 부품교체,,Y
EQUIP_STOP_CD,5240,,OG(LT)설비점검,,Y
EQUIP_STOP_CD,5250,,유압설비 점검 및 부품교체,,Y
EQUIP_STOP_CD,5260,,CRANE계통 점검 및 부품교체,,Y
EQUIP_STOP_CD,5310,,Utility계통,,Y
EQUIP_STOP_CD,5410,,용강유출사고,,Y
EQUIP_STOP_CD,5420,,폭발 및 화재사고,,Y
EQUIP_STOP_CD,6110,,전로설비기계,,Y
EQUIP_STOP_CD,6120,,대차설비기계,,Y
EQUIP_STOP_CD,6130,,노외설비기계,,Y
EQUIP_STOP_CD,6140,,노외설비기계,,Y
EQUIP_STOP_CD,6150,,유압계통,,Y
EQUIP_STOP_CD,6190,,기계설비기타장애,,Y
EQUIP_STOP_CD,6210,,전로설비전기,,Y
EQUIP_STOP_CD,6220,,대차설비전기,,Y
EQUIP_STOP_CD,6230,,노외설비전기,,Y
EQUIP_STOP_CD,6240,,공장 정전사고,,Y
EQUIP_STOP_CD,6290,,전기설비 기타장애,,Y
EQUIP_STOP_CD,6310,,,MMI Down,Y
EQUIP_STOP_CD,6320,,B/C 시스템 Down,,Y
EQUIP_STOP_CD,6410,,전로설비계장,,Y
EQUIP_STOP_CD,AAAA,,,aaaaaa,Y
EQUIP_STOP_CD,6420,,운전설비계장,,Y
EQUIP_STOP_CD,6430,,노외설비계장,,Y
EQUIP_STOP_CD,6490,,계장설비 기타장애,,Y
EQUIP_STOP_CD,6510,,공장내 Utillity이상,,Y
EQUIP_STOP_CD,6520,,공장외 Utillity이상,,Y
EQUIP_STOP_CD,9902,,,Preventive,Y
EQUIP_STOP_CD,P100,计划停机,,Plan Stoppage,Y
EQUIP_STOP_CD,P200,预防性维修,,Preventive Stoppage,Y
EQUIP_STOP_CD,P300,一般维修,,General Repair,Y
ERICHSEN_GRT_CD,A,性能试验+性能判定+质保书发行,,,Y
ERICHSEN_GRT_CD,B,性能试验+性能判定,,,Y
ERICHSEN_GRT_CD,C,性能试验+质保书发行,,,Y
ERICHSEN_GRT_CD,D,性能试验,,,Y
ERICHSEN_SMP_CND,11,同炉次、同牌号、同轧制状态、同厚度,,,Y
ERICHSEN_SMP_CND,12,同炉号、同牌号、同轧制状态、同厚度，每批不超过40t,,,Y
ERICHSEN_SMP_CND,13,同炉号、同牌号、同轧制状态、同厚度，每批不超过50t,,,Y
ERICHSEN_SMP_CND,14,同炉号、同牌号、同轧制状态、同厚度，每批不超过60t,,,Y
ERICHSEN_SMP_CND,15,同炉号、同牌号、同轧制状态、同厚度，每批不超过60t;若单卷＞30吨，则可2卷组1批,,,Y
ERICHSEN_SMP_CND,16,同炉次、同牌号、同轧制状态、同厚度为1批，批重量≤50t时正常取1组样；批重量＞50t时增加1个拉伸样,,,Y
ERICHSEN_SMP_CND,17,每卷为1批,,,Y
ERICHSEN_SMP_CND,18,同炉号、同厚度、同宽度组成1批,,,Y
ERICHSEN_SMP_LTH_LOC,B,采取下部,,,Y
ERICHSEN_SMP_LTH_LOC,M,采取中间部分,,,Y
ERICHSEN_SMP_LTH_LOC,T,采取上部,,,Y
ERICHSEN_SMP_LTH_LOC,W,采取上部和下部,,,Y
ERICHSEN_SMP_LTH_LOC,X,采取上部和中间部分,,,Y
ERICHSEN_SMP_LTH_LOC,Y,采取上部和中间部分和下部,,,Y
ERICHSEN_SMP_SPCMN_DIR,L,长度方向采样,길이방향으로 시편채취,,Y
ERICHSEN_SMP_SPCMN_DIR,B,宽度方向采样,폭방향으로 시편채취,,Y
ERICHSEN_SMP_SPCMN_DIR,C,厚度方向采样,두께방향으로 시편채취,,Y
ERICHSEN_SMP_SPCMN_DIR,D,45˚方向采样,45방향으로 시편채취,,Y
ERICHSEN_SMP_SPCMN_DIR,E,30˚方向采样,30방향으로 시편채취,,Y
ERICHSEN_SMP_WTH_LOC,A,1/2W 部位,,,Y
ERICHSEN_SMP_WTH_LOC,C,1/4W 部位,,,Y
ERICHSEN_SMP_WTH_LOC,E,"Top 1/2W, Bottom 1/4W部位",,,Y
ERICHSEN_SMP_WTH_LOC,B,Edge 部位,,,Y
ERICHSEN_SMP_WTH_LOC,D,对角线的两角部位,,,Y
ERICHSEN_SMP_WTH_LOC,F,"Top 1/4W, Bottom 1/2W部位",,,Y
ERP_LOC_GRP,73,炼铁作业,,,Y
ERP_LOC_GRP,41,炼钢作业,,,Y
ERP_LOC_GRP,42,热轧作业,,,Y
ERP_LOC_GRP,43,冷轧作业,,,Y
ERP_LOC_GRP,44,厚板作业,,,Y
ERP_LOC_GRP,52,出货管理,,,Y
ERP_LOC_GRP,51,仓库管理,,,Y
ERP_LOC_GRP,13,进程管理,,,Y
ERP_LOC_GRP,32,质量管理,,,Y
ERP_ORG_CD,A,,일조유한공사,,Y
ERP_POSTING_YN,Y,,,YES,Y
ERP_POSTING_YN,N,,,NO,Y
ERP_PROC_TY,C,,,Create,Y
ERP_PROC_TY,U,,,Update,Y
ERP_PROC_TY,D,,,Cancel,Y
ERP_REPORT_TY,01,,제선,,Y
ERP_REPORT_TY,02,,제강,,Y
ERP_REPORT_TY,03,,정상/취소,,Y
ERP_REPORT_TY,04,,변경,,Y
ERP_REPORT_TY,05,,이상재,,Y
ERP_REPORT_TY,06,,입측분할,,Y
ERP_REPORT_TY,07,,충당/목전,,Y
ERP_REPORT_TY,08,,재고이동(반납포함),,Y
ERP_REPORT_TY,09,,제품출고(Claim포함),,Y
ERP_REPORT_TY,10,,구매재입고,,Y
ERP_REPORT_TY,11,,정산,,Y
EVENT_STATUS,Y,生效,,,Y
EVENT_STATUS,N,失效,,,Y
EVENT_TY,I,,,Initialized,Y
EVENT_TY,C,,,Confirmed,Y
EVENT_TY,P,,,Process,Y
EVENT_TY,X,,,Canceled,Y
EVENT_TY,U,,,Updated,Y
EVENT_TY,D,,,Deleted,Y
EVENT_TY,R,,,Received,Y
EVENT_TY,S,,,Saved,Y
EVENT_TY,T,,,Transfered,Y
EVENT_TY,B,,,Rollbacked,Y
EVENT_TY,A,,,Archived,Y
EXCHANGE_TY,C,,,Corporate,Y
EXCHANGE_TY,U,,,User,Y
EXPENSE_FLAG,COST,固定总成本,,,Y
EXPENSE_FLAG,UNIT_COST,固定单位成本,,,Y
EXP_DOC_TY,L/C,,신용장,Letter of Credit,Y
EXP_DOC_TY,T/T,,전신환,Telegraphic Transfer,Y
EXP_DOC_TY,D/A,,인수인도,Documents against Acceptance,Y
EXP_DOC_TY,D/P,,지급인도,Documents against Payment,Y
EXP_PACK_MTH_CD,01,,,Loose,Y
EXTRA_CHECK_METHOD,BETWEEN,,,BETWEEN,Y
EXTRA_PRICE_ITEM,ADC01,地区,,,Y
EXTRA_PRICE_ITEM,NDC01,订单量,,,Y
EXTRA_PRICE_ITEM,AQA01,订单用途,,,Y
EXTRA_PRICE_ITEM,ADC02,交货方式,,,Y
EXTRA_PRICE_ITEM,AQA08,客户保证编号,,,Y
EXTRA_PRICE_ITEM,AQA10,热处理方式,,,Y
EXTRA_PRICE_ITEM,AQA12,切边,,,Y
EXTRA_PRICE_ITEM,AQA16,计重方式,,,Y
EXTRA_PRICE_ITEM,AQA14,检查机关,,,Y
EXTRA_PRICE_ITEM,AQA22,定价方式,,,Y
EXTRA_PRICE_ITEM,AQA23,预付款比例,,,Y
EXTRA_PRICE_ITEM,AQA26,付款约定,,,Y
EXTRA_PRICE_ITEM,AQA27,付款方式,,,Y
EXTRA_PRICE_ITEM,AQA18,探伤,,,Y
EXTRA_PRICE_ITEM,AQA09,运输方式,,,Y
EXT_HOLE_RATIO_GRT_CD,A,性能试验+性能判定+质保书发行,,,Y
EXT_HOLE_RATIO_GRT_CD,B,性能试验+性能判定,,,Y
EXT_HOLE_RATIO_GRT_CD,C,性能试验+质保书发行,,,Y
EXT_HOLE_RATIO_GRT_CD,D,性能试验,,,Y
EXT_HOLE_SMP_CND,11,同炉次、同牌号、同轧制状态、同厚度,,,Y
EXT_HOLE_SMP_CND,12,同炉号、同牌号、同轧制状态、同厚度，每批不超过40t,,,Y
EXT_HOLE_SMP_CND,13,同炉号、同牌号、同轧制状态、同厚度，每批不超过50t,,,Y
EXT_HOLE_SMP_CND,14,同炉号、同牌号、同轧制状态、同厚度，每批不超过60t,,,Y
EXT_HOLE_SMP_CND,15,同炉号、同牌号、同轧制状态、同厚度，每批不超过60t;若单卷＞30吨，则可2卷组1批,,,Y
EXT_HOLE_SMP_CND,16,同炉次、同牌号、同轧制状态、同厚度为1批，批重量≤50t时正常取1组样；批重量＞50t时增加1个拉伸样,,,Y
EXT_HOLE_SMP_CND,17,每卷为1批,,,Y
EXT_HOLE_SMP_CND,18,同炉号、同厚度、同宽度组成1批,,,Y
EXT_HOLE_SMP_LTH_LOC,B,采取下部,,,Y
EXT_HOLE_SMP_LTH_LOC,M,采取中间部分,,,Y
EXT_HOLE_SMP_LTH_LOC,T,采取上部,,,Y
EXT_HOLE_SMP_LTH_LOC,W,采取上部和下部,,,Y
EXT_HOLE_SMP_LTH_LOC,X,采取上部和中间部分,,,Y
EXT_HOLE_SMP_LTH_LOC,Y,采取上部和中间部分和下部,,,Y
EXT_HOLE_SMP_SPCMN_DIR,L,长度方向采样,길이방향으로 시편채취,,Y
EXT_HOLE_SMP_SPCMN_DIR,B,宽度方向采样,폭방향으로 시편채취,,Y
EXT_HOLE_SMP_SPCMN_DIR,C,厚度方向采样,두께방향으로 시편채취,,Y
EXT_HOLE_SMP_SPCMN_DIR,D,45˚方向采样,45방향으로 시편채취,,Y
EXT_HOLE_SMP_SPCMN_DIR,E,30˚方向采样,30방향으로 시편채취,,Y
EXT_HOLE_SMP_SPCMN_SZ,01,"长度 ≥250, 宽度 ≥35",,,Y
EXT_HOLE_SMP_WTH_LOC,A,1/2W 部位,,,Y
EXT_HOLE_SMP_WTH_LOC,C,1/4W 部位,,,Y
EXT_HOLE_SMP_WTH_LOC,E,"Top 1/2W, Bottom 1/4W部位",,,Y
EXT_HOLE_SMP_WTH_LOC,B,Edge 部位,,,Y
EXT_HOLE_SMP_WTH_LOC,D,对角线的两角部位,,,Y
EXT_HOLE_SMP_WTH_LOC,F,"Top 1/4W, Bottom 1/2W部位",,,Y
FAC_CD,1,,,1Plant,Y
FAC_CD,2,,,2Plant,Y
FAC_CD,3,,,3Plant,Y
FAC_CD,4,线材,,,Y
FAC_CD,5,棒材,,,Y
FAC_CD,6,钢坯,,,Y
FAC_CD,7,副产品,,,Y
FAC_CD,A,棒材A线,,,Y
FAC_CD,B,棒材B线,,,Y
FAC_CD,C,线材A线,,,Y
FAC_CD,D,线材B线,,,Y
FAC_DCN_ERR_FL,N,,미확정,,Y
FAC_DCN_ERR_FL,Y,,확정,,Y
FAC_PROC_CD,CCC,,연주공장,,Y
FAC_PROC_CD,HSM,,열연공장,,Y
FAC_PROC_CD,REV,,열연정정,,Y
FAC_PROC_CD,PPL,,열연산세,,Y
FAC_PROC_CD,PCM,,냉연압연,,Y
FAC_PROC_CD,CAL,,냉연소둔,,Y
FAC_PROC_CD,CL1,,냉연소둔1Line,,Y
FAC_PROC_CD,CL2,,냉연소둔2Line,,Y
FAC_PROC_CD,CGL,,냉연도금,,Y
FAC_PROC_CD,RCL,,냉연정정,,Y
FAC_PROC_CD,RL1,,냉연정정1Line,,Y
FAC_PROC_CD,RL2,,냉연정정2Line,,Y
FAC_PROC_CD,RL3,,냉연정정3Line,,Y
FATIG_GRT_CD,A,性能试验+性能判定+质保书发行,,,Y
FATIG_GRT_CD,B,性能试验+性能判定,,,Y
FATIG_GRT_CD,C,性能试验+质保书发行,,,Y
FATIG_GRT_CD,D,性能试验,,,Y
FATIG_SMP_CND,11,同炉次、同牌号、同轧制状态、同厚度,,,Y
FATIG_SMP_CND,12,同炉号、同牌号、同轧制状态、同厚度，每批不超过40t,,,Y
FATIG_SMP_CND,13,同炉号、同牌号、同轧制状态、同厚度，每批不超过50t,,,Y
FATIG_SMP_CND,14,同炉号、同牌号、同轧制状态、同厚度，每批不超过60t,,,Y
FATIG_SMP_CND,15,同炉号、同牌号、同轧制状态、同厚度，每批不超过60t;若单卷＞30吨，则可2卷组1批,,,Y
FATIG_SMP_CND,16,同炉次、同牌号、同轧制状态、同厚度为1批，批重量≤50t时正常取1组样；批重量＞50t时增加1个拉伸样,,,Y
FATIG_SMP_CND,17,每卷为1批,,,Y
FATIG_SMP_CND,18,同炉号、同厚度、同宽度组成1批,,,Y
FATIG_SMP_LTH_LOC,B,采取下部,,,Y
FATIG_SMP_LTH_LOC,M,采取中间部分,,,Y
FATIG_SMP_LTH_LOC,T,采取上部,,,Y
FATIG_SMP_LTH_LOC,W,采取上部和下部,,,Y
FATIG_SMP_LTH_LOC,X,采取上部和中间部分,,,Y
FATIG_SMP_LTH_LOC,Y,采取上部和中间部分和下部,,,Y
FATIG_SMP_SPCMN_DIR,L,长度方向采样,길이방향으로 시편채취,,Y
FATIG_SMP_SPCMN_DIR,B,宽度方向采样,폭방향으로 시편채취,,Y
FATIG_SMP_SPCMN_DIR,C,厚度方向采样,두께방향으로 시편채취,,Y
FATIG_SMP_SPCMN_DIR,D,45˚方向采样,45방향으로 시편채취,,Y
FATIG_SMP_SPCMN_DIR,E,30˚方向采样,30방향으로 시편채취,,Y
FATIG_SMP_SPCMN_SZ,01,"长度 ≥250, 宽度 ≥35",,,Y
FATIG_SMP_WTH_LOC,A,1/2W 部位,,,Y
FATIG_SMP_WTH_LOC,C,1/4W 部位,,,Y
FATIG_SMP_WTH_LOC,E,"Top 1/2W, Bottom 1/4W部位",,,Y
FATIG_SMP_WTH_LOC,B,Edge 部位,,,Y
FATIG_SMP_WTH_LOC,D,对角线的两角部位,,,Y
FATIG_SMP_WTH_LOC,F,"Top 1/4W, Bottom 1/2W部位",,,Y
FATIG_TEMP,A,疲劳测试温度,,,Y
FCE_CHARGE_FL,1,装炉,,charge,Y
FCE_CHARGE_FL,2,出炉,,discharge,Y
FCE_CHARGE_FL,3,再装炉,,recharge,Y
FCE_CHARGE_FL,4,再出炉,,redischarge,Y
FCE_NO,1,1#加热炉,,1# Furnace,Y
FCE_NO,2,2#加热炉,,2# Furnace,Y
FCE_NO,3,3#加热炉,,3#Furnace,Y
FCE_REJECT_RSN,1,出坯规格错误,,DISPATCH SLAB SIZE ERROR,Y
FCE_REJECT_RSN,2,出坯辊道故障,,ROLLER TABLE ERROR AFTER DISPATCHING,Y
FCE_REJECT_RSN,3,出坯机故障,,DISPATCH MACHINE ERROR,Y
FCE_REJECT_RSN,4,出炉门故障,,FURNANCE EXIT DOOR ERROR,Y
FCE_REJECT_RSN,5,传送带故障,,CONVEYOR BELT ERROR,Y
FCE_REJECT_RSN_INS,1,出坯规格错误,,dispatch slab size error,Y
FCE_REJECT_RSN_INS,2,出坯辊道故障,,roller table error after dispatching,Y
FCE_ROWNUM,1,,,,Y
FCE_ROWNUM,2,,,,Y
FCE_ROWNUM,3,,,,Y
FCE_ROWNUM,4,,,,Y
FCE_ROWNUM,5,,,,Y
FCE_ROWNUM,6,,,,Y
FC_CUT_TP,P,,,Plan Plate Cutting,Y
FC_CUT_TP,S,,,Sample Cutting,Y
FC_CUT_TP,H,,,Head Crop Cutting,Y
FC_CUT_TP,T,,,Tail Crop Cutting,Y
FC_CUT_TP,N,,,Surplus Plate Cutting,Y
FC_CUT_TP,X,,,Scrap Cutting,Y
FILD_TYPE,VARCHAR2,,,VARCHAR2,Y
FILD_TYPE,NUMBER,,,NUMBER,Y
FISH_TAIL_CD,A,去头,,,Y
FISH_TAIL_CD,B,去尾,,,Y
FISH_TAIL_CD,C,去头去尾,,,Y
FISH_TAIL_CD,X,不指定,,,Y
FLAW_DT_CD,Y,探伤,,,Y
FLAW_DT_CD,N,不探伤,,,Y
FMT_DATE,YMD,,,"YMD(Year,Month,Day)",Y
FMT_DATE,DMY,,,"DMY(Day,Month,Year)",Y
FMT_DATE,MDY,,,"MDY(Month,Day,Year)",Y
FMT_TIME,HMS,,,"HMS(Hour,Minute,Second)",Y
FORCE_ALLOC_YN,Y,,,Yes,Y
FORCE_ALLOC_YN,N,,,No,Y
FUL_LAD_ARR_LOC_TAG,BOF1,1号转炉,,,Y
FUL_LAD_ARR_LOC_TAG,BOF2,2号转炉,,,Y
FUL_LAD_ARR_LOC_TAG,BOF3,3号转炉,,,Y
FUL_LAD_ARR_LOC_TAG,BOF4,4号转炉,,,Y
GENDER_CD,M,男,,Male,Y
GENDER_CD,F,女,,Female,Y
GET_IH_TYPE,A1,每一小时,,,Y
GET_IH_TYPE,A2,每两小时,,,Y
GET_IH_TYPE,NA,非自动,,,Y
GET_IH_TYPE,AQ,按班次,,,Y
GET_IH_TYPE,Z1,每5分钟,,,Y
GLOSSARY_TY,A,,,Attribute,Y
GLOSSARY_TY,T,,,Terminolgy,Y
GLPOT_TP,1,,,GI PREMELT POT #1,Y
GLPOT_TP,2,,,GI PREMELT POT #2,Y
GLPOT_TY,1,,,GI PREMELT POT #1,Y
GLPOT_TY,2,,,GI PREMELT POT #2,Y
GRIND_STS,0,,,NOT USE,Y
GRIND_STS,1,,,USE,Y
GRIND_STS,2,,,DISCARD,Y
GRIND_TY,CVC+_,,,CVC plus,Y
GRIND_TY,CROWN,,,Conventional/cylind. Crown,Y
GRIND_TY,CVC+H,,,CVC plus higher order,Y
GRIND_TY,TAP__,,,TAP,Y
GRIND_TY,SPEC_,,,SPEC,Y
GRIND_YN,N,未在线修磨,,,Y
GRIND_YN,Y,已在线修磨,,,Y
GRING_YN,N,,,N,Y
GRING_YN,Y,,,Y,Y
GROUP_CD,A,甲,,,Y
GROUP_CD,B,乙,,,Y
GROUP_CD,C,丙,,,Y
GROUP_CD,D,丁,,,Y
GROUP_NO,A,甲班,,,Y
GROUP_NO,B,乙班,,,Y
GROUP_NO,C,丙班,,,Y
GRP_NO,A,甲班,,,Y
GRP_NO,B,乙班,,,Y
GRP_NO,C,丙班,,,Y
GTH_PROC_CD,1P,,,PLTCM,Y
GTH_PROC_CD,82,,,2CGL,Y
GTH_PROC_CD,72,,,2RCL,Y
GTP_UNIT_CD,01,,,Ton (T),Y
GTP_UNIT_CD,02,,,KG,Y
HARD_GRT_CD,A,性能试验+性能判定+质保书发行,,,Y
HARD_GRT_CD,B,性能试验+性能判定,,,Y
HARD_GRT_CD,C,性能试验+质保书发行,,,Y
HARD_GRT_CD,D,性能试验,,,Y
HARD_KIND,A,布氏硬度,,,Y
HARD_KIND,B,洛氏硬度,,,Y
HARD_KIND,C,维氏硬度,,,Y
HARD_KIND,D,显微维氏硬度,,,Y
HARD_KIND,E,肖氏硬度,,,Y
HARD_SMP_CND,11,同炉次、同牌号、同轧制状态、同厚度,,,Y
HARD_SMP_CND,12,同炉号、同牌号、同轧制状态、同厚度，每批不超过40t,,,Y
HARD_SMP_CND,13,同炉号、同牌号、同轧制状态、同厚度，每批不超过50t,,,Y
HARD_SMP_CND,14,同炉号、同牌号、同轧制状态、同厚度，每批不超过60t,,,Y
HARD_SMP_CND,15,同炉号、同牌号、同轧制状态、同厚度，每批不超过60t;若单卷＞30吨，则可2卷组1批,,,Y
HARD_SMP_CND,16,同炉次、同牌号、同轧制状态、同厚度为1批，批重量≤50t时正常取1组样；批重量＞50t时增加1个拉伸样,,,Y
HARD_SMP_CND,17,每卷为1批,,,Y
HARD_SMP_CND,18,同炉号、同厚度、同宽度组成1批,,,Y
HARD_SMP_LOC,A,近表面,,,Y
HARD_SMP_LOC,B,四分之一,,,Y
HARD_SMP_LOC,C,二分之一,,,Y
HARD_SMP_LTH_LOC,B,采取下部,,,Y
HARD_SMP_LTH_LOC,M,采取中间部分,,,Y
HARD_SMP_LTH_LOC,T,采取上部,,,Y
HARD_SMP_LTH_LOC,W,采取上部和下部,,,Y
HARD_SMP_LTH_LOC,X,采取上部和中间部分,,,Y
HARD_SMP_LTH_LOC,Y,采取上部和中间部分和下部,,,Y
HARD_SMP_SPCMN_DIR,L,长度方向采样,길이방향으로 시편채취,,Y
HARD_SMP_SPCMN_DIR,B,宽度方向采样,폭방향으로 시편채취,,Y
HARD_SMP_SPCMN_DIR,C,厚度方向采样,두께방향으로 시편채취,,Y
HARD_SMP_SPCMN_DIR,D,45˚方向采样,45방향으로 시편채취,,Y
HARD_SMP_SPCMN_DIR,E,30˚方向采样,30방향으로 시편채취,,Y
HARD_SMP_SPCMN_SZ,01,"长度 ≥250, 宽度 ≥35",,,Y
HARD_SMP_WTH_LOC,A,1/2W 部位,,,Y
HARD_SMP_WTH_LOC,C,1/4W 部位,,,Y
HARD_SMP_WTH_LOC,E,"Top 1/2W, Bottom 1/4W部位",,,Y
HARD_SMP_WTH_LOC,B,Edge 部位,,,Y
HARD_SMP_WTH_LOC,D,对角线的两角部位,,,Y
HARD_SMP_WTH_LOC,F,"Top 1/4W, Bottom 1/2W部位",,,Y
HCOIL_STRAP_THK_CD,T1,,,,Y
HCOIL_STRAP_THK_CD,T2,,,,Y
HCOIL_STRAP_THK_CD,T3,,,,Y
HCOIL_STRAP_WTH_CD,W1,,,,Y
HCOIL_STRAP_WTH_CD,W2,,,,Y
HCOIL_STRAP_WTH_CD,W3,,,,Y
HCR_FL,D,直送,,Direct Hot Coil Rolling,Y
HCR_FL,W,冷送,,Warm Coil Rolled,Y
HEAT_DIVERT_TREAT_TY,H,,,Surplus Heat,Y
HEAT_DIVERT_TREAT_TY,P,,,Plan Heat Mapping,Y
HEAT_DIVERT_TREAT_TY,O,,,Order Mapping,Y
HEAT_JUDG,P,合格,,,Y
HEAT_JUDG,R,未输入Gas成分,,,Y
HEAT_JUDG,F,不合,,,Y
HEAT_JUDG,M,未输入成分,,,Y
HEAT_JUDG,W,等待,,,Y
HEAT_RTN_STS,Y,,,Planned,Y
HEAT_RTN_STS,R,,,Reserved,Y
HEAT_RTN_STS,E,,,End,Y
HH_MEDIUM_TYPE,A,水,,,Y
HH_MEDIUM_TYPE,B,油,,,Y
HH_MEDIUM_TYPE,C,其他,,,Y
HIC_CLR_GRT_CD,A,性能试验+性能判定+质保书发行,,,Y
HIC_CLR_GRT_CD,B,性能试验+性能判定,,,Y
HIC_CLR_GRT_CD,C,性能试验+质保书发行,,,Y
HIC_CLR_GRT_CD,D,性能试验,,,Y
HIC_CSR_GRT_CD,A,性能试验+性能判定+质保书发行,,,Y
HIC_CSR_GRT_CD,B,性能试验+性能判定,,,Y
HIC_CSR_GRT_CD,C,性能试验+质保书发行,,,Y
HIC_CSR_GRT_CD,D,性能试验,,,Y
HIC_CTR_GRT_CD,A,性能试验+性能判定+质保书发行,,,Y
HIC_CTR_GRT_CD,B,性能试验+性能判定,,,Y
HIC_CTR_GRT_CD,C,性能试验+质保书发行,,,Y
HIC_CTR_GRT_CD,D,性能试验,,,Y
HIC_SMP_CND,11,同炉次、同牌号、同轧制状态、同厚度,,,Y
HIC_SMP_CND,12,同炉号、同牌号、同轧制状态、同厚度，每批不超过40t,,,Y
HIC_SMP_CND,13,同炉号、同牌号、同轧制状态、同厚度，每批不超过50t,,,Y
HIC_SMP_CND,14,同炉号、同牌号、同轧制状态、同厚度，每批不超过60t,,,Y
HIC_SMP_CND,15,同炉号、同牌号、同轧制状态、同厚度，每批不超过60t;若单卷＞30吨，则可2卷组1批,,,Y
HIC_SMP_CND,16,同炉次、同牌号、同轧制状态、同厚度为1批，批重量≤50t时正常取1组样；批重量＞50t时增加1个拉伸样,,,Y
HIC_SMP_CND,17,每卷为1批,,,Y
HIC_SMP_CND,18,同炉号、同厚度、同宽度组成1批,,,Y
HIC_SMP_LTH_LOC,B,采取下部,,,Y
HIC_SMP_LTH_LOC,M,采取中间部分,,,Y
HIC_SMP_LTH_LOC,T,采取上部,,,Y
HIC_SMP_LTH_LOC,W,采取上部和下部,,,Y
HIC_SMP_LTH_LOC,X,采取上部和中间部分,,,Y
HIC_SMP_LTH_LOC,Y,采取上部和中间部分和下部,,,Y
HIC_SMP_SPCMN_DIR,L,长度方向采样,길이방향으로 시편채취,,Y
HIC_SMP_SPCMN_DIR,B,宽度方向采样,폭방향으로 시편채취,,Y
HIC_SMP_SPCMN_DIR,C,厚度方向采样,두께방향으로 시편채취,,Y
HIC_SMP_SPCMN_DIR,D,45˚方向采样,45방향으로 시편채취,,Y
HIC_SMP_SPCMN_DIR,E,30˚方向采样,30방향으로 시편채취,,Y
HIC_SMP_SPCMN_SZ,01,"长度 ≥250, 宽度 ≥35",,,Y
HIC_SMP_WTH_LOC,A,1/2W 部位,,,Y
HIC_SMP_WTH_LOC,C,1/4W 部位,,,Y
HIC_SMP_WTH_LOC,E,"Top 1/2W, Bottom 1/4W部位",,,Y
HIC_SMP_WTH_LOC,B,Edge 部位,,,Y
HIC_SMP_WTH_LOC,D,对角线的两角部位,,,Y
HIC_SMP_WTH_LOC,F,"Top 1/4W, Bottom 1/2W部位",,,Y
HIC_SOLUTION_KIND,A,除氧的氮气、硫化氢气体、氯化钠、冰乙酸和蒸馏水或去离子水,,,Y
HIC_SOLUTION_KIND,B,除氧的氮气、硫化氢气体和人工海水,,,Y
HIGH_SURF_FL,Y,,고표면,,Y
HIGH_SURF_FL,N,,NO 고표면,,Y
HIGH_TEMP_TSL_EL_CD,A,,,A,Y
HIGH_TEMP_TSL_EL_CD,B,,,A50,Y
HIGH_TEMP_TSL_EL_CD,C,,,A80,Y
HIGH_TEMP_TSL_EL_CD,D,,,A100,Y
HIGH_TEMP_TSL_EL_CD,E,,,A200,Y
HIGH_TEMP_TSL_EL_CD,F,,,Ae,Y
HIGH_TEMP_TSL_EL_CD,G,,,Ag,Y
HIGH_TEMP_TSL_EL_CD,H,,,Agt,Y
HIGH_TEMP_TSL_EL_CD,I,,,At,Y
HIGH_TEMP_TSL_EL_GRT_CD,A,性能试验+性能判定+质保书发行,,,Y
HIGH_TEMP_TSL_EL_GRT_CD,B,性能试验+性能判定,,,Y
HIGH_TEMP_TSL_EL_GRT_CD,C,性能试验+质保书发行,,,Y
HIGH_TEMP_TSL_EL_GRT_CD,D,性能试验,,,Y
HIGH_TEMP_TSL_RA_GRT_CD,A,性能试验+性能判定+质保书发行,,,Y
HIGH_TEMP_TSL_RA_GRT_CD,B,性能试验+性能判定,,,Y
HIGH_TEMP_TSL_RA_GRT_CD,C,性能试验+质保书发行,,,Y
HIGH_TEMP_TSL_RA_GRT_CD,D,性能试验,,,Y
HIGH_TEMP_TSL_SMP_CND,11,同炉次、同牌号、同轧制状态、同厚度,,,Y
HIGH_TEMP_TSL_SMP_CND,12,同炉号、同牌号、同轧制状态、同厚度，每批不超过40t,,,Y
HIGH_TEMP_TSL_SMP_CND,13,同炉号、同牌号、同轧制状态、同厚度，每批不超过50t,,,Y
HIGH_TEMP_TSL_SMP_CND,14,同炉号、同牌号、同轧制状态、同厚度，每批不超过60t,,,Y
HIGH_TEMP_TSL_SMP_CND,15,同炉号、同牌号、同轧制状态、同厚度，每批不超过60t;若单卷＞30吨，则可2卷组1批,,,Y
HIGH_TEMP_TSL_SMP_CND,16,同炉次、同牌号、同轧制状态、同厚度为1批，批重量≤50t时正常取1组样；批重量＞50t时增加1个拉伸样,,,Y
HIGH_TEMP_TSL_SMP_CND,17,每卷为1批,,,Y
HIGH_TEMP_TSL_SMP_CND,18,同炉号、同厚度、同宽度组成1批,,,Y
HIGH_TEMP_TSL_SMP_LTH_LOC,B,采取下部,,,Y
HIGH_TEMP_TSL_SMP_LTH_LOC,M,采取中间部分,,,Y
HIGH_TEMP_TSL_SMP_LTH_LOC,T,采取上部,,,Y
HIGH_TEMP_TSL_SMP_LTH_LOC,W,采取上部和下部,,,Y
HIGH_TEMP_TSL_SMP_LTH_LOC,X,采取上部和中间部分,,,Y
HIGH_TEMP_TSL_SMP_LTH_LOC,Y,采取上部和中间部分和下部,,,Y
HIGH_TEMP_TSL_SMP_SPCMN_DIR,L,纵向Longitudinal,길이방향으로 시편채취,,Y
HIGH_TEMP_TSL_SMP_SPCMN_DIR,B,横向Horizontal,폭방향으로 시편채취,,Y
HIGH_TEMP_TSL_SMP_SPCMN_DIR,C,厚度方向采样,두께방향으로 시편채취,,Y
HIGH_TEMP_TSL_SMP_SPCMN_DIR,D,45˚方向采样,45방향으로 시편채취,,Y
HIGH_TEMP_TSL_SMP_SPCMN_DIR,E,30˚方向采样,30방향으로 시편채취,,Y
HIGH_TEMP_TSL_SMP_SPCMN_SZ,01,"长度 ≥250, 宽度 ≥35",,,Y
HIGH_TEMP_TSL_SMP_WTH_LOC,A,1/2W 部位,,,Y
HIGH_TEMP_TSL_SMP_WTH_LOC,C,1/4W 部位,,,Y
HIGH_TEMP_TSL_SMP_WTH_LOC,E,"Top 1/2W, Bottom 1/4W部位",,,Y
HIGH_TEMP_TSL_SMP_WTH_LOC,B,Edge 部位,,,Y
HIGH_TEMP_TSL_SMP_WTH_LOC,D,对角线的两角部位,,,Y
HIGH_TEMP_TSL_SMP_WTH_LOC,F,"Top 1/4W, Bottom 1/2W部位",,,Y
HIGH_TEMP_TSL_TEMP,A,高温拉伸测试温度,,,Y
HIGH_TEMP_TSL_TS_GRT_CD,A,性能试验+性能判定+质保书发行,,,Y
HIGH_TEMP_TSL_TS_GRT_CD,B,性能试验+性能判定,,,Y
HIGH_TEMP_TSL_TS_GRT_CD,C,性能试验+质保书发行,,,Y
HIGH_TEMP_TSL_TS_GRT_CD,D,性能试验,,,Y
HIGH_TEMP_TSL_YP_GRT_CD,A,性能试验+性能判定+质保书发行,,,Y
HIGH_TEMP_TSL_YP_GRT_CD,B,性能试验+性能判定,,,Y
HIGH_TEMP_TSL_YP_GRT_CD,C,性能试验+质保书发行,,,Y
HIGH_TEMP_TSL_YP_GRT_CD,D,性能试验,,,Y
HIGH_TEMP_TSL_YP_TY,A,,,ReH,Y
HIGH_TEMP_TSL_YP_TY,B,,,ReL,Y
HIGH_TEMP_TSL_YP_TY,C,,,RP0.2,Y
HIGH_TEMP_TSL_YP_TY,D,,,RP0.5,Y
HIGH_TEMP_TSL_YP_TY,E,,,Rt0.2,Y
HIGH_TEMP_TSL_YP_TY,F,,,Rt0.5,Y
HOLD_ACTION_CD,S,废钢,,Scrap,Y
HOLD_ACTION_CD,R,再处理,,Reprocess,Y
HOLD_ACTION_CD,A,调配,,Allocation,Y
HOLD_ACTION_CD,P,通过,,Pass,Y
HOLD_MTL_STS_CD,1,,조치,,Y
HOLD_MTL_STS_CD,2,,미조치,,Y
HOLD_RSN_CD,Q,钢卷质量问题,,Coil quality question,Y
HOLD_RSN_CD,R,轧制计划变更,,Coil rolling plan change,Y
HOLD_RSN_CD,N,表面质量不合,,surface quality  question,Y
HOLD_RSN_CD,O,转连退、镀锌订单,,Order no change,Y
HOLD_RSN_CD1,1,瓢曲待矫,,,Y
HOLD_RSN_CD1,2,火切挽救（黑线）,,,Y
HOLD_RSN_CD1,3,挽救（切割豁口）,,,Y
HOLD_RSN_CD1,4,表面待查,,,Y
HOLD_RSN_CD1,5,其他表面确认待挽救,,,Y
HOLD_RSN_CD1,6,火切挽救（剪切缺陷）,,,Y
HOLD_RSN_CD1,7,火切挽救（尺寸）,,,Y
HOLD_RSN_CD1,8,标识修正,,,Y
HOLD_YN,Y,,,Hold Yes,Y
HOLD_YN,N,,,Hold No,Y
HPT_SMP_CND,11,同炉次、同牌号、同轧制状态、同厚度,,,Y
HPT_SMP_CND,12,同炉号、同牌号、同轧制状态、同厚度，每批不超过40t,,,Y
HPT_SMP_CND,13,同炉号、同牌号、同轧制状态、同厚度，每批不超过50t,,,Y
HPT_SMP_CND,14,同炉号、同牌号、同轧制状态、同厚度，每批不超过60t,,,Y
HPT_SMP_CND,15,同炉号、同牌号、同轧制状态、同厚度，每批不超过60t;若单卷＞30吨，则可2卷组1批,,,Y
HPT_SMP_CND,16,同炉次、同牌号、同轧制状态、同厚度为1批，批重量≤50t时正常取1组样；批重量＞50t时增加1个拉伸样,,,Y
HPT_SMP_CND,17,每卷为1批,,,Y
HPT_SMP_CND,18,同炉号、同厚度、同宽度组成1批,,,Y
HPT_SMP_GRT_CD,A,性能试验+性能判定+质保书发行,,,Y
HPT_SMP_GRT_CD,B,性能试验+性能判定,,,Y
HPT_SMP_GRT_CD,C,性能试验+质保书发行,,,Y
HPT_SMP_GRT_CD,D,性能试验,,,Y
HPT_SMP_LTH_LOC,B,采取下部,,,Y
HPT_SMP_LTH_LOC,M,采取中间部分,,,Y
HPT_SMP_LTH_LOC,T,采取上部,,,Y
HPT_SMP_LTH_LOC,W,采取上部和下部,,,Y
HPT_SMP_LTH_LOC,X,采取上部和中间部分,,,Y
HPT_SMP_LTH_LOC,Y,采取上部和中间部分和下部,,,Y
HPT_SMP_SPCMN_DIR,L,长度方向采样,길이방향으로 시편채취,,Y
HPT_SMP_SPCMN_DIR,B,宽度方向采样,폭방향으로 시편채취,,Y
HPT_SMP_SPCMN_DIR,C,厚度方向采样,두께방향으로 시편채취,,Y
HPT_SMP_SPCMN_DIR,D,45˚方向采样,45방향으로 시편채취,,Y
HPT_SMP_SPCMN_DIR,E,30˚方向采样,30방향으로 시편채취,,Y
HPT_SMP_SPCMN_SZ,01,"长度 ≥250, 宽度 ≥35",,,Y
HPT_SMP_WTH_LOC,A,1/2W 部位,,,Y
HPT_SMP_WTH_LOC,C,1/4W 部位,,,Y
HPT_SMP_WTH_LOC,E,"Top 1/2W, Bottom 1/4W部位",,,Y
HPT_SMP_WTH_LOC,B,Edge 部位,,,Y
HPT_SMP_WTH_LOC,D,对角线的两角部位,,,Y
HPT_SMP_WTH_LOC,F,"Top 1/4W, Bottom 1/2W部位",,,Y
HRL_FINISH_MILL_TY,1111111,,,All Use,Y
HRL_FINISH_MILL_TY,1111110,,,F7 Dummy,Y
HRL_FINISH_YN,Y,热轧精整实施,열연정징지정,,Y
HRL_FINISH_YN,N,热轧精整不实施,열연정정미지정,,Y
HRM_RJT_POS,1,RM 入口,,RM Entry,Y
HRM_RJT_POS,2,,,RM,Y
HRM_RJT_POS,3,FM 入口(RM 出口),,FM Entry(RM Delivery),Y
HRM_RJT_POS,4,,,FM,Y
HRM_RJT_POS,5,FM 出口,,FM Delivery,Y
HRM_RJT_POS,6,,,DC,Y
HROLL_UNIT_CD,A,,,ALL,Y
HROLL_UNIT_CD,B,,,OTHER,Y
HR_ROLL_DGN_FL,A,,,ALL,Y
HR_ROLL_DGN_FL,C,,,CHUL,Y
HR_ROLL_DGN_FL,H,,,HYUN,Y
HTM_CH_DISCH_FL,C,,장입(装炉),Plate is charged into furnace,Y
HTM_CH_DISCH_FL,D,,추출(出炉),Plate is discharged out of furnace,Y
HTM_CH_DISCH_FL,Q,,급냉추출(急冷出炉),Plate is discharged out of quench,Y
HTM_CH_DISCH_FL,R,,,Reject,Y
HTM_MTH_CD,N,正火,,,Y
HTM_MTH_CD,T,回火,,,Y
HTM_MTH_CD,Q,淬火,,,Y
HTM_MTH_CD,H,正火 + 回火,,,Y
HTM_MTH_CD,A,退火,,,Y
HTM_NO,1,热处理炉号 #1,,,Y
HTM_NO,2,热处理炉号 #2,,,Y
HTM_NO,3,热处理炉号 #3,,,Y
HTM_NO,4,热处理炉号 #4,,,Y
HTM_WORK_TY,A,只正火,,,Y
HTM_WORK_TY,B,只回火,,,Y
HTM_WORK_TY,C,只淬火,,,Y
HTM_WORK_TY,D,淬火+回火,,,Y
HTM_WORK_TY,E,正火+回火,,,Y
HTM_WORK_TY,F,调质,,,Y
HTM_WORK_TY,G,挽救,,,Y
H_SLAB_THK,150,,,,Y
H_SLAB_THK,165,,,,Y
H_SLAB_THK,20,,,,Y
H_SLAB_WTH,150,,,,Y
H_SLAB_WTH,165,,,,Y
H_SLAB_WTH,1200,,,,Y
IMMS_MSU_AREA_CD,E1,,취련후 Imm 1차측정,"Arfer blowing, 1st Imm measuring",Y
IMMS_MSU_AREA_CD,E2,,취련후 Imm 2차측정,"Arfer blowing, 2nd Imm measuring",Y
IMMS_MSU_AREA_CD,E3,,취련후 Imm 3차측정,"Arfer blowing, 3rd Imm measuring",Y
IMMS_MSU_AREA_CD,R1,,재취련후 Imm 1차측정,"Arfer Re-blowing, 1st Imm measuring",Y
IMMS_MSU_AREA_CD,R2,,재취련후 Imm 2차측정,"Arfer Re-blowing, 2nd Imm measuring",Y
IMPACT_AVG_GRT_CD,A,性能试验+性能判定+质保书发行,,,Y
IMPACT_AVG_GRT_CD,B,性能试验+性能判定,,,Y
IMPACT_AVG_GRT_CD,C,性能试验+质保书发行,,,Y
IMPACT_AVG_GRT_CD,D,性能试验,,,Y
IMPACT_CREAK_CD,A,,,KV2,Y
IMPACT_CREAK_CD,B,,,KU2,Y
IMPACT_CREAK_CD,C,,,KV8,Y
IMPACT_CREAK_CD,D,,,KU8,Y
IMPACT_ENERGY_CD,V,V型,,,Y
IMPACT_ENERGY_CD,U,U型,,,Y
IMPACT_KIND,A,,,KU2,Y
IMPACT_KIND,B,,,KU8,Y
IMPACT_KIND,C,,,KV2,Y
IMPACT_KIND,D,,,KV8,Y
IMPACT_SF_RATIO_GRT_CD,A,性能试验+性能判定+质保书发行,,,Y
IMPACT_SF_RATIO_GRT_CD,B,性能试验+性能判定,,,Y
IMPACT_SF_RATIO_GRT_CD,C,性能试验+质保书发行,,,Y
IMPACT_SF_RATIO_GRT_CD,D,性能试验,,,Y
IMPACT_SMP_CND,11,同炉次、同牌号、同轧制状态、同厚度,,,Y
IMPACT_SMP_CND,12,同炉号、同牌号、同轧制状态、同厚度，每批不超过40t,,,Y
IMPACT_SMP_CND,13,同炉号、同牌号、同轧制状态、同厚度，每批不超过50t,,,Y
IMPACT_SMP_CND,14,同炉号、同牌号、同轧制状态、同厚度，每批不超过60t,,,Y
IMPACT_SMP_CND,15,同炉号、同牌号、同轧制状态、同厚度，每批不超过60t;若单卷＞30吨，则可2卷组1批,,,Y
IMPACT_SMP_CND,16,同炉次、同牌号、同轧制状态、同厚度为1批，批重量≤50t时正常取1组样；批重量＞50t时增加1个拉伸样,,,Y
IMPACT_SMP_CND,17,每卷为1批,,,Y
IMPACT_SMP_CND,18,同炉号、同厚度、同宽度组成1批,,,Y
IMPACT_SMP_LTH_LOC,B,采取下部,,,Y
IMPACT_SMP_LTH_LOC,M,采取中间部分,,,Y
IMPACT_SMP_LTH_LOC,T,采取上部,,,Y
IMPACT_SMP_LTH_LOC,W,采取上部和下部,,,Y
IMPACT_SMP_LTH_LOC,X,采取上部和中间部分,,,Y
IMPACT_SMP_LTH_LOC,Y,采取上部和中间部分和下部,,,Y
IMPACT_SMP_SPCMN_DIR,L,纵向Longitudinal,길이방향으로 시편채취,,Y
IMPACT_SMP_SPCMN_DIR,B,横向 Horizontal,폭방향으로 시편채취,,Y
IMPACT_SMP_SPCMN_DIR,C,厚度方向采样,두께방향으로 시편채취,,Y
IMPACT_SMP_SPCMN_DIR,D,45˚方向采样,45방향으로 시편채취,,Y
IMPACT_SMP_SPCMN_DIR,E,30˚方向采样,30방향으로 시편채취,,Y
IMPACT_SMP_SPCMN_NON_SZ,01,"长度 ≥250, 宽度 ≥35",,,Y
IMPACT_SMP_SPCMN_SZ,01,"长度 ≥250, 宽度 ≥35",,,Y
IMPACT_SMP_SZ,A,,,,Y
IMPACT_SMP_SZ,B,,,,Y
IMPACT_SMP_SZ,C,,,,Y
IMPACT_SMP_WTH_LOC,A,1/2W 部位,,,Y
IMPACT_SMP_WTH_LOC,C,1/4W 部位,,,Y
IMPACT_SMP_WTH_LOC,E,"Top 1/2W, Bottom 1/4W部位",,,Y
IMPACT_SMP_WTH_LOC,B,Edge 部位,,,Y
IMPACT_SMP_WTH_LOC,D,对角线的两角部位,,,Y
IMPACT_SMP_WTH_LOC,F,"Top 1/4W, Bottom 1/2W部位",,,Y
IMPACT_TEMP,A,冲击测试温度,,,Y
IMPACT_TEMP,B,,,,Y
IMPACT_TEMP,C,,,,Y
IMPACT_TEMP,D,,,,Y
IMPACT_TEMP,E,,,,Y
IMPACT_TEMP,F,,,,Y
IMPORT_COUNT,行数1,,,,Y
IMPORT_TYPE_LOV,PRICE,物料价格,,,Y
IMPORT_TYPE_LOV,EXPENSE,固定费用,,,Y
IMPORT_TYPE_LOV,INV,期初库存,,,Y
INCMP_STEEL_GRD,Q235B,,,Q235B,Y
INCMP_STEEL_GRD,Q345B,,,Q345B,Y
INDICATOR_SOURCE,01,实时值,,,Y
INDICATOR_SOURCE,05,每小时,,,Y
INDICATOR_SOURCE,02,累计值,,,Y
INDICATOR_SOURCE,11,每班次,,,Y
INDICATOR_SOURCE,08,日计划,,,Y
INDICATOR_SOURCE,07,日实际修正前,,,Y
INDICATOR_SOURCE,06,日实际,,,Y
INDICATOR_SOURCE,03,月计划,,,Y
INDICATOR_SOURCE,10,月实际修正前,,,Y
INDICATOR_SOURCE,09,月累计,,,Y
INDICATOR_SOURCE,04,年计划,,,Y
INF_ATTR_TY,E,,,Element,Y
INF_ATTR_TY,G,,,Group,Y
INF_ATTR_TY,GE,,,Group Element,Y
INF_SR_TY,S,,,Send,Y
INF_SR_TY,R,,,Receive,Y
INF_TC_STS,R,,,Register,Y
INF_TC_STS,C,,,Prog. Called,Y
INF_TC_STS,E,,,Error,Y
INF_TC_STS,S,,,Success,Y
INPUT_AREA_CD,A00,,장입,Charging,Y
INPUT_AREA_CD,A01,,취련1,Blowing1,Y
INPUT_AREA_CD,A02,,취련2,Blowing2,Y
INPUT_AREA_CD,A03,,취련3,Blowing3,Y
INPUT_AREA_CD,A04,,취련4,Blowing4,Y
INPUT_AREA_CD,A05,,취련5,Blowing5,Y
INPUT_AREA_CD,A06,,취련6,Blowing6,Y
INPUT_AREA_CD,A07,,취련7,Blowing7,Y
INPUT_AREA_CD,A08,,취련8,Blowing8,Y
INPUT_AREA_CD,A09,,산화9,Blowing9,Y
INPUT_AREA_CD,A10,,산화10,Oxidation10,Y
INPUT_AREA_CD,A11,,산화11,Oxidation11,Y
INPUT_AREA_CD,A12,,산화12,Oxidation12,Y
INPUT_AREA_CD,A13,,산화13,Oxidation13,Y
INPUT_AREA_CD,A14,,산화14,Oxidation14,Y
INPUT_AREA_CD,A15,,산화15,Oxidation15,Y
INPUT_AREA_CD,C01,,연주도착,C. Casting Arrival,Y
INPUT_AREA_CD,C02,,Ladle개시,Ladle Open Start,Y
INPUT_AREA_CD,C03,,Ladle완료,Ladle Open End,Y
INPUT_AREA_CD,C04,,주편인출,Cut Slab Drawing,Y
INPUT_AREA_CD,I1,,예비처리 Injection투입,Preparation Process - Injection Input,Y
INPUT_AREA_CD,I2,,"BAP,LF정련 Injection투입 2차","WF,LF 2nd Injection Input",Y
INPUT_AREA_CD,I3,,"BAP,LF정련 Injection투입 3차","WF,LF 3rd Injection Input",Y
INPUT_AREA_CD,I4,,"BAP,LF정련 Injection투입 4차","WF,LF 4th Injection Input",Y
INPUT_AREA_CD,I5,,"BAP,LF정련 Injection투입 5차","WF,LF 5th Injection Input",Y
INPUT_AREA_CD,I6,,"BAP,LF정련 Injection투입 6차","WF,LF 6th Injection Input",Y
INPUT_AREA_CD,J1,,전로투입(용선장입전),Input at BOF(Before Charging),Y
INPUT_AREA_CD,J2,,전로투입(취련개시전),Input at BOF(Before Blwoing Start),Y
INPUT_AREA_CD,J3,,전로투입(취련종료전),Input at BOF(Before Blwoing End),Y
INPUT_AREA_CD,J4,,전로투입(출강개시전),Input at BOF(Before Tapping),Y
INPUT_AREA_CD,RI1,,,Rinsing1,Y
INPUT_AREA_CD,RI2,,,Rinsing2,Y
INPUT_AREA_CD,RI3,,,Rinsing3,Y
INPUT_AREA_CD,RI4,,,Rinsing4,Y
INPUT_AREA_CD,S01,,,De-Slagging,Y
INPUT_AREA_CD,T1,,예비처리 TopCharging투입,Preparation Process - TopCharging,Y
INPUT_AREA_CD,TAP,,출강,Tapping,Y
INQ_ACCEPT_RSLT,P,,,Possible,Y
INQ_ACCEPT_RSLT,PR,,,Possible with Restriction,Y
INQ_ACCEPT_RSLT,NP,,,Not Possible,Y
INQ_ACCEPT_RSLT,IC,,,Incomplete Data,Y
INQ_CATE_CD,AP,,,API,Y
INQ_CATE_CD,PE,,,Peritectic,Y
INQ_CATE_CD,UL,,,Ultra Low Carbon,Y
INQ_CATE_CD,HS,,,HSLA or Alloyed Steel,Y
INQ_CATE_CD,LC,,,Low Carbon,Y
INQ_CATE_CD,MC,,,Medium Carbon,Y
INQ_CATE_CD,HC,,,High Carbon,Y
INQ_FL,Y,,,Yes,Y
INQ_FL,N,,,No,Y
INQ_REVIEW_RSLT_FL,Y,,생산가능,,Y
INQ_REVIEW_RSLT_FL,N,,생산불가,,Y
INQ_REVIEW_RSLT_FL,P,,조정 후 생산가능,,Y
INQ_REVIEW_RSLT_FL_TOT,Y,通过,,,Y
INQ_REVIEW_RSLT_FL_TOT,N,不通过,,,Y
INQ_STS_CD,A,询单受理登记,,,Y
INQ_STS_CD,B,询单接收完毕,,,Y
INQ_STS_CD,Z,询单完毕,,,Y
INQ_TP,1,,예정지시,Preschedule Production Instruction,Y
INQ_TP,2,,확정지시,On Working Production Instruction,Y
INSP_AGENCY_CD,CSP,,,CSP,Y
INSP_AGENCY_CD,ABS,,,ABS,Y
INSP_AGENCY_CD,BV,,,BV,Y
INSP_AGENCY_CD,CCS,,,CCS,Y
INSP_AGENCY_CD,DNV,,,DNV,Y
INSP_AGENCY_CD,IBQN,,,IBQN,Y
INSP_AGENCY_CD,KR,,,KR,Y
INSP_AGENCY_CD,LR,,,LR,Y
INSP_AGENCY_CD,NK,,,NK,Y
INSP_AGENCY_CD,RINA,,,RINA,Y
INSP_AGENCY_CD,TUV,,,TUV,Y
INSP_AGENCY_TY,A,非船级协会检查(1个机构),,,Y
INSP_AGENCY_TY,B,船级协会检查(1个机构),,,Y
INSP_AGENCY_TY,C,船级协会检查(2个机构),,,Y
INSP_AGENCY_TY,D,非船级协会(1个机构)及船级协会(1个机构)检查,,,Y
INSP_AGENCY_TY,E,船级协会检查(3个机构),,,Y
INSP_AGENCY_TY,G,非船级协会检查(2个机构),,,Y
INSP_STS,INSP_REQUEST,,,RM Inspection Request,Y
INSP_STS,INSP_RSLT_RECEIVING,,,Receiving RM Inspection Result,Y
INSP_STS,INSP_COMPLETE,,,RM Inspection Complete,Y
INST_STS,I,,,INST,Y
INST_STS,C,,,CANCER,Y
INST_STS,E,,,END,Y
INST_STS,P,,,PROCESS,Y
INST_YN,0,未确认,,,Y
INST_YN,1,已确认,,,Y
INVENTORY_CD,JH,焦化库,,,Y
INVENTORY_CD,LT,炼铁库,,,Y
INVENTORY_CD,LG,炼钢库,,,Y
INVENTORY_CD,RZ,热轧库,,,Y
INVENTORY_CD,LZ,冷轧库,,,Y
INVENTORY_CD,HB,厚板库,,,Y
INVENTORY_CD,LJ,炉卷库,,,Y
INVENTORY_CODE_B2010,COST01,成本虚拟库,,,Y
INVOICE_MODE,1,,1표결산(운송비포함),1 Invoice (Total Price -> Products Price And Transfer Price),Y
INVOICE_MODE,2,,"2표결산(제품가격), 운송비는 재무에서 처리","2 Invoice (Products Price ,  Transfer Price)",Y
INVOICE_MODE,3,3无运费,,3 no  Transfer Price,Y
INVOICE_SALE_TY,P,,,Product,Y
INVOICE_SALE_TY,B,,,By Product,Y
INVOICE_SOURCE,D,,,Dispatch Order,Y
INVOICE_SOURCE,R,,,Return Order,Y
INVOICE_STS,A,,,Created Invoice,Y
INVOICE_STS,B,,,Interfaced Invoice,Y
INVOICE_STS,Z,,,Cancelled Invoice,Y
INVOICE_TRACT_TY,DS,10国内产品销售,,,Y
INVOICE_TRACT_TY,DR,10国内产品红冲,,,Y
INVOICE_TRACT_TY,FS,11国外产品销售,,,Y
INVOICE_TRACT_TY,FR,11国外产品红冲,,,Y
INVOICE_TRACT_TY,BS,12副产品销售,,,Y
INVOICE_TRACT_TY,BR,12副产品红冲,,,Y
INVOICE_TRACT_TY,SS,13半成品销售,,,Y
INVOICE_TRACT_TY,SR,13半成品红冲,,,Y
INVOICE_TRACT_TY,MS,14材料销售,,,Y
INVOICE_TRACT_TY,MR,14材料销售红冲,,,Y
INVOICE_TRACT_TY,PS,23加工费发票,,,Y
INVOICE_TRACT_TY,PR,23加工费红冲,,,Y
INVOICE_TRACT_TY,CS,15化产品销售,,,Y
INVOICE_TRACT_TY,CR,15化产品红冲,,,Y
INVOICE_TRACT_TY,LR,95自产材红冲,,,Y
INVOICE_TRACT_TY,LS,95自产材销售,,,Y
INVOICE_TRACT_TY,DA,16国内产品差价,,,Y
IRON_RATE,IRON_RATE,,,,Y
IR_CHE_DATA_FILE_TY,02,烧结,,Sinter,Y
IR_CHE_DATA_FILE_TY,03,球团,,Pellet,Y
IR_CHE_DATA_FILE_TY,04,焦化,,Coke,Y
IR_CHE_DATA_FILE_TY,05,高炉,,B/F,Y
IR_CHE_DATA_FILE_TY,06,铸铁,,Cold Iron,Y
IR_CHE_DEST_NAM,AF,,,AF,Y
IR_CHE_DEST_NAM,AK,,,AK,Y
IR_CHE_DEST_NAM,AG,,,AG,Y
IR_CHE_DEST_NAM,AA,,,AA,Y
IR_CHE_DEST_NAM,AP,,,AP,Y
IR_CHE_FRMAT_TY,11,,,Sinter New Material(Main),Y
IR_CHE_FRMAT_TY,12,,,Sinter New Material(Sub),Y
IR_CHE_FRMAT_TY,20,,,Sinter New Material(Return Ore),Y
IR_CHE_FRMAT_TY,30,,,Sinter Fuel Material,Y
IR_CHE_FRMAT_TY,A,,,BF Ore,Y
IR_CHE_FRMAT_TY,C,,,BF Sub Ore,Y
IR_CHE_FRMAT_TY,D,,,BF Coal,Y
IR_CHE_FRMAT_TY,E,,,BF Coke,Y
IR_CHE_IMPT_ISS_TY,I,抓料机,,Entry,Y
IR_CHE_IMPT_ISS_TY,O,卸料机,,Exit,Y
IR_CHE_IO_TY,I,投入量,,input,Y
IR_CHE_IO_TY,O,产出量,,output,Y
IR_CHE_YRD_ACCU_RMAT_TY,1,,,Iron Ore,Y
IR_CHE_YRD_ACCU_RMAT_TY,2,,,Coal,Y
IR_YRD_PILE_SHP_TY,1,,미불출 형태,,Y
IR_YRD_PILE_SHP_TY,2,,양방향불출 형태,,Y
IR_YRD_PILE_SHP_TY,3,,북방향불출 형태,,Y
IR_YRD_PILE_SHP_TY,4,,남방향불출 형태,,Y
IR_YRD_PILE_SHP_TY,5,,소형Pile(10m이하),,Y
IR_YRD_PILE_SHP_TY,6,,잔량,,Y
IR_YRD_PILE_SHP_TY,A,,신규,,Y
IR_YRD_PILE_SHP_TY,B,,왼쪽 불출,,Y
IR_YRD_PILE_SHP_TY,C,,오른쪽 불출,,Y
IR_YRD_PILE_SHP_TY,D,,양쪽 불출,,Y
IR_YRD_PILE_SHP_TY,E,,원형(잔탄),,Y
ISCUSTOMER,1,客户,,,Y
ISCUSTOMER,0,非客户,,,Y
IS_END,Y,已结束,,,Y
IS_END,N,未结束,,,Y
IS_IS,1,是,,,Y
IS_IS,0,否,,,Y
IS_PK,Y,是,,,Y
IS_PK,N,否,,,Y
IS_SEARCH,Y,是,,,Y
IS_SEARCH,N,否,,,Y
IS_SHOW,Y,是,,,Y
IS_SHOW,N,否,,,Y
IS_YN,Y,是,,,Y
IS_YN,N,否,,,Y
ITEM_FL,D,,,Database,Y
ITEM_FL,L,,,Label,Y
ITEM_HIDDEN_LOV,01,单耗单价总耗显示空,,,Y
ITEM_HIDDEN_LOV,02,单耗单价显示空,,,Y
ITEM_KIND,P,,,Planning Item,Y
ITEM_KIND,A,,,Actual Item,Y
ITEM_LTY,001,普板,,,Y
ITEM_LTY,002,碳结板,,,Y
ITEM_LTY,003,低合金板,,,Y
ITEM_LTY,004,弹簧钢板,,,Y
ITEM_LTY,005,炉壳钢板,,,Y
ITEM_LTY,006,耐磨钢板,,,Y
ITEM_LTY,007,耐热钢板,,,Y
ITEM_LTY,008,耐候钢板,,,Y
ITEM_LTY,009,容器钢板,,,Y
ITEM_LTY,010,花纹板,,,Y
ITEM_LTY,011,镀锌板,,,Y
ITEM_LTY,012,彩板,,,Y
ITEM_LTY,013,冷轧板,,,Y
ITEM_LTY,014,钢格板,,,Y
ITEM_LTY,015,其他钢板,,,Y
ITEM_MTY,72601,辅助材料.自产自用材.钢板钢带,,,Y
ITEM_SPEC,G1A01,球团,,Pellet,Y
ITEM_SPEC,G1B01,烧结,소결,,Y
ITEM_SPEC,G1C01,铁水,용선,,Y
ITEM_SPEC,G1D01,冷铁,냉선,,Y
ITEM_SPEC,G2A01,焦炭,코크스,,Y
ITEM_SPEC,G7A01,液氧,액체산소,,Y
ITEM_SPEC,G7B01,气态氧,기체산소,,Y
ITEM_SPEC,G7C01,液氮,액체질소,,Y
ITEM_SPEC,G8A01,烧结返矿,고로공정발생소결반광,,Y
ITEM_SPEC,G8B01,焦油,타르,,Y
ITEM_SPEC,G8B02,无水氨-不含蒸氨浓氨水,무수암모니아(증류암모니아불포함),,Y
ITEM_SPEC,G8B03,无水氨-含蒸氨浓氨水,무수암모니아(증류암모니아포함),,Y
ITEM_SPEC,G8B04,粗苯,조벤젠,,Y
ITEM_SPEC,G8B05,硫磺,유황,,Y
ITEM_SPEC,G8B06,焦油渣,타르유찌꺼기,,Y
ITEM_SPEC,G8B07,凝结水回收,회수응축수,,Y
ITEM_SPEC,G8B08,焦化产焦丁,소형코크스,,Y
ITEM_SPEC,G8B09,高炉产焦丁,고로회수코크스,,Y
ITEM_SPEC,G8C01,氧化铁皮,산화 스케일,,Y
ITEM_SPEC,G8C02,厚板氧化铁皮,후판산화스케일,,Y
ITEM_SPEC,G8C03,炉卷氧化铁皮,Skectel산화스케일,,Y
ITEM_SPEC,G8C04,连铸氧化铁皮,연주산화스케일,,Y
ITEM_SPEC,G8C05,热轧氧化铁皮,열연산화스케일,,Y
ITEM_SPEC,G8C06,冷轧氧化铁球,냉연산세산화스케일(냉연 산화철),,Y
ITEM_SPEC,G8D01,锌,아연,,Y
ITEM_SPEC,G8D02,镍,니켈,,Y
ITEM_SPEC,G8D03,铅锡,납-주석,,Y
ITEM_SPEC,G8D04,锡,주석,,Y
ITEM_SPEC,G8D05,铁,철,,Y
ITEM_SPEC,G8E01,热轧普通钢,열연일반강,,Y
ITEM_SPEC,G8E02,冷轧普通钢,냉연일반강,,Y
ITEM_SPEC,G8E03,热轧特殊钢,열연특수강,,Y
ITEM_SPEC,G8E04,冷轧特殊钢,냉연특수강,,Y
ITEM_SPEC,G8F01,板普通钢,판특수강,,Y
ITEM_SPEC,G8F02,板特殊钢,판특수강,,Y
ITEM_SPEC,G8G01,锌渣,재생아연,,Y
ITEM_SPEC,G8H01,生石灰,생석회,,Y
ITEM_SPEC,G8J01,一般焦炭,분,,Y
ITEM_SPEC,G8K01,转炉渣,전로 슬래그A,,Y
ITEM_SPEC,G8L01,尘,먼지,,Y
ITEM_SPEC,G8L02,高炉EP尘,고로 EP 먼지,,Y
ITEM_SPEC,G8L03,高炉旋风除尘尘,고로 먼지,,Y
ITEM_SPEC,G8L04,高炉干法除尘尘,고로 건식 먼지,,Y
ITEM_SPEC,G8L05,高炉CokeBin EP 尘,고로CokeBin EP 먼지,,Y
ITEM_SPEC,G8L06,烧结机头除尘灰,소결 먼지,,Y
ITEM_SPEC,G8L07,备煤除尘灰,코크스석탄준비공정 발생 먼지,,Y
ITEM_SPEC,G8L08,炼焦除尘灰,코킹,,Y
ITEM_SPEC,G8L09,干熄焦除尘灰-微颗粒,CDQ미세입자,,Y
ITEM_SPEC,G8L10,干熄焦除尘灰-中小颗粒,CDQ중소입자,,Y
ITEM_SPEC,G8L11,炼钢一次除尘灰,제강EP 먼지,,Y
ITEM_SPEC,G8M01,水渣,용선슬래그(냉선-소),,Y
ITEM_SPEC,G8M02,干渣,용선슬래그(냉선-대),,Y
ITEM_SPEC,G8M03,碎铁,용선슬래그(괴),,Y
ITEM_SPEC,G9A01,连铸渣钢,연주공정발생,,Y
ITEM_SPEC,G9A02,转炉渣钢,전로공정발생,,Y
ITEM_SPEC,G9A03,铸机浇余,연주공정발생잔탕,,Y
ITEM_SPEC,G9B01,回收钢,회수고철,,Y
ITEM_SPEC,G9B02,制造品废钢,제조품고철,,Y
ITEM_SPEC,G9B03,炉卷板头,Steckel절단고철A,,Y
ITEM_SPEC,G9B04,炉卷板边,Steckel절단고철B,,Y
ITEM_SPEC,G9B05,宽厚板板头,후판절단고철A,,Y
ITEM_SPEC,G9B06,宽厚板板边,후판절단고철B,,Y
ITEM_SPEC,G9B07,厚板复合制坯铁皮,후판용접스케일,,Y
ITEM_SPEC,G9B08,厚板精整铁皮,후판정정스케일,,Y
ITEM_SPEC,G9B09,复合制坯切割屑,스크랩고철,,Y
ITEM_SPEC,G9B10,冷轧镀锌,아연도금고철,,Y
ITEM_SPEC,G9B11,冷轧边丝,냉연고철,,Y
ITEM_SPEC,G9B12,冷轧炼钢用废钢,냉연제강용고철,,Y
ITEM_SPEC,G9B13,炼钢自产废钢,제강고철,,Y
ITEM_SPEC,G9B14,热轧废钢,열연고철,,Y
ITEM_SPEC,G9B15,冷却剂,냉각제,,Y
ITEM_SPEC,G9B16,铸坯精整渣,연주주편정정스크랩,,Y
ITEM_SPEC,G9B17,中厚板切割渣,중후판절단찌꺼기,,Y
ITEM_SPEC,G7A02,二级除盐水,,,Y
ITEM_SPEC,G7A03,纯水,,,Y
ITEM_SPEC,G7A04,中水,,,Y
ITEM_SPEC,G7A05,热水,,,Y
ITEM_SPEC,G7C02,焦炉煤气,,,Y
ITEM_SPEC,G7C03,转炉煤气,,,Y
ITEM_SPEC,G7C04,液化天然气(焦化产),,,Y
ITEM_SPEC,G7C05,高压蒸汽,,,Y
ITEM_SPEC,G7C06,中压蒸汽,,,Y
ITEM_SPEC,G7C07,低压蒸汽,,,Y
ITEM_SPEC,G8A02,高炉工序返焦粉,,Dross.Iron Making,Y
ITEM_SPEC,G8A03,高炉产焦丁,,Dross.Iron Making,Y
ITEM_SPEC,G8A04,喷吹煤 (PCI),,Dross.Iron Making,Y
ITEM_SPEC,G8C07,冷轧氧化铁皮,,Dross.Oxidizing Scale,Y
ITEM_SPEC,G8E05,冷轧退火普通钢废卷,,Dross.Waste Roll,Y
ITEM_SPEC,G8E06,冷轧镀锌普通钢废卷,,Dross.Waste Roll,Y
ITEM_SPEC,G8E07,冷轧酸洗特殊钢废卷,,Dross.Waste Roll,Y
ITEM_SPEC,G8E08,冷轧冷硬特殊钢废卷,,Dross.Waste Roll,Y
ITEM_SPEC,G8E09,冷轧退火特殊钢废卷,,Dross.Waste Roll,Y
ITEM_SPEC,G8E10,冷轧镀锌特殊钢废卷,,Dross.Waste Roll,Y
ITEM_SPEC,G8E11,热连轧废卷,,,Y
ITEM_SPEC,G8E12,冷轧酸洗废卷,,,Y
ITEM_SPEC,G8E13,冷轧冷硬废卷,,,Y
ITEM_SPEC,G8E14,冷轧退火废卷,,,Y
ITEM_SPEC,G8E15,冷轧镀锌废卷,,,Y
ITEM_SPEC,G8F03,炉卷普通钢废板,,Dross.Waste Plate,Y
ITEM_SPEC,G8F04,炉卷特殊钢废板,,Dross.Waste Plate,Y
ITEM_SPEC,G8F05,厚板废板,,,Y
ITEM_SPEC,G8F06,厚板热处理废板,,,Y
ITEM_SPEC,G8F07,炉卷废板,,,Y
ITEM_SPEC,G8F08,炉卷热处理废板,,,Y
ITEM_SPEC,G8F09,炉卷中间废品,,,Y
ITEM_SPEC,G8F10,炉卷普通钢中间废品,,,Y
ITEM_SPEC,G8F11,炉卷特殊钢中间废品,,,Y
ITEM_SPEC,G8F12,厚板中间废品,,,Y
ITEM_SPEC,G8F13,厚板普通钢中间废品,,,Y
ITEM_SPEC,G8F14,厚板特殊钢中间废品,,,Y
ITEM_SPEC,G8F15,热连轧中间废板,,,Y
ITEM_SPEC,G8F16,热连轧普通钢中间废板,,,Y
ITEM_SPEC,G8F17,热连轧特殊钢中间废板,,,Y
ITEM_SPEC,G8N01,连铸头尾坯,,,Y
ITEM_SPEC,G8N02,连铸废坯,,,Y
ITEM_SPEC,G9B18,炉卷切割渣,,Base Metal/Scrap.CarbonSteel Scrap,Y
ITEM_SPEC,G9B19,冷轧酸洗外卖边丝,,Base Metal/Scrap.CarbonSteel Scrap,Y
ITEM_SPEC,G9B20,冷轧冷硬板盒板,,Base Metal/Scrap.CarbonSteel Scrap,Y
ITEM_SPEC,G9B21,厚板板尾,,,Y
ITEM_SPEC,G9B22,炉卷板尾,,,Y
ITEM_SPEC,G9B23,冷轧镀锌边丝,,,Y
ITEM_SPEC,G9B24,冷轧镀锌取样板,,,Y
ITEM_SPEC,RAA01,高铁低铝（高硅）,,Iron Ore.Fine,Y
ITEM_SPEC,RAA02,高铁低铝（低硅）,,Iron Ore.Fine,Y
ITEM_SPEC,RAA03,高铁高铝,,Iron Ore.Fine,Y
ITEM_SPEC,RAA04,低铁低铝,,Iron Ore.Fine,Y
ITEM_SPEC,RAA05,低铁高铝,,Iron Ore.Fine,Y
ITEM_SPEC,RAA06,低铁,,Iron Ore.Fine,Y
ITEM_SPEC,RAB01,铁矿ROM,,Iron Ore.Lump,Y
ITEM_SPEC,RAB02,低铁块矿,,Iron Ore.Lump,Y
ITEM_SPEC,RAC01,标准,,Iron Ore.Pellet,Y
ITEM_SPEC,RAC02,高强度,,Iron Ore.Pellet,Y
ITEM_SPEC,RAC03,国内球团矿,,Iron Ore.Pellet,Y
ITEM_SPEC,RAD01,国内铁精粉,,Iron Ore.Iron Powder,Y
ITEM_SPEC,RAD02,进口铁精粉,,Iron Ore.Iron Powder,Y
ITEM_SPEC,RAE01,赤铁粉,,Iron Ore.Hematite Powder,Y
ITEM_SPEC,RBA01,国内焦煤,,,Y
ITEM_SPEC,RBA02,进口焦煤,,,Y
ITEM_SPEC,RBA03,肥煤,,,Y
ITEM_SPEC,RBA04,气煤,,,Y
ITEM_SPEC,RBA05,瘦煤,,,Y
ITEM_SPEC,RBA06,气肥煤,,,Y
ITEM_SPEC,RBA07,1/3焦煤,,,Y
ITEM_SPEC,RBA08,高硫焦煤,,,Y
ITEM_SPEC,RBA09,高硫肥煤,,,Y
ITEM_SPEC,RBA10,贫瘦煤,,,Y
ITEM_SPEC,RBA11,其它炼焦煤,,,Y
ITEM_SPEC,RBB01,喷吹无烟煤,,,Y
ITEM_SPEC,RBB02,喷吹贫瘦煤,,,Y
ITEM_SPEC,RBB03,喷吹烟煤,,,Y
ITEM_SPEC,RBC01,烧结无烟煤,,,Y
ITEM_SPEC,RBD01,高硫原煤,,,Y
ITEM_SPEC,RBD02,低硫原煤,,,Y
ITEM_SPEC,RBE01,冶金焦,,,Y
ITEM_SPEC,RBE02,焦粉,,,Y
ITEM_SPEC,RCA01,中块,,Minerals.Dolomite,Y
ITEM_SPEC,RCA02,小块,,Minerals.Dolomite,Y
ITEM_SPEC,RCA03,轻烧,,Minerals.Dolomite,Y
ITEM_SPEC,RCA04,炼铁粉,,Minerals.Dolomite,Y
ITEM_SPEC,RCB01,块,,Minerals.Fluorite,Y
ITEM_SPEC,RCB02,煤饼,,Minerals.Fluorite,Y
ITEM_SPEC,RCB03,精炼用萤石,,Minerals.Fluorite,Y
ITEM_SPEC,RCC01,块,,Minerals.Silica,Y
ITEM_SPEC,RCC02,粉,,Minerals.Silica,Y
ITEM_SPEC,RCD01,中块,,Minerals.Limestone,Y
ITEM_SPEC,RCD02,小块,,Minerals.Limestone,Y
ITEM_SPEC,RCD03,高品位小块,,Minerals.Limestone,Y
ITEM_SPEC,RCD04,粉,,Minerals.Limestone,Y
ITEM_SPEC,RCD05,高品位粉,,Minerals.Limestone,Y
ITEM_SPEC,RCD06,高品位中块,,Minerals.Limestone,Y
ITEM_SPEC,RCD07,炼铁粉,,Minerals.Limestone,Y
ITEM_SPEC,RCD08,生石灰,,Minerals.Limestone,Y
ITEM_SPEC,RCD09,炼钢生石灰,,Minerals.Limestone,Y
ITEM_SPEC,RCD10,炼铁生石灰,,Minerals.Limestone,Y
ITEM_SPEC,RCD11,炼铁高品位生石灰,,Minerals.Limestone,Y
ITEM_SPEC,RCD12,精炼生石灰,,Minerals.Limestone,Y
ITEM_SPEC,RCD13,烧结生石灰,,Minerals.Limestone,Y
ITEM_SPEC,RCE01,块矿,,Minerals.Mangan Ore,Y
ITEM_SPEC,RCE02,粉矿,,Minerals.Mangan Ore,Y
ITEM_SPEC,RCF01,块矿,,Minerals.Nickel ore,Y
ITEM_SPEC,RCG01,块矿,,Minerals.Serpentine,Y
ITEM_SPEC,RCG02,粉矿,,Minerals.Serpentine,Y
ITEM_SPEC,RCH01,块矿,,Minerals.Titanium Ore,Y
ITEM_SPEC,RCJ01,粉,,Minerals.bentonite,Y
ITEM_SPEC,RCK01,块矿,,,Y
ITEM_SPEC,RDA01,高级钢,,Metallics.Scrap,Y
ITEM_SPEC,RDA02,低级钢,,Metallics.Scrap,Y
ITEM_SPEC,RDA03,钢罐,,Metallics.Scrap,Y
ITEM_SPEC,RDA04,直接还原铁,,Metallics.Scrap,Y
ITEM_SPEC,RDZ01,氧化铁皮,,Metallics.etc.,Y
ITEM_SPEC,REA01,锰硅合金FeMn68Si18,,,Y
ITEM_SPEC,REA02,低磷低碳锰硅合金FeMn70Si16,,,Y
ITEM_SPEC,REA03,低磷低碳锰硅合金FeMn68Si16,,,Y
ITEM_SPEC,REA04,锰硅包芯线,,,Y
ITEM_SPEC,REB01,硅铁FeSi75-B,,,Y
ITEM_SPEC,REB02,硅铁FeSi75-A,,,Y
ITEM_SPEC,REB03,硅铁包芯线,,,Y
ITEM_SPEC,REC01,高碳锰铁FeMn68,,,Y
ITEM_SPEC,REC02,中碳锰铁FeMn78C2.0,,,Y
ITEM_SPEC,REC03,低磷中碳锰铁FeMn78C2.0 SiⅠ,,,Y
ITEM_SPEC,REC04,铝锰铁,,,Y
ITEM_SPEC,REZ01,钼铁FeMo60-B,,,Y
ITEM_SPEC,REZ02,钒铁FeV50-A,,,Y
ITEM_SPEC,REZ03,钒氮合金VN16,,,Y
ITEM_SPEC,REZ04,钒氮合金VN12,,,Y
ITEM_SPEC,REZ05,铌铁 FeNb60-B,,,Y
ITEM_SPEC,REZ06,铌砂 FeNb60-B,,,Y
ITEM_SPEC,REZ07,低碳铬铁FeCr55C0.25CrⅡSiⅡPⅠSⅡ,,,Y
ITEM_SPEC,REZ08,中碳铬铁FeCr55C1.0,,,Y
ITEM_SPEC,REZ09,中碳铬铁FeCr55C2.0,,,Y
ITEM_SPEC,REZ10,高碳铬铁FeCr55C10.0CrⅡSiⅡPⅠSⅠ,,,Y
ITEM_SPEC,REZ11,金属锰JMn97-B,,,Y
ITEM_SPEC,REZ12,阴极铜Cu-CATH-2,,,Y
ITEM_SPEC,REZ13,硼铁FeB18C0.5-A,,,Y
ITEM_SPEC,REZ14,电解镍Ni9996,,,Y
ITEM_SPEC,REZ15,钛铁FeTi30-A,,,Y
ITEM_SPEC,REZ16,钛铁FeTi30-B,,,Y
ITEM_SPEC,REZ17,钛铁FeTi70-A,,,Y
ITEM_SPEC,REZ18,磷铁FeP24,,,Y
ITEM_SPEC,REZ19,铜粒T3,,,Y
ITEM_SPEC,RFA01,铸块,,Non Ferro Metals.Aluminium,Y
ITEM_SPEC,RFA02,球团,,Non Ferro Metals.Aluminium,Y
ITEM_SPEC,RFA03,小球团（铝粒）,,Non Ferro Metals.Aluminium,Y
ITEM_SPEC,RFA04,线（铝线）,,Non Ferro Metals.Aluminium,Y
ITEM_SPEC,RFA05,条,,Non Ferro Metals.Aluminium,Y
ITEM_SPEC,RFB01,普通锌,,Non Ferro Metals.Zinc,Y
ITEM_SPEC,RFB02,组合锌,,Non Ferro Metals.Zinc,Y
ITEM_SPEC,RFB03,再生锌,,Non Ferro Metals.Zinc,Y
ITEM_SPEC,RFB04,合金锌,,Non Ferro Metals.Zinc,Y
ITEM_SPEC,RFB05,锌球,,Non Ferro Metals.Zinc,Y
ITEM_SPEC,RFB06,热镀锌用锌合金锭,,Non Ferro Metals.Zinc,Y
ITEM_SPEC,RFB07,热镀锌用锌调整锭,,Non Ferro Metals.Zinc,Y
ITEM_SPEC,RFC01,线,,Non Ferro Metals.Wire,Y
ITEM_SPEC,RFC02,纯钙包芯线,,Non Ferro Metals.Wire,Y
ITEM_SPEC,RFC03,钛铁包芯线,,Non Ferro Metals.Wire,Y
ITEM_SPEC,RFZ01,其它,,Non Ferro Metals.etc.,Y
ITEM_SPEC,RGA01,增碳剂,,Other Raw Materials.Recarburizer,Y
ITEM_SPEC,RGA02,石墨转,,Other Raw Materials.Recarburizer,Y
ITEM_SPEC,RGA03,碳包芯线,,Other Raw Materials.Recarburizer,Y
ITEM_SPEC,RGB01,氧化钙（高品级）,,Other Raw Materials.Desulfurization,Y
ITEM_SPEC,RGB02,氧化钙,,Other Raw Materials.Desulfurization,Y
ITEM_SPEC,RGB03,碳酸钙,,Other Raw Materials.Desulfurization,Y
ITEM_SPEC,RGB04,纯碱脱硫剂,,Other Raw Materials.Desulfurization,Y
ITEM_SPEC,RGB05,镁脱硫剂,,Other Raw Materials.Desulfurization,Y
ITEM_SPEC,RGC01,脱磷剂,,Other Raw Materials.Dephosphorizing,Y
ITEM_SPEC,RGD01,镇定剂,,Other Raw Materials.Flux,Y
ITEM_SPEC,RGD02,凝结剂,,Other Raw Materials.Flux,Y
ITEM_SPEC,RGD03,脱氧剂,,Other Raw Materials.Flux,Y
ITEM_SPEC,RGD04,泡沫扎抑制剂,,Other Raw Materials.Flux,Y
ITEM_SPEC,RGD05,氧化铝,,Other Raw Materials.Flux,Y
ITEM_SPEC,RGD06,高碱溶剂,,Other Raw Materials.Flux,Y
ITEM_SPEC,RGD07,造渣剂,,Other Raw Materials.Flux,Y
ITEM_SPEC,RGD08,碳化稻壳,,Other Raw Materials.Flux,Y
ITEM_SPEC,RGD09,碳镁球,,Other Raw Materials.Flux,Y
ITEM_SPEC,RGE01,表面处理剂,,Other Raw Materials.Post Treatment,Y
ITEM_SPEC,RGF01,涂层剂,,Other Raw Materials.Coating,Y
ITEM_SPEC,RDA07,,,test3,Y
ITEM_SPEC,G2A02,焦炭-测试1,,,Y
ITEM_SPEC,RGA05,增碳剂-测试2,,,Y
ITEM_SPEC,RDA05,废铁类-test1,,,Y
ITEM_SPEC,RAD03,铁精粉-111-美钢联球团,,,Y
ITEM_SPEC,RDA06,废铁类-test2,,,Y
ITEM_SPEC,RDA08,原料.含铁原料.废铁类.test4,,test4,Y
ITEM_SPEC,G8F18,冷轧冷硬板盒板,,,Y
ITEM_SPEC,G8F19,冷轧镀锌取样板,,,Y
ITEM_SPEC,G8F20,热轧取样板,,,Y
ITEM_SPEC,G7A06,水-测试1,,,Y
ITEM_TY,R,,원료,Raw Material,Y
ITEM_TY,S,,반제품,Semifinished Goods,Y
ITEM_TY,F,,판매품,Finished Goods,Y
ITEM_TY,J,,구매반제품,Purchase Semifinished Goods,Y
ITEM_TY,K,,구매판매품,Purchase Goods,Y
ITEM_TY,A,,계획용-반제품,Semifinished Goods for Planning,Y
ITEM_TY,B,,계획용-판매품,Finished Goods for Planning,Y
ITEM_TY,C,,계획용-구매반제품,Purchase Semifinished Goods for Planning,Y
ITEM_TY,D,,계획용-구매판매품,Purchase Finished Goods for Planning,Y
ITEM_TYPE_LOV,0,投入,,,Y
ITEM_TYPE_LOV,1,产出,,,Y
ITEM_TYPE_LOV,P,最终产品,,,Y
JDGE_TYPE,A,代码,,,Y
JDGE_TYPE,B,数值范围,,,Y
JDGE_TYPE,C,代码+数值范围,,,Y
JDG_CD,Y,,합격,Y,Y
JDG_CD,N,,불합격,N,Y
JDG_HOLD_ACTION_GRD,A,规格变更,,,Y
JDG_HOLD_ACTION_GRD,C,协议,,,Y
JDG_HOLD_ACTION_GRD,D,,,Scrap,Y
JDG_REQ_GRD,A,产品入库,,,Y
JDG_REQ_GRD,B,产品充当,,,Y
JDG_REQ_GRD,C,材质判定,,,Y
JDG_REQ_GRD,D,保留措施,,,Y
JDG_REQ_GRD,E,钢材判定,,,Y
JDG_REQ_GRD,S,基材判定,,Internal SLAB for making hot coil,Y
JDG_TY,D,保留,,,Y
JDG_TY,J,正常判定,,,Y
JDG_TY,A,保留后措施,,,Y
JOB_COST_TYPE,LG,炼钢成本,,,Y
JOB_COST_TYPE,ZB,宽厚板成本,,,Y
JOB_STATUS_LOV,SCHEDULED,已计划，等待运行,,,Y
JOB_STATUS_LOV,RUNNING,执行中,,,Y
JOB_STATUS_LOV,FAILED,执行失败,,,Y
JOB_STATUS_LOV,SUCCEEDED,执行完成,,,Y
JOB_STATUS_LOV,ERROR,查询错误,,,Y
JOB_STATUS_LOV,NEW,新建,,,Y
JOB_STATUS_LOV,FINISHED,运行完成，job未完成,,,Y
JOB_TYPE_LOV,01,投入产出获取,,,Y
JOB_TYPE_LOV,02,日成本生成,,,Y
JUDG_FL,P,,,Pass,Y
JUDG_FL,F,,,Fail,Y
KNIFE_STS,0,,,NOT USE,Y
KNIFE_STS,1,,,USE,Y
KNIFE_TY,CSK,飞剪,,Crank Shear Knife,Y
KNIFE_TY,SSK,取样剪,,Sampling Shear Knife,Y
KNIFE_TY,PSK,切头剪/分段剪,,Parting Shear Knife,Y
KPI_INDEX_CD,KPI001,,,Coke Production,Y
KPI_INDEX_CD,KPI002,,,Furnace Charge,Y
KPI_INDEX_CD,KPI003,,,Discharge Quantity,Y
KPI_INDEX_CD,KPI004,,,Sinter Production,Y
KPI_INDEX_CD,KPI005,,,Use Index,Y
KPI_INDEX_CD,KPI006,,,Ton per hour,Y
KPI_INDEX_CD,KPI007,,,Blend Ore Consumption,Y
KPI_INDEX_CD,KPI008,,,Flux Consumption,Y
KPI_INDEX_CD,KPI009,,,Solid Charge,Y
KPI_INDEX_CD,KPI010,,,Blast Furnace Production,Y
KPI_INDEX_CD,KPI011,,,Use Index,Y
KPI_INDEX_CD,KPI012,,,Sinter Consumption,Y
KPI_INDEX_CD,KPI013,,,Blend Ore Consumption,Y
KPI_INDEX_CD,KPI014,,,Pellet Consumption,Y
KPI_INDEX_CD,KPI015,,,PCI Coal Consumption,Y
KPI_INDEX_CD,KPI016,,,Fuel rate,Y
KPI_INDEX_CD,KPI017,,,KR #1 Production,Y
KPI_INDEX_CD,KPI018,,,Use Index,Y
KPI_INDEX_CD,KPI019,,,Blending Consumption reducing  Sulphur,Y
KPI_INDEX_CD,KPI020,,,Yield,Y
KPI_INDEX_CD,KPI021,,,KR #2 Production,Y
KPI_INDEX_CD,KPI022,,,Use Index,Y
KPI_INDEX_CD,KPI023,,,Blending Consumption reducing Sulphur,Y
KPI_INDEX_CD,KPI024,,,Yield,Y
KPI_INDEX_CD,KPI025,,,SMS Production,Y
KPI_INDEX_CD,KPI026,,,Pig Iron Consumption,Y
KPI_INDEX_CD,KPI027,,,HMR Yield,Y
KPI_INDEX_CD,KPI028,,,Molten Steel Yield,Y
KPI_INDEX_CD,KPI029,,,Total Quantity of Heats,Y
KPI_INDEX_CD,KPI030,,,Total Quantity of Partial Return,Y
KPI_INDEX_CD,KPI031,,,Total Quantity of Heat return,Y
KPI_INDEX_CD,KPI032,,,Dephosphorizated heats,Y
KPI_INDEX_CD,KPI033,,,Quantity heats LF,Y
KPI_INDEX_CD,KPI034,,,Quantity heats RH,Y
KPI_INDEX_CD,KPI035,,,Quantity heats double 2nd refine,Y
KPI_INDEX_CD,KPI036,,,Quantity of heats BOF#1,Y
KPI_INDEX_CD,KPI037,,,Quantity of heats BOF#2,Y
KPI_INDEX_CD,KPI038,,,Double Tapping BOF,Y
KPI_INDEX_CD,KPI039,,,Tap to Tap BOF#1,Y
KPI_INDEX_CD,KPI040,,,Tap to Tap BOF#2,Y
KPI_INDEX_CD,KPI041,,,Use Index BOF#1,Y
KPI_INDEX_CD,KPI042,,,Use Index BOF#2,Y
KPI_INDEX_CD,KPI043,,,CC Production,Y
KPI_INDEX_CD,KPI044,,,Use Index,Y
KPI_INDEX_CD,KPI045,,,Total Quantity of Heat partial return,Y
KPI_INDEX_CD,KPI046,,,Total Quantity of Heat return,Y
KPI_INDEX_CD,KPI047,,,Continuous Casting Yield,Y
KPI_INDEX_CD,KPI048,,,Out of chemical range heat,Y
KPI_INDEX_CD,KPI049,,,CCM Slab Yard Production,Y
KPI_INDEX_CD,KPI060,,,Scrapped Slabs (ton),Y
KPI_INDEX_CD,KPI061,,,Scrapped Slabs,Y
KPI_INDEX_CD,KPI066,,,Slab Internal transportation and dispatch,Y
KPI_INDEX_CD,KPI067,,,Slab Movement Yard#1 -> Dispatch,Y
KPI_INDEX_CD,KPI068,,,Qtd Trucks Yard#1 -> Dispatch,Y
KPI_INDEX_CD,KPI069,,,Qtd Slabs Yard#1->Dispatch,Y
KR_EQP_STATUS,Y,,정상,,Y
KR_EQP_STATUS,N,,고장,,Y
KR_PROC_PTRN,B,,,De-P + De-S,Y
KR_PROC_PTRN,I,,,De-Si,Y
KR_PROC_PTRN,P,,,De-P,Y
KR_PROC_PTRN,S,,,De-S,Y
LADEL_NO,A,中包A,,,Y
LADEL_NO,B,中包B,,,Y
LANG_CD,EN,,,English,Y
LANG_CD,KO,,한국어,,Y
LANG_CD,ZH,简体中文,,,Y
LD_FILLER_TY,C,,CR2O3계 Filler,CR2O3 Filler,Y
LD_FILLER_TY,H,,SiO2계 + Cr2O3계의 혼합사용,Mixed use(SiO2+Cr2O3),Y
LD_FILLER_TY,K,,기타,Etc,Y
LD_FILLER_TY,S,,SiO2계 Filler,SiO2 Filler,Y
LD_OPEN_TY,1,,자연개공,Natural Opening,Y
LD_OPEN_TY,2,,Filler제거후 개공,"After Filler remove, Opening",Y
LD_OPEN_TY,3,,산소세척 실시후 개공,"After Oxygen cleaning, Opening",Y
LD_OPEN_TY,4,,개공불능,Inability openings,Y
LD_OPEN_TY,5,,침지개공,Immersed Opening,Y
LD_OPEN_TY,6,,봉쑤심후 개공,"After the rods ssusim, Opening",Y
LD_RCV_STS_TY,1,,신규,,Y
LD_RCV_STS_TY,3,,완료,,Y
LD_RCV_STS_TY,2,,시작,,Y
LD_REFRACTORY_TY,A,,,Al2O3 (Hi-Alumina),Y
LD_REFRACTORY_TY,D,,,DOLOMITE (MgO),Y
LD_REFRACTORY_TY,L,,,AL-MG,Y
LD_REFRACTORY_TY,M,,,MgCr,Y
LD_REFRACTORY_TY,S,,,SiO2,Y
LD_REFRACTORY_TY,Z,,,ZrO2,Y
LD_RPR_RSN_CD,A,,기계수리,Mechanical Repair,Y
LD_RPR_RSN_CD,B,,전기수리,Electronic Repair,Y
LD_RPR_RSN_CD,C,,기계 + 전기수리,Mechanical+Electronic Repair,Y
LD_RPR_RSN_CD,D,,기타수리,Etc Repair,Y
LD_RPR_RSN_CD,E,,내화물수리,Refractory Repair,Y
LD_RPR_RSN_CD,F,,SLAG_LINE 수리,SLAG LINE Repair,Y
LD_RPR_STS,A,,냉각중,In Cooling,Y
LD_RPR_STS,B,,해체중,In Disassembling,Y
LD_RPR_STS,C,,축조중,Under Construction,Y
LD_RPR_STS,D,,축조완료,Constrcution Complete,Y
LD_RPR_STS,E,,건조중,Drying,Y
LD_RPR_STS,F,,사용중,In Use,Y
LD_RPR_TY,A,,소수리,Operational Stoppage,Y
LD_RPR_TY,B,,"중,대수리","Middle,Large Stoppage",Y
LD_RPR_TY,C,,중간수리,Intermediate Stoppage,Y
LD_RPR_TY,D,,중간소수리,Intermediate Operational Stoppage,Y
LD_RPR_TY,E,,중간중수리,Intermediate Middle Stoppage,Y
LD_STS,C1,,냉ladle,Cold Ladle,Y
LD_STS,GG,,"래들 상태가 양호하고, 정상일 시 미입력",Good Status,Y
LD_STS,HB,,보온ladle 상태불량,Warm Ladle Status Abuse,Y
LD_STS,HN,,보온ladle 상태보통,Warm Ladle Status Normal,Y
LD_STS,LS,,ladle SLAG LINE이상,Ladle SLAG LINE Abnormal,Y
LD_STS,N2,,신ladle 2회째 사용,2nd times of New Ladle,Y
LD_STS,NA,,소수리후 신ladle,"After Operational stoppage, New Ladle",Y
LD_STS,NB,,중수리후 신ladle,"After Middle stoppage, New Ladle",Y
LD_STS,NC,,대수리후 신ladle,"After Large stoppage, New Ladle",Y
LD_STS,PL,,전 Ch [P]첨가 ladle,Pre.Heat Add[P] Ladle,Y
LD_STS,R1,,전 Ch반송 ladle,Pre.Heat Return Ladle,Y
LD_TY,AA,,일반SLAB용AL2O3재질,SLAB-AL2O3,Y
LD_TY,AS,,일반SLAB용SiO2재질,SLAB-SiO2,Y
LD_TY,AZ,,일반SLAB용ZrO2재질,SLAB-ZrO2,Y
LD_USE_RPR_TY,U,,사용,,Y
LD_USE_RPR_TY,R,,수리,,Y
LES_STAUS,1,有效果状态,,,Y
LES_STAUS,8,完成状态,,,Y
LF_NO,1,,,,Y
LF_NO,2,,,,Y
LF_PROC_PTRN,1_B,,PI and 처리미지정(SPACE) and Bottom BB Only,PI and Process not define(SPACE) and Bottom BB Only,Y
LF_PROC_PTRN,1_C,,PI and 처리미지정(SPACE) and Top + Bottom BB,PI and Process not define(SPACE) and Top + Bottom BB,Y
LF_PROC_PTRN,1_T,,PI and 처리미지정(SPACE) and Top BB Only,PI and Process not define(SPACE) and Top BB Only,Y
LF_PROC_PTRN,1IB,,,PI and Powder Injection and Bottom BB Only,Y
LF_PROC_PTRN,1IC,,,PI and Powder Injection and Top + Bottom BB,Y
LF_PROC_PTRN,1IT,,,PI and Powder Injection and Top BB Only,Y
LF_PROC_PTRN,1WB,,,PI and Wire Feeding and Bottom BB Only,Y
LF_PROC_PTRN,1WC,,,PI and Wire Feeding and Top + Bottom BB,Y
LF_PROC_PTRN,1WT,,,PI and Wire Feeding and Top BB Only,Y
LF_PROC_PTRN,2_B,,GI and 처리미지정(SPACE) and Bottom BB Only,GI and Process not define(SPACE) and Bottom BB Only,Y
LF_PROC_PTRN,2_C,,GI and 처리미지정(SPACE) and Top + Bottom BB,GI and Process not define(SPACE) and Top + Bottom BB,Y
LF_PROC_PTRN,2_T,,GI and 처리미지정(SPACE) and Top BB Only,GI and Process not define(SPACE) and Top BB Only,Y
LF_PROC_PTRN,2IB,,,GI and Powder Injection and Bottom BB Only,Y
LF_PROC_PTRN,2IC,,,GI and Powder Injection and Top + Bottom BB,Y
LF_PROC_PTRN,2IT,,,GI and Powder Injection and Top BB Only,Y
LF_PROC_PTRN,2WB,,,GI and Wire Feeding and Bottom BB Only,Y
LF_PROC_PTRN,2WC,,,GI and Wire Feeding and Top + Bottom BB,Y
LF_PROC_PTRN,2WT,,,GI and Wire Feeding and Top BB Only,Y
LF_PROC_PTRN,3_B,,LF and 처리미지정(SPACE) and Bottom BB Only,LF and Process not define(SPACE) and Bottom BB Only,Y
LF_PROC_PTRN,3_C,,LF and 처리미지정(SPACE) and Top + Bottom BB,LF and Process not define(SPACE) and Top + Bottom BB,Y
LF_PROC_PTRN,3_T,,LF and 처리미지정(SPACE) and Top BB Only,LF and Process not define(SPACE) and Top BB Only,Y
LF_PROC_PTRN,3IB,,,LF and Powder Injection and Bottom BB Only,Y
LF_PROC_PTRN,3IC,,,LF and Powder Injection and Top + Bottom BB,Y
LF_PROC_PTRN,3IT,,,LF and Powder Injection and Top BB Only,Y
LF_PROC_PTRN,3WB,,,LF and Wire Feeding and Bottom BB Only,Y
LF_PROC_PTRN,3WC,,,LF and Wire Feeding and Top + Bottom BB,Y
LF_PROC_PTRN,3WT,,,LF and Wire Feeding and Top BB Only,Y
LF_PROC_PTRN,4_B,,기타처리(단순BB) and 처리미지정(SPACE) and Bottom BB Only,Misc. Proc.(Simple BB) and Process not define(SPACE) and Bottom BB Only,Y
LF_PROC_PTRN,4_C,,기타처리(단순BB) and 처리미지정(SPACE) and Top + Bottom BB,Misc. Proc.(Simple BB) and Process not define(SPACE) and Top + Bottom BB,Y
LF_PROC_PTRN,4_T,,기타처리(단순BB) and 처리미지정(SPACE) and Top BB Only,Misc. Proc.(Simple BB) and Process not define(SPACE) and Top BB Only,Y
LF_PROC_PTRN,4IB,,기타처리(단순BB) and Powder Injection and Bottom BB Only,Misc. Proc.(Simple BB) and Powder Injection and Bottom BB Only,Y
LF_PROC_PTRN,4IC,,기타처리(단순BB) and Powder Injection and Top + Bottom BB,Misc. Proc.(Simple BB) and Powder Injection and Top + Bottom BB,Y
LF_PROC_PTRN,4IT,,기타처리(단순BB) and Powder Injection and Top BB Only,Misc. Proc.(Simple BB) and Powder Injection and Top BB Only,Y
LF_PROC_PTRN,4WB,,기타처리(단순BB) and Wire Feeding and Bottom BB Only,Misc. Proc.(Simple BB) and Wire Feeding and Bottom BB Only,Y
LF_PROC_PTRN,4WC,,기타처리(단순BB) and Wire Feeding and Top + Bottom BB,Misc. Proc.(Simple BB) and Wire Feeding and Top + Bottom BB,Y
LF_PROC_PTRN,4WT,,기타처리(단순BB) and Wire Feeding and Top BB Only,Misc. Proc.(Simple BB) and Wire Feeding and Top BB Only,Y
LF_PROC_PTRN,LF,,,LF,Y
LIEBIE_MC,1,,,TFe,Y
LIEBIE_MC,2,,,FeO,Y
LIEBIE_MC,3,,,R²,Y
LIEBIE_MC,4,转鼓强度(+6.3mm),,,Y
LIEBIE_MC,5,,,CaO,Y
LIEBIE_MC,6,活性度,,,Y
LIEBIE_MC,7,,,SiO₂,Y
LIEBIE_MC,8,,,MgO,Y
LIEBIE_MC,9,,,Al₂O₃,Y
LIEBIE_MC,10,,,TiO₂,Y
LIEBIE_MC,11,,,Zn,Y
LIEBIE_MC,12,,,S,Y
LIEBIE_MC,13,,,P,Y
LN_TY,1,,1랜스,#1 Lance,Y
LN_TY,2,,2랜스,#2 Lance,Y
LN_TY,E,,동랜스,East Lance,Y
LN_TY,W,,서랜스,West Lance,Y
LOAD_PLC_CD,ES 3205002,,,ES 3205002,Y
LOAD_PLC_CD,S0001,,,BOF Scrap Yard,Y
LOAD_PLC_CD,S0002,,,LF/RH  Scrap Yard,Y
LOAD_PLC_CD,S0003,,,Cast  Scrap Yard,Y
LOCATION,1#大棚,1#大棚,,,Y
LOCATION,2#大棚,2#大棚,,,Y
LOCATION,3#大棚,3#大棚,,,Y
LOCATION,1#场地,1#场地,,,Y
LOCATION,块矿烘干车间,块矿烘干车间,,,Y
LOCATOR_CODE,YM,烟煤,,,Y
LOCATOR_CODE,WYM,无烟煤,,,Y
LOC_CD,D,短途(日照周边),,duantu,Y
LOC_CD,C,长途,,changtu,Y
LOC_SEARCH_TY,1,空垛位,,,Y
LOC_SEARCH_TY,2,规格相同,,,Y
LOC_SEARCH_TY,3,客户相同,,,Y
LOC_SEARCH_TY,4,订单相同,,,Y
LOGIN_CERT_TYPE,L,,,AD User,Y
LOGIN_CERT_TYPE,M,,,MES User,Y
LOG_FUNC_TY,A,组批,,,Y
LOG_FUNC_TY,B,性能实绩,,,Y
LOG_FUNC_TY,C,性能判定,,,Y
LOG_FUNC_TY,D,综合判定,,,Y
LOG_FUNC_TY,E,质保书,,,Y
LOG_TY,I,消息,,,Y
LOG_TY,E,错误,,,Y
MACHINE_FL,1,,,,Y
MACHINE_FL,2,,,,Y
MACHINE_TY,B01,两切,,,Y
MACHINE_TY,B02,四切,,,Y
MACRO_TEST,MT02,中心疏松,,,Y
MACRO_TEST,MT03,中心偏析,,,Y
MACRO_TEST,MT04,锭型偏析,,,Y
MARKING_CHARS,CSP_HEAT,,,Heat Number,Y
MARKING_CHARS,CSP_SLAB,,,Slab Number,Y
MARKING_CHARS,CSP_STRAND,,,Strand Cast,Y
MARKING_CHARS,SLAB_DIM_WDT,,,Slab Dimen Width,Y
MARKING_CHARS,SLAB_DIM_THK,,,Slab Dimen Thickness,Y
MARKING_CHARS,SLAB_DIM_LGT,,,Slab Nominal Length,Y
MARKING_CHARS,SLAB_NOM_WDT,,,Slab Nominal Width,Y
MARKING_CHARS,SLAB_NOM_THK,,,Slab Nominal Thickness,Y
MARKING_CHARS,SLAB_NOM_LGT,,,Slab Dimen Length,Y
MARKING_CHARS,CUST_NAME,,,Customer Name,Y
MARKING_CHARS,SLAB_WGT,,,Slab Weight,Y
MARKING_CHARS,SO_SPEC,,,Specification,Y
MARKING_CHARS,SO_NUM,,,Sales Order No,Y
MARKING_CHARS,SO_ITEM_NUM,,,Sales Order Item no,Y
MARKING_CHARS,SO_ITEM_MRK_TXT,,,Sales Order Marking Text,Y
MARKING_CHARS,SO_CUST_REFER,,,Customer Material,Y
MARKING_CHARS,CUST_HEAT,,,Customer Heat Number,Y
MARKING_CHARS,CUST_STRAND,,,Customer Strand Number,Y
MARKING_CHARS,CUST_SLAB,,,Customer Slab Number,Y
MARKING_CHARS,CUST_FREE_TXT_1,,,Customer Free Text,Y
MARKING_CHARS,CUST_FREE_TXT_2,,,Customer Free Text,Y
MARKING_CHARS,CUST_FREE_TXT_3,,,Customer Free Text,Y
MARKING_CHARS,BLANK,,,Blank Space,Y
MARKING_CHARS,SEPARATORX,,,Separator,Y
MARKING_CHARS ,CSP_HEAT,,,Heat Number,Y
MARKING_CHARS ,CSP_SLAB,,,Slab Number,Y
MARKING_CHARS ,CSP_STRAND,,,Strand Cast,Y
MARKING_CHARS ,SLAB_DIM_WDT,,,Slab Dimen Width,Y
MARKING_CHARS ,SLAB_DIM_THK,,,Slab Dimen Thickness,Y
MARKING_CHARS ,SLAB_DIM_LGT,,,Slab Nominal Length,Y
MARKING_CHARS ,SLAB_NOM_WDT,,,Slab Nominal Width,Y
MARKING_CHARS ,SLAB_NOM_THK,,,Slab Nominal Thickness,Y
MARKING_CHARS ,SLAB_NOM_LGT,,,Slab Dimen Length,Y
MARKING_CHARS ,CUST_NAME,,,Customer Name,Y
MARKING_CHARS ,SLAB_WGT,,,Slab Weight,Y
MARKING_CHARS ,SO_SPEC,,,Specification,Y
MARKING_CHARS ,SO_NUM,,,Sales Order No,Y
MARKING_CHARS ,SO_ITEM_NUM,,,Sales Order Item no,Y
MARKING_CHARS ,SO_ITEM_MRK_TXT,,,Sales Order Marking Text,Y
MARKING_CHARS ,SO_CUST_REFER,,,Customer Material,Y
MARKING_CHARS ,CUST_HEAT,,,Customer Heat Number,Y
MARKING_CHARS ,CUST_STRAND,,,Customer Strand Number,Y
MARKING_CHARS ,CUST_SLAB,,,Customer Slab Number,Y
MARKING_CHARS ,CUST_FREE_TXT_1,,,Customer Free Text,Y
MARKING_CHARS ,CUST_FREE_TXT_2,,,Customer Free Text,Y
MARKING_CHARS ,CUST_FREE_TXT_3,,,Customer Free Text,Y
MARKING_CHARS ,#BLANK,,,Blank Space,Y
MARKING_CHARS ,#SEPARATORX,,,Separator,Y
MARKING_LINE,1,,,1st,Y
MARKING_LINE,2,,,2nd,Y
MARKING_LINE,3,,,3th,Y
MARKING_POSITION,1,,,HEAD_RIGHT,Y
MARKING_POSITION,2,,,HEAD_CENTER,Y
MARKING_POSITION,3,,,HEAD_LEFT,Y
MARKING_POSITION,4,,,TAIL_RIGHT,Y
MARKING_POSITION,5,,,TAIL_CENTER,Y
MARKING_POSITION,6,,,TAIL_LEFT,Y
MARKING_POSITION,7,,,LEFT_HEADER,Y
MARKING_POSITION,8,,,LEFT_CENTER,Y
MARKING_POSITION,9,,,LEFT_BOTTOM,Y
MARKING_POSITION,10,,,RIGHT_HEADER,Y
MARKING_POSITION,11,,,RIGHT_CENTER,Y
MARKING_POSITION,12,,,RIGHT_BOTTOM,Y
MARK_PROD_NM,A,连铸板坯,,,Y
MARK_PROD_NM,B,热轧合金卷板,,,Y
MARK_PROD_NM,C,热轧卷板,,,Y
MARK_PROD_NM,D,热轧合金酸洗卷板,,,Y
MARK_PROD_NM,E,热轧酸洗卷板,,,Y
MARK_PROD_NM,F,冷轧卷板,,,Y
MARK_PROD_NM,G,热镀锌卷板,,,Y
MARK_PROD_NM,H,热轧合金钢板,,,Y
MARK_PROD_NM,I,热轧钢板,,,Y
MARK_YN,Y,已喷印,,,Y
MARK_YN,N,未喷印,,,Y
MATERIAL_CD,A1,自产烧结矿,,,Y
MATERIAL_CD,A2,落地烧结矿,,,Y
MATERIAL_CD,A3,乌球,,,Y
MATERIAL_CD,A4,普通印球,,,Y
MATERIAL_CD,A5,自产球团,,,Y
MATERIAL_CD,A6,澳块（sp10）,,,Y
MATERIAL_CD,A7,澳块（纽曼）,,,Y
MATERIAL_CD,A8,墨西哥块,,,Y
MATERIAL_CD,A9,澳块（RTX）,,,Y
MATERIAL_CD,B1,综合混匀料,,,Y
MATERIAL_CD,B2,卡粉,,,Y
MATERIAL_CD,F1,普碳坯,,,Y
MATERIAL_CD,G1,盘圆,,,Y
MATERIAL_SOURCE_TYPE_LOV,金蝶,金蝶,,,Y
MATERIAL_SOURCE_TYPE_LOV,NC6.5,,,NC6.5,Y
MATERIAL_TEST_YN,Y,,,Y,Y
MATERIAL_TEST_YN,N,,,N,Y
MATERIAL_TYPE,1,原主材料投入,,,Y
MATERIAL_TYPE,2,主产品产出,,,Y
MATERIAL_TYPE,3,副产品产出,,,Y
MATERIAL_TYPE,4,辅助材料投入,,,Y
MATERIAL_TYPE,5,燃料投入,,,Y
MATERIAL_TYPE,6,动力投入,,,Y
MATERIAL_TYPE,7,动力产出,,,Y
MC_NO_BOF,1,,,Mc 1.,Y
MC_NO_BOF,2,,,Mc 2.,Y
MC_NO_EX_BOF,1,,,Mc 1.,Y
MEASUREING_SIDE_TY,1,推焦,,P/S,Y
MEASUREING_SIDE_TY,3,排焦,,C/S,Y
MECH_ABNR_ACTION_YN,Y,,,Finish,Y
MECH_ABNR_ACTION_YN,N,,,Not Finish,Y
MECH_CD,MC001,,,Sampling Code,Y
MECH_CD,SP001,,,Sampling Code,Y
MECH_CD,SP002,,,MN_CENT_CRACK,Y
MECH_CD,SP003,,,MN_INCLUSION,Y
MECH_CD,SP004,,,MN_SEGREGATION,Y
MECH_CD,SP005,,,NS_CENT_CRACK,Y
MECH_CD,SP006,,,NS_INCLUSION,Y
MECH_CD,SP007,,,NS_SEGREGATION,Y
MECH_GRP,SP,,,Sulphur Print Test,Y
MECH_GRP,MC,,,Macro Test,Y
MECH_GRT_CD,A,性能试验+性能判定+质保书发行,,,Y
MECH_GRT_CD,B,性能试验+性能判定,,,Y
MECH_GRT_CD,C,性能试验+质保书发行,,,Y
MECH_GRT_CD,D,性能试验,,,Y
MECH_JDG_GRD,1,合格,,,Y
MECH_JDG_GRD,2,订单外1级,,,Y
MECH_JDG_GRD,5,协议材,,,Y
MECH_JDG_GRD,9,不合格,,,Y
MECH_JDG_GRD,*,,,,Y
MECH_JDG_STD_TP,1,,,min≤x,Y
MECH_JDG_STD_TP,2,,,min≤x≤max,Y
MECH_JDG_STD_TP,3,,,x≤max,Y
MECH_JDG_STD_TP,9,,,YN,Y
MECH_JDG_STD_TP,A,,표준규격별로 판정기준이 구별됨,A,Y
MECH_JDG_STD_TP,B,,"1.GB/T14164 - min≤3개 시편 평균치（그중 1개시편치가 min보다 작고 min*75%는 초과) 2.API SPEC5L - 평균치표준과 개개치 표준(min1≤3개 평균치,min2≤개개치)",B,Y
MECH_JDG_STD_TP,C,,min≤3개 측정 개개치 모두 만족≤max,C,Y
MECH_JDG_STD_TP,D,,규정치1≤3개 시편 평균치；규정치2≤2면 각 1개 시편치 총합；규정치3≤단면 1개 시편치。,D,Y
MECH_JDG_STD_TP,E,,"min1≤평균치,min2≤개개치",E,Y
MECH_METOD,HA,,,Hydrochloric Acid Method,Y
MECH_METOD,AP,,,Ammonium Pursulfate Method,Y
MECH_SMP_CND,11,同炉号、同牌号、同轧制状态、同厚度,,,Y
MECH_SMP_CND,22,同炉号、同牌号、同轧制状态、同厚度、每批不超过20t,,,Y
MECH_SMP_CND,23,同炉号、同牌号、同轧制状态、同厚度、每批不超过25t,,,Y
MECH_SMP_CND,24,同炉号、同牌号、同轧制状态、同厚度、每批不超过30t,,,Y
MECH_SMP_CND,12,同炉号、同牌号、同轧制状态、同厚度、每批不超过40t,,,Y
MECH_SMP_CND,13,同炉号、同牌号、同轧制状态、同厚度、每批不超过50t,,,Y
MECH_SMP_CND,14,同炉号、同牌号、同轧制状态、同厚度，每批不超过60t,,,Y
MECH_SMP_CND,19,同炉号、同牌号、同轧制状态、同厚度，每批不超过70t,,,Y
MECH_SMP_CND,20,一炉一批,,,Y
MECH_SMP_CND,21,同炉号、同牌号、同轧制状态、同厚度，每批不超过100t,,,Y
MECH_SMP_CND,25,同炉号、同牌号、同轧制状态、最大厚度,,,Y
MECH_SMP_CND,26,每轧制张,,,Y
MECH_SMP_CND,27,每成品张,,,Y
MECH_SMP_CND,28,同炉号、同牌号、同轧制状态、同厚度，每批不超过80t,,,Y
MECH_SMP_LTH_LOC,B,尾部,,,Y
MECH_SMP_LTH_LOC,M,中部,,,Y
MECH_SMP_LTH_LOC,T,采取头部,,,Y
MECH_SMP_LTH_LOC,W,采取头部和尾部,,,Y
MECH_SMP_LTH_LOC,X,采取头部和中间部分,,,Y
MECH_SMP_LTH_LOC,Y,采取头部和中间部分和尾部,,,Y
MECH_SMP_SPCMN_DIR,L,长度方向,길이방향으로 시편채취,,Y
MECH_SMP_SPCMN_DIR,B,宽度方向,폭방향으로 시편채취,,Y
MECH_SMP_SPCMN_DIR,C,厚度方向采样,두께방향으로 시편채취,,Y
MECH_SMP_SPCMN_DIR,D,45˚方向采样,45방향으로 시편채취,,Y
MECH_SMP_SPCMN_DIR,E,30˚方向采样,30방향으로 시편채취,,Y
MECH_SMP_SPCMN_SZ,01,试样长度400mm,,,Y
MECH_SMP_SPCMN_SZ,02,试样长度500mm,,,Y
MECH_SMP_SPCMN_SZ,03,试样长度300mm,,,Y
MECH_SMP_SPCMN_SZ,04,,,80mm*400mm,Y
MECH_SMP_SPCMN_SZ,05,,,100mm*420mm,Y
MECH_SMP_SPCMN_SZ,06,,,80mm*420mm,Y
MECH_SMP_SPCMN_SZ,10,不指定,,,Y
MECH_SMP_WTH_LOC,A,1/2W部位,,,Y
MECH_SMP_WTH_LOC,C,1/4W部位,,,Y
MECH_SMP_WTH_LOC,E,"Top 1/2W, Bottom 1/4W部位",,,Y
MECH_SMP_WTH_LOC,B,Edge 部位,,,Y
MECH_SMP_WTH_LOC,D,对角线的两角部位,,,Y
MECH_SMP_WTH_LOC,F,"Top 1/4W, Bottom 1/2W部位",,,Y
MECH_STS,CUT,,,Cut,Y
MECH_STS,ENTER_VAL,,,Enter Value,Y
MECH_STS,TEST_CLOSE,,,Test Close,Y
MECH_TEST_ITEM_CD,TS01,拉伸试验YP代码(抗服_屈服强度),,,Y
MECH_TEST_ITEM_CD,TS02,拉伸试验TS(抗拉强度),,,Y
MECH_TEST_ITEM_CD,TS03,拉伸试验EL(伸长率),,,Y
MECH_TEST_ITEM_CD,TS04,拉伸试验均匀延伸率(uEL),,,Y
MECH_TEST_ITEM_CD,TS05,拉伸试验YR(屈服比),,,Y
MECH_TEST_ITEM_CD,TS06,拉伸试验RA(断面收缩率),,,Y
MECH_TEST_ITEM_CD,TS07,拉伸试验塑性应变比r实绩值,,,Y
MECH_TEST_ITEM_CD,TS08,拉伸试验r0实绩,,,Y
MECH_TEST_ITEM_CD,TS09,拉伸试验r45实绩,,,Y
MECH_TEST_ITEM_CD,TS10,拉伸试验r90实绩,,,Y
MECH_TEST_ITEM_CD,TS11,拉伸试验加工硬化指数n实绩,,,Y
MECH_TEST_ITEM_CD,TS12,拉伸试验N0实绩,,,Y
MECH_TEST_ITEM_CD,TS13,拉伸试验N45实绩,,,Y
MECH_TEST_ITEM_CD,TS14,拉伸试验N90实绩,,,Y
MECH_TEST_ITEM_CD,TS16,拉伸试验YP/TS实绩,,,Y
MECH_TEST_ITEM_CD,TS17,拉伸试验Rt0.5/Rm实绩,,,Y
MECH_TEST_ITEM_CD,TS18,拉伸试验Rt1.5/Rt0.5实绩,,,Y
MECH_TEST_ITEM_CD,TS19,拉伸试验Rt2.0/Rt1.0实绩,,,Y
MECH_TEST_ITEM_CD,TS20,拉伸试验Rt5.0/Rt1.0实绩,,,Y
MECH_TEST_ITEM_CD,TS21,拉抻测试断后伸长率实绩,,,Y
MECH_TEST_ITEM_CD,TS22,拉伸试验均匀伸长率实绩,,,Y
MECH_TEST_ITEM_CD,TS23,拉伸试验断面收缩率实绩,,,Y
MECH_TEST_ITEM_CD,BN01,弯曲试验,,,Y
MECH_TEST_ITEM_CD,IM01,冲击功实绩,,,Y
MECH_TEST_ITEM_CD,IM02,冲击试验单个实绩1,,,Y
MECH_TEST_ITEM_CD,IM03,冲击试验单个实绩2,,,Y
MECH_TEST_ITEM_CD,IM04,冲击试验单个实绩3,,,Y
MECH_TEST_ITEM_CD,IM05,冲击试验眼神断面率实绩,,,Y
MECH_TEST_ITEM_CD,IM06,冲击试验眼神断面率实绩1,,,Y
MECH_TEST_ITEM_CD,IM07,冲击试验眼神断面率实绩2,,,Y
MECH_TEST_ITEM_CD,IM08,冲击试验眼神断面率实绩3,,,Y
MECH_TEST_ITEM_CD,IM09,冲击试样侧膨胀值平均值实绩,,,Y
MECH_TEST_ITEM_CD,IM10,冲击试样侧膨胀值单值实绩1,,,Y
MECH_TEST_ITEM_CD,IM11,冲击试样侧膨胀值单值实绩2,,,Y
MECH_TEST_ITEM_CD,IM12,冲击试样侧膨胀值单值实绩3,,,Y
MECH_TEST_ITEM_CD,HD01,硬度试验,,,Y
MECH_TEST_ITEM_CD,HD02,硬度试验1,,,Y
MECH_TEST_ITEM_CD,HD03,硬度试验2,,,Y
MECH_TEST_ITEM_CD,HD04,硬度试验3,,,Y
MECH_TEST_ITEM_CD,HD11,硬度单值实绩1,,,Y
MECH_TEST_ITEM_CD,HD12,硬度单值实绩2,,,Y
MECH_TEST_ITEM_CD,HD13,硬度单值实绩3,,,Y
MECH_TEST_ITEM_CD,HD14,硬度平均值实绩,,,Y
MECH_TEST_ITEM_CD,DW01,DWTT试验能量吸收实绩,,,Y
MECH_TEST_ITEM_CD,DW02,DWTT试验最小剪切面积平均实绩,,,Y
MECH_TEST_ITEM_CD,DW03,DWTT试验最小剪切面积单个实绩1,,,Y
MECH_TEST_ITEM_CD,DW04,DWTT试验最小剪切面积单个实绩2,,,Y
MECH_TEST_ITEM_CD,DW05,DWTT测试吸收能量单个实绩1,,,Y
MECH_TEST_ITEM_CD,DW06,DWTT测试吸收能量单个实绩2,,,Y
MECH_TEST_ITEM_CD,DW07,DWTT1纤维断面率SA平均值实绩,,,Y
MECH_TEST_ITEM_CD,DW08,DWTT1纤维断面率SA单值实绩1,,,Y
MECH_TEST_ITEM_CD,DW09,DWTT1纤维断面率SA单值实绩2,,,Y
MECH_TEST_ITEM_CD,DW10,DWTT2纤维断面率SA平均值实绩,,,Y
MECH_TEST_ITEM_CD,DW11,DWTT2纤维断面率SA单值实绩1,,,Y
MECH_TEST_ITEM_CD,DW12,DWTT2纤维断面率SA单值实绩2,,,Y
MECH_TEST_ITEM_CD,DW13,DWTT3纤维断面率SA平均值实绩,,,Y
MECH_TEST_ITEM_CD,DW14,DWTT3纤维断面率SA单值实绩1,,,Y
MECH_TEST_ITEM_CD,DW15,DWTT3纤维断面率SA单值实绩2,,,Y
MECH_TEST_ITEM_CD,DW16,DWTT4纤维断面率SA平均值实绩,,,Y
MECH_TEST_ITEM_CD,DW17,DWTT4纤维断面率SA单值实绩1,,,Y
MECH_TEST_ITEM_CD,DW18,DWTT4纤维断面率SA单值实绩2,,,Y
MECH_TEST_ITEM_CD,DW19,DWTT5纤维断面率SA平均值实绩,,,Y
MECH_TEST_ITEM_CD,DW20,DWTT5纤维断面率SA单值实绩1,,,Y
MECH_TEST_ITEM_CD,DW21,DWTT5纤维断面率SA单值实绩2,,,Y
MECH_TEST_ITEM_CD,NM01,非金属夹杂物A类实绩,,,Y
MECH_TEST_ITEM_CD,NM02,非金属夹杂物B类实绩,,,Y
MECH_TEST_ITEM_CD,NM03,非金属夹杂物C类实绩,,,Y
MECH_TEST_ITEM_CD,NM04,非金属夹杂物D类实绩,,,Y
MECH_TEST_ITEM_CD,NM05,非金属夹杂物Ds类实绩,,,Y
MECH_TEST_ITEM_CD,NM06,非金属夹杂物A+B+C+D实绩,,,Y
MECH_TEST_ITEM_CD,NM11,非金属夹杂物A1类实绩,,,Y
MECH_TEST_ITEM_CD,NM12,非金属夹杂物B1类实绩,,,Y
MECH_TEST_ITEM_CD,NM13,非金属夹杂物C1类实绩,,,Y
MECH_TEST_ITEM_CD,NM14,非金属夹杂物D1类实绩,,,Y
MECH_TEST_ITEM_CD,NM16,非金属夹杂物A+B+C+D1实绩,,,Y
MECH_TEST_ITEM_CD,NM17,夹杂物类别_A类实绩,,,Y
MECH_TEST_ITEM_CD,NM18,夹杂物类别_A类（粗系）实绩,,,Y
MECH_TEST_ITEM_CD,NM19,夹杂物类别_A类（细系）实绩,,,Y
MECH_TEST_ITEM_CD,NM20,夹杂物类别_B类实绩,,,Y
MECH_TEST_ITEM_CD,NM21,夹杂物类别_B类（粗系）实绩,,,Y
MECH_TEST_ITEM_CD,NM22,夹杂物类别_B类（细系）实绩,,,Y
MECH_TEST_ITEM_CD,NM23,夹杂物类别_C类实绩,,,Y
MECH_TEST_ITEM_CD,NM24,夹杂物类别_C类（粗系）实绩,,,Y
MECH_TEST_ITEM_CD,NM25,夹杂物类别_C类（细系）实绩,,,Y
MECH_TEST_ITEM_CD,NM26,夹杂物类别_D类实绩,,,Y
MECH_TEST_ITEM_CD,NM27,夹杂物类别_D类（粗系）实绩,,,Y
MECH_TEST_ITEM_CD,NM28,夹杂物类别_D类（细系）实绩,,,Y
MECH_TEST_ITEM_CD,NM29,夹杂物类别_A+C实绩,,,Y
MECH_TEST_ITEM_CD,NM30,夹杂物类别_B+D+Ds实绩,,,Y
MECH_TEST_ITEM_CD,GS01,显微金相硅铁体混晶占有率实绩,,,Y
MECH_TEST_ITEM_CD,GS02,显微金相硅铁体混晶晶粒度实绩,,,Y
MECH_TEST_ITEM_CD,GS03,显微金相硅铁体晶粒度,,,Y
MECH_TEST_ITEM_CD,GS04,显微金相austenite晶粒度,,,Y
MECH_TEST_ITEM_CD,GS05,显微金相夹杂物等级上限实绩,,,Y
MECH_TEST_ITEM_CD,GS06,显微金相脱碳层上限实绩,,,Y
MECH_TEST_ITEM_CD,GS07,显微金相Widmanstatten structure等级,,,Y
MECH_TEST_ITEM_CD,GS08,显微金相Banded structure等级上限实绩,,,Y
MECH_TEST_ITEM_CD,GS10,金相测试基相的体积分数实绩,,,Y
MECH_TEST_ITEM_CD,GS11,金相测试晶粒度级别实绩,,,Y
MECH_TEST_ITEM_CD,SS01,SSCC试验应力比实绩,,,Y
MECH_TEST_ITEM_CD,SS02,SSCC试验时间实绩,,,Y
MECH_TEST_ITEM_CD,SS03,SSCC测试应力实绩,,,Y
MECH_TEST_ITEM_CD,SP01,S_Print试验,,,Y
MECH_TEST_ITEM_CD,SP02,硫印测试实绩,,,Y
MECH_TEST_ITEM_CD,HT01,高温拉伸试验YP,,,Y
MECH_TEST_ITEM_CD,HT02,高温拉伸试验TS,,,Y
MECH_TEST_ITEM_CD,HT03,高温拉伸试验EL,,,Y
MECH_TEST_ITEM_CD,HT04,高温拉伸试验RA,,,Y
MECH_TEST_ITEM_CD,HC01,HIC试验CLR 平均1实绩,,,Y
MECH_TEST_ITEM_CD,HC13,HIC试验CLR 试样1实绩1,,,Y
MECH_TEST_ITEM_CD,HC14,HIC试验CLR 试样1实绩2,,,Y
MECH_TEST_ITEM_CD,HC15,HIC试验CLR 试样1实绩3,,,Y
MECH_TEST_ITEM_CD,HC16,HIC试验CLR 试样2实绩1,,,Y
MECH_TEST_ITEM_CD,HC17,HIC试验CLR 试样2实绩2,,,Y
MECH_TEST_ITEM_CD,HC18,HIC试验CLR 试样2实绩3,,,Y
MECH_TEST_ITEM_CD,HC19,HIC试验CLR 试样3实绩1,,,Y
MECH_TEST_ITEM_CD,HC20,HIC试验CLR 试样3实绩2,,,Y
MECH_TEST_ITEM_CD,HC21,HIC试验CLR 试样3实绩3,,,Y
MECH_TEST_ITEM_CD,HC02,HIC试验CLR 平均2实绩,,,Y
MECH_TEST_ITEM_CD,HC03,HIC试验CLR 平均3实绩,,,Y
MECH_TEST_ITEM_CD,HC04,HIC试验CLR 全体平均实绩,,,Y
MECH_TEST_ITEM_CD,HC22,HIC试验CSR 试样1实绩1,,,Y
MECH_TEST_ITEM_CD,HC23,HIC试验CSR 试样1实绩2,,,Y
MECH_TEST_ITEM_CD,HC24,HIC试验CSR 试样1实绩3,,,Y
MECH_TEST_ITEM_CD,HC25,HIC试验CSR 试样2实绩1,,,Y
MECH_TEST_ITEM_CD,HC26,HIC试验CSR 试样2实绩2,,,Y
MECH_TEST_ITEM_CD,HC27,HIC试验CSR 试样2实绩3,,,Y
MECH_TEST_ITEM_CD,HC28,HIC试验CSR 试样3实绩1,,,Y
MECH_TEST_ITEM_CD,HC29,HIC试验CSR 试样3实绩2,,,Y
MECH_TEST_ITEM_CD,HC30,HIC试验CSR 试样3实绩3,,,Y
MECH_TEST_ITEM_CD,HC05,HIC试验CSR 平均1实绩,,,Y
MECH_TEST_ITEM_CD,HC06,HIC试验CSR 平均2实绩,,,Y
MECH_TEST_ITEM_CD,HC07,HIC试验CSR 平均3实绩,,,Y
MECH_TEST_ITEM_CD,HC08,HIC试验CSR 全体平均实绩,,,Y
MECH_TEST_ITEM_CD,HC09,HIC试验CTR 平均1实绩,,,Y
MECH_TEST_ITEM_CD,HC31,HIC试验CTR 试样1实绩1,,,Y
MECH_TEST_ITEM_CD,HC32,HIC试验CTR 试样1实绩2,,,Y
MECH_TEST_ITEM_CD,HC33,HIC试验CTR 试样1实绩3,,,Y
MECH_TEST_ITEM_CD,HC34,HIC试验CTR 试样2实绩1,,,Y
MECH_TEST_ITEM_CD,HC35,HIC试验CTR 试样2实绩2,,,Y
MECH_TEST_ITEM_CD,HC36,HIC试验CTR 试样2实绩3,,,Y
MECH_TEST_ITEM_CD,HC37,HIC试验CTR 试样3实绩1,,,Y
MECH_TEST_ITEM_CD,HC38,HIC试验CTR 试样3实绩2,,,Y
MECH_TEST_ITEM_CD,HC39,HIC试验CTR 试样3实绩3,,,Y
MECH_TEST_ITEM_CD,HC10,HIC试验CTR 平均2实绩,,,Y
MECH_TEST_ITEM_CD,HC11,HIC试验CTR 平均3实绩,,,Y
MECH_TEST_ITEM_CD,HC12,HIC试验CTR 全体平均实绩,,,Y
MECH_TEST_ITEM_CD,EX01,扩孔试验极限扩孔率平均,,,Y
MECH_TEST_ITEM_CD,EX02,扩孔测试极限扩孔率单个实绩1,,,Y
MECH_TEST_ITEM_CD,EX03,扩孔测试极限扩孔率单个实绩2,,,Y
MECH_TEST_ITEM_CD,EX04,扩孔测试极限扩孔率单个实绩3,,,Y
MECH_TEST_ITEM_CD,EX05,扩孔测试极限扩孔直径最大值,,,Y
MECH_TEST_ITEM_CD,EX06,扩孔测试极限扩孔直径最小值,,,Y
MECH_TEST_ITEM_CD,EX07,扩孔测试极限扩孔直径平均值,,,Y
MECH_TEST_ITEM_CD,BH01,烘烤硬化试验,,,Y
MECH_TEST_ITEM_CD,ER01,杯凸试验,,,Y
MECH_TEST_ITEM_CD,CW01,镀锌层质量上表面1,,,Y
MECH_TEST_ITEM_CD,CW02,镀锌层质量上表面2,,,Y
MECH_TEST_ITEM_CD,CW03,镀锌层质量上表面2,,,Y
MECH_TEST_ITEM_CD,CW04,镀锌层质量下表面1,,,Y
MECH_TEST_ITEM_CD,CW05,镀锌层质量下表面2,,,Y
MECH_TEST_ITEM_CD,CW06,镀锌层质量下表面3,,,Y
MECH_TEST_ITEM_CD,CW07,镀锌层质量上下平均,,,Y
MECH_TEST_ITEM_CD,CW08,镀锌层质量1上下和,,,Y
MECH_TEST_ITEM_CD,CW09,镀锌层质量2上下和,,,Y
MECH_TEST_ITEM_CD,CW10,镀锌层质量3上下和,,,Y
MECH_TEST_ITEM_CD,CW11,镀锌层质量上表面平均,,,Y
MECH_TEST_ITEM_CD,CW12,镀锌层质量下表面平均,,,Y
MECH_TEST_ITEM_CD,RG01,表面粗糙度RA,,,Y
MECH_TEST_ITEM_CD,RG02,表面粗糙度RMAX,,,Y
MECH_TEST_ITEM_CD,RG03,表面粗糙度PRC,,,Y
MECH_TEST_ITEM_CD,SB01,SpringBack角度实绩,,,Y
MECH_TEST_ITEM_CD,SB02,SpringBack 试验实绩,,,Y
MECH_TEST_ITEM_CD,SL01,盐雾测试缺陷等级,,,Y
MECH_TEST_ITEM_CD,SN01,2次加工脆性试验实绩,,,Y
MECH_TEST_ITEM_CD,HP01,氢渗透试验,,,Y
MECH_TEST_ITEM_CD,CA09,锌层附着性测试等级,,,Y
MECH_TEST_ITEM_CD,CL01,洁净度试验1,,,Y
MECH_TEST_ITEM_CD,CL02,洁净度试验2,,,Y
MECH_TEST_ITEM_CD,CL03,洁净度试验3,,,Y
MECH_TEST_ITEM_CD,CS01,Macro试验(C偏析平整),,,Y
MECH_TEST_ITEM_CD,FT01,疲劳试验温度实绩,,,Y
MECH_TEST_ITEM_CD,FT02,疲劳试验频率实绩,,,Y
MECH_TEST_ITEM_CD,FT03,疲劳寿命实绩,,,Y
MECH_TEST_ITEM_CD,FT04,条件疲劳强度实绩,,,Y
MECH_TEST_ITEM_CD,OL01,图油量试验两面涂油实绩,,,Y
MECH_TEST_ITEM_CD,OL02,图油量试验正面涂油实绩,,,Y
MECH_TEST_ITEM_CD,OL03,图油量试验背面涂油实绩,,,Y
MECH_TEST_ITEM_CD,PP01,P_Print试验等级实绩,,,Y
MECH_TEST_ITEM_CD,PS01,P 偏析试验等级实绩,,,Y
MECH_TEST_ITEM_CD,PT01,内指纹膜试验上表面重量实绩,,,Y
MECH_TEST_ITEM_CD,PT02,内指纹膜试验下表面重量实绩,,,Y
MECH_TEST_ITEM_CD,PT03,磷酸盐附着量上表面实绩,,,Y
MECH_TEST_ITEM_CD,PT04,磷酸盐附着量下表面实绩,,,Y
MECH_TEST_ITEM_CD,PT05,铬酸盐捕捉量上表面实绩,,,Y
MECH_TEST_ITEM_CD,PT06,铬酸盐捕捉量下表面实绩,,,Y
MECH_TEST_ITEM_CD,PT07,无铬附着量上表面实绩,,,Y
MECH_TEST_ITEM_CD,PT08,无铬附着量上表面实绩,,,Y
MECH_TEST_ITEM_CD,WV01,波纹度检测实绩(Wa),,,Y
MECH_TEST_ITEM_CD,WV02,波纹度检测最大值实绩(Wamax),,,Y
MECH_TEST_ITEM_CD,WV03,波纹度检测实绩(Wsa),,,Y
MECH_TEST_ITEM_CD,WV04,波纹度检测最大值实绩(Wsamax),,,Y
MECH_TEST_ITEM_CD,WV05,波纹度检测实绩(Wca),,,Y
MECH_TEST_ITEM_CD,WV06,波纹度检测最大值实绩(Wcamax),,,Y
MECH_TEST_ITEM_CD,WV07,波纹度检测实绩(Wa08),,,Y
MECH_TEST_ITEM_CD,WV08,波纹度检测最大值实绩(Wa08max),,,Y
MECH_TEST_ITEM_CD,ZT01,Z向拉伸断面收缩率单值实绩,,,Y
MECH_TEST_ITEM_CD,ZT06,Z向拉伸断面收缩率单值实绩,,,Y
MECH_TEST_ITEM_CD,ZT07,Z向拉伸断面收缩率单值实绩,,,Y
MECH_TEST_ITEM_CD,ZT02,Z向拉伸断面收缩率平均值实绩,,,Y
MECH_TEST_ITEM_CD,ZT03,Z向拉伸试验屈服强度实绩,,,Y
MECH_TEST_ITEM_CD,ZT04,Z向拉伸试验抗拉强度实绩,,,Y
MECH_TEST_ITEM_CD,ZT05,Z向拉伸试验断后伸长率实绩,,,Y
MECH_TEST_ITEM_CD,CP01,抗剪强度τ实绩,,,Y
MECH_TEST_ITEM_CD,CP02,复层厚度实绩,,,Y
MECH_TEST_ITEM_CD,CP03,杯突IE实绩,,,Y
MECH_TEST_ITEM_CD,CP04,内弯弯曲实绩,,,Y
MECH_TEST_ITEM_CD,CP05,外弯弯曲实绩,,,Y
MECH_TEST_ITEM_CD,CP06,侧弯弯曲实绩,,,Y
MECH_TEST_ITEM_CD,AT01,时效拉伸测试屈服强度实绩,,,Y
MECH_TEST_ITEM_CD,AT02,时效拉伸测试抗拉强度实绩,,,Y
MECH_TEST_ITEM_CD,AT03,时效拉伸试验屈强比YP/TS实绩,,,Y
MECH_TEST_ITEM_CD,AT04,时效拉伸试验屈强比Rt0.5/Rm实绩,,,Y
MECH_TEST_ITEM_CD,AT05,时效拉伸试验屈强比Rt1.5/Rt0.5实绩,,,Y
MECH_TEST_ITEM_CD,AT06,时效拉伸试验屈强比Rt2.0/Rt1.0实绩,,,Y
MECH_TEST_ITEM_CD,AT07,时效拉伸试验屈强比Rt5.0/Rt1.0实绩,,,Y
MECH_TEST_ITEM_CD,AT08,拉抻测试断后伸长率实绩,,,Y
MECH_TEST_ITEM_CD,AT09,时效拉伸试验均匀伸长率实绩,,,Y
MECH_TEST_ITEM_CD,AT10,时效拉伸试验断面收缩率实绩,,,Y
MECH_TEST_ITEM_CD,AT11,时效冲击1测试平均值实绩,,,Y
MECH_TEST_ITEM_CD,AT12,时效冲击1测试单值实绩1,,,Y
MECH_TEST_ITEM_CD,AT13,时效冲击1测试单值实绩2,,,Y
MECH_TEST_ITEM_CD,AT14,时效冲击1测试单值实绩3,,,Y
MECH_TEST_ITEM_CD,AT15,纤维断面率1平均值实绩,,,Y
MECH_TEST_ITEM_CD,AT16,纤维断面率1单值实绩1,,,Y
MECH_TEST_ITEM_CD,AT17,纤维断面率1单值实绩2,,,Y
MECH_TEST_ITEM_CD,AT18,纤维断面率1单值实绩3,,,Y
MECH_TEST_ITEM_CD,AT19,时效冲击1试样侧膨胀值平均值实绩1,,,Y
MECH_TEST_ITEM_CD,AT20,时效冲击1试样侧膨胀值单值实绩1,,,Y
MECH_TEST_ITEM_CD,AT21,时效冲击1试样侧膨胀值单值实绩2,,,Y
MECH_TEST_ITEM_CD,AT22,时效冲击1试样侧膨胀值单值实绩3,,,Y
MECH_TEST_ITEM_CD,AT23,时效冲击2测试平均值实绩,,,Y
MECH_TEST_ITEM_CD,AT24,时效冲击2测试单值实绩1,,,Y
MECH_TEST_ITEM_CD,AT25,时效冲击2测试单值实绩2,,,Y
MECH_TEST_ITEM_CD,AT26,时效冲击2测试单值实绩3,,,Y
MECH_TEST_ITEM_CD,AT27,纤维断面率2平均值实绩,,,Y
MECH_TEST_ITEM_CD,AT28,纤维断面率2单值实绩1,,,Y
MECH_TEST_ITEM_CD,AT29,纤维断面率2单值实绩2,,,Y
MECH_TEST_ITEM_CD,AT30,纤维断面率2单值实绩3,,,Y
MECH_TEST_ITEM_CD,AT31,时效冲击2试样侧膨胀值平均值实绩1,,,Y
MECH_TEST_ITEM_CD,AT32,时效冲击2试样侧膨胀值单值实绩1,,,Y
MECH_TEST_ITEM_CD,ND01,NDT温度实绩,,,Y
MECH_TEST_ITEM_CD,AT33,时效冲击2试样侧膨胀值单值实绩2,,,Y
MECH_TEST_ITEM_CD,AT34,时效冲击2试样侧膨胀值单值实绩3,,,Y
MECH_TEST_ITEM_CD,AT35,时效冲击3测试平均值实绩,,,Y
MECH_TEST_ITEM_CD,AT36,时效冲击3测试单值实绩1,,,Y
MECH_TEST_ITEM_CD,CT01,CTOD值实绩,,,Y
MECH_TEST_ITEM_CD,AT37,时效冲击3测试单值实绩2,,,Y
MECH_TEST_ITEM_CD,AT38,时效冲击3测试单值实绩3,,,Y
MECH_TEST_ITEM_CD,AT39,纤维断面率3平均值实绩,,,Y
MECH_TEST_ITEM_CD,AT40,纤维断面率3单值实绩1,,,Y
MECH_TEST_ITEM_CD,AT41,纤维断面率3单值实绩2,,,Y
MECH_TEST_ITEM_CD,NP01,淬透性指数_JHRC硬度实绩,,,Y
MECH_TEST_ITEM_CD,AT42,纤维断面率3单值实绩3,,,Y
MECH_TEST_ITEM_CD,NP02,淬透性指数_JHRC硬度-距离实绩,,,Y
MECH_TEST_ITEM_CD,NP03,淬透性指数_JHV硬度实绩,,,Y
MECH_TEST_ITEM_CD,NP04,淬透性指数_JHV硬度-距离实绩,,,Y
MECH_TEST_ITEM_CD,AT43,时效冲击3试样侧膨胀值平均值实绩1,,,Y
MECH_TEST_ITEM_CD,AT44,时效冲击3试样侧膨胀值单值实绩1,,,Y
MECH_TEST_ITEM_CD,AT45,时效冲击3试样侧膨胀值单值实绩2,,,Y
MECH_TEST_ITEM_CD,AT46,时效冲击3试样侧膨胀值单值实绩3,,,Y
MECH_TEST_ITEM_CD,AT47,时效冲击4测试平均值实绩,,,Y
MECH_TEST_ITEM_CD,AT48,时效冲击4测试单值实绩1,,,Y
MECH_TEST_ITEM_CD,AT49,时效冲击4测试单值实绩2,,,Y
MECH_TEST_ITEM_CD,AT50,时效冲击4测试单值实绩3,,,Y
MECH_TEST_ITEM_CD,AT51,纤维断面率4平均值实绩,,,Y
MECH_TEST_ITEM_CD,T101,拉伸试验YP代码(抗服_屈服强度),,,Y
MECH_TEST_ITEM_CD,AT52,纤维断面率4单值实绩1,,,Y
MECH_TEST_ITEM_CD,T102,拉伸试验TS(抗拉强度),,,Y
MECH_TEST_ITEM_CD,AT53,纤维断面率4单值实绩2,,,Y
MECH_TEST_ITEM_CD,T103,拉伸试验YP/TS实绩,,,Y
MECH_TEST_ITEM_CD,AT54,纤维断面率4单值实绩3,,,Y
MECH_TEST_ITEM_CD,T104,拉伸试验Rt0.5/Rm实绩,,,Y
MECH_TEST_ITEM_CD,AT55,时效冲击4试样侧膨胀值平均值实绩1,,,Y
MECH_TEST_ITEM_CD,T105,拉伸试验Rt1.5/Rt0.5实绩,,,Y
MECH_TEST_ITEM_CD,AT56,时效冲击4试样侧膨胀值单值实绩1,,,Y
MECH_TEST_ITEM_CD,T106,拉伸试验Rt2.0/Rt1.0实绩,,,Y
MECH_TEST_ITEM_CD,AT57,时效冲击4试样侧膨胀值单值实绩2,,,Y
MECH_TEST_ITEM_CD,T107,拉伸试验Rt5.0/Rt1.0实绩,,,Y
MECH_TEST_ITEM_CD,AT58,时效冲击4试样侧膨胀值单值实绩3,,,Y
MECH_TEST_ITEM_CD,T108,拉抻测试断后伸长率实绩,,,Y
MECH_TEST_ITEM_CD,AT59,时效冲击5测试平均值实绩,,,Y
MECH_TEST_ITEM_CD,T109,拉伸试验均匀伸长率实绩,,,Y
MECH_TEST_ITEM_CD,AT60,时效冲击5测试单值实绩1,,,Y
MECH_TEST_ITEM_CD,T110,拉伸试验断面收缩率实绩,,,Y
MECH_TEST_ITEM_CD,AT61,时效冲击5测试单值实绩2,,,Y
MECH_TEST_ITEM_CD,T111,拉伸试验消应力处理_保温温度实绩,,,Y
MECH_TEST_ITEM_CD,AT62,时效冲击5测试单值实绩3,,,Y
MECH_TEST_ITEM_CD,T112,拉伸试验消应力处理_保温时间实绩,,,Y
MECH_TEST_ITEM_CD,AT63,纤维断面率5平均值实绩,,,Y
MECH_TEST_ITEM_CD,AT64,纤维断面率5单值实绩1,,,Y
MECH_TEST_ITEM_CD,AT65,纤维断面率5单值实绩2,,,Y
MECH_TEST_ITEM_CD,AT66,纤维断面率5单值实绩3,,,Y
MECH_TEST_ITEM_CD,AT67,时效冲击5试样侧膨胀值平均值实绩1,,,Y
MECH_TEST_ITEM_CD,AT68,时效冲击5试样侧膨胀值单值实绩1,,,Y
MECH_TEST_ITEM_CD,AT69,时效冲击5试样侧膨胀值单值实绩2,,,Y
MECH_TEST_ITEM_CD,AT70,时效冲击5试样侧膨胀值单值实绩3,,,Y
MECH_TEST_ITEM_CD,T201,拉伸试验YP代码(抗服_屈服强度),,,Y
MECH_TEST_ITEM_CD,T202,拉伸试验TS(抗拉强度),,,Y
MECH_TEST_ITEM_CD,T203,拉伸试验YP/TS实绩,,,Y
MECH_TEST_ITEM_CD,T204,拉伸试验Rt0.5/Rm实绩,,,Y
MECH_TEST_ITEM_CD,T205,拉伸试验Rt1.5/Rt0.5实绩,,,Y
MECH_TEST_ITEM_CD,T206,拉伸试验Rt2.0/Rt1.0实绩,,,Y
MECH_TEST_ITEM_CD,T207,拉伸试验Rt5.0/Rt1.0实绩,,,Y
MECH_TEST_ITEM_CD,T208,拉抻测试断后伸长率实绩,,,Y
MECH_TEST_ITEM_CD,T209,拉伸试验均匀伸长率实绩,,,Y
MECH_TEST_ITEM_CD,T210,拉伸试验断面收缩率实绩,,,Y
MECH_TEST_ITEM_CD,T211,拉伸试验消应力处理_保温温度实绩,,,Y
MECH_TEST_ITEM_CD,T212,拉伸试验消应力处理_保温时间实绩,,,Y
MECH_TEST_ITEM_CD,I101,冲击功实绩,,,Y
MECH_TEST_ITEM_CD,I102,冲击试验单个实绩1,,,Y
MECH_TEST_ITEM_CD,I103,冲击试验单个实绩2,,,Y
MECH_TEST_ITEM_CD,I104,冲击试验单个实绩3,,,Y
MECH_TEST_ITEM_CD,I105,冲击试验眼神断面率实绩,,,Y
MECH_TEST_ITEM_CD,I106,冲击试验眼神断面率实绩1,,,Y
MECH_TEST_ITEM_CD,I107,冲击试验眼神断面率实绩2,,,Y
MECH_TEST_ITEM_CD,I108,冲击试验眼神断面率实绩3,,,Y
MECH_TEST_ITEM_CD,I109,冲击试样侧膨胀值平均值实绩,,,Y
MECH_TEST_ITEM_CD,I110,冲击试样侧膨胀值单值实绩1,,,Y
MECH_TEST_ITEM_CD,I111,冲击试样侧膨胀值单值实绩2,,,Y
MECH_TEST_ITEM_CD,I112,冲击试样侧膨胀值单值实绩3,,,Y
MECH_TEST_ITEM_CD,I201,冲击功实绩,,,Y
MECH_TEST_ITEM_CD,I202,冲击试验单个实绩1,,,Y
MECH_TEST_ITEM_CD,I203,冲击试验单个实绩2,,,Y
MECH_TEST_ITEM_CD,I204,冲击试验单个实绩3,,,Y
MECH_TEST_ITEM_CD,I205,冲击试验眼神断面率实绩,,,Y
MECH_TEST_ITEM_CD,I206,冲击试验眼神断面率实绩1,,,Y
MECH_TEST_ITEM_CD,I207,冲击试验眼神断面率实绩2,,,Y
MECH_TEST_ITEM_CD,I208,冲击试验眼神断面率实绩3,,,Y
MECH_TEST_ITEM_CD,I209,冲击试样侧膨胀值平均值实绩,,,Y
MECH_TEST_ITEM_CD,I210,冲击试样侧膨胀值单值实绩1,,,Y
MECH_TEST_ITEM_CD,I211,冲击试样侧膨胀值单值实绩2,,,Y
MECH_TEST_ITEM_CD,I212,冲击试样侧膨胀值单值实绩3,,,Y
MECH_TEST_ITEM_CD,I301,冲击功实绩,,,Y
MECH_TEST_ITEM_CD,I302,冲击试验单个实绩1,,,Y
MECH_TEST_ITEM_CD,I303,冲击试验单个实绩2,,,Y
MECH_TEST_ITEM_CD,I304,冲击试验单个实绩3,,,Y
MECH_TEST_ITEM_CD,I305,冲击试验眼神断面率实绩,,,Y
MECH_TEST_ITEM_CD,I306,冲击试验眼神断面率实绩1,,,Y
MECH_TEST_ITEM_CD,I307,冲击试验眼神断面率实绩2,,,Y
MECH_TEST_ITEM_CD,I308,冲击试验眼神断面率实绩3,,,Y
MECH_TEST_ITEM_CD,I309,冲击试样侧膨胀值平均值实绩,,,Y
MECH_TEST_ITEM_CD,I310,冲击试样侧膨胀值单值实绩1,,,Y
MECH_TEST_ITEM_CD,I311,冲击试样侧膨胀值单值实绩2,,,Y
MECH_TEST_ITEM_CD,I312,冲击试样侧膨胀值单值实绩3,,,Y
MECH_TEST_ITEM_CD,I401,冲击功实绩,,,Y
MECH_TEST_ITEM_CD,I402,冲击试验单个实绩1,,,Y
MECH_TEST_ITEM_CD,I403,冲击试验单个实绩2,,,Y
MECH_TEST_ITEM_CD,I404,冲击试验单个实绩3,,,Y
MECH_TEST_ITEM_CD,I405,冲击试验眼神断面率实绩,,,Y
MECH_TEST_ITEM_CD,I406,冲击试验眼神断面率实绩1,,,Y
MECH_TEST_ITEM_CD,I407,冲击试验眼神断面率实绩2,,,Y
MECH_TEST_ITEM_CD,I408,冲击试验眼神断面率实绩3,,,Y
MECH_TEST_ITEM_CD,I409,冲击试样侧膨胀值平均值实绩,,,Y
MECH_TEST_ITEM_CD,I410,冲击试样侧膨胀值单值实绩1,,,Y
MECH_TEST_ITEM_CD,I411,冲击试样侧膨胀值单值实绩2,,,Y
MECH_TEST_ITEM_CD,I412,冲击试样侧膨胀值单值实绩3,,,Y
MECH_TEST_ITEM_CD,V01,,,C,Y
MECH_TEST_ITEM_CD,V02,,,Si,Y
MECH_TEST_ITEM_CD,V03,,,Mn,Y
MECH_TEST_ITEM_CD,V04,,,P,Y
MECH_TEST_ITEM_CD,V05,,,S,Y
MECH_TEST_ITEM_CD,V06,,,Cu,Y
MECH_TEST_ITEM_CD,V07,,,Total_Al,Y
MECH_TEST_ITEM_CD,V08,,,Sol_Al,Y
MECH_TEST_ITEM_CD,V10,,,Nb,Y
MECH_TEST_ITEM_CD,V11,,,B,Y
MECH_TEST_ITEM_CD,V14,,,Ni,Y
MECH_TEST_ITEM_CD,V15,,,Cr,Y
MECH_TEST_ITEM_CD,V16,,,Mo,Y
MECH_TEST_ITEM_CD,V17,,,W,Y
MECH_TEST_ITEM_CD,V18,,,Ti,Y
MECH_TEST_ITEM_CD,V19,,,V,Y
MECH_TEST_ITEM_CD,V20,,,Zr,Y
MECH_TEST_ITEM_CD,V21,,,Pb,Y
MECH_TEST_ITEM_CD,V22,,,Sn,Y
MECH_TEST_ITEM_CD,V23,,,As,Y
MECH_TEST_ITEM_CD,V24,,,Co,Y
MECH_TEST_ITEM_CD,V25,,,Ca,Y
MECH_TEST_ITEM_CD,V28,,,Mg,Y
MECH_TEST_ITEM_CD,V29,,,Te,Y
MECH_TEST_ITEM_CD,V30,,,Bi,Y
MECH_TEST_ITEM_CD,V31,,,Sb,Y
MECH_TEST_ITEM_CD,V32,,,Zn,Y
MECH_TEST_ITEM_CD,V33,,,H,Y
MECH_TEST_ITEM_CD,V36,,,N,Y
MECH_TEST_ITEM_CD,V37,,,O,Y
MECH_TEST_ITEM_CD,V38,,,RE,Y
MECH_TEST_ITEM_CD,V41,,,YSB2,Y
MECH_TEST_ITEM_CD,V42,,,YSB3,Y
MECH_TEST_ITEM_CD,V43,,,YSB4,Y
MECH_TEST_ITEM_CD,V44,,,YSB5,Y
MECH_TEST_ITEM_CD,V45,,,YSB6,Y
MECH_TEST_ITEM_CD,V46,,,YSB7,Y
MECH_TEST_ITEM_CD,V49,,,CSOL,Y
MECH_TEST_ITEM_CD,V50,,,WLYS1,Y
MECH_TEST_ITEM_CD,V51,,,WLYS2,Y
MECH_TEST_ITEM_CD,V52,,,WLYS3,Y
MECH_TEST_ITEM_CD,V53,,,WLYS4,Y
MECH_TEST_ITEM_CD,V54,,,WLYS5,Y
MECH_TEST_ITEM_CD,V55,,,WLYS6,Y
MECH_TEST_ITEM_CD,V56,,,YSB1,Y
MECH_TEST_ITEM_CD,V57,,,CEQ-EXP(%),Y
MECH_TEST_ITEM_CD,V60,,,CEQ-1(%),Y
MECH_TEST_ITEM_CD,V61,,,WLYS7,Y
MECH_TEST_ITEM_CD,V62,,,WLYS8,Y
MECH_TEST_ITEM_CD,V69,,,CEQ,Y
MECH_TEST_ITEM_CD,V70,,,PCM,Y
MECH_TEST_ITEM_CD,V71,再热裂纹指数,,PSR,Y
MECH_TEST_ITEM_CD,V72,I(耐腐蚀因子),,CF-I,Y
MECH_TEST_ITEM_CD,V73,J(回火脆性敏感系数),,CF-J,Y
MECH_TEST_ITEM_CD,V74,X(回火脆性敏感系数),,CF-X,Y
MECH_TEST_ITEM_CD,V95,,,WLYS3,Y
MECH_TEST_ITEM_CD,V96,,,WLYS9,Y
MECH_TEST_ITEM_CD,V97,实绩复合元素3值,,CET(%),Y
MECH_TEST_ITEM_CD,V98,实绩复合元素4值,,CEQ-AWS(%),Y
MECH_TEST_ITEM_CD,V99,实绩复合元素5值,,CEQ-JIS(%),Y
MECH_TEST_ITEM_CD,PBN01,模拟焊弯曲试验,,,Y
MECH_TEST_ITEM_CD,PGS03,模拟焊显微金相硅铁体晶粒度,,,Y
MECH_TEST_ITEM_CD,PGS04,模拟焊显微金相austenite晶粒度,,,Y
MECH_TEST_ITEM_CD,PGS08,模拟焊显微金相Banded structure等级上限实绩,,,Y
MECH_TEST_ITEM_CD,PGS10,模拟焊金相测试基相的体积分数实绩,,,Y
MECH_TEST_ITEM_CD,PHC01,模拟焊HIC试验CLR 平均1实绩,,,Y
MECH_TEST_ITEM_CD,PHC02,模拟焊HIC试验CLR 平均2实绩,,,Y
MECH_TEST_ITEM_CD,PHC03,模拟焊HIC试验CLR 平均3实绩,,,Y
MECH_TEST_ITEM_CD,PHC04,模拟焊HIC试验CLR 全体平均实绩,,,Y
MECH_TEST_ITEM_CD,PHC05,模拟焊HIC试验CSR 平均1实绩,,,Y
MECH_TEST_ITEM_CD,PHC06,模拟焊HIC试验CSR 平均2实绩,,,Y
MECH_TEST_ITEM_CD,PHC07,模拟焊HIC试验CSR 平均3实绩,,,Y
MECH_TEST_ITEM_CD,PHC08,模拟焊HIC试验CSR 全体平均实绩,,,Y
MECH_TEST_ITEM_CD,PHC09,模拟焊HIC试验CTR 平均1实绩,,,Y
MECH_TEST_ITEM_CD,PHC10,模拟焊HIC试验CTR 平均2实绩,,,Y
MECH_TEST_ITEM_CD,PHC11,模拟焊HIC试验CTR 平均3实绩,,,Y
MECH_TEST_ITEM_CD,PHC12,模拟焊HIC试验CTR 全体平均实绩,,,Y
MECH_TEST_ITEM_CD,PHC13,模拟焊HIC试验CLR 试样1实绩1,,,Y
MECH_TEST_ITEM_CD,PHC14,模拟焊HIC试验CLR 试样1实绩2,,,Y
MECH_TEST_ITEM_CD,PHC15,模拟焊HIC试验CLR 试样1实绩3,,,Y
MECH_TEST_ITEM_CD,PHC16,模拟焊HIC试验CLR 试样2实绩1,,,Y
MECH_TEST_ITEM_CD,PHC17,模拟焊HIC试验CLR 试样2实绩2,,,Y
MECH_TEST_ITEM_CD,PHC18,模拟焊HIC试验CLR 试样2实绩3,,,Y
MECH_TEST_ITEM_CD,PHC19,模拟焊HIC试验CLR 试样3实绩1,,,Y
MECH_TEST_ITEM_CD,PHC20,模拟焊HIC试验CLR 试样3实绩2,,,Y
MECH_TEST_ITEM_CD,PHC21,模拟焊HIC试验CLR 试样3实绩3,,,Y
MECH_TEST_ITEM_CD,PHC22,模拟焊HIC试验CSR 试样1实绩1,,,Y
MECH_TEST_ITEM_CD,PHC23,模拟焊HIC试验CSR 试样1实绩2,,,Y
MECH_TEST_ITEM_CD,PHC24,模拟焊HIC试验CSR 试样1实绩3,,,Y
MECH_TEST_ITEM_CD,PHC25,模拟焊HIC试验CSR 试样2实绩1,,,Y
MECH_TEST_ITEM_CD,PHC26,模拟焊HIC试验CSR 试样2实绩2,,,Y
MECH_TEST_ITEM_CD,PHC27,模拟焊HIC试验CSR 试样2实绩3,,,Y
MECH_TEST_ITEM_CD,PHC28,模拟焊HIC试验CSR 试样3实绩1,,,Y
MECH_TEST_ITEM_CD,PHC29,模拟焊HIC试验CSR 试样3实绩2,,,Y
MECH_TEST_ITEM_CD,PHC30,模拟焊HIC试验CSR 试样3实绩3,,,Y
MECH_TEST_ITEM_CD,PHC31,模拟焊HIC试验CTR 试样1实绩1,,,Y
MECH_TEST_ITEM_CD,PHC32,模拟焊HIC试验CTR 试样1实绩2,,,Y
MECH_TEST_ITEM_CD,PHC33,模拟焊HIC试验CTR 试样1实绩3,,,Y
MECH_TEST_ITEM_CD,PHC34,模拟焊HIC试验CTR 试样2实绩1,,,Y
MECH_TEST_ITEM_CD,PHC35,模拟焊HIC试验CTR 试样2实绩2,,,Y
MECH_TEST_ITEM_CD,PHC36,模拟焊HIC试验CTR 试样2实绩3,,,Y
MECH_TEST_ITEM_CD,PHC37,模拟焊HIC试验CTR 试样3实绩1,,,Y
MECH_TEST_ITEM_CD,PHC38,模拟焊HIC试验CTR 试样3实绩2,,,Y
MECH_TEST_ITEM_CD,PHC39,模拟焊HIC试验CTR 试样3实绩3,,,Y
MECH_TEST_ITEM_CD,PHD11,模拟焊硬度单值实绩1,,,Y
MECH_TEST_ITEM_CD,PHD12,模拟焊硬度单值实绩2,,,Y
MECH_TEST_ITEM_CD,PHD13,模拟焊硬度单值实绩3,,,Y
MECH_TEST_ITEM_CD,PHD14,模拟焊硬度平均值实绩1,,,Y
MECH_TEST_ITEM_CD,PHD15,模拟焊硬度平均值实绩2,,,Y
MECH_TEST_ITEM_CD,PHD16,模拟焊硬度平均值实绩3,,,Y
MECH_TEST_ITEM_CD,PHT01,模拟焊高温拉伸试验YP,,,Y
MECH_TEST_ITEM_CD,PHT02,模拟焊高温拉伸试验TS,,,Y
MECH_TEST_ITEM_CD,PHT03,模拟焊高温拉伸试验EL,,,Y
MECH_TEST_ITEM_CD,PHT04,模拟焊高温拉伸试验RA,,,Y
MECH_TEST_ITEM_CD,PI101,模拟焊冲击功实绩,,,Y
MECH_TEST_ITEM_CD,PI102,模拟焊冲击试验单个实绩1,,,Y
MECH_TEST_ITEM_CD,PI103,模拟焊冲击试验单个实绩2,,,Y
MECH_TEST_ITEM_CD,PI104,模拟焊冲击试验单个实绩3,,,Y
MECH_TEST_ITEM_CD,PI105,模拟焊冲击试验眼神断面率实绩,,,Y
MECH_TEST_ITEM_CD,PI106,模拟焊冲击试验眼神断面率实绩1,,,Y
MECH_TEST_ITEM_CD,PI107,模拟焊冲击试验眼神断面率实绩2,,,Y
MECH_TEST_ITEM_CD,PI108,模拟焊冲击试验眼神断面率实绩3,,,Y
MECH_TEST_ITEM_CD,PI109,模拟焊冲击试样侧膨胀值平均值实绩,,,Y
MECH_TEST_ITEM_CD,PI110,模拟焊冲击试样侧膨胀值单值实绩1,,,Y
MECH_TEST_ITEM_CD,PI111,模拟焊冲击试样侧膨胀值单值实绩2,,,Y
MECH_TEST_ITEM_CD,PI112,模拟焊冲击试样侧膨胀值单值实绩3,,,Y
MECH_TEST_ITEM_CD,PI201,模拟焊冲击功实绩,,,Y
MECH_TEST_ITEM_CD,PI202,模拟焊冲击试验单个实绩1,,,Y
MECH_TEST_ITEM_CD,PI203,模拟焊冲击试验单个实绩2,,,Y
MECH_TEST_ITEM_CD,PI204,模拟焊冲击试验单个实绩3,,,Y
MECH_TEST_ITEM_CD,PI205,模拟焊冲击试验眼神断面率实绩,,,Y
MECH_TEST_ITEM_CD,PI206,模拟焊冲击试验眼神断面率实绩1,,,Y
MECH_TEST_ITEM_CD,PI207,模拟焊冲击试验眼神断面率实绩2,,,Y
MECH_TEST_ITEM_CD,PI208,模拟焊冲击试验眼神断面率实绩3,,,Y
MECH_TEST_ITEM_CD,PI209,模拟焊冲击试样侧膨胀值平均值实绩,,,Y
MECH_TEST_ITEM_CD,PI210,模拟焊冲击试样侧膨胀值单值实绩1,,,Y
MECH_TEST_ITEM_CD,PI211,模拟焊冲击试样侧膨胀值单值实绩2,,,Y
MECH_TEST_ITEM_CD,PI212,模拟焊冲击试样侧膨胀值单值实绩3,,,Y
MECH_TEST_ITEM_CD,PI301,模拟焊冲击功实绩,,,Y
MECH_TEST_ITEM_CD,PI302,模拟焊冲击试验单个实绩1,,,Y
MECH_TEST_ITEM_CD,PI303,模拟焊冲击试验单个实绩2,,,Y
MECH_TEST_ITEM_CD,PI304,模拟焊冲击试验单个实绩3,,,Y
MECH_TEST_ITEM_CD,PI305,模拟焊冲击试验眼神断面率实绩,,,Y
MECH_TEST_ITEM_CD,PI306,模拟焊冲击试验眼神断面率实绩1,,,Y
MECH_TEST_ITEM_CD,PI307,模拟焊冲击试验眼神断面率实绩2,,,Y
MECH_TEST_ITEM_CD,PI308,模拟焊冲击试验眼神断面率实绩3,,,Y
MECH_TEST_ITEM_CD,PI309,模拟焊冲击试样侧膨胀值平均值实绩,,,Y
MECH_TEST_ITEM_CD,PI310,模拟焊冲击试样侧膨胀值单值实绩1,,,Y
MECH_TEST_ITEM_CD,PI311,模拟焊冲击试样侧膨胀值单值实绩2,,,Y
MECH_TEST_ITEM_CD,PI312,模拟焊冲击试样侧膨胀值单值实绩3,,,Y
MECH_TEST_ITEM_CD,PI401,模拟焊冲击功实绩,,,Y
MECH_TEST_ITEM_CD,PI402,模拟焊冲击试验单个实绩1,,,Y
MECH_TEST_ITEM_CD,PI403,模拟焊冲击试验单个实绩2,,,Y
MECH_TEST_ITEM_CD,PI404,模拟焊冲击试验单个实绩3,,,Y
MECH_TEST_ITEM_CD,PI405,模拟焊冲击试验眼神断面率实绩,,,Y
MECH_TEST_ITEM_CD,PI406,模拟焊冲击试验眼神断面率实绩1,,,Y
MECH_TEST_ITEM_CD,PI407,模拟焊冲击试验眼神断面率实绩2,,,Y
MECH_TEST_ITEM_CD,PI408,模拟焊冲击试验眼神断面率实绩3,,,Y
MECH_TEST_ITEM_CD,PI409,模拟焊冲击试样侧膨胀值平均值实绩,,,Y
MECH_TEST_ITEM_CD,PI410,模拟焊冲击试样侧膨胀值单值实绩1,,,Y
MECH_TEST_ITEM_CD,PI411,模拟焊冲击试样侧膨胀值单值实绩2,,,Y
MECH_TEST_ITEM_CD,PI412,模拟焊冲击试样侧膨胀值单值实绩3,,,Y
MECH_TEST_ITEM_CD,PIM01,模拟焊冲击功实绩,,,Y
MECH_TEST_ITEM_CD,PIM02,模拟焊冲击试验单个实绩1,,,Y
MECH_TEST_ITEM_CD,PIM03,模拟焊冲击试验单个实绩2,,,Y
MECH_TEST_ITEM_CD,PIM04,模拟焊冲击试验单个实绩3,,,Y
MECH_TEST_ITEM_CD,PIM05,模拟焊冲击试验眼神断面率实绩,,,Y
MECH_TEST_ITEM_CD,PIM06,模拟焊冲击试验眼神断面率实绩1,,,Y
MECH_TEST_ITEM_CD,PIM07,模拟焊冲击试验眼神断面率实绩2,,,Y
MECH_TEST_ITEM_CD,PIM08,模拟焊冲击试验眼神断面率实绩3,,,Y
MECH_TEST_ITEM_CD,PIM09,模拟焊冲击试样侧膨胀值平均值实绩,,,Y
MECH_TEST_ITEM_CD,PIM10,模拟焊冲击试样侧膨胀值单值实绩1,,,Y
MECH_TEST_ITEM_CD,PIM11,模拟焊冲击试样侧膨胀值单值实绩2,,,Y
MECH_TEST_ITEM_CD,PIM12,模拟焊冲击试样侧膨胀值单值实绩3,,,Y
MECH_TEST_ITEM_CD,PSS03,模拟焊SSCC测试应力实绩,,,Y
MECH_TEST_ITEM_CD,PT101,模拟焊拉伸试验YP代码(抗服_屈服强度),,,Y
MECH_TEST_ITEM_CD,PT102,模拟焊拉伸试验TS(抗拉强度),,,Y
MECH_TEST_ITEM_CD,PT103,模拟焊拉伸试验YP/TS实绩,,,Y
MECH_TEST_ITEM_CD,PT104,模拟焊拉伸试验Rt0.5/Rm实绩,,,Y
MECH_TEST_ITEM_CD,PT105,模拟焊拉伸试验Rt1.5/Rt0.5实绩,,,Y
MECH_TEST_ITEM_CD,PT106,模拟焊拉伸试验Rt2.0/Rt1.0实绩,,,Y
MECH_TEST_ITEM_CD,PT107,模拟焊拉伸试验Rt5.0/Rt1.0实绩,,,Y
MECH_TEST_ITEM_CD,PT108,模拟焊拉抻测试断后伸长率实绩,,,Y
MECH_TEST_ITEM_CD,PT109,模拟焊拉伸试验均匀伸长率实绩,,,Y
MECH_TEST_ITEM_CD,PT110,模拟焊拉伸试验断面收缩率实绩,,,Y
MECH_TEST_ITEM_CD,PT111,模拟焊拉伸试验消应力处理_保温温度实绩,,,Y
MECH_TEST_ITEM_CD,PT112,模拟焊拉伸试验消应力处理_保温时间实绩,,,Y
MECH_TEST_ITEM_CD,PT201,模拟焊拉伸试验YP代码(抗服_屈服强度),,,Y
MECH_TEST_ITEM_CD,PT202,模拟焊拉伸试验TS(抗拉强度),,,Y
MECH_TEST_ITEM_CD,PT203,模拟焊拉伸试验YP/TS实绩,,,Y
MECH_TEST_ITEM_CD,PT204,模拟焊拉伸试验Rt0.5/Rm实绩,,,Y
MECH_TEST_ITEM_CD,PT205,模拟焊拉伸试验Rt1.5/Rt0.5实绩,,,Y
MECH_TEST_ITEM_CD,PT206,模拟焊拉伸试验Rt2.0/Rt1.0实绩,,,Y
MECH_TEST_ITEM_CD,PT207,模拟焊拉伸试验Rt5.0/Rt1.0实绩,,,Y
MECH_TEST_ITEM_CD,PT208,模拟焊拉抻测试断后伸长率实绩,,,Y
MECH_TEST_ITEM_CD,PT209,模拟焊拉伸试验均匀伸长率实绩,,,Y
MECH_TEST_ITEM_CD,PT210,模拟焊拉伸试验断面收缩率实绩,,,Y
MECH_TEST_ITEM_CD,PT211,模拟焊拉伸试验消应力处理_保温温度实绩,,,Y
MECH_TEST_ITEM_CD,PT212,模拟焊拉伸试验消应力处理_保温时间实绩,,,Y
MECH_TEST_ITEM_CD,PTS01,模拟焊拉伸试验YP代码(抗服_屈服强度),,,Y
MECH_TEST_ITEM_CD,PTS02,模拟焊拉伸试验TS(抗拉强度),,,Y
MECH_TEST_ITEM_CD,PTS16,模拟焊拉伸试验YP/TS实绩,,,Y
MECH_TEST_ITEM_CD,PTS17,模拟焊拉伸试验Rt0.5/Rm实绩,,,Y
MECH_TEST_ITEM_CD,PTS18,模拟焊拉伸试验Rt1.5/Rt0.5实绩,,,Y
MECH_TEST_ITEM_CD,PTS19,模拟焊拉伸试验Rt2.0/Rt1.0实绩,,,Y
MECH_TEST_ITEM_CD,PTS20,模拟焊拉伸试验Rt5.0/Rt1.0实绩,,,Y
MECH_TEST_ITEM_CD,PTS21,模拟焊拉抻测试断后伸长率实绩,,,Y
MECH_TEST_ITEM_CD,PTS22,模拟焊拉伸试验均匀伸长率实绩,,,Y
MECH_TEST_ITEM_CD,PTS23,模拟焊拉伸试验断面收缩率实绩,,,Y
MECH_TEST_ITEM_CD,PZT01,模拟焊Z向拉伸断面收缩率单值实绩,,,Y
MECH_TEST_ITEM_CD,PZT02,模拟焊Z向拉伸断面收缩率平均值实绩,,,Y
MECH_TEST_ITEM_CD,PZT03,模拟焊Z向拉伸试验屈服强度实绩,,,Y
MECH_TEST_ITEM_CD,PZT04,模拟焊Z向拉伸试验抗拉强度实绩,,,Y
MECH_TEST_ITEM_CD,PZT05,模拟焊Z向拉伸试验断后伸长率实绩,,,Y
MECH_TEST_ITEM_CD,PZT06,模拟焊Z向拉伸断面收缩率单值实绩,,,Y
MECH_TEST_ITEM_CD,PZT07,模拟焊Z向拉伸断面收缩率单值实绩,,,Y
MECH_TEST_ITEM_CD,MBN01,最大模拟焊弯曲试验,,,Y
MECH_TEST_ITEM_CD,MGS03,最大模拟焊显微金相硅铁体晶粒度,,,Y
MECH_TEST_ITEM_CD,MGS04,最大模拟焊显微金相austenite晶粒度,,,Y
MECH_TEST_ITEM_CD,MGS08,最大模拟焊显微金相Banded structure等级上限实绩,,,Y
MECH_TEST_ITEM_CD,MGS10,最大模拟焊金相测试基相的体积分数实绩,,,Y
MECH_TEST_ITEM_CD,MHC01,最大模拟焊HIC试验CLR 平均1实绩,,,Y
MECH_TEST_ITEM_CD,MHC02,最大模拟焊HIC试验CLR 平均2实绩,,,Y
MECH_TEST_ITEM_CD,MHC03,最大模拟焊HIC试验CLR 平均3实绩,,,Y
MECH_TEST_ITEM_CD,MHC04,最大模拟焊HIC试验CLR 全体平均实绩,,,Y
MECH_TEST_ITEM_CD,MHC05,最大模拟焊HIC试验CSR 平均1实绩,,,Y
MECH_TEST_ITEM_CD,MHC06,最大模拟焊HIC试验CSR 平均2实绩,,,Y
MECH_TEST_ITEM_CD,MHC07,最大模拟焊HIC试验CSR 平均3实绩,,,Y
MECH_TEST_ITEM_CD,MHC08,最大模拟焊HIC试验CSR 全体平均实绩,,,Y
MECH_TEST_ITEM_CD,MHC09,最大模拟焊HIC试验CTR 平均1实绩,,,Y
MECH_TEST_ITEM_CD,MHC10,最大模拟焊HIC试验CTR 平均2实绩,,,Y
MECH_TEST_ITEM_CD,MHC11,最大模拟焊HIC试验CTR 平均3实绩,,,Y
MECH_TEST_ITEM_CD,MHC12,最大模拟焊HIC试验CTR 全体平均实绩,,,Y
MECH_TEST_ITEM_CD,MHC13,最大模拟焊HIC试验CLR 试样1实绩1,,,Y
MECH_TEST_ITEM_CD,MHC14,最大模拟焊HIC试验CLR 试样1实绩2,,,Y
MECH_TEST_ITEM_CD,MHC15,最大模拟焊HIC试验CLR 试样1实绩3,,,Y
MECH_TEST_ITEM_CD,MHC16,最大模拟焊HIC试验CLR 试样2实绩1,,,Y
MECH_TEST_ITEM_CD,MHC17,最大模拟焊HIC试验CLR 试样2实绩2,,,Y
MECH_TEST_ITEM_CD,MHC18,最大模拟焊HIC试验CLR 试样2实绩3,,,Y
MECH_TEST_ITEM_CD,MHC19,最大模拟焊HIC试验CLR 试样3实绩1,,,Y
MECH_TEST_ITEM_CD,MHC20,最大模拟焊HIC试验CLR 试样3实绩2,,,Y
MECH_TEST_ITEM_CD,MHC21,最大模拟焊HIC试验CLR 试样3实绩3,,,Y
MECH_TEST_ITEM_CD,MHC22,最大模拟焊HIC试验CSR 试样1实绩1,,,Y
MECH_TEST_ITEM_CD,MHC23,最大模拟焊HIC试验CSR 试样1实绩2,,,Y
MECH_TEST_ITEM_CD,MHC24,最大模拟焊HIC试验CSR 试样1实绩3,,,Y
MECH_TEST_ITEM_CD,MHC25,最大模拟焊HIC试验CSR 试样2实绩1,,,Y
MECH_TEST_ITEM_CD,MHC26,最大模拟焊HIC试验CSR 试样2实绩2,,,Y
MECH_TEST_ITEM_CD,MHC27,最大模拟焊HIC试验CSR 试样2实绩3,,,Y
MECH_TEST_ITEM_CD,MHC28,最大模拟焊HIC试验CSR 试样3实绩1,,,Y
MECH_TEST_ITEM_CD,MHC29,最大模拟焊HIC试验CSR 试样3实绩2,,,Y
MECH_TEST_ITEM_CD,MHC30,最大模拟焊HIC试验CSR 试样3实绩3,,,Y
MECH_TEST_ITEM_CD,MHC31,最大模拟焊HIC试验CTR 试样1实绩1,,,Y
MECH_TEST_ITEM_CD,MHC32,最大模拟焊HIC试验CTR 试样1实绩2,,,Y
MECH_TEST_ITEM_CD,MHC33,最大模拟焊HIC试验CTR 试样1实绩3,,,Y
MECH_TEST_ITEM_CD,MHC34,最大模拟焊HIC试验CTR 试样2实绩1,,,Y
MECH_TEST_ITEM_CD,MHC35,最大模拟焊HIC试验CTR 试样2实绩2,,,Y
MECH_TEST_ITEM_CD,MHC36,最大模拟焊HIC试验CTR 试样2实绩3,,,Y
MECH_TEST_ITEM_CD,MHC37,最大模拟焊HIC试验CTR 试样3实绩1,,,Y
MECH_TEST_ITEM_CD,MHC38,最大模拟焊HIC试验CTR 试样3实绩2,,,Y
MECH_TEST_ITEM_CD,MHC39,最大模拟焊HIC试验CTR 试样3实绩3,,,Y
MECH_TEST_ITEM_CD,MHD11,最大模拟焊硬度单值实绩1,,,Y
MECH_TEST_ITEM_CD,MHD12,最大模拟焊硬度单值实绩2,,,Y
MECH_TEST_ITEM_CD,MHD13,最大模拟焊硬度单值实绩3,,,Y
MECH_TEST_ITEM_CD,MHD14,最大模拟焊硬度平均值实绩1,,,Y
MECH_TEST_ITEM_CD,MHD15,最大模拟焊硬度平均值实绩2,,,Y
MECH_TEST_ITEM_CD,MHD16,最大模拟焊硬度平均值实绩3,,,Y
MECH_TEST_ITEM_CD,MHT01,最大模拟焊高温拉伸试验YP,,,Y
MECH_TEST_ITEM_CD,MHT02,最大模拟焊高温拉伸试验TS,,,Y
MECH_TEST_ITEM_CD,MHT03,最大模拟焊高温拉伸试验EL,,,Y
MECH_TEST_ITEM_CD,MHT04,最大模拟焊高温拉伸试验RA,,,Y
MECH_TEST_ITEM_CD,MI101,最大模拟焊冲击功实绩,,,Y
MECH_TEST_ITEM_CD,MI102,最大模拟焊冲击试验单个实绩1,,,Y
MECH_TEST_ITEM_CD,MI103,最大模拟焊冲击试验单个实绩2,,,Y
MECH_TEST_ITEM_CD,MI104,最大模拟焊冲击试验单个实绩3,,,Y
MECH_TEST_ITEM_CD,MI105,最大模拟焊冲击试验眼神断面率实绩,,,Y
MECH_TEST_ITEM_CD,MI106,最大模拟焊冲击试验眼神断面率实绩1,,,Y
MECH_TEST_ITEM_CD,MI107,最大模拟焊冲击试验眼神断面率实绩2,,,Y
MECH_TEST_ITEM_CD,MI108,最大模拟焊冲击试验眼神断面率实绩3,,,Y
MECH_TEST_ITEM_CD,MI109,最大模拟焊冲击试样侧膨胀值平均值实绩,,,Y
MECH_TEST_ITEM_CD,MI110,最大模拟焊冲击试样侧膨胀值单值实绩1,,,Y
MECH_TEST_ITEM_CD,MI111,最大模拟焊冲击试样侧膨胀值单值实绩2,,,Y
MECH_TEST_ITEM_CD,MI112,最大模拟焊冲击试样侧膨胀值单值实绩3,,,Y
MECH_TEST_ITEM_CD,MI201,最大模拟焊冲击功实绩,,,Y
MECH_TEST_ITEM_CD,MI202,最大模拟焊冲击试验单个实绩1,,,Y
MECH_TEST_ITEM_CD,MI203,最大模拟焊冲击试验单个实绩2,,,Y
MECH_TEST_ITEM_CD,MI204,最大模拟焊冲击试验单个实绩3,,,Y
MECH_TEST_ITEM_CD,MI205,最大模拟焊冲击试验眼神断面率实绩,,,Y
MECH_TEST_ITEM_CD,MI206,最大模拟焊冲击试验眼神断面率实绩1,,,Y
MECH_TEST_ITEM_CD,MI207,最大模拟焊冲击试验眼神断面率实绩2,,,Y
MECH_TEST_ITEM_CD,MI208,最大模拟焊冲击试验眼神断面率实绩3,,,Y
MECH_TEST_ITEM_CD,MI209,最大模拟焊冲击试样侧膨胀值平均值实绩,,,Y
MECH_TEST_ITEM_CD,MI210,最大模拟焊冲击试样侧膨胀值单值实绩1,,,Y
MECH_TEST_ITEM_CD,MI211,最大模拟焊冲击试样侧膨胀值单值实绩2,,,Y
MECH_TEST_ITEM_CD,MI212,最大模拟焊冲击试样侧膨胀值单值实绩3,,,Y
MECH_TEST_ITEM_CD,MI301,最大模拟焊冲击功实绩,,,Y
MECH_TEST_ITEM_CD,MI302,最大模拟焊冲击试验单个实绩1,,,Y
MECH_TEST_ITEM_CD,MI303,最大模拟焊冲击试验单个实绩2,,,Y
MECH_TEST_ITEM_CD,MI304,最大模拟焊冲击试验单个实绩3,,,Y
MECH_TEST_ITEM_CD,MI305,最大模拟焊冲击试验眼神断面率实绩,,,Y
MECH_TEST_ITEM_CD,MI306,最大模拟焊冲击试验眼神断面率实绩1,,,Y
MECH_TEST_ITEM_CD,MI307,最大模拟焊冲击试验眼神断面率实绩2,,,Y
MECH_TEST_ITEM_CD,MI308,最大模拟焊冲击试验眼神断面率实绩3,,,Y
MECH_TEST_ITEM_CD,MI309,最大模拟焊冲击试样侧膨胀值平均值实绩,,,Y
MECH_TEST_ITEM_CD,MI310,最大模拟焊冲击试样侧膨胀值单值实绩1,,,Y
MECH_TEST_ITEM_CD,MI311,最大模拟焊冲击试样侧膨胀值单值实绩2,,,Y
MECH_TEST_ITEM_CD,MI312,最大模拟焊冲击试样侧膨胀值单值实绩3,,,Y
MECH_TEST_ITEM_CD,MI401,最大模拟焊冲击功实绩,,,Y
MECH_TEST_ITEM_CD,MI402,最大模拟焊冲击试验单个实绩1,,,Y
MECH_TEST_ITEM_CD,MI403,最大模拟焊冲击试验单个实绩2,,,Y
MECH_TEST_ITEM_CD,MI404,最大模拟焊冲击试验单个实绩3,,,Y
MECH_TEST_ITEM_CD,MI405,最大模拟焊冲击试验眼神断面率实绩,,,Y
MECH_TEST_ITEM_CD,MI406,最大模拟焊冲击试验眼神断面率实绩1,,,Y
MECH_TEST_ITEM_CD,MI407,最大模拟焊冲击试验眼神断面率实绩2,,,Y
MECH_TEST_ITEM_CD,MI408,最大模拟焊冲击试验眼神断面率实绩3,,,Y
MECH_TEST_ITEM_CD,MI409,最大模拟焊冲击试样侧膨胀值平均值实绩,,,Y
MECH_TEST_ITEM_CD,MI410,最大模拟焊冲击试样侧膨胀值单值实绩1,,,Y
MECH_TEST_ITEM_CD,MI411,最大模拟焊冲击试样侧膨胀值单值实绩2,,,Y
MECH_TEST_ITEM_CD,MI412,最大模拟焊冲击试样侧膨胀值单值实绩3,,,Y
MECH_TEST_ITEM_CD,MIM01,最大模拟焊冲击功实绩,,,Y
MECH_TEST_ITEM_CD,MIM02,最大模拟焊冲击试验单个实绩1,,,Y
MECH_TEST_ITEM_CD,MIM03,最大模拟焊冲击试验单个实绩2,,,Y
MECH_TEST_ITEM_CD,MIM04,最大模拟焊冲击试验单个实绩3,,,Y
MECH_TEST_ITEM_CD,MIM05,最大模拟焊冲击试验眼神断面率实绩,,,Y
MECH_TEST_ITEM_CD,MIM06,最大模拟焊冲击试验眼神断面率实绩1,,,Y
MECH_TEST_ITEM_CD,MIM07,最大模拟焊冲击试验眼神断面率实绩2,,,Y
MECH_TEST_ITEM_CD,MIM08,最大模拟焊冲击试验眼神断面率实绩3,,,Y
MECH_TEST_ITEM_CD,MIM09,最大模拟焊冲击试样侧膨胀值平均值实绩,,,Y
MECH_TEST_ITEM_CD,MIM10,最大模拟焊冲击试样侧膨胀值单值实绩1,,,Y
MECH_TEST_ITEM_CD,MIM11,最大模拟焊冲击试样侧膨胀值单值实绩2,,,Y
MECH_TEST_ITEM_CD,MIM12,最大模拟焊冲击试样侧膨胀值单值实绩3,,,Y
MECH_TEST_ITEM_CD,MSS03,最大模拟焊SSCC测试应力实绩,,,Y
MECH_TEST_ITEM_CD,MT101,最大模拟焊拉伸试验YP代码(抗服_屈服强度),,,Y
MECH_TEST_ITEM_CD,MT102,最大模拟焊拉伸试验TS(抗拉强度),,,Y
MECH_TEST_ITEM_CD,MT103,最大模拟焊拉伸试验YP/TS实绩,,,Y
MECH_TEST_ITEM_CD,MT104,最大模拟焊拉伸试验Rt0.5/Rm实绩,,,Y
MECH_TEST_ITEM_CD,MT105,最大模拟焊拉伸试验Rt1.5/Rt0.5实绩,,,Y
MECH_TEST_ITEM_CD,MT106,最大模拟焊拉伸试验Rt2.0/Rt1.0实绩,,,Y
MECH_TEST_ITEM_CD,MT107,最大模拟焊拉伸试验Rt5.0/Rt1.0实绩,,,Y
MECH_TEST_ITEM_CD,MT108,最大模拟焊拉抻测试断后伸长率实绩,,,Y
MECH_TEST_ITEM_CD,MT109,最大模拟焊拉伸试验均匀伸长率实绩,,,Y
MECH_TEST_ITEM_CD,MT110,最大模拟焊拉伸试验断面收缩率实绩,,,Y
MECH_TEST_ITEM_CD,MT111,最大模拟焊拉伸试验消应力处理_保温温度实绩,,,Y
MECH_TEST_ITEM_CD,MT112,最大模拟焊拉伸试验消应力处理_保温时间实绩,,,Y
MECH_TEST_ITEM_CD,MT201,最大模拟焊拉伸试验YP代码(抗服_屈服强度),,,Y
MECH_TEST_ITEM_CD,MT202,最大模拟焊拉伸试验TS(抗拉强度),,,Y
MECH_TEST_ITEM_CD,MT203,最大模拟焊拉伸试验YP/TS实绩,,,Y
MECH_TEST_ITEM_CD,MT204,最大模拟焊拉伸试验Rt0.5/Rm实绩,,,Y
MECH_TEST_ITEM_CD,MT205,最大模拟焊拉伸试验Rt1.5/Rt0.5实绩,,,Y
MECH_TEST_ITEM_CD,MT206,最大模拟焊拉伸试验Rt2.0/Rt1.0实绩,,,Y
MECH_TEST_ITEM_CD,MT207,最大模拟焊拉伸试验Rt5.0/Rt1.0实绩,,,Y
MECH_TEST_ITEM_CD,MT208,最大模拟焊拉抻测试断后伸长率实绩,,,Y
MECH_TEST_ITEM_CD,MT209,最大模拟焊拉伸试验均匀伸长率实绩,,,Y
MECH_TEST_ITEM_CD,MT210,最大模拟焊拉伸试验断面收缩率实绩,,,Y
MECH_TEST_ITEM_CD,MT211,最大模拟焊拉伸试验消应力处理_保温温度实绩,,,Y
MECH_TEST_ITEM_CD,MT212,最大模拟焊拉伸试验消应力处理_保温时间实绩,,,Y
MECH_TEST_ITEM_CD,MTS01,最大模拟焊拉伸试验YP代码(抗服_屈服强度),,,Y
MECH_TEST_ITEM_CD,MTS02,最大模拟焊拉伸试验TS(抗拉强度),,,Y
MECH_TEST_ITEM_CD,MTS16,最大模拟焊拉伸试验YP/TS实绩,,,Y
MECH_TEST_ITEM_CD,MTS17,最大模拟焊拉伸试验Rt0.5/Rm实绩,,,Y
MECH_TEST_ITEM_CD,MTS18,最大模拟焊拉伸试验Rt1.5/Rt0.5实绩,,,Y
MECH_TEST_ITEM_CD,MTS19,最大模拟焊拉伸试验Rt2.0/Rt1.0实绩,,,Y
MECH_TEST_ITEM_CD,MTS20,最大模拟焊拉伸试验Rt5.0/Rt1.0实绩,,,Y
MECH_TEST_ITEM_CD,MTS21,最大模拟焊拉抻测试断后伸长率实绩,,,Y
MECH_TEST_ITEM_CD,MTS22,最大模拟焊拉伸试验均匀伸长率实绩,,,Y
MECH_TEST_ITEM_CD,MTS23,最大模拟焊拉伸试验断面收缩率实绩,,,Y
MECH_TEST_ITEM_CD,MZT01,最大模拟焊Z向拉伸断面收缩率单值实绩,,,Y
MECH_TEST_ITEM_CD,MZT02,最大模拟焊Z向拉伸断面收缩率平均值实绩,,,Y
MECH_TEST_ITEM_CD,MZT03,最大模拟焊Z向拉伸试验屈服强度实绩,,,Y
MECH_TEST_ITEM_CD,MZT04,最大模拟焊Z向拉伸试验抗拉强度实绩,,,Y
MECH_TEST_ITEM_CD,MZT05,最大模拟焊Z向拉伸试验断后伸长率实绩,,,Y
MECH_TEST_ITEM_CD,MZT06,最大模拟焊Z向拉伸断面收缩率单值实绩,,,Y
MECH_TEST_ITEM_CD,MZT07,最大模拟焊Z向拉伸断面收缩率单值实绩,,,Y
MECH_TEST_ITEM_CD,NBN01,最小模拟焊弯曲试验,,,Y
MECH_TEST_ITEM_CD,NGS03,最小模拟焊显微金相硅铁体晶粒度,,,Y
MECH_TEST_ITEM_CD,NGS04,最小模拟焊显微金相austenite晶粒度,,,Y
MECH_TEST_ITEM_CD,NGS08,最小模拟焊显微金相Banded structure等级上限实绩,,,Y
MECH_TEST_ITEM_CD,NGS10,最小模拟焊金相测试基相的体积分数实绩,,,Y
MECH_TEST_ITEM_CD,NHC01,最小模拟焊HIC试验CLR 平均1实绩,,,Y
MECH_TEST_ITEM_CD,NHC02,最小模拟焊HIC试验CLR 平均2实绩,,,Y
MECH_TEST_ITEM_CD,NHC03,最小模拟焊HIC试验CLR 平均3实绩,,,Y
MECH_TEST_ITEM_CD,NHC04,最小模拟焊HIC试验CLR 全体平均实绩,,,Y
MECH_TEST_ITEM_CD,NHC05,最小模拟焊HIC试验CSR 平均1实绩,,,Y
MECH_TEST_ITEM_CD,NHC06,最小模拟焊HIC试验CSR 平均2实绩,,,Y
MECH_TEST_ITEM_CD,NHC07,最小模拟焊HIC试验CSR 平均3实绩,,,Y
MECH_TEST_ITEM_CD,NHC08,最小模拟焊HIC试验CSR 全体平均实绩,,,Y
MECH_TEST_ITEM_CD,NHC09,最小模拟焊HIC试验CTR 平均1实绩,,,Y
MECH_TEST_ITEM_CD,NHC10,最小模拟焊HIC试验CTR 平均2实绩,,,Y
MECH_TEST_ITEM_CD,NHC11,最小模拟焊HIC试验CTR 平均3实绩,,,Y
MECH_TEST_ITEM_CD,NHC12,最小模拟焊HIC试验CTR 全体平均实绩,,,Y
MECH_TEST_ITEM_CD,NHC13,最小模拟焊HIC试验CLR 试样1实绩1,,,Y
MECH_TEST_ITEM_CD,NHC14,最小模拟焊HIC试验CLR 试样1实绩2,,,Y
MECH_TEST_ITEM_CD,NHC15,最小模拟焊HIC试验CLR 试样1实绩3,,,Y
MECH_TEST_ITEM_CD,NHC16,最小模拟焊HIC试验CLR 试样2实绩1,,,Y
MECH_TEST_ITEM_CD,NHC17,最小模拟焊HIC试验CLR 试样2实绩2,,,Y
MECH_TEST_ITEM_CD,NHC18,最小模拟焊HIC试验CLR 试样2实绩3,,,Y
MECH_TEST_ITEM_CD,NHC19,最小模拟焊HIC试验CLR 试样3实绩1,,,Y
MECH_TEST_ITEM_CD,NHC20,最小模拟焊HIC试验CLR 试样3实绩2,,,Y
MECH_TEST_ITEM_CD,NHC21,最小模拟焊HIC试验CLR 试样3实绩3,,,Y
MECH_TEST_ITEM_CD,NHC22,最小模拟焊HIC试验CSR 试样1实绩1,,,Y
MECH_TEST_ITEM_CD,NHC23,最小模拟焊HIC试验CSR 试样1实绩2,,,Y
MECH_TEST_ITEM_CD,NHC24,最小模拟焊HIC试验CSR 试样1实绩3,,,Y
MECH_TEST_ITEM_CD,NHC25,最小模拟焊HIC试验CSR 试样2实绩1,,,Y
MECH_TEST_ITEM_CD,NHC26,最小模拟焊HIC试验CSR 试样2实绩2,,,Y
MECH_TEST_ITEM_CD,NHC27,最小模拟焊HIC试验CSR 试样2实绩3,,,Y
MECH_TEST_ITEM_CD,NHC28,最小模拟焊HIC试验CSR 试样3实绩1,,,Y
MECH_TEST_ITEM_CD,NHC29,最小模拟焊HIC试验CSR 试样3实绩2,,,Y
MECH_TEST_ITEM_CD,NHC30,最小模拟焊HIC试验CSR 试样3实绩3,,,Y
MECH_TEST_ITEM_CD,NHC31,最小模拟焊HIC试验CTR 试样1实绩1,,,Y
MECH_TEST_ITEM_CD,NHC32,最小模拟焊HIC试验CTR 试样1实绩2,,,Y
MECH_TEST_ITEM_CD,NHC33,最小模拟焊HIC试验CTR 试样1实绩3,,,Y
MECH_TEST_ITEM_CD,NHC34,最小模拟焊HIC试验CTR 试样2实绩1,,,Y
MECH_TEST_ITEM_CD,NHC35,最小模拟焊HIC试验CTR 试样2实绩2,,,Y
MECH_TEST_ITEM_CD,NHC36,最小模拟焊HIC试验CTR 试样2实绩3,,,Y
MECH_TEST_ITEM_CD,NHC37,最小模拟焊HIC试验CTR 试样3实绩1,,,Y
MECH_TEST_ITEM_CD,NHC38,最小模拟焊HIC试验CTR 试样3实绩2,,,Y
MECH_TEST_ITEM_CD,NHC39,最小模拟焊HIC试验CTR 试样3实绩3,,,Y
MECH_TEST_ITEM_CD,NHD11,最小模拟焊硬度单值实绩1,,,Y
MECH_TEST_ITEM_CD,NHD12,最小模拟焊硬度单值实绩2,,,Y
MECH_TEST_ITEM_CD,NHD13,最小模拟焊硬度单值实绩3,,,Y
MECH_TEST_ITEM_CD,NHD14,最小模拟焊硬度平均值实绩1,,,Y
MECH_TEST_ITEM_CD,NHD15,最小模拟焊硬度平均值实绩2,,,Y
MECH_TEST_ITEM_CD,NHD16,最小模拟焊硬度平均值实绩3,,,Y
MECH_TEST_ITEM_CD,NHT01,最小模拟焊高温拉伸试验YP,,,Y
MECH_TEST_ITEM_CD,NHT02,最小模拟焊高温拉伸试验TS,,,Y
MECH_TEST_ITEM_CD,NHT03,最小模拟焊高温拉伸试验EL,,,Y
MECH_TEST_ITEM_CD,NHT04,最小模拟焊高温拉伸试验RA,,,Y
MECH_TEST_ITEM_CD,NI101,最小模拟焊冲击功实绩,,,Y
MECH_TEST_ITEM_CD,NI102,最小模拟焊冲击试验单个实绩1,,,Y
MECH_TEST_ITEM_CD,NI103,最小模拟焊冲击试验单个实绩2,,,Y
MECH_TEST_ITEM_CD,NI104,最小模拟焊冲击试验单个实绩3,,,Y
MECH_TEST_ITEM_CD,NI105,最小模拟焊冲击试验眼神断面率实绩,,,Y
MECH_TEST_ITEM_CD,NI106,最小模拟焊冲击试验眼神断面率实绩1,,,Y
MECH_TEST_ITEM_CD,NI107,最小模拟焊冲击试验眼神断面率实绩2,,,Y
MECH_TEST_ITEM_CD,NI108,最小模拟焊冲击试验眼神断面率实绩3,,,Y
MECH_TEST_ITEM_CD,NI109,最小模拟焊冲击试样侧膨胀值平均值实绩,,,Y
MECH_TEST_ITEM_CD,NI110,最小模拟焊冲击试样侧膨胀值单值实绩1,,,Y
MECH_TEST_ITEM_CD,NI111,最小模拟焊冲击试样侧膨胀值单值实绩2,,,Y
MECH_TEST_ITEM_CD,NI112,最小模拟焊冲击试样侧膨胀值单值实绩3,,,Y
MECH_TEST_ITEM_CD,NI201,最小模拟焊冲击功实绩,,,Y
MECH_TEST_ITEM_CD,NI202,最小模拟焊冲击试验单个实绩1,,,Y
MECH_TEST_ITEM_CD,NI203,最小模拟焊冲击试验单个实绩2,,,Y
MECH_TEST_ITEM_CD,NI204,最小模拟焊冲击试验单个实绩3,,,Y
MECH_TEST_ITEM_CD,NI205,最小模拟焊冲击试验眼神断面率实绩,,,Y
MECH_TEST_ITEM_CD,NI206,最小模拟焊冲击试验眼神断面率实绩1,,,Y
MECH_TEST_ITEM_CD,NI207,最小模拟焊冲击试验眼神断面率实绩2,,,Y
MECH_TEST_ITEM_CD,NI208,最小模拟焊冲击试验眼神断面率实绩3,,,Y
MECH_TEST_ITEM_CD,NI209,最小模拟焊冲击试样侧膨胀值平均值实绩,,,Y
MECH_TEST_ITEM_CD,NI210,最小模拟焊冲击试样侧膨胀值单值实绩1,,,Y
MECH_TEST_ITEM_CD,NI211,最小模拟焊冲击试样侧膨胀值单值实绩2,,,Y
MECH_TEST_ITEM_CD,NI212,最小模拟焊冲击试样侧膨胀值单值实绩3,,,Y
MECH_TEST_ITEM_CD,NI301,最小模拟焊冲击功实绩,,,Y
MECH_TEST_ITEM_CD,NI302,最小模拟焊冲击试验单个实绩1,,,Y
MECH_TEST_ITEM_CD,NI303,最小模拟焊冲击试验单个实绩2,,,Y
MECH_TEST_ITEM_CD,NI304,最小模拟焊冲击试验单个实绩3,,,Y
MECH_TEST_ITEM_CD,NI305,最小模拟焊冲击试验眼神断面率实绩,,,Y
MECH_TEST_ITEM_CD,NI306,最小模拟焊冲击试验眼神断面率实绩1,,,Y
MECH_TEST_ITEM_CD,NI307,最小模拟焊冲击试验眼神断面率实绩2,,,Y
MECH_TEST_ITEM_CD,NI308,最小模拟焊冲击试验眼神断面率实绩3,,,Y
MECH_TEST_ITEM_CD,NI309,最小模拟焊冲击试样侧膨胀值平均值实绩,,,Y
MECH_TEST_ITEM_CD,NI310,最小模拟焊冲击试样侧膨胀值单值实绩1,,,Y
MECH_TEST_ITEM_CD,NI311,最小模拟焊冲击试样侧膨胀值单值实绩2,,,Y
MECH_TEST_ITEM_CD,NI312,最小模拟焊冲击试样侧膨胀值单值实绩3,,,Y
MECH_TEST_ITEM_CD,NI401,最小模拟焊冲击功实绩,,,Y
MECH_TEST_ITEM_CD,NI402,最小模拟焊冲击试验单个实绩1,,,Y
MECH_TEST_ITEM_CD,NI403,最小模拟焊冲击试验单个实绩2,,,Y
MECH_TEST_ITEM_CD,NI404,最小模拟焊冲击试验单个实绩3,,,Y
MECH_TEST_ITEM_CD,NI405,最小模拟焊冲击试验眼神断面率实绩,,,Y
MECH_TEST_ITEM_CD,NI406,最小模拟焊冲击试验眼神断面率实绩1,,,Y
MECH_TEST_ITEM_CD,NI407,最小模拟焊冲击试验眼神断面率实绩2,,,Y
MECH_TEST_ITEM_CD,NI408,最小模拟焊冲击试验眼神断面率实绩3,,,Y
MECH_TEST_ITEM_CD,NI409,最小模拟焊冲击试样侧膨胀值平均值实绩,,,Y
MECH_TEST_ITEM_CD,NI410,最小模拟焊冲击试样侧膨胀值单值实绩1,,,Y
MECH_TEST_ITEM_CD,NI411,最小模拟焊冲击试样侧膨胀值单值实绩2,,,Y
MECH_TEST_ITEM_CD,NI412,最小模拟焊冲击试样侧膨胀值单值实绩3,,,Y
MECH_TEST_ITEM_CD,NIM01,最小模拟焊冲击功实绩,,,Y
MECH_TEST_ITEM_CD,NIM02,最小模拟焊冲击试验单个实绩1,,,Y
MECH_TEST_ITEM_CD,NIM03,最小模拟焊冲击试验单个实绩2,,,Y
MECH_TEST_ITEM_CD,NIM04,最小模拟焊冲击试验单个实绩3,,,Y
MECH_TEST_ITEM_CD,NIM05,最小模拟焊冲击试验眼神断面率实绩,,,Y
MECH_TEST_ITEM_CD,NIM06,最小模拟焊冲击试验眼神断面率实绩1,,,Y
MECH_TEST_ITEM_CD,NIM07,最小模拟焊冲击试验眼神断面率实绩2,,,Y
MECH_TEST_ITEM_CD,NIM08,最小模拟焊冲击试验眼神断面率实绩3,,,Y
MECH_TEST_ITEM_CD,NIM09,最小模拟焊冲击试样侧膨胀值平均值实绩,,,Y
MECH_TEST_ITEM_CD,NIM10,最小模拟焊冲击试样侧膨胀值单值实绩1,,,Y
MECH_TEST_ITEM_CD,NIM11,最小模拟焊冲击试样侧膨胀值单值实绩2,,,Y
MECH_TEST_ITEM_CD,NIM12,最小模拟焊冲击试样侧膨胀值单值实绩3,,,Y
MECH_TEST_ITEM_CD,NSS03,最小模拟焊SSCC测试应力实绩,,,Y
MECH_TEST_ITEM_CD,NT101,最小模拟焊拉伸试验YP代码(抗服_屈服强度),,,Y
MECH_TEST_ITEM_CD,NT102,最小模拟焊拉伸试验TS(抗拉强度),,,Y
MECH_TEST_ITEM_CD,NT103,最小模拟焊拉伸试验YP/TS实绩,,,Y
MECH_TEST_ITEM_CD,NT104,最小模拟焊拉伸试验Rt0.5/Rm实绩,,,Y
MECH_TEST_ITEM_CD,NT105,最小模拟焊拉伸试验Rt1.5/Rt0.5实绩,,,Y
MECH_TEST_ITEM_CD,NT106,最小模拟焊拉伸试验Rt2.0/Rt1.0实绩,,,Y
MECH_TEST_ITEM_CD,NT107,最小模拟焊拉伸试验Rt5.0/Rt1.0实绩,,,Y
MECH_TEST_ITEM_CD,NT108,最小模拟焊拉抻测试断后伸长率实绩,,,Y
MECH_TEST_ITEM_CD,NT109,最小模拟焊拉伸试验均匀伸长率实绩,,,Y
MECH_TEST_ITEM_CD,NT110,最小模拟焊拉伸试验断面收缩率实绩,,,Y
MECH_TEST_ITEM_CD,NT111,最小模拟焊拉伸试验消应力处理_保温温度实绩,,,Y
MECH_TEST_ITEM_CD,NT112,最小模拟焊拉伸试验消应力处理_保温时间实绩,,,Y
MECH_TEST_ITEM_CD,NT201,最小模拟焊拉伸试验YP代码(抗服_屈服强度),,,Y
MECH_TEST_ITEM_CD,NT202,最小模拟焊拉伸试验TS(抗拉强度),,,Y
MECH_TEST_ITEM_CD,NT203,最小模拟焊拉伸试验YP/TS实绩,,,Y
MECH_TEST_ITEM_CD,NT204,最小模拟焊拉伸试验Rt0.5/Rm实绩,,,Y
MECH_TEST_ITEM_CD,NT205,最小模拟焊拉伸试验Rt1.5/Rt0.5实绩,,,Y
MECH_TEST_ITEM_CD,NT206,最小模拟焊拉伸试验Rt2.0/Rt1.0实绩,,,Y
MECH_TEST_ITEM_CD,NT207,最小模拟焊拉伸试验Rt5.0/Rt1.0实绩,,,Y
MECH_TEST_ITEM_CD,NT208,最小模拟焊拉抻测试断后伸长率实绩,,,Y
MECH_TEST_ITEM_CD,NT209,最小模拟焊拉伸试验均匀伸长率实绩,,,Y
MECH_TEST_ITEM_CD,NT210,最小模拟焊拉伸试验断面收缩率实绩,,,Y
MECH_TEST_ITEM_CD,NT211,最小模拟焊拉伸试验消应力处理_保温温度实绩,,,Y
MECH_TEST_ITEM_CD,NT212,最小模拟焊拉伸试验消应力处理_保温时间实绩,,,Y
MECH_TEST_ITEM_CD,NTS01,最小模拟焊拉伸试验YP代码(抗服_屈服强度),,,Y
MECH_TEST_ITEM_CD,NTS02,最小模拟焊拉伸试验TS(抗拉强度),,,Y
MECH_TEST_ITEM_CD,NTS16,最小模拟焊拉伸试验YP/TS实绩,,,Y
MECH_TEST_ITEM_CD,NTS17,最小模拟焊拉伸试验Rt0.5/Rm实绩,,,Y
MECH_TEST_ITEM_CD,NTS18,最小模拟焊拉伸试验Rt1.5/Rt0.5实绩,,,Y
MECH_TEST_ITEM_CD,NTS19,最小模拟焊拉伸试验Rt2.0/Rt1.0实绩,,,Y
MECH_TEST_ITEM_CD,NTS20,最小模拟焊拉伸试验Rt5.0/Rt1.0实绩,,,Y
MECH_TEST_ITEM_CD,NTS21,最小模拟焊拉抻测试断后伸长率实绩,,,Y
MECH_TEST_ITEM_CD,NTS22,最小模拟焊拉伸试验均匀伸长率实绩,,,Y
MECH_TEST_ITEM_CD,NTS23,最小模拟焊拉伸试验断面收缩率实绩,,,Y
MECH_TEST_ITEM_CD,NZT01,最小模拟焊Z向拉伸断面收缩率单值实绩,,,Y
MECH_TEST_ITEM_CD,NZT02,最小模拟焊Z向拉伸断面收缩率平均值实绩,,,Y
MECH_TEST_ITEM_CD,NZT03,最小模拟焊Z向拉伸试验屈服强度实绩,,,Y
MECH_TEST_ITEM_CD,NZT04,最小模拟焊Z向拉伸试验抗拉强度实绩,,,Y
MECH_TEST_ITEM_CD,NZT05,最小模拟焊Z向拉伸试验断后伸长率实绩,,,Y
MECH_TEST_ITEM_CD,NZT06,最小模拟焊Z向拉伸断面收缩率单值实绩,,,Y
MECH_TEST_ITEM_CD,NZT07,最小模拟焊Z向拉伸断面收缩率单值实绩,,,Y
MENU_ACTION,C,,,Click,Y
MENU_ACTION,D,,,Duble Click,Y
MENU_TYPE,P,,,Popup,Y
MENU_TYPE,S,,,Split,Y
MFC_STD_TY,1,炼钢内控钢种,,,Y
MFC_STD_TY,2,炼钢制造标准,,,Y
MFC_STD_TY,5,厚板制造标准,,,Y
MGRPHY_AGS_GRT_CD,A,性能试验+性能判定+质保书发行,,,Y
MGRPHY_AGS_GRT_CD,B,性能试验+性能判定,,,Y
MGRPHY_AGS_GRT_CD,C,性能试验+质保书发行,,,Y
MGRPHY_AGS_GRT_CD,D,性能试验,,,Y
MGRPHY_BAND_STRC_GRT_CD,A,性能试验+性能判定+质保书发行,,,Y
MGRPHY_BAND_STRC_GRT_CD,B,性能试验+性能判定,,,Y
MGRPHY_BAND_STRC_GRT_CD,C,性能试验+质保书发行,,,Y
MGRPHY_BAND_STRC_GRT_CD,D,性能试验,,,Y
MGRPHY_DECARBON_GRT_CD,A,性能试验+性能判定+质保书发行,,,Y
MGRPHY_DECARBON_GRT_CD,B,性能试验+性能判定,,,Y
MGRPHY_DECARBON_GRT_CD,C,性能试验+质保书发行,,,Y
MGRPHY_DECARBON_GRT_CD,D,性能试验,,,Y
MGRPHY_FGS_DEVT_GRT_CD,A,性能试验+性能判定+质保书发行,,,Y
MGRPHY_FGS_DEVT_GRT_CD,B,性能试验+性能判定,,,Y
MGRPHY_FGS_DEVT_GRT_CD,C,性能试验+质保书发行,,,Y
MGRPHY_FGS_DEVT_GRT_CD,D,性能试验,,,Y
MGRPHY_FGS_GRT_CD,A,性能试验+性能判定+质保书发行,,,Y
MGRPHY_FGS_GRT_CD,B,性能试验+性能判定,,,Y
MGRPHY_FGS_GRT_CD,C,性能试验+质保书发行,,,Y
MGRPHY_FGS_GRT_CD,D,性能试验,,,Y
MGRPHY_FGS_MIXED_GRT_CD,A,性能试验+性能判定+质保书发行,,,Y
MGRPHY_FGS_MIXED_GRT_CD,B,性能试验+性能判定,,,Y
MGRPHY_FGS_MIXED_GRT_CD,C,性能试验+质保书发行,,,Y
MGRPHY_FGS_MIXED_GRT_CD,D,性能试验,,,Y
MGRPHY_INCLD_GRT_CD,A,性能试验+性能判定+质保书发行,,,Y
MGRPHY_INCLD_GRT_CD,B,性能试验+性能判定,,,Y
MGRPHY_INCLD_GRT_CD,C,性能试验+质保书发行,,,Y
MGRPHY_INCLD_GRT_CD,D,性能试验,,,Y
MGRPHY_INCLD_TY,A,A类（粗系）,,,Y
MGRPHY_INCLD_TY,B,A类（细系）,,,Y
MGRPHY_INCLD_TY,C,B类（粗系）,,,Y
MGRPHY_INCLD_TY,D,B类（细系）,,,Y
MGRPHY_INCLD_TY,E,C类（粗系）,,,Y
MGRPHY_INCLD_TY,F,C类（细系）,,,Y
MGRPHY_INCLD_TY,G,D类（粗系）,,,Y
MGRPHY_INCLD_TY,H,D类（细系）,,,Y
MGRPHY_INCLD_TY,I,DS类,,,Y
MGRPHY_INCLD_TY,J,,,A+B+C+D,Y
MGRPHY_INCLD_TY,K,,,A+C,Y
MGRPHY_MTLGRP_GRT_CD,A,性能试验+性能判定+质保书发行,,,Y
MGRPHY_MTLGRP_GRT_CD,B,性能试验+性能判定,,,Y
MGRPHY_MTLGRP_GRT_CD,C,性能试验+质保书发行,,,Y
MGRPHY_MTLGRP_GRT_CD,D,性能试验,,,Y
MGRPHY_MTLGRP_TY,A,,,F,Y
MGRPHY_MTLGRP_TY,B,,,P,Y
MGRPHY_MTLGRP_TY,C,,,P+F,Y
MGRPHY_MTLGRP_TY,D,,,M,Y
MGRPHY_MTLGRP_TY,E,,,B,Y
MGRPHY_MTLGRP_TY,F,,,Ld,Y
MGRPHY_SMP_CND,11,同炉次、同牌号、同轧制状态、同厚度,,,Y
MGRPHY_SMP_CND,12,同炉号、同牌号、同轧制状态、同厚度，每批不超过40t,,,Y
MGRPHY_SMP_CND,13,同炉号、同牌号、同轧制状态、同厚度，每批不超过50t,,,Y
MGRPHY_SMP_CND,14,同炉号、同牌号、同轧制状态、同厚度，每批不超过60t,,,Y
MGRPHY_SMP_CND,15,同炉号、同牌号、同轧制状态、同厚度，每批不超过60t;若单卷＞30吨，则可2卷组1批,,,Y
MGRPHY_SMP_CND,16,同炉次、同牌号、同轧制状态、同厚度为1批，批重量≤50t时正常取1组样；批重量＞50t时增加1个拉伸样,,,Y
MGRPHY_SMP_CND,17,每卷为1批,,,Y
MGRPHY_SMP_CND,18,同炉号、同厚度、同宽度组成1批,,,Y
MGRPHY_SMP_LTH_LOC,B,采取下部,,,Y
MGRPHY_SMP_LTH_LOC,M,采取中间部分,,,Y
MGRPHY_SMP_LTH_LOC,T,采取上部,,,Y
MGRPHY_SMP_LTH_LOC,W,采取上部和下部,,,Y
MGRPHY_SMP_LTH_LOC,X,采取上部和中间部分,,,Y
MGRPHY_SMP_LTH_LOC,Y,采取上部和中间部分和下部,,,Y
MGRPHY_SMP_SPCMN_DIR,L,长度方向采样,길이방향으로 시편채취,,Y
MGRPHY_SMP_SPCMN_DIR,B,宽度方向采样,폭방향으로 시편채취,,Y
MGRPHY_SMP_SPCMN_DIR,C,厚度方向采样,두께방향으로 시편채취,,Y
MGRPHY_SMP_SPCMN_DIR,D,45˚方向采样,45방향으로 시편채취,,Y
MGRPHY_SMP_SPCMN_DIR,E,30˚方向采样,30방향으로 시편채취,,Y
MGRPHY_SMP_SPCMN_SZ,01,"长度 ≥250, 宽度 ≥35",,,Y
MGRPHY_SMP_WTH_LOC,A,1/2W 部位,,,Y
MGRPHY_SMP_WTH_LOC,C,1/4W 部位,,,Y
MGRPHY_SMP_WTH_LOC,E,"Top 1/2W, Bottom 1/4W部位",,,Y
MGRPHY_SMP_WTH_LOC,B,Edge 部位,,,Y
MGRPHY_SMP_WTH_LOC,D,对角线的两角部位,,,Y
MGRPHY_SMP_WTH_LOC,F,"Top 1/4W, Bottom 1/2W部位",,,Y
MGRPHY_WILD_STRC_GRT_CD,A,性能试验+性能判定+质保书发行,,,Y
MGRPHY_WILD_STRC_GRT_CD,B,性能试验+性能判定,,,Y
MGRPHY_WILD_STRC_GRT_CD,C,性能试验+质保书发行,,,Y
MGRPHY_WILD_STRC_GRT_CD,D,性能试验,,,Y
MLD_COAT_METHOD,EEN,,기타/기타/일반(공정),Etc/Etc/Normal(Proc),Y
MLD_COAT_METHOD,EET,,기타/기타/Test,Etc/Etc/Test,Y
MLD_COAT_METHOD,EMN,,기타/S+T/일반(공정),Etc/S+T/Normal(Proc),Y
MLD_COAT_METHOD,EMT,,기타/S+T/Test,Etc/S+T/Test,Y
MLD_COAT_METHOD,ENN,,기타/일반/일반(공정),Etc/Normal/Normal(Proc),Y
MLD_COAT_METHOD,ENT,,기타/일반/Test,Etc/Normal/Test,Y
MLD_COAT_METHOD,ESN,,기타/Shot Blasting 처리/일반(공정),Etc/Shot Blasting Processing/Normal(Proc),Y
MLD_COAT_METHOD,EST,,기타/Shot Blasting 처리/Test,Etc/Shot Blasting Processing/Test,Y
MLD_COAT_METHOD,ETN,,Etc/후도금 or 분산도금/Normal(Proc),,Y
MLD_COAT_METHOD,ETT,,Etc/후도금 or 분산도금/Test,,Y
MLD_COAT_METHOD,FEN,,전면/기타/일반(공정),Front/Misc./Normal(Proc),Y
MLD_COAT_METHOD,FET,,전면/기타/Test,Front/Misc./Test,Y
MLD_COAT_METHOD,FMN,,전면/S+T/일반(공정),Front/S+T/Normal(Proc),Y
MLD_COAT_METHOD,FMT,,전면/S+T/Test,Front/S+T/Test,Y
MLD_COAT_METHOD,FNN,,전면/일반/일반(공정),Front/Normal/Normal(Proc),Y
MLD_COAT_METHOD,FNT,,전면/일반/Test,Front/Normal/Test,Y
MLD_COAT_METHOD,FSN,,전면/Shot Blasting 처리/일반(공정),Front/Shot Blasting Processing/Normal(Proc),Y
MLD_COAT_METHOD,FST,,전면/Shot Blasting 처리/Test,Front/Shot Blasting Processing/Test,Y
MLD_COAT_METHOD,FTN,,Front/후도금 or 분산도금/Normal(Proc),,Y
MLD_COAT_METHOD,FTT,,Front/후도금 or 분산도금/Test,,Y
MLD_COAT_METHOD,HEN,,부분/기타/일반(공정),Partial/Misc./Normal(Proc),Y
MLD_COAT_METHOD,HET,,부분/기타/Test,Partial/Misc./Test,Y
MLD_COAT_METHOD,HMN,,부분/S+T/일반(공정),Partial/S+T/Normal(Proc),Y
MLD_COAT_METHOD,HMT,,부분/S+T/Test,Partial/S+T/Test,Y
MLD_COAT_METHOD,HNN,,부분/일반/일반(공정),Partial/Normal/Normal(Proc),Y
MLD_COAT_METHOD,HNT,,부분/일반/Test,Partial/Normal/Test,Y
MLD_COAT_METHOD,HSN,,부분/Shot Blasting 처리/일반(공정),Partial/Shot Blasting Processing/Normal(Proc),Y
MLD_COAT_METHOD,HST,,부분/Shot Blasting 처리/Test,Partial/Shot Blasting Processing/Test,Y
MLD_COAT_METHOD,HTN,,Partial/후도금 or 분산도금/Normal(Proc),,Y
MLD_COAT_METHOD,HTT,,Partial/후도금 or 분산도금/Test,,Y
MLD_FLUX_CD,INKA,,"Intocast0.01% ≤C ≤0.07%, V:1.3이하",,Y
MLD_FLUX_CD,INKB,,,"Intocast0.01% ≤C ≤0.07%, V:1.31~",Y
MLD_FLUX_CD,INKC,,"Intocast0.17% ≤C ≤0.29%, V:1.3이하",,Y
MLD_FLUX_CD,INKD,,,"Intocast0.17% ≤C ≤0.29%, V:1.31~",Y
MLD_FLUX_CD,INKE,,"Intocast0.08% ≤C ≤0.29%, V:전주속",,Y
MLD_FLUX_CD,INKF,,,"IntocastC<0.01%, V:1.31~",Y
MLD_FLUX_CD,INKG,,"IntocastC<0.01%, V:1.3이하",,Y
MLD_FLUX_CD,INKH,,,"Intocast0.01% ≤C ≤0.07%, V:1.71~",Y
MLD_FLUX_CD,INKJ,,"IntocastC<0.01%, V:전주속",,Y
MLD_FLUX_CD,INKK,,"Intocast0.01% ≤C ≤0.07%, V:전주속",,Y
MLD_FLUX_CD,INKN,,"IntocastC<0.08%, V:1.31~,(열간재사용T/D용)",,Y
MLD_FLUX_CD,INKO,,,"Intocast0.8% ≤C ≤0.15%, V:1.71~",Y
MLD_FLUX_CD,INKS,,,"Intocast0.08% ≤C ≤0.16%, V:1.31~",Y
MLD_FLUX_CD,INKW,,"Intocast0.08% ≤C ≤0.16%, V:1.3이하",,Y
MLD_FLUX_CD,INPD,,Intocast전기강판,,Y
MLD_FLUX_CD,INPE,,"IntocastBloom, C:0.20%이하",,Y
MLD_FLUX_CD,INPF,,,"IntocastBloom, C>0.20%",Y
MLD_FLUX_CD,INPG,,"IntocastBillet, C:0.30%이하",,Y
MLD_FLUX_CD,INPH,,,"IntocastBillet, C>0.30%",Y
MLD_FLUX_CD,INPI,,"IntocastC<0.01%, V:1.76이상",,Y
MLD_FLUX_CD,INPJ,,"IntocastC:0.01~0.07%,V:1.76이상",,Y
MLD_FLUX_CD,INPM,,IntocastC:0.70%이상,,Y
MLD_FLUX_CD,INPO,,"IntocastC<0.08%, V:1.20이하",,Y
MLD_FLUX_CD,INPP,,,"IntocastC:0.01~0.07%,V:1.21~1.50",Y
MLD_FLUX_CD,INPQ,,"IntocastC:0.08~0.17%,V:1.20이하",,Y
MLD_FLUX_CD,INPR,,,"IntocastC:0.08~0.17%,V:1.21~1.50",Y
MLD_FLUX_CD,INPT,,"IntocastBloom, 용접봉용강",,Y
MLD_FLUX_CD,INPU,,,"IntocastC<0.01%, V:1.21~1.50",Y
MLD_FLUX_CD,INPW,,,"IntocastC<0.01%, V:1.51~1.75",Y
MLD_FLUX_CD,INPX,,,"IntocastC:0.08~0.17%,V>1.51",Y
MLD_FLUX_CD,INPY,,,"IntocastC:0.01~0.07%,V:1.51~1.75 , C:0.18~0.69%",Y
MLD_FLUX_CD,INPZ,,Intocast고내후성강,,Y
MLD_FLUX_CD,KMKA,,"Kamogawa0.01% ≤C ≤0.07%, V:1.3이하",,Y
MLD_FLUX_CD,KMKB,,,"Kamogawa0.01% ≤C ≤0.07%, V:1.31~",Y
MLD_FLUX_CD,KMKC,,"Kamogawa0.17% ≤C ≤0.29%, V:1.3이하",,Y
MLD_FLUX_CD,KMKD,,,"Kamogawa0.17% ≤C ≤0.29%, V:1.31~",Y
MLD_FLUX_CD,KMKE,,"Kamogawa0.08% ≤C ≤0.29%, V:전주속",,Y
MLD_FLUX_CD,KMKF,,,"KamogawaC<0.01%, V:1.31~",Y
MLD_FLUX_CD,KMKG,,"KamogawaC<0.01%, V:1.3이하",,Y
MLD_FLUX_CD,KMKH,,,"Kamogawa0.01% ≤C ≤0.07%, V:1.71~",Y
MLD_FLUX_CD,KMKJ,,"KamogawaC<0.01%, V:전주속",,Y
MLD_FLUX_CD,KMKK,,"Kamogawa0.01% ≤C ≤0.07%, V:전주속",,Y
MLD_FLUX_CD,KMKN,,"KamogawaC<0.08%, V:1.31~,(열간재사용T/D용)",,Y
MLD_FLUX_CD,KMKO,,,"Kamogawa0.8% ≤C ≤0.15%, V:1.71~",Y
MLD_FLUX_CD,KMKS,,,"Kamogawa0.08% ≤C ≤0.16%, V:1.31~",Y
MLD_FLUX_CD,KMKW,,"Kamogawa0.08% ≤C ≤0.16%, V:1.3이하",,Y
MLD_FLUX_CD,KMPD,,Kamogawa전기강판,,Y
MLD_FLUX_CD,KMPE,,"KamogawaBloom, C:0.20%이하",,Y
MLD_FLUX_CD,KMPF,,,"KamogawaBloom, C>0.20%",Y
MLD_FLUX_CD,KMPG,,"KamogawaBillet, C:0.30%이하",,Y
MLD_FLUX_CD,KMPH,,,"KamogawaBillet, C>0.30%",Y
MLD_FLUX_CD,KMPI,,"KamogawaC<0.01%, V:1.76이상",,Y
MLD_FLUX_CD,KMPJ,,"KamogawaC:0.01~0.07%,V:1.76이상",,Y
MLD_FLUX_CD,KMPM,,KamogawaC:0.70%이상,,Y
MLD_FLUX_CD,KMPO,,"KamogawaC<0.08%, V:1.20이하",,Y
MLD_FLUX_CD,KMPP,,,"KamogawaC:0.01~0.07%,V:1.21~1.50",Y
MLD_FLUX_CD,KMPQ,,"KamogawaC:0.08~0.17%,V:1.20이하",,Y
MLD_FLUX_CD,KMPR,,,"KamogawaC:0.08~0.17%,V:1.21~1.50",Y
MLD_FLUX_CD,KMPT,,"KamogawaBloom, 용접봉용강",,Y
MLD_FLUX_CD,KMPU,,,"KamogawaC<0.01%, V:1.21~1.50",Y
MLD_FLUX_CD,KMPW,,,"KamogawaC<0.01%, V:1.51~1.75",Y
MLD_FLUX_CD,KMPX,,,"KamogawaC:0.08~0.17%,V>1.51",Y
MLD_FLUX_CD,KMPY,,,"KamogawaC:0.01~0.07%,V:1.51~1.75 , C:0.18~0.69%",Y
MLD_FLUX_CD,KMPZ,,Kamogawa고내후성강,,Y
MLD_FLUX_CD,MTKA,,"Metallurgica0.01% ≤C ≤0.07%, V:1.3이하",,Y
MLD_FLUX_CD,MTKB,,,"Metallurgica0.01% ≤C ≤0.07%, V:1.31~",Y
MLD_FLUX_CD,MTKC,,"Metallurgica0.17% ≤C ≤0.29%, V:1.3이하",,Y
MLD_FLUX_CD,MTKD,,,"Metallurgica0.17% ≤C ≤0.29%, V:1.31~",Y
MLD_FLUX_CD,MTKE,,"Metallurgica0.08% ≤C ≤0.29%, V:전주속",,Y
MLD_FLUX_CD,MTKF,,,"MetallurgicaC<0.01%, V:1.31~",Y
MLD_FLUX_CD,MTKG,,"MetallurgicaC<0.01%, V:1.3이하",,Y
MLD_FLUX_CD,MTKH,,,"Metallurgica0.01% ≤C ≤0.07%, V:1.71~",Y
MLD_FLUX_CD,MTKJ,,"MetallurgicaC<0.01%, V:전주속",,Y
MLD_FLUX_CD,MTKK,,"Metallurgica0.01% ≤C ≤0.07%, V:전주속",,Y
MLD_FLUX_CD,MTKN,,"MetallurgicaC<0.08%, V:1.31~,(열간재사용T/D용)",,Y
MLD_FLUX_CD,MTKO,,,"Metallurgica0.8% ≤C ≤0.15%, V:1.71~",Y
MLD_FLUX_CD,MTKS,,,"Metallurgica0.08% ≤C ≤0.16%, V:1.31~",Y
MLD_FLUX_CD,MTKW,,"Metallurgica0.08% ≤C ≤0.16%, V:1.3이하",,Y
MLD_FLUX_CD,MTPD,,Metallurgica전기강판,,Y
MLD_FLUX_CD,MTPE,,"MetallurgicaBloom, C:0.20%이하",,Y
MLD_FLUX_CD,MTPF,,,"MetallurgicaBloom, C>0.20%",Y
MLD_FLUX_CD,MTPG,,"MetallurgicaBillet, C:0.30%이하",,Y
MLD_FLUX_CD,MTPH,,,"MetallurgicaBillet, C>0.30%",Y
MLD_FLUX_CD,MTPI,,"MetallurgicaC<0.01%, V:1.76이상",,Y
MLD_FLUX_CD,MTPJ,,"MetallurgicaC:0.01~0.07%,V:1.76이상",,Y
MLD_FLUX_CD,MTPM,,MetallurgicaC:0.70%이상,,Y
MLD_FLUX_CD,MTPO,,"MetallurgicaC<0.08%, V:1.20이하",,Y
MLD_FLUX_CD,MTPP,,,"MetallurgicaC:0.01~0.07%,V:1.21~1.50",Y
MLD_FLUX_CD,MTPQ,,"MetallurgicaC:0.08~0.17%,V:1.20이하",,Y
MLD_FLUX_CD,MTPR,,,"MetallurgicaC:0.08~0.17%,V:1.21~1.50",Y
MLD_FLUX_CD,MTPT,,"MetallurgicaBloom, 용접봉용강",,Y
MLD_FLUX_CD,MTPU,,,"MetallurgicaC<0.01%, V:1.21~1.50",Y
MLD_FLUX_CD,MTPW,,,"MetallurgicaC<0.01%, V:1.51~1.75",Y
MLD_FLUX_CD,MTPX,,,"MetallurgicaC:0.08~0.17%,V>1.51",Y
MLD_FLUX_CD,MTPY,,,"MetallurgicaC:0.01~0.07%,V:1.51~1.75 , C:0.18~0.69%",Y
MLD_FLUX_CD,MTPZ,,Metallurgica고내후성강,,Y
MLD_FLUX_CD,NTKA,,"Nippon Thermochemical0.01% ≤C ≤0.07%, V:1.3이하",,Y
MLD_FLUX_CD,NTKB,,,"Nippon Thermochemical0.01% ≤C ≤0.07%, V:1.31~",Y
MLD_FLUX_CD,NTKC,,"Nippon Thermochemical0.17% ≤C ≤0.29%, V:1.3이하",,Y
MLD_FLUX_CD,NTKD,,,"Nippon Thermochemical0.17% ≤C ≤0.29%, V:1.31~",Y
MLD_FLUX_CD,NTKE,,"Nippon Thermochemical0.08% ≤C ≤0.29%, V:전주속",,Y
MLD_FLUX_CD,NTKF,,,"Nippon ThermochemicalC<0.01%, V:1.31~",Y
MLD_FLUX_CD,NTKG,,"Nippon ThermochemicalC<0.01%, V:1.3이하",,Y
MLD_FLUX_CD,NTKH,,,"Nippon Thermochemical0.01% ≤C ≤0.07%, V:1.71~",Y
MLD_FLUX_CD,NTKJ,,"Nippon ThermochemicalC<0.01%, V:전주속",,Y
MLD_FLUX_CD,NTKK,,"Nippon Thermochemical0.01% ≤C ≤0.07%, V:전주속",,Y
MLD_FLUX_CD,NTKN,,"Nippon ThermochemicalC<0.08%, V:1.31~,(열간재사용T/D용)",,Y
MLD_FLUX_CD,NTKO,,,"Nippon Thermochemical0.8% ≤C ≤0.15%, V:1.71~",Y
MLD_FLUX_CD,NTKS,,,"Nippon Thermochemical0.08% ≤C ≤0.16%, V:1.31~",Y
MLD_FLUX_CD,NTKW,,"Nippon Thermochemical0.08% ≤C ≤0.16%, V:1.3이하",,Y
MLD_FLUX_CD,NTPD,,Nippon Thermochemical전기강판,,Y
MLD_FLUX_CD,NTPE,,"Nippon ThermochemicalBloom, C:0.20%이하",,Y
MLD_FLUX_CD,NTPF,,,"Nippon ThermochemicalBloom, C>0.20%",Y
MLD_FLUX_CD,NTPG,,"Nippon ThermochemicalBillet, C:0.30%이하",,Y
MLD_FLUX_CD,NTPH,,,"Nippon ThermochemicalBillet, C>0.30%",Y
MLD_FLUX_CD,NTPI,,"Nippon ThermochemicalC<0.01%, V:1.76이상",,Y
MLD_FLUX_CD,NTPJ,,"Nippon ThermochemicalC:0.01~0.07%,V:1.76이상",,Y
MLD_FLUX_CD,NTPM,,Nippon ThermochemicalC:0.70%이상,,Y
MLD_FLUX_CD,NTPO,,"Nippon ThermochemicalC<0.08%, V:1.20이하",,Y
MLD_FLUX_CD,NTPP,,,"Nippon ThermochemicalC:0.01~0.07%,V:1.21~1.50",Y
MLD_FLUX_CD,NTPQ,,"Nippon ThermochemicalC:0.08~0.17%,V:1.20이하",,Y
MLD_FLUX_CD,NTPR,,,"Nippon ThermochemicalC:0.08~0.17%,V:1.21~1.50",Y
MLD_FLUX_CD,NTPT,,"Nippon ThermochemicalBloom, 용접봉용강",,Y
MLD_FLUX_CD,NTPU,,,"Nippon ThermochemicalC<0.01%, V:1.21~1.50",Y
MLD_FLUX_CD,NTPW,,,"Nippon ThermochemicalC<0.01%, V:1.51~1.75",Y
MLD_FLUX_CD,NTPX,,,"Nippon ThermochemicalC:0.08~0.17%,V>1.51",Y
MLD_FLUX_CD,NTPY,,,"Nippon ThermochemicalC:0.01~0.07%,V:1.51~1.75 , C:0.18~0.69%",Y
MLD_FLUX_CD,NTPZ,,Nippon Thermochemical고내후성강,,Y
MLD_FLUX_CD,NXKA,,"Nittex0.01% ≤C ≤0.07%, V:1.3이하",,Y
MLD_FLUX_CD,NXKB,,,"Nittex0.01% ≤C ≤0.07%, V:1.31~",Y
MLD_FLUX_CD,NXKC,,"Nittex0.17% ≤C ≤0.29%, V:1.3이하",,Y
MLD_FLUX_CD,NXKD,,,"Nittex0.17% ≤C ≤0.29%, V:1.31~",Y
MLD_FLUX_CD,NXKE,,"Nittex0.08% ≤C ≤0.29%, V:전주속",,Y
MLD_FLUX_CD,NXKF,,,"NittexC<0.01%, V:1.31~",Y
MLD_FLUX_CD,NXKG,,"NittexC<0.01%, V:1.3이하",,Y
MLD_FLUX_CD,NXKH,,,"Nittex0.01% ≤C ≤0.07%, V:1.71~",Y
MLD_FLUX_CD,NXKJ,,"NittexC<0.01%, V:전주속",,Y
MLD_FLUX_CD,NXKK,,"Nittex0.01% ≤C ≤0.07%, V:전주속",,Y
MLD_FLUX_CD,NXKN,,"NittexC<0.08%, V:1.31~,(열간재사용T/D용)",,Y
MLD_FLUX_CD,NXKO,,,"Nittex0.8% ≤C ≤0.15%, V:1.71~",Y
MLD_FLUX_CD,NXKS,,,"Nittex0.08% ≤C ≤0.16%, V:1.31~",Y
MLD_FLUX_CD,NXKW,,"Nittex0.08% ≤C ≤0.16%, V:1.3이하",,Y
MLD_FLUX_CD,NXPD,,Nittex전기강판,,Y
MLD_FLUX_CD,NXPE,,"NittexBloom, C:0.20%이하",,Y
MLD_FLUX_CD,NXPF,,,"NittexBloom, C>0.20%",Y
MLD_FLUX_CD,NXPG,,"NittexBillet, C:0.30%이하",,Y
MLD_FLUX_CD,NXPH,,,"NittexBillet, C>0.30%",Y
MLD_FLUX_CD,NXPI,,"NittexC<0.01%, V:1.76이상",,Y
MLD_FLUX_CD,NXPJ,,"NittexC:0.01~0.07%,V:1.76이상",,Y
MLD_FLUX_CD,NXPM,,NittexC:0.70%이상,,Y
MLD_FLUX_CD,NXPO,,"NittexC<0.08%, V:1.20이하",,Y
MLD_FLUX_CD,NXPP,,,"NittexC:0.01~0.07%,V:1.21~1.50",Y
MLD_FLUX_CD,NXPQ,,"NittexC:0.08~0.17%,V:1.20이하",,Y
MLD_FLUX_CD,NXPR,,,"NittexC:0.08~0.17%,V:1.21~1.50",Y
MLD_FLUX_CD,NXPT,,"NittexBloom, 용접봉용강",,Y
MLD_FLUX_CD,NXPU,,,"NittexC<0.01%, V:1.21~1.50",Y
MLD_FLUX_CD,NXPW,,,"NittexC<0.01%, V:1.51~1.75",Y
MLD_FLUX_CD,NXPX,,,"NittexC:0.08~0.17%,V>1.51",Y
MLD_FLUX_CD,NXPY,,,"NittexC:0.01~0.07%,V:1.51~1.75 , C:0.18~0.69%",Y
MLD_FLUX_CD,NXPZ,,Nittex고내후성강,,Y
MLD_FLUX_CD,OTKA,,"기타0.01% ≤C ≤0.07%, V:1.3이하",,Y
MLD_FLUX_CD,OTKB,,"기타0.01% ≤C ≤0.07%, V:1.31~",,Y
MLD_FLUX_CD,OTKC,,"기타0.17% ≤C ≤0.29%, V:1.3이하",,Y
MLD_FLUX_CD,OTKD,,"기타0.17% ≤C ≤0.29%, V:1.31~",,Y
MLD_FLUX_CD,OTKE,,"기타0.08% ≤C ≤0.29%, V:전주속",,Y
MLD_FLUX_CD,OTKF,,"기타C<0.01%, V:1.31~",,Y
MLD_FLUX_CD,OTKG,,"기타C<0.01%, V:1.3이하",,Y
MLD_FLUX_CD,OTKH,,"기타0.01% ≤C ≤0.07%, V:1.71~",,Y
MLD_FLUX_CD,OTKJ,,"기타C<0.01%, V:전주속",,Y
MLD_FLUX_CD,OTKK,,"기타0.01% ≤C ≤0.07%, V:전주속",,Y
MLD_FLUX_CD,OTKN,,"기타C<0.08%, V:1.31~,(열간재사용T/D용)",,Y
MLD_FLUX_CD,OTKO,,"기타0.8% ≤C ≤0.15%, V:1.71~",,Y
MLD_FLUX_CD,OTKS,,"기타0.08% ≤C ≤0.16%, V:1.31~",,Y
MLD_FLUX_CD,OTKW,,"기타0.08% ≤C ≤0.16%, V:1.3이하",,Y
MLD_FLUX_CD,OTPD,,기타전기강판,,Y
MLD_FLUX_CD,OTPE,,"기타Bloom, C:0.20%이하",,Y
MLD_FLUX_CD,OTPF,,"기타Bloom, C>0.20%",,Y
MLD_FLUX_CD,OTPG,,"기타Billet, C:0.30%이하",,Y
MLD_FLUX_CD,OTPH,,"기타Billet, C>0.30%",,Y
MLD_FLUX_CD,OTPI,,"기타C<0.01%, V:1.76이상",,Y
MLD_FLUX_CD,OTPJ,,"기타C:0.01~0.07%,V:1.76이상",,Y
MLD_FLUX_CD,OTPM,,기타C:0.70%이상,,Y
MLD_FLUX_CD,OTPO,,"기타C<0.08%, V:1.20이하",,Y
MLD_FLUX_CD,OTPP,,"기타C:0.01~0.07%,V:1.21~1.50",,Y
MLD_FLUX_CD,OTPQ,,"기타C:0.08~0.17%,V:1.20이하",,Y
MLD_FLUX_CD,OTPR,,"기타C:0.08~0.17%,V:1.21~1.50",,Y
MLD_FLUX_CD,OTPT,,"기타Bloom, 용접봉용강",,Y
MLD_FLUX_CD,OTPU,,"기타C<0.01%, V:1.21~1.50",,Y
MLD_FLUX_CD,OTPW,,"기타C<0.01%, V:1.51~1.75",,Y
MLD_FLUX_CD,OTPX,,"기타C:0.08~0.17%,V>1.51",,Y
MLD_FLUX_CD,OTPY,,"기타C:0.01~0.07%,V:1.51~1.75 , C:0.18~0.69%",,Y
MLD_FLUX_CD,OTPZ,,기타고내후성강,,Y
MLD_FLUX_CD,SCKA,,"Shinagawa, 중국0.01% ≤C ≤0.07%, V:1.3이하",,Y
MLD_FLUX_CD,SCKB,,"Shinagawa, 중국0.01% ≤C ≤0.07%, V:1.31~",,Y
MLD_FLUX_CD,SCKC,,"Shinagawa, 중국0.17% ≤C ≤0.29%, V:1.3이하",,Y
MLD_FLUX_CD,SCKD,,"Shinagawa, 중국0.17% ≤C ≤0.29%, V:1.31~",,Y
MLD_FLUX_CD,SCKE,,"Shinagawa, 중국0.08% ≤C ≤0.29%, V:전주속",,Y
MLD_FLUX_CD,SCKF,,"Shinagawa, 중국C<0.01%, V:1.31~",,Y
MLD_FLUX_CD,SCKG,,"Shinagawa, 중국C<0.01%, V:1.3이하",,Y
MLD_FLUX_CD,SCKH,,"Shinagawa, 중국0.01% ≤C ≤0.07%, V:1.71~",,Y
MLD_FLUX_CD,SCKJ,,"Shinagawa, 중국C<0.01%, V:전주속",,Y
MLD_FLUX_CD,SCKK,,"Shinagawa, 중국0.01% ≤C ≤0.07%, V:전주속",,Y
MLD_FLUX_CD,SCKN,,"Shinagawa, 중국C<0.08%, V:1.31~,(열간재사용T/D용)",,Y
MLD_FLUX_CD,SCKO,,"Shinagawa, 중국0.8% ≤C ≤0.15%, V:1.71~",,Y
MLD_FLUX_CD,SCKS,,"Shinagawa, 중국0.08% ≤C ≤0.16%, V:1.31~",,Y
MLD_FLUX_CD,SCKW,,"Shinagawa, 중국0.08% ≤C ≤0.16%, V:1.3이하",,Y
MLD_FLUX_CD,SCPD,,"Shinagawa, 중국전기강판",,Y
MLD_FLUX_CD,SCPE,,"Shinagawa, 중국Bloom, C:0.20%이하",,Y
MLD_FLUX_CD,SCPF,,"Shinagawa, 중국Bloom, C>0.20%",,Y
MLD_FLUX_CD,SCPG,,"Shinagawa, 중국Billet, C:0.30%이하",,Y
MLD_FLUX_CD,SCPH,,"Shinagawa, 중국Billet, C>0.30%",,Y
MLD_FLUX_CD,SCPI,,"Shinagawa, 중국C<0.01%, V:1.76이상",,Y
MLD_FLUX_CD,SCPJ,,"Shinagawa, 중국C:0.01~0.07%,V:1.76이상",,Y
MLD_FLUX_CD,SCPM,,"Shinagawa, 중국C:0.70%이상",,Y
MLD_FLUX_CD,SCPO,,"Shinagawa, 중국C<0.08%, V:1.20이하",,Y
MLD_FLUX_CD,SCPP,,"Shinagawa, 중국C:0.01~0.07%,V:1.21~1.50",,Y
MLD_FLUX_CD,SCPQ,,"Shinagawa, 중국C:0.08~0.17%,V:1.20이하",,Y
MLD_FLUX_CD,SCPR,,"Shinagawa, 중국C:0.08~0.17%,V:1.21~1.50",,Y
MLD_FLUX_CD,SCPT,,"Shinagawa, 중국Bloom, 용접봉용강",,Y
MLD_FLUX_CD,SCPU,,"Shinagawa, 중국C<0.01%, V:1.21~1.50",,Y
MLD_FLUX_CD,SCPW,,"Shinagawa, 중국C<0.01%, V:1.51~1.75",,Y
MLD_FLUX_CD,SCPX,,"Shinagawa, 중국C:0.08~0.17%,V>1.51",,Y
MLD_FLUX_CD,SCPY,,"Shinagawa, 중국C:0.01~0.07%,V:1.51~1.75 , C:0.18~0.69%",,Y
MLD_FLUX_CD,SCPZ,,"Shinagawa, 중국고내후성강",,Y
MLD_FLUX_CD,SHKA,,"Shinagawa, 일본0.01% ≤C ≤0.07%, V:1.3이하",,Y
MLD_FLUX_CD,SHKB,,"Shinagawa, 일본0.01% ≤C ≤0.07%, V:1.31~",,Y
MLD_FLUX_CD,SHKC,,"Shinagawa, 일본0.17% ≤C ≤0.29%, V:1.3이하",,Y
MLD_FLUX_CD,SHKD,,"Shinagawa, 일본0.17% ≤C ≤0.29%, V:1.31~",,Y
MLD_FLUX_CD,SHKE,,"Shinagawa, 일본0.08% ≤C ≤0.29%, V:전주속",,Y
MLD_FLUX_CD,SHKF,,"Shinagawa, 일본C<0.01%, V:1.31~",,Y
MLD_FLUX_CD,SHKG,,"Shinagawa, 일본C<0.01%, V:1.3이하",,Y
MLD_FLUX_CD,SHKH,,"Shinagawa, 일본0.01% ≤C ≤0.07%, V:1.71~",,Y
MLD_FLUX_CD,SHKJ,,"Shinagawa, 일본C<0.01%, V:전주속",,Y
MLD_FLUX_CD,SHKK,,"Shinagawa, 일본0.01% ≤C ≤0.07%, V:전주속",,Y
MLD_FLUX_CD,SHKN,,"Shinagawa, 일본C<0.08%, V:1.31~,(열간재사용T/D용)",,Y
MLD_FLUX_CD,SHKO,,"Shinagawa, 일본0.8% ≤C ≤0.15%, V:1.71~",,Y
MLD_FLUX_CD,SHKS,,"Shinagawa, 일본0.08% ≤C ≤0.16%, V:1.31~",,Y
MLD_FLUX_CD,SHKW,,"Shinagawa, 일본0.08% ≤C ≤0.16%, V:1.3이하",,Y
MLD_FLUX_CD,SHPD,,"Shinagawa, 일본전기강판",,Y
MLD_FLUX_CD,SHPE,,"Shinagawa, 일본Bloom, C:0.20%이하",,Y
MLD_FLUX_CD,SHPF,,"Shinagawa, 일본Bloom, C>0.20%",,Y
MLD_FLUX_CD,SHPG,,"Shinagawa, 일본Billet, C:0.30%이하",,Y
MLD_FLUX_CD,SHPH,,"Shinagawa, 일본Billet, C>0.30%",,Y
MLD_FLUX_CD,SHPI,,"Shinagawa, 일본C<0.01%, V:1.76이상",,Y
MLD_FLUX_CD,SHPJ,,"Shinagawa, 일본C:0.01~0.07%,V:1.76이상",,Y
MLD_FLUX_CD,SHPM,,"Shinagawa, 일본C:0.70%이상",,Y
MLD_FLUX_CD,SHPO,,"Shinagawa, 일본C<0.08%, V:1.20이하",,Y
MLD_FLUX_CD,SHPP,,"Shinagawa, 일본C:0.01~0.07%,V:1.21~1.50",,Y
MLD_FLUX_CD,SHPQ,,"Shinagawa, 일본C:0.08~0.17%,V:1.20이하",,Y
MLD_FLUX_CD,SHPR,,"Shinagawa, 일본C:0.08~0.17%,V:1.21~1.50",,Y
MLD_FLUX_CD,SHPT,,"Shinagawa, 일본Bloom, 용접봉용강",,Y
MLD_FLUX_CD,SHPU,,"Shinagawa, 일본C<0.01%, V:1.21~1.50",,Y
MLD_FLUX_CD,SHPW,,"Shinagawa, 일본C<0.01%, V:1.51~1.75",,Y
MLD_FLUX_CD,SHPX,,"Shinagawa, 일본C:0.08~0.17%,V>1.51",,Y
MLD_FLUX_CD,SHPY,,"Shinagawa, 일본C:0.01~0.07%,V:1.51~1.75 , C:0.18~0.69%",,Y
MLD_FLUX_CD,SHPZ,,"Shinagawa, 일본고내후성강",,Y
MLD_FLUX_CD,SKKA,,"Sakai0.01% ≤C ≤0.07%, V:1.3이하",,Y
MLD_FLUX_CD,SKKB,,,"Sakai0.01% ≤C ≤0.07%, V:1.31~",Y
MLD_FLUX_CD,SKKC,,"Sakai0.17% ≤C ≤0.29%, V:1.3이하",,Y
MLD_FLUX_CD,SKKD,,,"Sakai0.17% ≤C ≤0.29%, V:1.31~",Y
MLD_FLUX_CD,SKKE,,"Sakai0.08% ≤C ≤0.29%, V:전주속",,Y
MLD_FLUX_CD,SKKF,,,"SakaiC<0.01%, V:1.31~",Y
MLD_FLUX_CD,SKKG,,"SakaiC<0.01%, V:1.3이하",,Y
MLD_FLUX_CD,SKKH,,,"Sakai0.01% ≤C ≤0.07%, V:1.71~",Y
MLD_FLUX_CD,SKKJ,,"SakaiC<0.01%, V:전주속",,Y
MLD_FLUX_CD,SKKK,,"Sakai0.01% ≤C ≤0.07%, V:전주속",,Y
MLD_FLUX_CD,SKKN,,"SakaiC<0.08%, V:1.31~,(열간재사용T/D용)",,Y
MLD_FLUX_CD,SKKO,,,"Sakai0.8% ≤C ≤0.15%, V:1.71~",Y
MLD_FLUX_CD,SKKS,,,"Sakai0.08% ≤C ≤0.16%, V:1.31~",Y
MLD_FLUX_CD,SKKW,,"Sakai0.08% ≤C ≤0.16%, V:1.3이하",,Y
MLD_FLUX_CD,SKPD,,Sakai전기강판,,Y
MLD_FLUX_CD,SKPE,,"SakaiBloom, C:0.20%이하",,Y
MLD_FLUX_CD,SKPF,,,"SakaiBloom, C>0.20%",Y
MLD_FLUX_CD,SKPG,,"SakaiBillet, C:0.30%이하",,Y
MLD_FLUX_CD,SKPH,,,"SakaiBillet, C>0.30%",Y
MLD_FLUX_CD,SKPI,,"SakaiC<0.01%, V:1.76이상",,Y
MLD_FLUX_CD,SKPJ,,"SakaiC:0.01~0.07%,V:1.76이상",,Y
MLD_FLUX_CD,SKPM,,SakaiC:0.70%이상,,Y
MLD_FLUX_CD,SKPO,,"SakaiC<0.08%, V:1.20이하",,Y
MLD_FLUX_CD,SKPP,,,"SakaiC:0.01~0.07%,V:1.21~1.50",Y
MLD_FLUX_CD,SKPQ,,"SakaiC:0.08~0.17%,V:1.20이하",,Y
MLD_FLUX_CD,SKPR,,,"SakaiC:0.08~0.17%,V:1.21~1.50",Y
MLD_FLUX_CD,SKPT,,"SakaiBloom, 용접봉용강",,Y
MLD_FLUX_CD,SKPU,,,"SakaiC<0.01%, V:1.21~1.50",Y
MLD_FLUX_CD,SKPW,,,"SakaiC<0.01%, V:1.51~1.75",Y
MLD_FLUX_CD,SKPX,,,"SakaiC:0.08~0.17%,V>1.51",Y
MLD_FLUX_CD,SKPY,,,"SakaiC:0.01~0.07%,V:1.51~1.75 , C:0.18~0.69%",Y
MLD_FLUX_CD,SKPZ,,Sakai고내후성강,,Y
MLD_FLUX_CD,SSKA,,"Stolberg-Samil0.01% ≤C ≤0.07%, V:1.3이하",,Y
MLD_FLUX_CD,SSKB,,,"Stolberg-Samil0.01% ≤C ≤0.07%, V:1.31~",Y
MLD_FLUX_CD,SSKC,,"Stolberg-Samil0.17% ≤C ≤0.29%, V:1.3이하",,Y
MLD_FLUX_CD,SSKD,,,"Stolberg-Samil0.17% ≤C ≤0.29%, V:1.31~",Y
MLD_FLUX_CD,SSKE,,"Stolberg-Samil0.08% ≤C ≤0.29%, V:전주속",,Y
MLD_FLUX_CD,SSKF,,,"Stolberg-SamilC<0.01%, V:1.31~",Y
MLD_FLUX_CD,SSKG,,"Stolberg-SamilC<0.01%, V:1.3이하",,Y
MLD_FLUX_CD,SSKH,,,"Stolberg-Samil0.01% ≤C ≤0.07%, V:1.71~",Y
MLD_FLUX_CD,SSKJ,,"Stolberg-SamilC<0.01%, V:전주속",,Y
MLD_FLUX_CD,SSKK,,"Stolberg-Samil0.01% ≤C ≤0.07%, V:전주속",,Y
MLD_FLUX_CD,SSKN,,"Stolberg-SamilC<0.08%, V:1.31~,(열간재사용T/D용)",,Y
MLD_FLUX_CD,SSKO,,,"Stolberg-Samil0.8% ≤C ≤0.15%, V:1.71~",Y
MLD_FLUX_CD,SSKS,,,"Stolberg-Samil0.08% ≤C ≤0.16%, V:1.31~",Y
MLD_FLUX_CD,SSKW,,"Stolberg-Samil0.08% ≤C ≤0.16%, V:1.3이하",,Y
MLD_FLUX_CD,SSPD,,Stolberg-Samil전기강판,,Y
MLD_FLUX_CD,SSPE,,"Stolberg-SamilBloom, C:0.20%이하",,Y
MLD_FLUX_CD,SSPF,,,"Stolberg-SamilBloom, C>0.20%",Y
MLD_FLUX_CD,SSPG,,"Stolberg-SamilBillet, C:0.30%이하",,Y
MLD_FLUX_CD,SSPH,,,"Stolberg-SamilBillet, C>0.30%",Y
MLD_FLUX_CD,SSPI,,"Stolberg-SamilC<0.01%, V:1.76이상",,Y
MLD_FLUX_CD,SSPJ,,"Stolberg-SamilC:0.01~0.07%,V:1.76이상",,Y
MLD_FLUX_CD,SSPM,,Stolberg-SamilC:0.70%이상,,Y
MLD_FLUX_CD,SSPO,,"Stolberg-SamilC<0.08%, V:1.20이하",,Y
MLD_FLUX_CD,SSPP,,,"Stolberg-SamilC:0.01~0.07%,V:1.21~1.50",Y
MLD_FLUX_CD,SSPQ,,"Stolberg-SamilC:0.08~0.17%,V:1.20이하",,Y
MLD_FLUX_CD,SSPR,,,"Stolberg-SamilC:0.08~0.17%,V:1.21~1.50",Y
MLD_FLUX_CD,SSPT,,"Stolberg-SamilBloom, 용접봉용강",,Y
MLD_FLUX_CD,SSPU,,,"Stolberg-SamilC<0.01%, V:1.21~1.50",Y
MLD_FLUX_CD,SSPW,,,"Stolberg-SamilC<0.01%, V:1.51~1.75",Y
MLD_FLUX_CD,SSPX,,,"Stolberg-SamilC:0.08~0.17%,V>1.51",Y
MLD_FLUX_CD,SSPY,,,"Stolberg-SamilC:0.01~0.07%,V:1.51~1.75 , C:0.18~0.69%",Y
MLD_FLUX_CD,SSPZ,,Stolberg-Samil고내후성강,,Y
MOLD_LVL_FLUCT_TY,A,±3mm以内,,,Y
MOLD_LVL_FLUCT_TY,B,±5mm以内,,,Y
MOLD_LVL_FLUCT_TY,C,未指定,,,Y
MOLD_OSCIL_TY,A,正弦振动,,,Y
MOLD_OSCIL_TY,B,非正弦振动,,,Y
MOLD_OSCIL_TY,C,超低碳钢振动曲线,,,Y
MOLD_OSCIL_TY,D,低碳钢振动曲线,,,Y
MOLD_OSCIL_TY,E,中碳钢振动曲线,,,Y
MOLD_OSCIL_TY,F,高碳钢振动曲线,,,Y
MOLD_OSCIL_TY,G,包晶钢振动曲线,,,Y
MOLD_OSCIL_TY,X,未指定,,,Y
MOLD_POWDER_TY,A,超低碳保护渣,,,Y
MOLD_POWDER_TY,B,低碳钢保护渣,,,Y
MOLD_POWDER_TY,C,中碳钢保护渣,,,Y
MOLD_POWDER_TY,D,高碳钢保护渣,,,Y
MOLD_POWDER_TY,E,包晶钢保护渣,,,Y
MOLD_POWDER_TY,X,未指定,,,Y
MONI_DISPLAY_TY,W,,,Wait,Y
MONI_DISPLAY_TY,O,,,Operate,Y
MONI_DISPLAY_TY,E,,,End,Y
MONI_DISPLAY_TY,S,,,Stop,Y
MONI_HEAT_STS,A,,,Actual,Y
MONI_HEAT_STS,P,,,Plan,Y
MONI_HEAT_STS2,A,,,Actual,Y
MONI_HEAT_STS2,P,,,Forecast,Y
MONI_HEAT_STS3,A,,,Result,Y
MONI_HEAT_STS3,P,,,Plan,Y
MONI_INTV,01,1分,,,Y
MONI_INTV,05,5分,,,Y
MONI_INTV,10,10分,,,Y
MONI_INTV,30,30分,,,Y
MONI_INTV,60,60分,,,Y
MONI_PROC_TY,WAIT,,,Waiting,Y
MONI_PROC_TY,PROC,,,Processing,Y
MONI_PROC_TY,END,,,Finish,Y
MONTH_LOV,01,1月,,,Y
MONTH_LOV,02,2月,,,Y
MONTH_LOV,03,3月,,,Y
MONTH_LOV,04,4月,,,Y
MONTH_LOV,05,5月,,,Y
MONTH_LOV,06,6月,,,Y
MONTH_LOV,07,7月,,,Y
MONTH_LOV,08,8月,,,Y
MONTH_LOV,09,9月,,,Y
MONTH_LOV,10,10月,,,Y
MONTH_LOV,11,11月,,,Y
MONTH_LOV,12,12月,,,Y
MOVE_STORE,T1,进厂原料仓库,,,Y
MOVE_STORE,AE,焦化原料库,,,Y
MOVE_STORE,AC,焦化半成品仓库,,,Y
MOVE_STORE,AH,焦化副产物仓库,,,Y
MOVE_STORE,AD,高炉半成品仓库,,,Y
MOVE_STORE,AA,烧结半成品仓库,,,Y
MOVE_STORE,AF,烧结副产品库,,,Y
MOVE_STORE,AB,球团半成品库,,,Y
MOVE_STORE,AG,球团副产品库,,,Y
MOVE_STORE,A3,炼铁原料仓库,,,Y
MOVE_STORE,AJ,高炉副产物仓库,,,Y
MOVE_STORE,E1,炼钢投料仓库,,,Y
MOVE_STORE,DZ,炼钢副产物仓库,,,Y
MOVE_STORE,C1,连铸Slab仓库,,,Y
MOVE_STORE,H1,热轧Slab仓库,,,Y
MOVE_STORE,RZ,冷轧副产物仓库,,,Y
MSG_TY,Q,,,Question,Y
MSG_TY,C,,,Confirm,Y
MSG_TY,W,,,Warning,Y
MSG_TY,E,,,Error,Y
MSG_TY,I,,,Information,Y
MTC_CFM_TY,Y,确定,,MTC Print Waiting,Y
MTC_CFM_TY,N,未确定,,,Y
MTC_MSU_CD,Y,需要质保书,,YES,Y
MTC_MSU_CD,N,不需要质保书,,NO,Y
MTC_REMARK_ADDRESS,1,山东省日照市东港区临钢路1号,,"No. 1, Lingang Road, Donggang District, Rizhao City, Shandong Province, P.R.China",Y
MTC_REMARK_DEFAULT,A,普通产品,,,Y
MTC_REMARK_DEFAULT,B,船板钢产品,,,Y
MTC_REQ_CD,A,出货INVOICE用,,,Y
MTC_REQ_CD,B,其他,,,Y
MTC_STS_CD,1,申请,,Request for MTC Edit,Y
MTC_STS_CD,2,编制,,MTC Editing Finished,Y
MTC_STS_CD,3,确定,,Waiting for MTC Print,Y
MTC_STS_CD,5,发行,,,Y
MTC_TY,A1,,일반용,RSGRZG 11/12-03,Y
MTC_TY,A2,,선급용,RSGRZG 11/12-04,Y
MTC_TY,A3,,외판Slab,RSGRZG 11/12-05,Y
MTC_TY,A4,,제강제품성분용,RSGRZG 11/12-06,Y
MTC_YN,1,出具质保书,,,Y
MTC_YN,2,不出具质保书,,,Y
MTL_TRANS_TYPES,10,厂内调拨先皮后毛,,,Y
MTL_TRANS_TYPES,12,厂内调拨先毛后皮,,,Y
MTL_TRANS_TYPES,13,铁水,,,Y
MTL_TRANS_TYPES,80,销售业务,,,Y
MTL_TRANS_TYPES,81,副产品销售,,,Y
MTL_TRANS_TYPES,90,采购业务,,,Y
MTRL_SHP_TP,A,,,Heat,Y
MTRL_SHP_TP,B,铸坯,주편,,Y
MTRL_SHP_TP,D,板坯,,Slab,Y
MTRL_SHP_TP,H,热轧卷,열연코일,,Y
MTRL_SHP_TP,C,冷轧卷,냉연코일,,Y
MTRL_SHP_TP,N,,날판,,Y
MTRL_SHP_TP,P,,,Plate,Y
MTRL_SHP_TY,D,,,Slab,Y
MTRL_SHP_TY,Z,,,Products,Y
MTRL_TRK_CD,KR1,,,TLC Discharging End,Y
MTRL_TRK_CD,KR2,,,KR Arrival,Y
MTRL_TRK_CD,KR3,,,KR Start,Y
MTRL_TRK_CD,KR4,,,KR End,Y
MTRL_TRK_CD,KR5,,,KR Departure,Y
MTRL_TRK_CD,DP1,,,BOF Arrival,Y
MTRL_TRK_CD,DP2,,,BOF Charging,Y
MTRL_TRK_CD,DP3,,,BOF Blowing Start,Y
MTRL_TRK_CD,DP4,,,BOF Blowing End,Y
MTRL_TRK_CD,CL5,,,BOF Tapping Start,Y
MTRL_TRK_CD,DP6,,,BOF Tapping End,Y
MTRL_TRK_CD,CL7,,,BOF Departure,Y
MTRL_TRK_CD,CQ1,,,BAP Arrival,Y
MTRL_TRK_CD,CQ2,,,BAP Start,Y
MTRL_TRK_CD,CQ3,,,BAP End,Y
MTRL_TRK_CD,CQ4,,,BAP Departure,Y
MTRL_TRK_CD,CR1,,,RH Arrival,Y
MTRL_TRK_CD,CR2,,,RH Start,Y
MTRL_TRK_CD,CR3,,,RH End,Y
MTRL_TRK_CD,CR4,,,RH Departure,Y
MTRL_TRK_CD,CT1,,,LF Arrival,Y
MTRL_TRK_CD,CT2,,,LF Start,Y
MTRL_TRK_CD,CT3,,,LF End,Y
MTRL_TRK_CD,CT4,,,LF Departure,Y
MTRL_TRK_CD,DA1,,,Ladle W.P Arrival,Y
MTRL_TRK_CD,DA2,,,Dummy Bar Insertion Start,Y
MTRL_TRK_CD,DA3,,,Dummy Bar Insertion End,Y
MTRL_TRK_CD,DA4,,,Casting Start,Y
MTRL_TRK_CD,DA5,,,Cutting Start,Y
MTRL_TRK_CD,DA6,,,Casting End,Y
MTRL_TRK_CD,DA7,,,Cutting End,Y
MTRL_TRK_CD,DA8,,,Ladle Departure,Y
MTRL_TRK_CD,DB1,,,Cutting End,Y
MTRL_TRK_CD,DB2,,,Scarfing End,Y
MTRL_TRK_CD,DB3,,,Inspection End,Y
MTRL_TRK_CD,DB4,,,Size Check End,Y
MTRL_TRK_CD,DC1,,,Final Judgment End,Y
MTRL_TRK_CD,DC2,,,Dispatch Reserved,Y
MTRL_TRK_CD,DC3,,,Dispatched,Y
MTRL_TRK_CD,DC4,,,Gone,Y
MTRL_TYPE,S,造渣料,,,Y
MTRL_TYPE,A,合金,,,Y
MTRL_TYPE,T,废钢,,,Y
MTRL_TYPE,E,能源,,,Y
MULTI_LANG_TY,CDM,,,Master Code,Y
MULTI_LANG_TY,CDD,,,Code Value,Y
MULTI_LANG_TY,ITM,,,Item,Y
MULTI_LANG_TY,MSG,,,Message,Y
MULTI_LANG_TY,MNU,,,Menu,Y
NATL_SPEC_ORG_CD,GB,中国标准,중국표준,,Y
NATL_SPEC_ORG_CD,EN,EN标准,EN표준,,Y
NATL_SPEC_ORG_CD,ISO,国际标准,국제표준,,Y
NATL_SPEC_ORG_CD,HB,行业标准,항업표준,,Y
NATL_SPEC_ORG_CD,QB,企业标准,기업표준,,Y
NATL_SPEC_ORG_CD,JX,技术协议,기술협의,,Y
NATL_TOL_SPEC_TY,1,尺寸形状偏差,치수형상허용차,,Y
NATL_TOL_SPEC_TY,2,产品成分偏差,제품성분허용차,,Y
NCM_CD,1,,,"7207 1200 (C<0,25%)",Y
NCM_CD,2,,,"7207 2000 (C≥0,25%)",Y
NCM_CD,3,,,7224 9000 (Alloyed),Y
NDT_SMP_TY,1,,,P-1,Y
NDT_SMP_TY,2,,,P-2,Y
NDT_SMP_TY,3,,,P-3,Y
NON_ANAL_RSN_CD,A,,,Non Arrival,Y
NON_ANAL_RSN_CD,B,,,Pin Hole,Y
NON_ANAL_RSN_CD,C,,,Luminosity Defect,Y
NON_ANAL_RSN_CD,D,,,Mixtue with Slag,Y
NON_ANAL_RSN_CD,E,,,Mixture with Metal,Y
NON_ANAL_RSN_CD,F,,,Below Weight,Y
NON_ANAL_RSN_CD,G,,,Mixture with foreign matter,Y
NON_ANAL_RSN_CD,H,,,Water Contain,Y
NON_ANAL_RSN_CD,J,,,Slag Quantity Less,Y
NON_ANAL_RSN_CD,K,,,Early Sampling,Y
NON_ANAL_RSN_CD,L,,,Appearance Defect,Y
NON_ANAL_RSN_CD,M,,,Surface Defect,Y
NON_ANAL_RSN_CD,N,,,Sample Segregate,Y
NON_METAL_ABCD_GRT_CD,A,性能试验+性能判定+质保书发行,,,Y
NON_METAL_ABCD_GRT_CD,B,性能试验+性能判定,,,Y
NON_METAL_ABCD_GRT_CD,C,性能试验+质保书发行,,,Y
NON_METAL_ABCD_GRT_CD,D,性能试验,,,Y
NON_METAL_A_GRT_CD,A,性能试验+性能判定+质保书发行,,,Y
NON_METAL_A_GRT_CD,B,性能试验+性能判定,,,Y
NON_METAL_A_GRT_CD,C,性能试验+质保书发行,,,Y
NON_METAL_A_GRT_CD,D,性能试验,,,Y
NON_METAL_B_GRT_CD,A,性能试验+性能判定+质保书发行,,,Y
NON_METAL_B_GRT_CD,B,性能试验+性能判定,,,Y
NON_METAL_B_GRT_CD,C,性能试验+质保书发行,,,Y
NON_METAL_B_GRT_CD,D,性能试验,,,Y
NON_METAL_C_GRT_CD,A,性能试验+性能判定+质保书发行,,,Y
NON_METAL_C_GRT_CD,B,性能试验+性能判定,,,Y
NON_METAL_C_GRT_CD,C,性能试验+质保书发行,,,Y
NON_METAL_C_GRT_CD,D,性能试验,,,Y
NON_METAL_DS_GRT_CD,A,性能试验+性能判定+质保书发行,,,Y
NON_METAL_DS_GRT_CD,B,性能试验+性能判定,,,Y
NON_METAL_DS_GRT_CD,C,性能试验+质保书发行,,,Y
NON_METAL_DS_GRT_CD,D,性能试验,,,Y
NON_METAL_D_GRT_CD,A,性能试验+性能判定+质保书发行,,,Y
NON_METAL_D_GRT_CD,B,性能试验+性能判定,,,Y
NON_METAL_D_GRT_CD,C,性能试验+质保书发行,,,Y
NON_METAL_D_GRT_CD,D,性能试验,,,Y
NON_METAL_GRD_KIND_CD,A,,,O,Y
NON_METAL_GRD_KIND_CD,B,,,,Y
NON_METAL_GRD_KIND_CD,C,,,,Y
NON_METAL_GRD_KIND_CD,D,,,,Y
NON_METAL_GRD_KIND_CD,E,,,,Y
NON_METAL_GRD_KIND_CD,F,,,,Y
NON_METAL_GRD_KIND_CD,G,,,,Y
NON_METAL_KIND_CD,A,粗系,,,Y
NON_METAL_KIND_CD,B,细系,,,Y
NON_METAL_KIND_CD,C,粗系+细系,,,Y
NON_METAL_KIND_CD,D,不分粗细,,,Y
NON_METAL_SMP_CND,11,同炉次、同牌号、同轧制状态、同厚度,,,Y
NON_METAL_SMP_CND,12,同炉号、同牌号、同轧制状态、同厚度，每批不超过40t,,,Y
NON_METAL_SMP_CND,13,同炉号、同牌号、同轧制状态、同厚度，每批不超过50t,,,Y
NON_METAL_SMP_CND,14,同炉号、同牌号、同轧制状态、同厚度，每批不超过60t,,,Y
NON_METAL_SMP_CND,15,同炉号、同牌号、同轧制状态、同厚度，每批不超过60t;若单卷＞30吨，则可2卷组1批,,,Y
NON_METAL_SMP_CND,16,同炉次、同牌号、同轧制状态、同厚度为1批，批重量≤50t时正常取1组样；批重量＞50t时增加1个拉伸样,,,Y
NON_METAL_SMP_CND,17,每卷为1批,,,Y
NON_METAL_SMP_CND,18,同炉号、同厚度、同宽度组成1批,,,Y
NON_METAL_SMP_LTH_LOC,B,采取下部,,,Y
NON_METAL_SMP_LTH_LOC,M,采取中间部分,,,Y
NON_METAL_SMP_LTH_LOC,T,采取上部,,,Y
NON_METAL_SMP_LTH_LOC,W,采取上部和下部,,,Y
NON_METAL_SMP_LTH_LOC,X,采取上部和中间部分,,,Y
NON_METAL_SMP_LTH_LOC,Y,采取上部和中间部分和下部,,,Y
NON_METAL_SMP_SPCMN_DIR,L,长度方向采样,길이방향으로 시편채취,,Y
NON_METAL_SMP_SPCMN_DIR,B,宽度方向采样,폭방향으로 시편채취,,Y
NON_METAL_SMP_SPCMN_DIR,C,厚度方向采样,두께방향으로 시편채취,,Y
NON_METAL_SMP_SPCMN_DIR,D,45˚方向采样,45방향으로 시편채취,,Y
NON_METAL_SMP_SPCMN_DIR,E,30˚方向采样,30방향으로 시편채취,,Y
NON_METAL_SMP_SPCMN_SZ,01,"长度 ≥250, 宽度 ≥35",,,Y
NON_METAL_SMP_WTH_LOC,A,1/2W 部位,,,Y
NON_METAL_SMP_WTH_LOC,C,1/4W 部位,,,Y
NON_METAL_SMP_WTH_LOC,E,"Top 1/2W, Bottom 1/4W部位",,,Y
NON_METAL_SMP_WTH_LOC,B,Edge 部位,,,Y
NON_METAL_SMP_WTH_LOC,D,对角线的两角部位,,,Y
NON_METAL_SMP_WTH_LOC,F,"Top 1/4W, Bottom 1/2W部位",,,Y
NO_FCE_CHARGE,1,1次,,,Y
NO_FCE_CHARGE,2,2次,,,Y
NO_FCE_CHARGE,3,3次,,,Y
NO_FCE_CHARGE,4,4次,,,Y
NO_FCE_CHARGE,5,5次,,,Y
NO_FCE_CHARGE,6,6次,,,Y
OB_EXEC_PURPOSE,1,,1MC 이상(연주요인),MC Abnormal,Y
OB_EXEC_PURPOSE,2,,2MC 이상(연주요인),,Y
OB_EXEC_PURPOSE,3,,3MC 이상(연주요인),,Y
OB_EXEC_PURPOSE,4,,4MC 이상(연주요인),,Y
OB_EXEC_PURPOSE,A,,출강저온,Low Temp. from Tapping,Y
OB_EXEC_PURPOSE,B,,BS&BAP 도착저온,Low Temp. from BAP,Y
OB_EXEC_PURPOSE,C,,강종변경,Steel Grade Change,Y
OB_EXEC_PURPOSE,E,,탈 Sol-Al,De-Sol-Al,Y
OB_EXEC_PURPOSE,G,,선출강(공정Buffer),Advanced Tapping(Process Buffer),Y
OB_EXEC_PURPOSE,H,,2차 연소(광양),,Y
OB_EXEC_PURPOSE,J,,RH이상온도 Drop,RH Temp. Abnormal,Y
OB_EXEC_PURPOSE,L,,L/D요인 승온,,Y
OB_EXEC_PURPOSE,O,,탈탄(산소에 의한 탈탄),De-C(Cause of  Oxygen),Y
OB_EXEC_PURPOSE,T,,탈탄(온도에 의한 탈탄),De-C(Cause of Temp.),Y
OB_EXEC_PURPOSE,V,,Vessel 지금용해,Vessel Skull melt,Y
OB_EXEC_PURPOSE,Z,,기타,Etc.,Y
OIL_LEVEL,A,轻涂油,,,Y
OIL_LEVEL,B,中涂油（普板）,,,Y
OIL_LEVEL,C,中涂油（锌板）,,,Y
OIL_LEVEL,D,重涂油（普板）,,,Y
OIL_LEVEL,E,重涂油（锌板）,,,Y
OIL_LEVEL,F,极轻涂油,,,Y
OIL_LEVEL,G,极重涂油,,,Y
OIL_LEVEL,H,重涂油S,,,Y
OIL_LEVEL,S,指定范围,,,Y
OIL_MTH_CD,A,单面涂油,,,Y
OIL_MTH_CD,B,双面涂油,,,Y
OIL_SMP_CND,11,同炉次、同牌号、同轧制状态、同厚度,,,Y
OIL_SMP_CND,12,同炉号、同牌号、同轧制状态、同厚度，每批不超过40t,,,Y
OIL_SMP_CND,13,同炉号、同牌号、同轧制状态、同厚度，每批不超过50t,,,Y
OIL_SMP_CND,14,同炉号、同牌号、同轧制状态、同厚度，每批不超过60t,,,Y
OIL_SMP_CND,15,同炉号、同牌号、同轧制状态、同厚度，每批不超过60t;若单卷＞30吨，则可2卷组1批,,,Y
OIL_SMP_CND,16,同炉次、同牌号、同轧制状态、同厚度为1批，批重量≤50t时正常取1组样；批重量＞50t时增加1个拉伸样,,,Y
OIL_SMP_CND,17,每卷为1批,,,Y
OIL_SMP_CND,18,同炉号、同厚度、同宽度组成1批,,,Y
OIL_SMP_LTH_LOC,B,采取下部,,,Y
OIL_SMP_LTH_LOC,M,采取中间部分,,,Y
OIL_SMP_LTH_LOC,T,采取上部,,,Y
OIL_SMP_LTH_LOC,W,采取上部和下部,,,Y
OIL_SMP_LTH_LOC,X,采取上部和中间部分,,,Y
OIL_SMP_LTH_LOC,Y,采取上部和中间部分和下部,,,Y
OIL_SMP_SPCMN_DIR,L,长度方向采样,길이방향으로 시편채취,,Y
OIL_SMP_SPCMN_DIR,B,宽度方向采样,폭방향으로 시편채취,,Y
OIL_SMP_SPCMN_DIR,C,厚度方向采样,두께방향으로 시편채취,,Y
OIL_SMP_SPCMN_DIR,D,45˚方向采样,45방향으로 시편채취,,Y
OIL_SMP_SPCMN_DIR,E,30˚方向采样,30방향으로 시편채취,,Y
OIL_SMP_SPCMN_SZ,01,"长度 ≥250, 宽度 ≥35",,,Y
OIL_SMP_WTH_LOC,A,1/2W 部位,,,Y
OIL_SMP_WTH_LOC,C,1/4W 部位,,,Y
OIL_SMP_WTH_LOC,E,"Top 1/2W, Bottom 1/4W部位",,,Y
OIL_SMP_WTH_LOC,B,Edge 部位,,,Y
OIL_SMP_WTH_LOC,D,对角线的两角部位,,,Y
OIL_SMP_WTH_LOC,F,"Top 1/4W, Bottom 1/2W部位",,,Y
OIL_WGT_GRT_CD,A,性能试验+性能判定+质保书发行,,,Y
OIL_WGT_GRT_CD,B,性能试验+性能判定,,,Y
OIL_WGT_GRT_CD,C,性能试验+质保书发行,,,Y
OIL_WGT_GRT_CD,D,性能试验,,,Y
ON_OFF_RANGE,A,下 ≥，上 ≤,,,Y
ON_OFF_RANGE,B,下 >，上 ≤,,,Y
ON_OFF_RANGE,C,下 ≥，上＜,,,Y
ON_OFF_RANGE,D,下 ＞，上＜,,,Y
OPERATE_MACHINE,1,一号堆取料机,,,Y
OPERATE_MACHINE,2,二号堆取料机,,,Y
OPERATE_MACHINE,3,三号堆取料机,,,Y
OPERATE_MACHINE,4,四号堆取料机,,,Y
OPERATE_MACHINE,5,五号堆取料机,,,Y
OPERATE_MACHINE,6,六号堆取料机,,,Y
OPERATE_TYPE,1,堆,,,Y
OPERATE_TYPE,2,取,,,Y
OPER_ABNR_REASON_CD,A,,회송용강 ６０톤 이상 재장입,Re-Charging over 6 Ton.,Y
OPER_ABNR_REASON_CD,B,,상취패턴이 지정패턴과 상이,Diff Pattern of Upper Blowing,Y
OPER_ABNR_REASON_CD,C,,저취패턴이 지정패턴과 상이,Diff Pattern of Lower Blowing,Y
OPER_ABNR_REASON_CD,D,,"부원료투입이상(시기,량)",Sub Material Abnr.,Y
OPER_ABNR_REASON_CD,E,,Slopping발생 대,Slopping,Y
OPER_ABNR_REASON_CD,F,,취련비상정지,Blowing Abnormal Stop,Y
OPER_ABNR_REASON_CD,G,,공정냉각,,Y
OPER_ABNR_REASON_CD,H,,출강류상태불량,Tapping Abnormal,Y
OPER_ABNR_REASON_CD,I,,Double Slag(탈 Si),Double Slag(De-Si),Y
OPER_ABNR_REASON_CD,J,,Double Slag(탈 P),Double Slag(De-P),Y
OPER_ABNR_REASON_CD,K,,이중출강,Dubble Tapping,Y
OPER_ABNR_REASON_CD,L,,"합금철,탈산제 투입이상(량,시기)","Ferro Arroy, De-Oxide Abnr.",Y
OPER_ABNR_REASON_CD,M,,미용괴 고철 발생,Scrap not melt,Y
OPER_PLAN_TY,PP,,생산계획용,Production Plan,Y
OPER_PLAN_TY,OT,,수주계획용,Order Taking,Y
OPER_SHIFT,1A,,,1A,Y
OPER_SHIFT,1B,,,1B,Y
OPER_SHIFT,1C,,,1C,Y
OPER_SHIFT,1D,,,1D,Y
OPER_SHIFT,2A,,,2A,Y
OPER_SHIFT,2B,,,2B,Y
OPER_SHIFT,2C,,,2C,Y
OPER_SHIFT,2D,,,2D,Y
OPER_SHIFT,3A,,,3A,Y
OPER_SHIFT,3B,,,3B,Y
OPER_SHIFT,3C,,,3C,Y
OPER_SHIFT,3D,,,3D,Y
OPER_STD_TY,OP,,가동계획,Operation Plan,Y
OPER_STD_TY,ST,,제원치,Operation Standard,Y
OPER_STD_TY,CA,,역시간,Calendar Hours,Y
OPER_STD_TY,AD,,대/중수리,Large/Medium Shutdown,Y
OPER_STD_TY,SD,,정기수리,Based Shutdown,Y
OPER_STD_TY,ZZ,,기타수리,Other Shutdown,Y
OPER_STD_TY,B1,,계획휴지(소재수금조정),Planned Down Time,Y
OPER_STD_TY,OT,,가동시간,Operation Time,Y
OPER_STD_TY,OR,,가동율(%),Operation Rate(%),Y
OPER_STD_TY,WR,,작업율(%),Work Rate(%),Y
OPER_STD_TY,TD,,,Ton/Day,Y
OPER_STD_TY,YD,,실수율(%),Yield(%),Y
OPER_STD_TY,IR,,투입소재 원단위,Mat. Input Unit Wgt.,Y
OPER_STD_TY,AG,,소결광(KG),Sinter(KG),Y
OPER_STD_TY,AK,,,Pellet(KG),Y
OPER_STD_TY,AP,,,Cokes(KG),Y
OPER_STD_TY,GO,,,Plate Input Rate,Y
OPER_STD_TY,HM,,,HMR(Hot Metal Rate)(%),Y
OPER_STD_TY,TC,,,Ton/Charge,Y
OPER_STD_TY,CD,,,Ch/Day,Y
OPER_STD_TY,DH,,휴지시간,Duration Hours,Y
OPER_STD_TY,NH,,작업할시간,Net Hours,Y
OPER_STD_TY,TH,,,Ton/Hr,Y
OPER_STD_TY,PC,,소재처리능력,Processing Capa,Y
OPER_TRK_CD,KR1,,,KR Arrival,Y
OPER_TRK_CD,KR2,,,KR Start,Y
OPER_TRK_CD,KR3,,,KR End,Y
OPER_TRK_CD,KR4,,,KR Departure,Y
OPER_TRK_CD,DP2,,,BOF Charge end,Y
OPER_TRK_CD,DP3,,,BOF Blowing start,Y
OPER_TRK_CD,DP4,,,BOF Blowing End,Y
OPER_TRK_CD,DP5,,,BOF Tapping start,Y
OPER_TRK_CD,DP6,,,BOF Tapping end,Y
OPER_TRK_CD,DC2,,,BOF Charge end,Y
OPER_TRK_CD,DC3,,,BOF Blowing start,Y
OPER_TRK_CD,DC4,,,BOF Blowing End,Y
OPER_TRK_CD,DC5,,,BOF Tapping start,Y
OPER_TRK_CD,DC6,,,BOF Tapping end,Y
OPER_TRK_CD,WF1,,,WF Arrival,Y
OPER_TRK_CD,WF2,,,WF Start,Y
OPER_TRK_CD,WF3,,,WF End,Y
OPER_TRK_CD,WF4,,,WF Departure,Y
OPER_TRK_CD,LF1,,,LF Arrival,Y
OPER_TRK_CD,LF2,,,LF Start,Y
OPER_TRK_CD,LF3,,,LF End,Y
OPER_TRK_CD,LF4,,,LF Departure,Y
OPER_TRK_CD,RH2,,,RH Arrival,Y
OPER_TRK_CD,RH3,,,RH Start,Y
OPER_TRK_CD,RH4,,,RH End,Y
OPER_TRK_CD,RH5,,,RH Departure,Y
OPER_TRK_CD,LC1,,,Ladle Arrival(W.P),Y
OPER_TRK_CD,LC2,,,Dummy Bar  inserting start,Y
OPER_TRK_CD,LC3,,,Dummy Bar  inserting end,Y
OPER_TRK_CD,LC4,,,Ladle Pouring start,Y
OPER_TRK_CD,LC5,,,Casting start,Y
OPER_TRK_CD,LC6,,,Ladle Pouring end,Y
OPER_TRK_CD,LC7,,,Casting end,Y
OPER_TRK_CD,LC8,,,Ladle Departure,Y
OPER_TRK_CD,LCA,,,Ladle Arrival(T.P),Y
OPER_TRK_CD,ESW,,,Working Standby,Y
OPER_TRK_CD,ES9,,,Working Finished,Y
OPS_FT_SHT,1,白班,,Works Group,Y
OPS_FT_SHT,2,夜班,,Works Group,Y
ORDER_FORECAST_DT_FLAG,DELAYED,,,Delayed Order Status,Y
ORDER_FORECAST_DT_LEAD_TIME,PROD,,,Standard Production Time (in days for one heat),Y
ORDER_FORECAST_DT_LEAD_TIME,COOL,,,Standard Cooling Time (in days for one heat),Y
ORDER_TYPE_GRP,N,内贸,,,Y
ORDER_TYPE_GRP,W,外贸,,,Y
ORDER_TYPE_GRP,L,供冷轧材料,,,Y
ORD_CAN_END_FL,C,,,Cancel,Y
ORD_CAN_END_FL,E,,,Completion,Y
ORD_CAN_END_FL,H,,,Dispatch Hold,Y
ORD_CAN_END_FL,J,,,Dispatch Hold Release,Y
ORD_CLASS_CD,10,,,Domestic,Y
ORD_CLASS_CD,20,,,Domestic Local (ZPE),Y
ORD_CLASS_CD,30,,,Export  Direct,Y
ORD_CLASS_CD,40,,,Export Local(No Tax),Y
ORD_CLASS_CD,50,,,Repair,Y
ORD_COAT_WGT_CD,A,镀锌量60,,,Y
ORD_COAT_WGT_CD,B,镀锌量80,,,Y
ORD_COAT_WGT_CD,C,镀锌量90,,,Y
ORD_COAT_WGT_CD,D,镀锌量100,,,Y
ORD_COAT_WGT_CD,E,镀锌量120,,,Y
ORD_COAT_WGT_CD,F,镀锌量140,,,Y
ORD_COAT_WGT_CD,G,镀锌量150,,,Y
ORD_COAT_WGT_CD,H,镀锌量180,,,Y
ORD_COAT_WGT_CD,HD50G,镀锌量180,,,Y
ORD_COAT_WGT_CD,I,镀锌量200,,,Y
ORD_COAT_WGT_CD,J,镀锌量220,,,Y
ORD_COAT_WGT_CD,K,镀锌量225,,,Y
ORD_COAT_WGT_CD,L,镀锌量250,,,Y
ORD_COAT_WGT_CD,M,镀锌量275,,,Y
ORD_COAT_WGT_CD,N,镀锌量350,,,Y
ORD_COAT_WGT_CD,O,亮面,,,Y
ORD_COAT_WGT_CD,P,镀锌量450,,,Y
ORD_COAT_WGT_CD,Q,镀锌量600,,,Y
ORD_COAT_WGT_CD,R,镀锌量30/40,,,Y
ORD_COAT_WGT_CD,S,指定,,,Y
ORD_COAT_WGT_CD,T,镀锌量40/100,,,Y
ORD_DLVR_DT_CPTY,CAP_PLANT_01,,,Production Capacity,Y
ORD_DLVR_DT_LEAD,PROD,,,Estimated Time for produce,Y
ORD_DLVR_DT_LEAD,COOL,,,Estimated Time for cooling,Y
ORD_DLVR_DT_LEAD,DISP,,,Estimated Time for dispatch procedure,Y
ORD_DLVR_DT_STATUS,DELAYED,,,Delayed,Y
ORD_DLVR_DT_STATUS,NEAR DELAY,,,Near Delay,Y
ORD_DLVR_DT_STATUS,ATTENTION,,,Attention,Y
ORD_DLVR_DT_STATUS,ON TIME,,,On Time,Y
ORD_DSN_STS,S,,,Design Success,Y
ORD_DSN_STS,W,,,Waiting For Confirmation,Y
ORD_DSN_STS,E,,,Design Error,Y
ORD_END_TY,A1,,,Order Nomal Conpletion,Y
ORD_FL,1,,주문재,APO,Y
ORD_FL,2,,여재,NAPO,Y
ORD_FL_CHANGE_REASON_CD,PL,,,Plan,Y
ORD_FL_CHANGE_REASON_CD,UI,,,UI(Allocation Screend),Y
ORD_FL_CHANGE_REASON_CD,Q1,,,Quality Request,Y
ORD_FL_CHANGE_REASON_CD,S1,,,System Error Check,Y
ORD_IN_DIA,508,,,508mm,Y
ORD_IN_DIA,610,,,610mm,Y
ORD_IN_DIA,762,,,762mm,Y
ORD_LTH_TOL_CD,S,,공차 하한 상한을 직접입력,,Y
ORD_MDF_REASON_CD,M2,,,Customer Modification Request,Y
ORD_MDF_REASON_CD,M1,,,Data Entry error,Y
ORD_MDF_REASON_CD,E1,,,Oder Completetion,Y
ORD_MDF_REASON_CD,E2,,,Force Completetion,Y
ORD_MDF_REASON_CD,C1,,,Customer Cancel Request,Y
ORD_MDF_REASON_CD,C2,,,Data Entry error,Y
ORD_MDF_REASON_CD,C3,,,Cant Preparation （order size）,Y
ORD_MDF_REASON_CD,C4,,,Cant Preparation （order num）,Y
ORD_MDF_REASON_CD,H1,,,Insufficient customer money,Y
ORD_MDF_REASON_CD,H2,,,Customer Credit Status,Y
ORD_PLT_CD,3,3500产线,,,Y
ORD_PRI_ITEM_CD,URGENT_ORD,,,Urgent Order,Y
ORD_PRI_ITEM_CD,DISP_REQ_DT,,,Dispatch Request Date,Y
ORD_PRI_ITEM_CD,ORD_CONF_DT,,,Order Confirm Date(ERP),Y
ORD_PRI_ITEM_CD,SECOND_RFN_CD,,,2nd Refining Code,Y
ORD_PRI_ITEM_CD,DE_P_YN,,,De-Phosporization Yes or No,Y
ORD_PROG_QTY_CD,BFHM,,,Balance for heat Making,Y
ORD_PROG_QTY_CD,WFTO,,,Waiting for Tapping Order,Y
ORD_PROG_QTY_CD,WFTP,,,Waiting for Tapping,Y
ORD_PROG_QTY_CD,WFCP,,,Waiting for Cutting,Y
ORD_PROG_QTY_CD,WFFP,,,Waiting for Finishing,Y
ORD_PROG_QTY_CD,WFFJ,,,Waiting for Final Judgement,Y
ORD_PROG_QTY_CD,WFDO,,,Waiting for Dispatch Order,Y
ORD_PROG_QTY_CD,WFDP,,,Waiting for Dispatch,Y
ORD_PROG_QTY_CD,DPED,,,Dispatched,Y
ORD_PROG_STS,B,质量设计等待,품질관리에 품질설계 요청한 상태,,Y
ORD_PROG_STS,D,质量设计确定等待,품질설계 후 확정대기 상태,,Y
ORD_PROG_STS,F,工序计划等待,공정계획 투입대기,,Y
ORD_PROG_STS,G,工序计划编制中（材料设计完成）,공정계획 투입하여 계획편성중이거나 재료설계완료,,Y
ORD_PROG_STS,H,生产中,작업지시 편성하여 생산관제에 제공한 상태(최조 작업지시시 변경됨),,Y
ORD_PROG_STS,K,生产结束,생산종결된상태로 제강작업지시 대상 제외,,Y
ORD_PROG_STS,P,出货结束,출하완료된 상태로  작업지시 및 충당 불가,,Y
ORD_PROG_STS,X,订单取消,주문관리에서 주문을 취소한 상태,,Y
ORD_PROG_STS,Z,订单结束,주문관리에서 주문을 종료한 상태,,Y
ORD_QTY_STD_TY,MAX,,최대 수주량 기준관리,,Y
ORD_QTY_STD_TY,MIN,,최소 수주량 기준관리,,Y
ORD_QTY_TOL_TY,W,重量偏差,중량기준 허용차,,Y
ORD_QTY_TOL_TY,P,重量百分比偏差,주문량에 대한 백분율 허용차,,Y
ORD_QTY_TOL_TY,N,数量偏差,수량기준 허용차,,Y
ORD_RCPT_TY,S,,내수,,Y
ORD_RCPT_TY,E,,직수출,,Y
ORD_RCPT_TY,L,,,Local,Y
ORD_RCPT_TY,M,,판매계획생산,,Y
ORD_RCPT_TY,T,,시험생산,,Y
ORD_RCV_TY,D,国内,,Domestic,Y
ORD_RCV_TY,E,出口,,Export,Y
ORD_RELEASE_TY,A,,,Auto,Y
ORD_RELEASE_TY,M,,,Mauual,Y
ORD_SIZE_TY,D,长宽定尺（长宽双定尺）,,,Y
ORD_SIZE_TY,K,宽度定尺（长度范围定尺）,,,Y
ORD_SIZE_TY,C,长度定尺（宽度范围定尺）,,,Y
ORD_SIZE_TY,F,非定尺（长宽范围定尺）,,,Y
ORD_SIZE_TY,M,毛边,,,Y
ORD_STS,A,订单保存,,Order Save,Y
ORD_STS,B,确认取消,,Wating for Delivery Date Calculation,Y
ORD_STS,C,订单确认等待,,Wating for Order Confirm (Delivery Date End),Y
ORD_STS,D,订单确认（申请质量设计）,,Order Confirm (Request Quality Design),Y
ORD_STS,E,生产中,,In Processing,Y
ORD_STS,K,生产结束,,,Y
ORD_STS,G,发货结束,,Dispatch Completion,Y
ORD_STS,X,订单取消,,Order Cancelation,Y
ORD_STS,Z,订单结束,,Order Completion,Y
ORD_THK_TOL_CD,F,负偏差控制目标厚度,,,Y
ORD_THK_TOL_CD,Z,正偏差控制目标厚度,,,Y
ORD_THK_TOL_CD,S,指定范围,,,Y
ORD_TY,11,期货板坯订单,,,Y
ORD_TY,12,期货厚板订单,,,Y
ORD_TY,21,现货板坯订单,,,Y
ORD_TY,22,现货厚板订单,,,Y
ORD_TY,41,预测板坯订单,,,Y
ORD_TY,42,预测厚板订单,,,Y
ORD_TY_REASON,Z01,,,Z01,Y
ORD_TY_REASON,Z02,,,Z02,Y
ORD_TY_REASON,Z03,,,Z03,Y
ORD_USAGE,*,全体,,,Y
ORD_USAGE,AXXX,"钢坯,其它",,,Y
ORD_USAGE,AZJX,"钢坯,再轧制棒材",,,Y
ORD_USAGE,AZXX,"钢坯,再轧制中厚板",,,Y
ORD_USAGE,BXXX,"棒材,道路",,,Y
ORD_USAGE,AZPX,"钢坯,再轧制线材",,,Y
ORD_USAGE,BAXX,"棒材,桥梁",,,Y
ORD_USAGE,CAXX,"线材,房屋",,,Y
ORD_USAGE,CBXX,"线材,桥梁",,,Y
ORD_USAGE,CZXX,"线材,道路",,,Y
ORD_USAGE,PBXX,"中厚板,建筑",,,Y
ORD_USAGE,PMCX,"中厚板,工程机械",,,Y
ORD_USAGE,PMXX,"中厚板,造船",,,Y
ORD_USAGE,PDHX,"中厚板,齿轮",,,Y
ORD_USAGE,BAGX,"棒材,房屋",,,Y
ORD_USAGE,PQXX,"中厚板,桥梁",,,Y
ORD_USAGE_GRP1,C,建筑业(Construction),,,Y
ORD_USAGE_GRP1,M,机械制造产业(Machinery),,,Y
ORD_USAGE_GRP1,P,石油化工产业（Petroleum）,,,Y
ORD_USAGE_GRP1,N,电力能源产业（Powerindustry）,,,Y
ORD_USAGE_GRP1,H,海工造船业(Shipbuilding),,,Y
ORD_USAGE_GRP1,T,运输装备产业(Transportation),,,Y
ORD_USAGE_GRP1,A,汽车产业(Automobile),,,Y
ORD_USAGE_GRP1,D,电子电器产业,,,Y
ORD_USAGE_GRP1,E,再轧制产业(Rerolling),,,Y
ORD_USAGE_GRP1,B,表面处理产业(Gilding),,,Y
ORD_USAGE_GRP1,J,金属制品产业,,,Y
ORD_USAGE_GRP1,O,其他产业1(Others1),,,Y
ORD_USAGE_GRP1,Q,其他产业2(Others2),,,Y
ORD_USAGE_GRP1,X,型钢类产业(Beam),,,Y
ORD_USAGE_GRP1,Y,硬钢产业(High-Carbon),,,Y
ORD_USAGE_GRP1,R,软钢产业(Low-Carbon),,,Y
ORD_USAGE_GRP2,A,汽车用钢,,,Y
ORD_USAGE_GRP2,B,碳素优碳钢,,,Y
ORD_USAGE_GRP2,C,船体用钢,,,Y
ORD_USAGE_GRP2,D,低合金钢,,,Y
ORD_USAGE_GRP2,E,冷成型用钢,,,Y
ORD_USAGE_GRP2,F,管线用钢,,,Y
ORD_USAGE_GRP2,G,容器用钢,,,Y
ORD_USAGE_GRP2,H,耐候耐蚀钢,,,Y
ORD_USAGE_GRP2,I,耐磨钢,,,Y
ORD_USAGE_GRP2,J,风电用钢,,,Y
ORD_USAGE_GRP2,K,建筑结构用钢,,,Y
ORD_USAGE_GRP2,L,桥梁用钢,,,Y
ORD_USAGE_GRP2,M,冲压用钢,,,Y
ORD_USAGE_GRP2,N,冷轧结构钢,,,Y
ORD_USAGE_GRP2,O,冷轧高强钢,,,Y
ORD_USAGE_GRP2,Q,核电钢,,,Y
ORD_USAGE_GRP2,R,热轧高强钢,,,Y
ORD_USAGE_GRP2,S,海工用钢,,,Y
ORD_USAGE_GRP2,T,其它,,,Y
ORD_WGT_CNT_TY,W,,,Weitht,Y
ORD_WGT_CNT_TY,P,,,Pieces,Y
ORD_WTH_TOL_CD,S,,공차 하한 상한을 직접입력,,Y
ORIGIN_CD,1,,,Steel Making Shop,Y
ORIGIN_CD,2,,,Conditioning,Y
ORIGIN_CD,3,,,Internal Logistics,Y
ORIGIN_CD,4,,,Harbor,Y
OS_MDF_REASON_CD,A1,,,Order Head Modification,Y
OS_MDF_REASON_CD,A2,,,Order Line Modification,Y
OS_MDF_REASON_CD,A3,,,Order Hold,Y
OS_MDF_REASON_CD,AZ,,,Order Completion,Y
OS_MDF_REASON_CD,P1,,,ORder Status Hold,Y
OS_MDF_REASON_CD,P5,,,Production End,Y
OS_MDF_REASON_CD,P9,,,Dispatch End,Y
OS_MDF_TY,M,,,Order Modification,Y
OS_MDF_TY,P,,,Process Modification,Y
OS_MDF_TY,C,,,Order Cancel,Y
OS_MDF_TY,E,,,Order Completion,Y
OTH_DISCARD_RSN_TY,N,,,Normal Life,Y
OTH_DISCARD_RSN_TY,F,,,Fault,Y
OXY_LANCE_NO,1,东枪,,,Y
OXY_LANCE_NO,2,西枪,,,Y
PACK_MTH_CD,RA,一般(热轧),,,Y
PACK_MTH_CD,RB,普通(热轧),,,Y
PACK_MTH_CD,RC,严格(热轧),,,Y
PACK_MTH_CD,RD,特殊(热轧),,,Y
PACK_MTH_CD,C,裸包(酸洗 冷硬),,,Y
PACK_MTH_CD,D,简包1(酸洗 冷硬),,,Y
PACK_MTH_CD,E,简包塑(酸洗 冷硬 连退 镀锌),,,Y
PACK_MTH_CD,F,简包钢(酸洗 冷硬 连退 镀锌),,,Y
PACK_MTH_CD,G,普包(酸洗 冷硬 连退 镀锌),,,Y
PACK_MTH_CD,H,精包(酸洗 冷硬 连退 镀锌),,,Y
PACK_MTH_CD,I,简包塑(冷轧 镀锌),,,Y
PACK_PROD_WGT_CNT_TY,M,,,Metric ton,Y
PACK_PROD_WGT_CNT_TY,P,,,Piece,Y
PACK_PROD_WGT_CNT_TY,B,,,LBS (1 LB    454 Gram ),Y
PACK_PROD_WGT_CNT_TY,L,,,"Long Ton    (1 Ton = 1,016 Kg)",Y
PACK_PROD_WGT_CNT_TY,S,,,Short Ton    (1 Ton = 907 Kg),Y
PAPER_DIRECT,L,,,Landscape,Y
PAPER_DIRECT,P,,,Portrait,Y
PAPER_SIZE,A3,,,A3,Y
PAPER_SIZE,A4,,,A4,Y
PAPER_SIZE,A5,,,A5,Y
PAPER_SIZE,B3,,,B3,Y
PAPER_SIZE,B4,,,B4,Y
PAPER_SIZE,B5,,,B5,Y
PAPER_SIZE,US,,,User Size,Y
PARTS_DEPT,100001,加热炉车间,,,Y
PARTS_DEPT,100002,轧机车间,,,Y
PARTS_STS,0,生成,,,Y
PARTS_STS,1,确认,,,Y
PARTS_TY,1,编码,,,Y
PARTS_TY,2,编码+供应商,,,Y
PARTS_TY,3,编码+供应商+批次,,,Y
PAY_MTH_CD,YF,预付全款,선불100%주문,,Y
PAY_MTH_CD,D1,定金订货,보증금주문,,Y
PAY_MTH_CD,D2,订金订货,계약금주문,,Y
PAY_MTH_CD,WK,无款排产（款到发货）,무상생산주문(대금지불후출하),,Y
PAY_MTH_CD,SC,内贸赊销,,,Y
PAY_TERMS,X,现款价（承兑贴息）,현금가 - 어음할인료,,Y
PAY_TERMS,C,银行承兑（小）价（免贴息）,은행인수(소)가 - 어음할인료면제,,Y
PAY_TERMS,D,银行承兑（大）价（免贴息）,은행인수(대)가 - 어음할인료면제,,Y
PAY_TERMS,S,商业承兑价（免贴息）,상업인수가 - 어음할인료면제,,Y
PAY_TERMS,Z,内部转款价（免贴息）,내부인수가 - 어음할인료면제,,Y
PAY_TERMS,G,国内信用证,국내신용장,,Y
PAY_TERMS,Y,信用证,신용장,,Y
PDI_FL,P,预定指令,,Planned PDI,Y
PDI_FL,Y,确定指令,,Working PDI,Y
PERMISSION_TYPE_LOV,AFTER,投入产出确认,,,Y
PERMISSION_TYPE_LOV,REJECT,投入产出撤回,,,Y
PERMISSION_TYPE_LOV,ADD,成本录入,,,Y
PERMISSION_TYPE_LOV,EXEC,成本生成,,,Y
PERMISSION_TYPE_LOV,APPROVE,成本发布,,,Y
PERMISSION_TYPE_LOV,RETURN,成本撤回,,,Y
PGM_TY,S,,,Screen,Y
PGM_TY,P,,,Popup,Y
PGM_TY,R,,,Report,Y
PGM_TY,B,,,Batch,Y
PGM_TY,I,,,Interface,Y
PHOSP_ADHE_GRT_CD,A,性能试验+性能判定+质保书发行,,,Y
PHOSP_ADHE_GRT_CD,B,性能试验+性能判定,,,Y
PHOSP_ADHE_GRT_CD,C,性能试验+质保书发行,,,Y
PHOSP_ADHE_GRT_CD,D,性能试验,,,Y
PHOTO_EXP_RATE,A,50倍,,,Y
PHOTO_EXP_RATE,B,100倍,,,Y
PHOTO_EXP_RATE,C,200倍,,,Y
PHOTO_EXP_RATE,D,500倍,,,Y
PHOTO_EXP_RATE,E,1000倍,,,Y
PHOTO_PROVIDE,Y,提供,,,Y
PHOTO_PROVIDE,N,不提供,,,Y
PIT_NO,0,,전로측 대기위치,Waiting Position at BOF Side,Y
PIT_NO,1,,,#1 Pit,Y
PIT_NO,2,,,#2 Pit,Y
PIT_NO,3,,진입측 대기위치,Waiting Position at Entry Side,Y
PI_TY,1,,탈S,De-S,Y
PI_TY,2,,탈P,De-P,Y
PI_TY,3,,탈S+탈P,De-S+De-P,Y
PI_TY,4,,탈S+미처리,De-S+Not Process,Y
PI_TY,5,,탈P+미처리,De-P+Not Process,Y
PI_TY,6,,탈S+탈P+미처리,De-S+De-P+Not Process,Y
PI_TY,7,,미처리제강직송,Direct to SMS,Y
PLAN_COIL_STS_CD,A1,,,In Scheduling,Y
PLAN_COIL_STS_CD,A2,,,Wait Proc.(Send L2),Y
PLAN_COIL_STS_CD,A3,,,Supply Coil,Y
PLAN_COIL_STS_CD,A7,,,Plan Return,Y
PLAN_COIL_STS_CD,A8,,,Finish(Reject),Y
PLAN_COIL_STS_CD,A9,,,Finish(Product),Y
PLAN_DETAIL,G1A001,球团,,Pellet,Y
PLAN_DETAIL,G1B001,烧结,소결,,Y
PLAN_DETAIL,G1C001,铁水,용선,,Y
PLAN_DETAIL,G1D001,冷铁,냉선,,Y
PLAN_DETAIL,G2A001,焦炭,코크스,,Y
PLAN_DETAIL,G7A001,液氧,액체산소,,Y
PLAN_DETAIL,G7A002,热水,,,Y
PLAN_DETAIL,G7B001,气态氧,기체산소,,Y
PLAN_DETAIL,G7C001,液氮,액체질소,,Y
PLAN_DETAIL,G7C002,液化天然气(焦化产),,,Y
PLAN_DETAIL,G7C003,蒸汽,,,Y
PLAN_DETAIL,G8A001,烧结返矿,고로공정발생소결반광,,Y
PLAN_DETAIL,G8A002,高炉工序返焦粉,,,Y
PLAN_DETAIL,G8A003,高炉产焦丁,,,Y
PLAN_DETAIL,G8A004,喷吹煤 (PCI),,,Y
PLAN_DETAIL,G8B001,焦油,타르,,Y
PLAN_DETAIL,G8B002,无水氨-不含蒸氨浓氨水,무수암모니아(증류암모니아불포함),,Y
PLAN_DETAIL,G8B003,无水氨-含蒸氨浓氨水,무수암모니아(증류암모니아포함),,Y
PLAN_DETAIL,G8B004,粗苯,조벤젠,,Y
PLAN_DETAIL,G8B005,硫磺,유황,,Y
PLAN_DETAIL,G8B006,焦油渣,타르유찌꺼기,,Y
PLAN_DETAIL,G8B007,凝结水回收,회수응축수,,Y
PLAN_DETAIL,G8B008,焦化产焦丁,소형코크스,,Y
PLAN_DETAIL,G8B009,高炉产焦丁,고로회수코크스,,Y
PLAN_DETAIL,G8C001,氧化铁皮,산화 스케일,,Y
PLAN_DETAIL,G8D001,废阳极,폐 애노드,,Y
PLAN_DETAIL,G8E001,废卷,폐 롤,,Y
PLAN_DETAIL,G8F001,废板,폐 판,,Y
PLAN_DETAIL,G8G001,锌渣,재생아연,,Y
PLAN_DETAIL,G8H001,生石灰,생석회,,Y
PLAN_DETAIL,G8J001,一般焦炭,분,,Y
PLAN_DETAIL,G8K001,钢渣,제강슬래그,,Y
PLAN_DETAIL,G8L001,尘,,Dust,Y
PLAN_DETAIL,G8M001,铁渣,제선슬래그,,Y
PLAN_DETAIL,G8N001,废坯,,,Y
PLAN_DETAIL,G9A001,渣钢,탄소강지금,,Y
PLAN_DETAIL,G9B001,碳素钢废料,탄소강스크랩,,Y
PLAN_HEAT_CHG_TY,Q,,,Cast No info Change,Y
PLAN_HEAT_CHG_TY,H,,,Heat info Change,Y
PLAN_HEAT_CHG_TY,S,,,Slab info Change,Y
PLAN_HEAT_CHG_TY,T,,,Re-TimeSch,Y
PLAN_HEAT_CHG_TY,G,,,Heat Grade Diversion,Y
PLAN_HEAT_CHG_TY,R,,,Heat Return,Y
PLAN_HEAT_STS_CD,A1,指令待机,,At making new plan heat,Y
PLAN_HEAT_STS_CD,A2,作业待机,,At send production instruction to level-2,Y
PLAN_HEAT_STS_CD,A3,转炉作业中,,"At receipt working result(SMS), actual heat no. is not null(SMS_HEAT)",Y
PLAN_HEAT_STS_CD,A4,转炉作业结束,,"At receipt working result(SMS), actual heat no. is not null(SMS_HEAT)",Y
PLAN_HEAT_STS_CD,A5,精炼作业中,,"At receipt working result(SMS), laddle departure to CC",Y
PLAN_HEAT_STS_CD,A6,连铸作业中,,"At receipt working result(SMS), Ladle Pouring Start to CC",Y
PLAN_HEAT_STS_CD,A7,计划返送,,Plan Heat Return,Y
PLAN_HEAT_STS_CD,A8,结束异常（返送）,,At receipt Heat Return(SCH),Y
PLAN_HEAT_STS_CD,A9,作业结束,,"At receipt working result(SMS), actual heat staus is 3(finish,SMS_HEAT)",Y
PLAN_MECH,DT,超低碳钢,,,Y
PLAN_MECH,PT,普通钢,,,Y
PLAN_MECH,PD,低合金,,,Y
PLAN_MECH,GQ,先进高强钢,,,Y
PLAN_MECH,GT,高碳钢,,,Y
PLAN_MECH,AP,热轧,,API(yp≤55),Y
PLAN_MECH,AS,热轧,,API(yp)55,Y
PLAN_MECH,R1,热处理(R1),,,Y
PLAN_MECH,R2,热处理(R2),,,Y
PLAN_MECH,R3,热处理(R3),,,Y
PLAN_MECH,TA,厚板,,TMCP(API),Y
PLAN_MECH,TD,TMCP(结构、建筑、桥梁),,,Y
PLAN_MECH,TC,TMCP(船舶),,,Y
PLAN_MECH,TH,TMCP(海洋),,,Y
PLAN_MECH,ZY,专用钢,,,Y
PLAN_PROC_CD,BF,,,BOF,Y
PLAN_PROC_CD,WF,,,WF,Y
PLAN_PROC_CD,LF,,,LF,Y
PLAN_PROC_CD,RH,,,RH,Y
PLAN_PROC_CD,CC,,,CC,Y
PLAN_PROC_CD,HR,,,Hot Rolling,Y
PLAN_PROC_CD,HF,,,Hot Finishing,Y
PLAN_PROC_CD,PL,,,PPL,Y
PLAN_PROC_CD,PM,,,PL/TCM,Y
PLAN_PROC_CD,CA,,,CAL,Y
PLAN_PROC_CD,CG,,,CGL,Y
PLAN_PROC_CD,RC,,,RCL,Y
PLAN_ROLL_STS,A0,A0-计划新建,,,Y
PLAN_ROLL_STS,A1,A1-指令待机,,,Y
PLAN_ROLL_STS,A2,A2-作业待机,,,Y
PLAN_ROLL_STS,A3,A3-加热炉作业中,,,Y
PLAN_ROLL_STS,A4,A4-出炉待轧,,,Y
PLAN_ROLL_STS,A5,A5-轧制作业中,,,Y
PLAN_ROLL_STS,A6,A6-缺号处理待机,,,Y
PLAN_ROLL_STS,A7,A7-计划返送,,,Y
PLAN_ROLL_STS,A8,A8-缺号（未生产）/异常结束,,,Y
PLAN_ROLL_STS,A9,A9-生产结束,,,Y
PLAN_ROLL_STS_CD,A1,,,In Scheduling,Y
PLAN_ROLL_STS_CD,A2,,,Wait Proc.(Send L2),Y
PLAN_ROLL_STS_CD,A3,,,In Proc.(Furnace~),Y
PLAN_ROLL_STS_CD,A4,,,In Proc.(Hot Coil),Y
PLAN_ROLL_STS_CD,A6,,,Waiting(Reject),Y
PLAN_ROLL_STS_CD,A7,,,Plan Return,Y
PLAN_ROLL_STS_CD,A8,,,Finish(Reject),Y
PLAN_ROLL_STS_CD,A9,,,Finish(Product),Y
PLAN_SLAB_STS_CD,A1,,,In Scheduling,Y
PLAN_SLAB_STS_CD,A2,,,Wait Proc.(Send L2),Y
PLAN_SLAB_STS_CD,A3,,,In Proc.(BOF ~ LF/RH),Y
PLAN_SLAB_STS_CD,A5,,,In Proc.(CC~),Y
PLAN_SLAB_STS_CD,A7,,,Plan Return,Y
PLAN_SLAB_STS_CD,A8,,,Finish(Not Produce),Y
PLAN_SLAB_STS_CD,A9,,,Finish(Product),Y
PLAN_SPM_STS_CD,A1,,,In Scheduling,Y
PLAN_SPM_STS_CD,A2,,,Wait Proc.(Send L2),Y
PLAN_SPM_STS_CD,A3,,,Finish(Supply),Y
PLAN_SPM_STS_CD,A7,,,Plan Return,Y
PLAN_SPM_STS_CD,A8,,,Finish(Reject),Y
PLAN_SPM_STS_CD,A9,,,Finish(Product),Y
PLAN_STS,PL_INIT,,,Initialize Plan,Y
PLAN_STS,CUST_FC,,,Complete Customer Forecast,Y
PLAN_STS,SP_CUST,,,Complete Sales Plan. Customer,Y
PLAN_STS,SP_DEPT,,,Complete Sales Plan. Department,Y
PLAN_STS,PP_PROG,,,Processing Prod. Plan,Y
PLAN_STS,PP_COMP,,,Complete Prod. Plan,Y
PLAN_STS,SP_COMP,,,Complete Sales Plan,Y
PLAN_STS,PL_COMP,,,Complete Plan,Y
PLAN_STS,PP_SIM,,,Complete Iron Making,Y
PLAN_STS,PP_SMS,,,Complete Steel Making,Y
PLAN_STS,PP_HRL,,,Complete Hot Rolling,Y
PLAN_STS,PP_CRL,,,Complete Cold Rolling,Y
PLAN_STS,PP_PLT,,,Complete Plate,Y
PLAN_STS,OT_INIT,,,Initialize Plan,Y
PLAN_STS,OT_MTRL,,,Material Demand Plan,Y
PLAN_STS,OT_CAPA,,,Production Capa Plan,Y
PLAN_STS,OT_COMP,,,Complete Order Taking Plan,Y
PLAN_TY,M,,월간계획,Month,Y
PLAN_TY,Q,,분기계획,Quarter,Y
PLAN_TY,W,,주간계획,Week,Y
PLAN_UI_TIME_RATE,50,,,,Y
PLAN_UI_TIME_RATE,75,,,,Y
PLAN_UI_TIME_RATE,100,,,100%(Default),Y
PLAN_UI_TIME_RATE,125,,,,Y
PLAN_UI_TIME_RATE,150,,,,Y
PLAN_UI_TIME_RATE,200,,,,Y
PLTCM_LN,1,,,1 Tank,Y
PLTCM_LN,2,,,2 Tank,Y
PLTCM_LN,3,,,3 Tank,Y
PLT_COOL_CD,A,,,ACC,Y
PLT_COOL_CD,B,,,DQ,Y
PLT_COOL_CD,C,,,OSC,Y
PLT_COOL_CD,D,,,UFC,Y
PLT_COOL_CD,E,,,ACC+DQ,Y
PLT_COOL_CD,F,,,ACC+OSC,Y
PLT_COOL_CD,G,,,ACC+UFC,Y
PLT_COOL_CD,H,,,DQ+OSC,Y
PLT_COOL_CD,I,,,OSC+UFC,Y
PLT_COOL_CD,J,,,ACC+DQ+OSC,Y
PLT_COOL_CD,K,,,ACC+UFC+OSC,Y
PLT_COOL_CD,1,通过,,,Y
PLT_COOL_CD,2,投用,,,Y
PLT_CR_CD,0,常规轧制,,,Y
PLT_CR_CD,1,TM1-控开轧,,,Y
PLT_CR_CD,2,TM2-控开轧,,,Y
PLT_CR_CD,3,TM1-只控开轧,,,Y
PLT_CR_CD,4,TM1-既控开轧又控终轧,,,Y
PLT_CR_CD,5,TM1-控终轧,,,Y
PLT_CR_CD,6,TM2-既控开轧又控终轧,,,Y
PLT_CR_CD_1,1,不淬火,,,Y
PLT_CR_CD_1,2,淬火,,,Y
PLT_DGN_STD,10,母板宽度组合设计,날판폭 조합설계,,Y
PLT_DGN_STD,11,展宽比基准,폭출값,,Y
PLT_DGN_STD,12,长度FT 设计重量有效值基准,길이FT설계중량유효값,,Y
PLT_DGN_STD,13,可生产长度FT产品长度基准,길이FT생산가능제품길이,,Y
PLT_DGN_STD,14,铁运最大长度基准,철송최대폭길이,,Y
PLT_DGN_STD,15,可剖分设计宽度基准,배폭설계가능폭,,Y
PLT_DGN_STD,16,剖分设计组合基准,배폭설계조합,,Y
PLT_DGN_STD,17,剖分设计修正基准,배폭설계여유값,,Y
PLT_DGN_STD,18,GAS切割基准,GAS절단재,,Y
PLT_DIR_CD,N,热轧态,,,Y
PLT_DIR_CD,R,热处理,,,Y
PLT_DIR_CD,F,复合坯,,,Y
PLT_DIR_CD,T,探伤,,,Y
PLT_DIR_CD,G,高表面,,,Y
PLT_DIR_CD,P,高平直度,,,Y
PLT_DIR_CD,A,热处理+探伤,,,Y
PLT_DIR_CD,X,其它一,,,Y
PLT_DIR_CD,Y,其它二,,,Y
PLT_DIR_CD,1,代表在线 剪切,,,Y
PLT_DIR_CD,2,代表火切,,,Y
PLT_DIR_CD,3,代表热处理,,,Y
PLT_DIR_CD,4,代表其他,,,Y
PLT_HEATING_CD,N,正火,노멀라이징,,Y
PLT_HEATING_CD,T,回火,역화,,Y
PLT_HEATING_CD,S,退火,담금질+역화,,Y
PLT_HEATING_CD,Q,淬火,담금질,,Y
PLT_HEATING_CD,H,正火+回火,노멀라이징+역화,,Y
PLT_HEATING_CD,X,不热处理,열처리미실시,,Y
PLT_HM_MARK_MOD,0,不喷,,,Y
PLT_HM_MARK_MOD,1,横向0°,,,Y
PLT_HM_MARK_MOD,2,纵向180°,,,Y
PLT_OPER_TRK_CD,RF1,,가열로장입加热炉装炉,Heating Furnance Charge,Y
PLT_OPER_TRK_CD,RF2,,가열로추출加热炉出炉,Heating Furnance Discharge,Y
PLT_OPER_TRK_CD,PM1,,압연개시轧制开始,Plate Rolling Start,Y
PLT_OPER_TRK_CD,PM9,,압연종료轧制结束,Plate Rolling Finish,Y
PLT_OPER_TRK_CD,CB1,,냉각개시冷却开始,Cooling Bed Start,Y
PLT_OPER_TRK_CD,CB9,,냉각종료冷却结束,Cooling Bed Finish,Y
PLT_OPER_TRK_CD,FL1,,정정개시 精整开始,Finishing Line Start,Y
PLT_OPER_TRK_CD,FL9,,정정종료 精整结束,Finishing Line Finish,Y
PLT_OPER_TRK_CD,FC1,,화염절단개시 火焰切割开始,Frame Cutting Start,Y
PLT_OPER_TRK_CD,FC9,,화염절단종료 火焰切割结束,Frame Cutting Finish,Y
PLT_OPER_TRK_CD,HT1,,열처리로 장입 热处理加热炉装炉,Heat Treatment Chearge,Y
PLT_OPER_TRK_CD,HT9,,열처리로 추출 热处理加热炉出炉,Heat Treatment Dischearge,Y
PLT_OPER_TRK_CD,UT0,,UST(Off-Line)작업대기 UST(Off-Line)等待作业,Offline UST Wait,Y
PLT_OPER_TRK_CD,UT1,,UST(Off-Line)개시 UST(Off-Line)开始,Offline UST Start,Y
PLT_OPER_TRK_CD,UT9,,UST(Off-Line)종료 UST(Off-Line)结束,Offline UST Finish,Y
PLT_OPER_TRK_CD,CP0,,정정(Off-Line)작업대기 精整(Off-Line)等待作业,Offline Finshing Wait,Y
PLT_OPER_TRK_CD,CP1,,정정(Off-Line)개시 精整(Off-Line)开始,Offline Finshing Start,Y
PLT_OPER_TRK_CD,CP9,,정정(Off-Line)종료 精整(Off-Line)结束,Offline Finshing Finish,Y
PLT_PROC_CD,1,,후판(4300厚板轧制),,Y
PLT_PROC_CD,2,Steckel(Steckel轧制),,,Y
PLT_SPEC_GROUP_CD,A,Q235系列,,,Y
PLT_SPEC_GROUP_CD,B,Q345系列,,,Y
PLT_SPEC_GROUP_CD,C,风电系列,,,Y
PLT_SPEC_GROUP_CD,D,高强系列,,,Y
PLT_SPEC_GROUP_CD,E,普通船板系列,,,Y
PLT_SPEC_GROUP_CD,F,高强船板系列,,,Y
PLT_TY,P,钢板(Plate),후판(Plate),,Y
PLT_TY,H,热分段板(Hot Div Plate),열분할판(Hot Div Plate),,Y
PLT_TY,M,母板(Mother Plate),모판(Mother Plate),,Y
PLT_TY,R,轧制板(Rolling Plate),압연판(Rolling Plate),,Y
PLT_WORK_ZONE_CD,CPL,冷矫作业区域,냉교정작업구역,,Y
PLT_WORK_ZONE_CD,MID,中转跨作业区域,환성동작업구역,,Y
PLT_WORK_ZONE_CD,HTM,热处理作业区域,열처리작업구역,,Y
PLT_WORK_ZONE_CD,GRD,修磨区域,연마구역,,Y
PLT_WORK_ZONE_CD,SCP,特厚板作业区域,특후판작업구역,,Y
PLT_WORK_ZONE_CD,PGR,落地区域,추출구역,,Y
PM_RJT_LOC_CD,FM,精轧,,Finishing Mill,Y
PM_RJT_LOC_CD,RM,粗轧,,Roughing Mill,Y
PORT_ALIAS,岚山港,岚山港3,,,Y
PORT_ALIAS,岚桥港,岚桥港4,,,Y
PORT_ALIAS,长治北,长治北,,,Y
POSITION_CD,S,,,Sawon,Y
POSITION_CD,D,,,Daeri,Y
POSITION_CD,G,,,Goajang,Y
POSITION_CD,C,,,Chajang,Y
POSITION_CD,B,,,Bujang,Y
POSITION_CD,3093,焦化部运行保障作业区电气点检维护,,,Y
POSITION_CD,3035,热轧作业区轧钢加热工加热炉,,,Y
POSITION_CD,2945,第一连铸作业区连铸工中间包浇铸,,,Y
POSITION_CD,2977,生产保障作业区除尘工一次除尘操作,,,Y
POSITION_CD,2952,第一炼钢作业区炼钢工炉长,,,Y
POSITION_CD,3017,能源管控室调度员电力运管,,,Y
POSITION_CD,2856,煤气净化作业区蒸馏工（含洗涤）终冷、粗苯蒸馏,,,Y
POSITION_CD,2981,运行保障作业区设备维检工连铸设备机械点检维护,,,Y
POSITION_CD,2834,LNG作业区仪表维护工LNG仪表维护,,,Y
POSITION_CD,2953,第一炼钢作业区炼钢工炼钢主控操作,,,Y
POSITION_CD,2954,第一炼钢作业区炼钢工摇炉,,,Y
POSITION_CD,3005,发电作业区发电工汽机与并网运行,,,Y
POSITION_CD,2698,冷轧部安全生产室区域师,,,Y
POSITION_CD,2209,市场部机械设备及备件采购业务主管,,,Y
POSITION_CD,2831,LNG作业区LNG工合成氨,,,Y
POSITION_CD,2851,炼焦作业区筑炉瓦工热修瓦工,,,Y
POSITION_CD,3020,燃气作业区发电工TRT与并网运行,,,Y
POSITION_CD,2266,工程管理部土建结构管理区域师,,,Y
POSITION_CD,3076,原料作业区卸车机工汽车受卸操作,,,Y
POSITION_CD,2955,第一炼钢作业区炼钢工炉前兼氧枪清理,,,Y
POSITION_CD,3006,发电作业区发电工汽机运行及锅炉,,,Y
POSITION_CD,3019,能源管控室调度员热力与水务运管,,,Y
POSITION_CD,3140,厚板精整作业区轧钢精整工机长,,,Y
POSITION_CD,3154,厚板精整作业区轧钢精整工锯切、修磨、喷印,,,Y
POSITION_CD,3026,水处理作业区设备维检工污水设备巡检,,,Y
POSITION_CD,3159,厚板精整作业区轧钢成品工成品管理,,,Y
POSITION_CD,3023,燃气作业区煤气防护工气体防护与热力气体巡检维护,,,Y
POSITION_CD,3348,科技质量中心纪委副书记,,,Y
POSITION_CD,3003,电力维护作业区电力维检工电力维检,,,Y
POSITION_CD,2846,炼焦作业区焦炉调温工调火及铁件,,,Y
POSITION_CD,3007,发电作业区发电工发电运行,,,Y
POSITION_CD,2874,原料冶炼分析室化学分析工铁钢化学分析,,,Y
POSITION_CD,2824,保卫,,,Y
POSITION_CD,3155,厚板精整作业区轧钢精整工车底炉、缓冷坑,,,Y
POSITION_CD,2980,运行保障作业区设备维检工炼钢设备机械点检维护,,,Y
POSITION_CD,2994,一号高炉作业区高炉炉前工值班工长,,,Y
POSITION_CD,2847,炼焦作业区焦炉调温工交换机兼测温,,,Y
POSITION_CD,3012,供电作业区变配电工变配电巡检,,,Y
POSITION_CD,2995,一号高炉作业区热风炉工热风炉,,,Y
POSITION_CD,3072,原料作业区烧结原料工配料操作,,,Y
POSITION_CD,3132,厚板作业区轧钢原料工原料验收,,,Y
POSITION_CD,2071,副总经理,,,Y
POSITION_CD,2832,LNG作业区LNG发货工LNG、液氨发货及装车,,,Y
POSITION_CD,3078,原料作业区堆取料机工堆取料机操作,,,Y
POSITION_CD,3077,原料作业区翻车机工翻车机室操作,,,Y
POSITION_CD,2863,运行保障作业区设备维检工焦化电气点检维护,,,Y
POSITION_CD,3730,冷轧部生产保障作业区党总支书记,,,Y
POSITION_CD,2943,第一连铸作业区连铸工机长,,,Y
POSITION_CD,3134,厚板作业区轧钢加热工机长,,,Y
POSITION_CD,2970,生产保障作业区铁水预处理工受铁/脱硫主控操作,,,Y
POSITION_CD,2877,原料冶炼分析室取制样工人工取样兼现场制样,,,Y
POSITION_CD,2696,冷轧部技术质量室主任师,,,Y
POSITION_CD,2879,质量管理室质量检查工轧钢质量检查,,,Y
POSITION_CD,3137,厚板作业区轧钢工粗、精轧机操作,,,Y
POSITION_CD,2978,生产保障作业区煤气工煤气回收,,,Y
POSITION_CD,3025,水处理作业区化学分析工水质检验,,,Y
POSITION_CD,2176,市场部部长,,,Y
POSITION_CD,2876,原料冶炼分析室取制样工远程监控操作,,,Y
POSITION_CD,2836,干熄焦作业区干熄焦工干熄焦主控操作,,,Y
POSITION_CD,2949,第一连铸作业区坯库管理钢坯管理、输送操作、质检、指吊,,,Y
POSITION_CD,3079,原料作业区堆取料机工混匀堆取料机操作,,,Y
POSITION_CD,2870,原料冶炼分析室化学分析工原料烧结球团分析,,,Y
POSITION_CD,2855,煤气净化作业区硫铵工无水氨、脱硫及再生,,,Y
POSITION_CD,2830,LNG作业区LNG工深冷液化,,,Y
POSITION_CD,2197,市场部副产品销售区域师,,,Y
POSITION_CD,3116,炉卷作业区专用机床工轧辊磨床,,,Y
POSITION_CD,3001,铸铁作业区冲渣工冲渣粒化转鼓操作,,,Y
POSITION_CD,2983,运行保障作业区设备维检工连铸设备电气点检维护,,,Y
POSITION_CD,2150,财务部部长,,,Y
POSITION_CD,2875,原料冶炼分析室物理性能检验工耐材分析、耐材普通制样,,,Y
POSITION_CD,3036,热轧作业区轧钢加热工出钢,,,Y
POSITION_CD,2837,干熄焦作业区干熄焦工熄焦设备巡检,,,Y
POSITION_CD,2825,消防,,,Y
POSITION_CD,2878,质量管理室质量检查工铁钢质量检查,,,Y
POSITION_CD,3011,发电作业区电气维检工余热发电维检,,,Y
POSITION_CD,2715,冷轧部精整作业区主管师,,,Y
POSITION_CD,2873,原料冶炼分析室化学分析工煤焦分析,,,Y
POSITION_CD,2982,运行保障作业区设备维检工炼钢设备电气点检维护,,,Y
POSITION_CD,3052,球团作业区竖窑工布料、链篦机、回转窑操作,,,Y
POSITION_CD,2844,炼焦作业区炼焦工单调维护,,,Y
POSITION_CD,3060,烧结作业区烧结配料工配料矿槽,,,Y
POSITION_CD,3073,原料作业区烧结原料工混匀配料矿槽,,,Y
POSITION_CD,2961,行车作业区天车工（起重机驾驶员）炼钢380/80t铸造起重机,,,Y
POSITION_CD,3064,烧结作业区烧结工看火,,,Y
POSITION_CD,2862,运行保障作业区设备维检工焦化机械点检维护,,,Y
POSITION_CD,3065,烧结作业区烧结工梭式布料,,,Y
POSITION_CD,2909,生产保障作业区污水处理工废水处理,,,Y
POSITION_CD,2857,煤气净化作业区煤气工煤气净化主控操作,,,Y
POSITION_CD,3041,热轧作业区专用机床工轧辊机床,,,Y
POSITION_CD,2872,原料冶炼分析室化学分析工油品分析,,,Y
POSITION_CD,3062,烧结作业区烧结配料工铺底料矿槽,,,Y
POSITION_CD,3015,环境管理室化学分析工水质检测,,,Y
POSITION_CD,2896,连退作业区冷轧板平整工连退出口操作,,,Y
POSITION_CD,3148,厚板精整作业区轧钢精整工取样送样,,,Y
POSITION_CD,2249,设计管理部部长,,,Y
POSITION_CD,2845,炼焦作业区炼焦工上升管,,,Y
POSITION_CD,3075,原料作业区烧结原料工翻车机受料矿槽,,,Y
POSITION_CD,2968,精炼作业区精炼工RH炉长,,,Y
POSITION_CD,3074,原料作业区烧结原料工烧结配料矿槽,,,Y
POSITION_CD,2854,煤气净化作业区冷凝鼓风机工冷凝、电捕、鼓风机,,,Y
POSITION_CD,2966,精炼作业区精炼工LF主控,,,Y
POSITION_CD,2947,第一连铸作业区连铸工切割出坯操作,,,Y
POSITION_CD,3021,燃气作业区发电工煤气净化兼干法除尘,,,Y
POSITION_CD,3167,党委常委,,,Y
POSITION_CD,2895,连退作业区冷轧板平整工连退平整操作,,,Y
POSITION_CD,2997,生产保障作业区煤粉工喷煤,,,Y
POSITION_CD,3070,烧结作业区除尘工机头工艺电除尘,,,Y
POSITION_CD,2920,酸轧作业区冷轧板酸轧工剪切操作、表面检查,,,Y
POSITION_CD,2967,精炼作业区精炼工LF炉前辅助,,,Y
POSITION_CD,3008,发电作业区风机工鼓风机运行,,,Y
POSITION_CD,2843,备煤作业区配煤工配煤,,,Y
POSITION_CD,2865,板材检验室试样加工工拉伸加工及检验,,,Y
POSITION_CD,2990,一号高炉作业区炼铁原料工槽下上料操作,,,Y
POSITION_CD,3066,烧结作业区烧结工烧结主控操作,,,Y
POSITION_CD,2946,第一连铸作业区连铸工连铸主控操作,,,Y
POSITION_CD,2155,财务部预算与费用管理业务经理,,,Y
POSITION_CD,2965,精炼作业区精炼工LF炉长,,,Y
POSITION_CD,2828,LNG作业区LNG工LNG主控操作,,,Y
POSITION_CD,2177,市场部副部长,,,Y
POSITION_CD,2996,生产保障作业区炼铁原料工槽上卸料,,,Y
POSITION_CD,2748,信息化控制中心技术管理室专家,,,Y
POSITION_CD,2869,板材检验室取制样工毛坯下料、备样,,,Y
POSITION_CD,2866,板材检验室试样加工工冷弯加工及检验,,,Y
POSITION_CD,3058,烧结作业区烧结原料工燃料破碎,,,Y
POSITION_CD,3416,信息化控制中心信息网络室党支部书记,,,Y
POSITION_CD,2964,行车作业区天车工（起重机驾驶员）连铸160吨铸造起重机等操作,,,Y
POSITION_CD,2839,干熄焦作业区化学分析工循环气体分析,,,Y
POSITION_CD,2726,信息化控制中心副主任,,,Y
POSITION_CD,3216,市场部党委书记,,,Y
POSITION_CD,2902,生产保障作业区专用机床工磨床,,,Y
POSITION_CD,2180,市场部机械设备及备件采购业务经理,,,Y
POSITION_CD,2695,冷轧部专家,,,Y
POSITION_CD,2829,LNG作业区LNG工甲烷化,,,Y
POSITION_CD,2070,总经理,,,Y
POSITION_CD,3158,厚板精整作业区轧钢精整工钢板表面处理,,,Y
POSITION_CD,2731,信息化控制中心信息网络室业务经理,,,Y
POSITION_CD,2384,科技质量中心板材检验室业务经理,,,Y
POSITION_CD,2252,设计管理部设计管理业务经理,,,Y
POSITION_CD,2771,信息化控制中心冷轧运维区主管师,,,Y
POSITION_CD,3051,球团作业区造球工造球,,,Y
POSITION_CD,2908,生产保障作业区探伤工探伤兼轧辊管理,,,Y
POSITION_CD,3059,烧结作业区烧结原料工成品筛分,,,Y
POSITION_CD,2096,党委组织部/人力资源部综合与信息管理业务经理,,,Y
POSITION_CD,3014,环境管理室环境监测工在线监测,,,Y
POSITION_CD,2475,炼铁部一号高炉作业区业务副经理,,,Y
POSITION_CD,2330,能源环保中心主任,,,Y
POSITION_CD,2069,执行董事,,,Y
POSITION_CD,3800,钢铁研究院中厚板产品研究所党支部书记,,,Y
PPL_MECH_FL,A,热轧检验冷轧检验,,,Y
PPL_MECH_FL,B,热轧检验冷轧不检验,,,Y
PPL_MECH_FL,C,热轧不检验冷轧检验,,,Y
PPL_MECH_FL,D,热轧不检验冷轧不检验,,,Y
PREPAYMENT_ASGN_TY,S,,,Sales Order,Y
PREPAYMENT_ASGN_TY,D,,,Dispatch Order,Y
PREPAYMENT_ASGN_TY,I,,,Invoice,Y
PRICE_CALC_CD,E,一口价,,,Y
PRICE_CALC_CD,D,折扣与加价,,,Y
PRICE_DCN_CD,H,,,Decide Price at Invoice,Y
PRICE_DCN_CD,S,,,Decide Price at Order Entry,Y
PROBE_TY,1,,,Val1,Y
PROBE_TY,A,,"온도 및 카본측정(T-C), 용강Sampling 가능","Measuring Temperature/Carbon(T-C), Possible Pig Iron Sampling",Y
PROBE_TY,2,,,Val2,Y
PROBE_TY,B,,온도 및 산소측정(T-O),Measuring Temperature/Oxygen(T-O),Y
PROBE_TY,3,,,Val3,Y
PROBE_TY,C,,탕면측정,Measuring Pig Iron Surface,Y
PROBE_TY,4,,,Val4,Y
PROBE_TY,D,,전로탈린후 온도 및 용선Sampling,"After Dephosphorization, Measuring Temperature/Pig Iron Sampling",Y
PROBE_TY,E,,"온도, 산소 및 Sampling",Measuring Temperature/Oxygen and Pig Iron Sampling,Y
PROC_CD,AB1,原料,,,Y
PROC_CD,AG1,烧结,,,Y
PROC_CD,AF1,1号高炉,,,Y
PROC_CD,AF2,2号高炉,,,Y
PROC_CD,AF,高炉,,,Y
PROC_CD,AK1,球团,,,Y
PROC_CD,AP1,焦化,,,Y
PROC_CD,AD1,,,Blending,Y
PROC_CD,AC1,白灰,,,Y
PROC_CD,AC2,,2 주선,,Y
PROC_CD,AW,水渣微粉,,,Y
PROC_CD,CK1,,제강KR,,Y
PROC_CD,CB1,,1제강전로,,Y
PROC_CD,CW1,,1제강WF,,Y
PROC_CD,CL1,,1제강LF,,Y
PROC_CD,CR1,,1제강RH,,Y
PROC_CD,CC1,,1제강연주MC,,Y
PROC_CD,CS1,,1제강연주정정,,Y
PROC_CD,PD1,,복후판(复合制坯),,Y
PROC_CD,PH1,厚板轧制,,,Y
PROC_CD,PS1,厚板精整,,,Y
PROC_CD,PH2,Steckel(Steckel轧制),,,Y
PROC_CD,PS2,,"Steckel정정(Steckel 剪切,火焰切割,UST)",,Y
PROC_CD,PT1,厚板热处理,,,Y
PROC_CD,EH1,,,HRM,Y
PROC_CD,ES1,,,SPM,Y
PROC_CD,EZ1,热轧包装,,HC Packing,Y
PROC_CD,FP1,,,PPL,Y
PROC_CD,FX1,酸洗包装1,,PO Packing,Y
PROC_CD,FX2,酸洗包装（人工）,,PO Packing (Manual),Y
PROC_CD,FT1,,,PLTCM,Y
PROC_CD,FY1,酸轧包装（人工）,,FH Packing (Manual),Y
PROC_CD,FC1,,,1CAL,Y
PROC_CD,FC2,,,2CAL,Y
PROC_CD,FG1,,,CGL,Y
PROC_CD,FR1,,,1RCL,Y
PROC_CD,FR2,,,2RCL,Y
PROC_CD,FR3,,,RCTL,Y
PROC_CD,FZ1,冷轧包装1,,,Y
PROC_CD,FZ2,冷轧包装2,,,Y
PROC_CD,FZ3,冷轧包装3,,,Y
PROC_CD,FZ4,冷轧包装（人工）,,"CR, GI Packing (Manual)",Y
PROC_CD,JL1,1号焦炉,,,Y
PROC_CD,JL2,2号焦炉,,,Y
PROC_CD,WQ1,发货,,,Y
PROC_CD,WW1,发货,,,Y
PROC_CD_AJ,AJ1,,1주선기,,Y
PROC_CD_AJ,AJ2,,2주선기,,Y
PROC_CD_BF,BF1,1号高炉,,,Y
PROC_CD_BF,BF2,2号高炉,,,Y
PROC_CD_BF,BF,高炉,,,Y
PROC_CD_BH,BH1,1#白灰窑,,,Y
PROC_CD_BH,BH2,2#白灰窑,,,Y
PROC_CD_BH,BH3,3#白灰窑,,,Y
PROC_CD_BH,BH4,4#白灰窑,,,Y
PROC_CD_BH,BH5,5#白灰窑,,,Y
PROC_CD_BOF,OF1,,1전로,,Y
PROC_CD_BOF,OF2,,2전로,,Y
PROC_CD_BOF,OF3,,3전로,,Y
PROC_CD_BOF,OF4,,4전로,,Y
PROC_CD_CHECKBOX,AA,,,Blending,Y
PROC_CD_CHECKBOX,AG,,,Sinter,Y
PROC_CD_CHECKBOX,AF,,,B/F,Y
PROC_CD_CHECKBOX,AK,,,Pellet,Y
PROC_CD_CHECKBOX,AP,,,Coke,Y
PROC_CD_CHECKBOX,KR,,,KR,Y
PROC_CD_CHECKBOX,DP,,,BOF,Y
PROC_CD_CHECKBOX,LF,,,LF,Y
PROC_CD_CHECKBOX,WF,,,WF,Y
PROC_CD_CHECKBOX,RH,,,RH,Y
PROC_CD_CHECKBOX,CC,,,CC,Y
PROC_CD_CHECKBOX,ZZ,,,P/G,Y
PROC_CD_COST,AF1,1号高炉,,,Y
PROC_CD_COST,AF2,2号高炉,,,Y
PROC_CD_COST,AG1,1号烧结机,,,Y
PROC_CD_COST,AG2,2号烧结机,,,Y
PROC_CD_COST,AP1,焦化,,,Y
PROC_CD_COST,AK1,球团,,,Y
PROC_CD_COST,AJ1,铸铁机,,,Y
PROC_CD_ERP,AG1,烧结1,소결,,Y
PROC_CD_ERP,AK1,球团,,PELLET,Y
PROC_CD_ERP,AP1,"焦炉1,2",코크스,,Y
PROC_CD_ERP,AF1,高炉1,1고로,,Y
PROC_CD_ERP,AF2,高炉2,2고로,,Y
PROC_CD_ERP,AJ1,铸铁机,주선기,,Y
PROC_CD_ERP,AX1,铸铁包装,,,Y
PROC_CD_ERP,CK11,,1제강KR + MC No,KR1,Y
PROC_CD_ERP,CK12,,1제강KR + MC No,KR2,Y
PROC_CD_ERP,CB11,转炉1,1제강전로 + MC No,,Y
PROC_CD_ERP,CB12,转炉2,1제강전로 + MC No,,Y
PROC_CD_ERP,CL11,,1제강LF + MC No,LF1,Y
PROC_CD_ERP,CR11,,1제강RH + MC No,RH1,Y
PROC_CD_ERP,CR12,,1제강RH + MC No,RH2,Y
PROC_CD_ERP,CC11,连铸1,1제강연주MC + MC No,,Y
PROC_CD_ERP,CC12,连铸2,1제강연주MC + MC No,,Y
PROC_CD_ERP,CS1,连铸精整,1제강연주정정,,Y
PROC_CD_ERP,CP1,连铸包装,,,Y
PROC_CD_ERP,EF1,热轧加热炉,,HR RHF,Y
PROC_CD_ERP,EH1,热轧轧制,,HRM,Y
PROC_CD_ERP,ES1,热轧精整,,SPM,Y
PROC_CD_ERP,EZ1,热轧包装,,HC Packing,Y
PROC_CD_ERP,FP1,酸洗,,PPL,Y
PROC_CD_ERP,FX1,酸洗包装1,,PO Packing,Y
PROC_CD_ERP,FX2,酸洗包装2,,PO Packing (Manual),Y
PROC_CD_ERP,FT1,酸轧,,PLTCM,Y
PROC_CD_ERP,FY1,酸轧包装,,FH Packing (Manual),Y
PROC_CD_ERP,FC1,连续退火1,,1CAL,Y
PROC_CD_ERP,FC2,连续退火2,,2CAL,Y
PROC_CD_ERP,FG1,热镀锌,,CGL,Y
PROC_CD_ERP,FR1,,,RCL1,Y
PROC_CD_ERP,FR2,,,RCL2,Y
PROC_CD_ERP,FR3,,,RCTL,Y
PROC_CD_ERP,FZ1,冷轧包装1,,,Y
PROC_CD_ERP,FZ2,冷轧包装2,,,Y
PROC_CD_ERP,FZ3,冷轧包装3,,,Y
PROC_CD_ERP,FZ4,冷轧包装4,,"CR, GI Packing (Manual)",Y
PROC_CD_ERP,GC1,复合制坯,,,Y
PROC_CD_ERP,GP1,4300厚板加热炉,,,Y
PROC_CD_ERP,GP2,4300厚板轧制,,,Y
PROC_CD_ERP,GF1,特厚板火焰切割,,,Y
PROC_CD_ERP,GF2,4300厚板剪切,,,Y
PROC_CD_ERP,GF3,4300厚板火焰切割,,,Y
PROC_CD_ERP,GF4,特厚板UST,,,Y
PROC_CD_ERP,GF5,4300厚板UST,,,Y
PROC_CD_ERP,GS1,Steckel加热炉,,,Y
PROC_CD_ERP,GS2,Steckel轧制,,,Y
PROC_CD_ERP,GH1,Steckel-剪切,,,Y
PROC_CD_ERP,GH2,Steckel-火焰切割,,,Y
PROC_CD_ERP,GH3,,,Steckel-UST,Y
PROC_CD_ERP,GO1,4300厚板热处理,,,Y
PROC_CD_ERP,GX1,厚板-包装,,,Y
PROC_CD_F,FP1,酸洗线,,PPL,Y
PROC_CD_F,FT1,酸轧线,,PLTCM,Y
PROC_CD_F,FC1,1#连退线,,CAL1,Y
PROC_CD_F,FC2,2#连退线,,CAL2,Y
PROC_CD_F,FG1,连续镀锌线,,CGL,Y
PROC_CD_F,FR1,1#重分卷线,,RCL1,Y
PROC_CD_F,FR2,2#重分卷线,,RCL2,Y
PROC_CD_F,FR3,重卷拉矫线,,RCTL,Y
PROC_CD_KR,KR,,,KR,Y
PROC_CD_KR,CP0,,,ZT,Y
PROC_CD_SCK,CO1,1#焦炉,,,Y
PROC_CD_SCK,CO2,2#焦炉,,,Y
PROC_CD_SCK,0,其他,,,Y
PROC_CD_SMM,YL1,原料,,,Y
PROC_CD_SMM_C,YL1,C1除尘,,,Y
PROC_CD_SMM_C,YL2,C2除尘,,,Y
PROC_CD_SMM_C,YL3,C3除尘,,,Y
PROC_CD_SMM_C,YL4,C4除尘,,,Y
PROC_CD_SMM_C,YL6,C6除尘,,,Y
PROC_CD_SMM_C,YL7,C7除尘,,,Y
PROC_CD_SMM_C,YL8,C8除尘,,,Y
PROC_CD_SMM_CC,YL1,C1除尘,,,Y
PROC_CD_SMM_CC,YL2,C2除尘,,,Y
PROC_CD_SMM_CC,YL3,C3除尘,,,Y
PROC_CD_SMM_CC,YL4,C4除尘,,,Y
PROC_CD_SMM_CC,YL6,C6除尘,,,Y
PROC_CD_SMM_CC,YL7,C7除尘,,,Y
PROC_CD_SMM_CC,YL8,C8除尘,,,Y
PROC_CD_SMM_PLA,AG1,烧结,,,Y
PROC_CD_SMM_PLA,AP1,焦化,,,Y
PROC_CD_SMM_PLA,BH1,白灰窑,,,Y
PROC_CD_SMM_PLA,AF1,炼铁1号高炉,,,Y
PROC_CD_SMM_PLA,AF2,炼铁2号高炉,,,Y
PROC_CD_SMM_PLA,YL1,原料,,,Y
PROC_CD_SPE,AK1,球团,,,Y
PROC_CD_TL,TL1,脱硫1#机,,,Y
PROC_CD_TL,TL2,脱硫2#机,,,Y
PROC_CD_WG,AG1,1#烧结,,,Y
PROC_CD_WG,AG2,2#烧结,,,Y
PROC_CD_WG,BH1,1#白灰窑,,,Y
PROC_CD_WG,BH2,2#白灰窑,,,Y
PROC_CD_WG,BH3,3#白灰窑,,,Y
PROC_CD_WG,BH4,4#白灰窑,,,Y
PROC_CD_WG,BH5,5#白灰窑,,,Y
PROC_CD_WG,TL1,脱硫1#机,,,Y
PROC_CD_WG,TL2,脱硫2#机,,,Y
PROC_CD_WG,AG,烧结,,,Y
PROC_CD_WG,BH,白灰窑,,,Y
PROC_CODE,1,,,CO1,Y
PROC_CODE,2,,,CO2,Y
PROC_GRP,D,连铸坯,,,Y
PROC_GRP,G,中厚板,,,Y
PROC_MC_NO,1,,,,Y
PROC_PTRN,S,,탈류,De-S,Y
PROC_PTRN,P,,탈인,De-P,Y
PROC_PTRN,X,,Slag배재,De-Slag,Y
PROC_PTRN,T,,온도측정,emperature,Y
PROC_PTRN,I,,탈Si,De-Si,Y
PROC_PTRN,B,,탈인+탈류,De-P + De-S,Y
PROC_SMS,BOF1,1#转炉,,,Y
PROC_SMS,BOF2,2#转炉,,,Y
PROC_SMS,LF1,,,1#LF,Y
PROC_SMS,VD1,,,1#VD,Y
PROC_SMS,CC1,1#方坯连铸机,,,Y
PROC_SMS,CC2,2#方坯连铸机,,,Y
PROC_SMS,CC3,3#板坯连铸机,,,Y
PROC_TP,N,新增,,,Y
PROC_TP,M,修改,,,Y
PROC_TRT_CD,1,,,,Y
PROC_TRT_CD,2,,,,Y
PROC_TY,C,新建,,,Y
PROC_TY,D,删除,,,Y
PROD_CD,GPA,厚板,,,Y
PROD_CD,GAA,板坯,,,Y
PROD_CHEM_ANAL_TY,P,,,PASS,Y
PROD_CHEM_ANAL_TY,F,,,FAIL,Y
PROD_CHEM_APL_TY,1,国家产品成分偏差标准,국가제품성분허용차기준,,Y
PROD_CHEM_APL_TY,2,客户保证（客户产品成分保证基准）,고객요청(고객제품성분보증기준),,Y
PROD_CHEM_APL_TY,3,客户保证（客户成分保证+国家产品成分偏差标准）,고객요청(고객성분보증+국가제품성분허용차표준),,Y
PROD_CHEM_APL_TY,4,客户保证（国家成分标准+国家产品成分偏差标准）,고객요청(국가성분표준+국가제품성분허용차표준),,Y
PROD_END_FL,A,,,Auto Order Production end,Y
PROD_END_FL,F,,,Force Order Production end,Y
PROD_END_REASON_CD,DP,,,Dispatch,Y
PROD_END_REASON_CD,SC,,,Scrap,Y
PROD_END_REASON_CD,RP,,,Return Process,Y
PROD_GRP,GP,厚板,,,Y
PROD_GRP,GA,连铸坯,,,Y
PROD_GRP_MECH_KND,BH,,소부경화치시험,,Y
PROD_GRP_MECH_KND,BN,,굴곡시험,,Y
PROD_GRP_MECH_KND,CA,,도금층부착성측험시험,,Y
PROD_GRP_MECH_KND,CD,,성분분석시험,,Y
PROD_GRP_MECH_KND,CL,,청정도시험,,Y
PROD_GRP_MECH_KND,CS,,MACRO시험,,Y
PROD_GRP_MECH_KND,CW,,도금층품질시험,,Y
PROD_GRP_MECH_KND,DW,,DWTT(낙중),,Y
PROD_GRP_MECH_KND,ER,,Erichsen시험,,Y
PROD_GRP_MECH_KND,EX,,확공시험,,Y
PROD_GRP_MECH_KND,FT,,피로시험,,Y
PROD_GRP_MECH_KND,GS,,금상현미조직시험,,Y
PROD_GRP_MECH_KND,HC,,HIC시험,,Y
PROD_GRP_MECH_KND,HD,,경도시험,,Y
PROD_GRP_MECH_KND,HP,,수소투과성시험,,Y
PROD_GRP_MECH_KND,HT,,고온인장시험,,Y
PROD_GRP_MECH_KND,I1,,충격추가시험1,,Y
PROD_GRP_MECH_KND,IM,,충격시험,,Y
PROD_GRP_MECH_KND,I2,,충격추가시험2,,Y
PROD_GRP_MECH_KND,I3,,충격추가시험3,,Y
PROD_GRP_MECH_KND,I4,,충격추가시험4,,Y
PROD_GRP_MECH_KND,NM,,비금속개재물검측,,Y
PROD_GRP_MECH_KND,OL,,도유량측정,,Y
PROD_GRP_MECH_KND,PP,,,P_Print,Y
PROD_GRP_MECH_KND,PS,,P편석시험,,Y
PROD_GRP_MECH_KND,PT,,도금후처리,,Y
PROD_GRP_MECH_KND,RG,,표면조도시험,,Y
PROD_GRP_MECH_KND,SB,,SpringBack시험,,Y
PROD_GRP_MECH_KND,SN,,2차가공취약성시험,,Y
PROD_GRP_MECH_KND,SP,,S_Print시험,,Y
PROD_GRP_MECH_KND,SC,,,SSCC,Y
PROD_GRP_MECH_KND,T1,,인장추가시험1,,Y
PROD_GRP_MECH_KND,T2,,인장추가시험2,,Y
PROD_GRP_MECH_KND,TS,,인장시험,,Y
PROD_GRP_MECH_KND,WV,,파문도시험,,Y
PROD_GRP_MECH_KND,SL,,중성염무시험,,Y
PROD_GRP_MECH_KND,CP,,복합판지시,,Y
PROD_GRP_MECH_KND,CT,,CTOD시험,,Y
PROD_GRP_MECH_KND,AT,,시효시험,,Y
PROD_GRP_MECH_KND,ND,,NDT시험,,Y
PROD_GRP_MECH_KND,NP,,경화능시험,,Y
PROD_GRP_MECH_KND,PW,,용접후열처리시험,,Y
PROD_GRP_MECH_KND,ZT,,Z방향인장시험,,Y
PROD_HOLD_FL,C1,,고객사 인수보류,,Y
PROD_HOLD_FL,C2,,고객사신용불량,,Y
PROD_HOLD_FL,P1,,소 LOT 주문,,Y
PROD_HOLD_FL,A1,,취소 대상 주문,,Y
PROD_JDG_PROD_CD,Y,,,Y,Y
PROD_JDG_PROD_CD,N,,,N,Y
PROD_NO,1,,,,Y
PROD_NO,2,,,,Y
PROD_NO,3,,,,Y
PROD_RTN_CD,A1,,,Customer Change,Y
PROD_RTN_CD,A2,,,Modify  Weight limits,Y
PROD_RTN_CD,A3,,,Modify packing Method,Y
PROD_RTN_CD,B1,,,Abnormal Marking,Y
PROD_RTN_CD,B2,,,Incorrect SIZE/WT,Y
PROD_RTN_CD,B3,,,Surface Grade,Y
PROD_RTN_CD,B4,,,Incorrect Product Out Dia,Y
PROD_RTN_CD,B5,,,Others information,Y
PROD_RTN_CD,C1,,,Incorrect Packing Method,Y
PROD_RTN_CD,C2,,,No good packing,Y
PROD_RTN_CD,D1,,,Cut Sampling again,Y
PROD_RTN_CD,D2,,,Claim Investigation,Y
PROD_RTN_CD,D3,,,Inspect the product again,Y
PROD_RTN_CD,D4,,,Long term product,Y
PROD_RTN_CD,D5,,,Measure weight again,Y
PROD_RTN_CD,E1,,,Abnormal surface,Y
PROD_RTN_CD,E2,,,Abnormal recoiling,Y
PROD_RTN_CD,E3,,,Abnormal galvanizing,Y
PROD_RTN_CD,E4,,,DAMAGE,Y
PROD_RTN_CD,E5,,,Divide product again,Y
PROD_RTN_TP,1,,현물반납,,Y
PROD_RTN_TP,2,,정보반납,,Y
PROD_STATUS,A,板坯,,,Y
PROD_STATUS,B,热轧,,,Y
PROD_STATUS,C,酸洗,,,Y
PROD_STATUS,Y,原料,,,Y
PROD_STATUS,J,酸轧,,,Y
PROD_STATUS,H,连退,,,Y
PROD_STATUS,K,镀锌,,,Y
PROD_STS,1,,,In Scheduling,Y
PROD_STS,2,,,In Processing,Y
PROD_STS,3,,,Be Over,Y
PROD_TOT_JDG_GRD,1,合格,합격품,,Y
PROD_TOT_JDG_GRD,2,订单外1级,주문외1급,,Y
PROD_TOT_JDG_GRD,4,自用坯,자체용,,Y
PROD_TOT_JDG_GRD,5A,订单外2（外观）,주문외2급(외관),,Y
PROD_TOT_JDG_GRD,5B,订单外2（性能）,주문외2급(물리),,Y
PROD_TOT_JDG_GRD,5C,订单外2（成分）,,,Y
PROD_TOT_JDG_GRD,9,不合格,불합격,,Y
PROD_TOT_JDG_RSLT_TY,P,,,Pass,Y
PROD_TOT_JDG_RSLT_TY,F,,,Fail,Y
PROD_TOT_UNJDG_CAU_TY,A,成分未登记,성분미입력成分未登记,,Y
PROD_TOT_UNJDG_CAU_TY,B,,성분불합격成分不合格,,Y
PROD_TOT_UNJDG_CAU_TY,C,,재질시험중材质试验中,,Y
PROD_TOT_UNJDG_CAU_TY,D,,시편미채취试样未采集,,Y
PROD_TOT_UNJDG_CAU_TY,E,,재질불합격材质不合格,,Y
PROD_TOT_UNJDG_CAU_TY,F,,외관미판정外观未判定,,Y
PROD_TOT_UNJDG_CAU_TY,G,,외관불량外观不良,,Y
PROD_TOT_UNJDG_CAU_TY,H,,종합판정등급 불합격综合判定等级 不合格,,Y
PROD_TOT_UNJDG_CAU_TY,I,,기타Etc,,Y
PROD_TY,Y,外销,,,Y
PROD_TY,N,自用,,,Y
PROG_CD,CB1C,转炉作业等待,,,Y
PROG_CD,CR1C,VD作业等待,,,Y
PROG_CD,CL1C,LF作业等待,,,Y
PROG_CD,CC1C,铸机剪切等待,,,Y
PROG_CD,CS1C,钢坯精整作业等待,,,Y
PROG_CD,CS1D,钢坯检查等待,,,Y
PROG_CD,CS1F,钢坯精整结束等待,,,Y
PROG_CD,CS1E,钢坯充当等待,,,Y
PROG_CD,CS1R,钢坯退库措施等待,,,Y
PROG_CD,CS1H,钢坯判定保留,,,Y
PROG_CD,CS1W,外销坯入库等待,,,Y
PROG_CD,CS1Z,钢坯废钢处理完毕,,,Y
PROG_CD,EH1A,轧制计划编制等待,,,Y
PROG_CD,EH1B,轧钢入口保留,열연압연입측보류,,Y
PROG_CD,EH1C,轧制作业等待,열연압연작업대기,,Y
PROG_CD,EH1D,表面检查等待,열연압연중간검사대기,,Y
PROG_CD,EH1H,外观待处理,열연압연출측보류,,Y
PROG_CD,EH1M,试验判定等待,열연압연시험판정대기,,Y
PROG_CD,EH1T,称重及挂标等待,열연압연이송대기,,Y
PROG_CD,EH1W,轧制入库等待,열연압연입고대기,,Y
PROG_CD,PH1A,厚板指示等待,후판압연지시대기,,Y
PROG_CD,PH1B,厚板入口保留,후판압연입측보류,,Y
PROG_CD,PH1C,厚板作业等待,후판압연작업대기,,Y
PROG_CD,PH1D,厚板中间检查等待,후판압연검사대기,,Y
PROG_CD,PH1H,厚板出口保留,후판압연출측보류,,Y
PROG_CD,PH1R,厚板退库措施等待,후판압연반납조치대기,,Y
PROG_CD,PH1T,厚板运输等待,후판압연이송대기,,Y
PROG_CD,PS1A,厚板精整指示等待,후판정정지시대기,,Y
PROG_CD,PS1B,厚板精整入口保留,후판정정입측보류,,Y
PROG_CD,PS1C,厚板精整作业等待,후판정정작업대기,,Y
PROG_CD,PS1D,厚板精整中间检查等待,후판정정중간검사대기,,Y
PROG_CD,PS1E,厚板精整充当等待,후판정정충당대기,,Y
PROG_CD,PS1H,厚板精整出口保留,후판정정출측보류,,Y
PROG_CD,PS1R,厚板精整退库措施等待,후판정정반납조치대기,,Y
PROG_CD,PS1T,厚板精整运输等待,후판정정이송대기,,Y
PROG_CD,PS1W,厚板精整入库等待,후판정정입고대기,,Y
PROG_CD,WQ1D,综合判定等待,,,Y
PROG_CD,WQ1H,综合判定保留,,,Y
PROG_CD,WW1A,出货指示等待,,,Y
PROG_CD,WW1C,出货等待,,,Y
PROG_CD,WW1T,运输等待,,,Y
PROG_CD,WW1Z,出货结束,,,Y
PROG_CD,WW1E,产品充当等待,,,Y
PROG_CD,WW1R,产品退库等待,,,Y
PROG_CD,WW1S,销售等待,,,Y
PROJ_TY,A,销量,,,Y
PROJ_TY,C,销售额,,,Y
PROJ_TY,B,单价,,,Y
PROVINCE_CD,34,安徽省,,,Y
PROVINCE_CD,37,山东省,,,Y
PROVINCE_CD,41,河南省,,,Y
PROVINCE_CD,32,江苏省,,,Y
PROVINCE_CD,33,浙江省,,,Y
PROVINCE_CD,36,江西省,,,Y
PROVINCE_CD,42,湖北省,,,Y
PROVINCE_CD,11,北京市,,,Y
PROVINCE_CD,12,天津市,,,Y
PROVINCE_CD,13,河北省,,,Y
PROVINCE_CD,14,山西省,,,Y
PROVINCE_CD,15,内蒙古自治区,,,Y
PROVINCE_CD,21,辽宁省,,,Y
PROVINCE_CD,22,吉林省,,,Y
PROVINCE_CD,23,黑龙江省,,,Y
PROVINCE_CD,31,上海市,,,Y
PROVINCE_CD,35,福建省,,,Y
PROVINCE_CD,43,湖南省,,,Y
PROVINCE_CD,44,广东省,,,Y
PROVINCE_CD,45,广西壮族自治区,,,Y
PROVINCE_CD,46,海南省,,,Y
PROVINCE_CD,50,重庆市,,,Y
PROVINCE_CD,51,四川省,,,Y
PROVINCE_CD,52,贵州省,,,Y
PROVINCE_CD,53,云南省,,,Y
PROVINCE_CD,54,西藏自治区,,,Y
PROVINCE_CD,61,陕西省,,,Y
PROVINCE_CD,62,甘肃省,,,Y
PROVINCE_CD,63,青海省,,,Y
PROVINCE_CD,64,宁夏回族自治区,,,Y
PROVINCE_CD,65,新疆维吾尔自治区,,,Y
PROVINCE_CD,71,台湾省,,,Y
PROVINCE_CD,81,香港特别行政区,,,Y
PROVINCE_CD,82,澳门特别行政区,,,Y
PRSPG_USED_POSIT_CD,0,,Bottom Bubbling 미실시,No Bottom Bubbling,Y
PRSPG_USED_POSIT_CD,1,,#1 PorousPlug 단독사용,Use #1 PorousPlug Only,Y
PRSPG_USED_POSIT_CD,2,,#2 PorousPlug 단독사용,Use #2 PorousPlug Only,Y
PRSPG_USED_POSIT_CD,3,,#3 PorousPlug 단독사용,Use #3 PorousPlug Only,Y
PRSPG_USED_POSIT_CD,4,,"#1,2 PorousPlug 동시사용","Use #1,2 PorousPlug Both",Y
PRSPG_USED_POSIT_CD,5,,"#1,3 PorousPlug 동시사용","Use #1,3 PorousPlug Both",Y
PRSPG_USED_POSIT_CD,6,,"#2,3 PorousPlug 동시사용","Use #2,3 PorousPlug Both",Y
PSTREAT_CD,B,无铬钝化(C5),,,Y
PSTREAT_CD,C,三价铬酸钝化(C3),,,Y
PSTREAT_CD,F,无铬耐指纹钝化(AF5),,,Y
PSTREAT_CD,X,不处理,,,Y
PSTREAT_GRP_CD,A,涂油,도유,,Y
PSTREAT_GRP_CD,B,钝化,둔화,,Y
PSTREAT_GRP_CD,C,耐指纹,내지문,,Y
PSTREAT_GRP_CD,D,"涂油,钝化","도유,둔화",,Y
PSTREAT_GRP_CD,E,"涂油,耐指纹","도유,내지문",,Y
PSTREAT_GRP_CD,F,"钝化,耐指纹","둔화,내지문",,Y
PSTREAT_GRP_CD,G,"涂油,钝化,耐指纹","도유,둔화,내지문",,Y
PSTREAT_GRP_CD,X,不后处理,후처리미실시,,Y
PSTREAT_SMP_CND,11,同炉次、同牌号、同轧制状态、同厚度,,,Y
PSTREAT_SMP_CND,12,同炉号、同牌号、同轧制状态、同厚度，每批不超过40t,,,Y
PSTREAT_SMP_CND,13,同炉号、同牌号、同轧制状态、同厚度，每批不超过50t,,,Y
PSTREAT_SMP_CND,14,同炉号、同牌号、同轧制状态、同厚度，每批不超过60t,,,Y
PSTREAT_SMP_CND,15,同炉号、同牌号、同轧制状态、同厚度，每批不超过60t;若单卷＞30吨，则可2卷组1批,,,Y
PSTREAT_SMP_CND,16,同炉次、同牌号、同轧制状态、同厚度为1批，批重量≤50t时正常取1组样；批重量＞50t时增加1个拉伸样,,,Y
PSTREAT_SMP_CND,17,每卷为1批,,,Y
PSTREAT_SMP_CND,18,同炉号、同厚度、同宽度组成1批,,,Y
PSTREAT_SMP_LTH_LOC,B,采取下部,,,Y
PSTREAT_SMP_LTH_LOC,M,采取中间部分,,,Y
PSTREAT_SMP_LTH_LOC,T,采取上部,,,Y
PSTREAT_SMP_LTH_LOC,W,采取上部和下部,,,Y
PSTREAT_SMP_LTH_LOC,X,采取上部和中间部分,,,Y
PSTREAT_SMP_LTH_LOC,Y,采取上部和中间部分和下部,,,Y
PSTREAT_SMP_SPCMN_DIR,L,长度方向采样,길이방향으로 시편채취,,Y
PSTREAT_SMP_SPCMN_DIR,B,宽度方向采样,폭방향으로 시편채취,,Y
PSTREAT_SMP_SPCMN_DIR,C,厚度方向采样,두께방향으로 시편채취,,Y
PSTREAT_SMP_SPCMN_DIR,D,45˚方向采样,45방향으로 시편채취,,Y
PSTREAT_SMP_SPCMN_DIR,E,30˚方向采样,30방향으로 시편채취,,Y
PSTREAT_SMP_SPCMN_SZ,01,"长度 ≥250, 宽度 ≥35",,,Y
PSTREAT_SMP_WTH_LOC,A,1/2W 部位,,,Y
PSTREAT_SMP_WTH_LOC,C,1/4W 部位,,,Y
PSTREAT_SMP_WTH_LOC,E,"Top 1/2W, Bottom 1/4W部位",,,Y
PSTREAT_SMP_WTH_LOC,B,Edge 部位,,,Y
PSTREAT_SMP_WTH_LOC,D,对角线的两角部位,,,Y
PSTREAT_SMP_WTH_LOC,F,"Top 1/4W, Bottom 1/2W部位",,,Y
P_PRINT_GRT_CD,A,性能试验+性能判定+质保书发行,,,Y
P_PRINT_GRT_CD,B,性能试验+性能判定,,,Y
P_PRINT_GRT_CD,C,性能试验+质保书发行,,,Y
P_PRINT_GRT_CD,D,性能试验,,,Y
P_PRINT_SMP_CND,11,同炉次、同牌号、同轧制状态、同厚度,,,Y
P_PRINT_SMP_CND,12,同炉号、同牌号、同轧制状态、同厚度，每批不超过40t,,,Y
P_PRINT_SMP_CND,13,同炉号、同牌号、同轧制状态、同厚度，每批不超过50t,,,Y
P_PRINT_SMP_CND,14,同炉号、同牌号、同轧制状态、同厚度，每批不超过60t,,,Y
P_PRINT_SMP_CND,15,同炉号、同牌号、同轧制状态、同厚度，每批不超过60t;若单卷＞30吨，则可2卷组1批,,,Y
P_PRINT_SMP_CND,16,同炉次、同牌号、同轧制状态、同厚度为1批，批重量≤50t时正常取1组样；批重量＞50t时增加1个拉伸样,,,Y
P_PRINT_SMP_CND,17,每卷为1批,,,Y
P_PRINT_SMP_CND,18,同炉号、同厚度、同宽度组成1批,,,Y
P_PRINT_SMP_LTH_LOC,B,采取下部,,,Y
P_PRINT_SMP_LTH_LOC,M,采取中间部分,,,Y
P_PRINT_SMP_LTH_LOC,T,采取上部,,,Y
P_PRINT_SMP_LTH_LOC,W,采取上部和下部,,,Y
P_PRINT_SMP_LTH_LOC,X,采取上部和中间部分,,,Y
P_PRINT_SMP_LTH_LOC,Y,采取上部和中间部分和下部,,,Y
P_PRINT_SMP_SPCMN_DIR,L,长度方向采样,길이방향으로 시편채취,,Y
P_PRINT_SMP_SPCMN_DIR,B,宽度方向采样,폭방향으로 시편채취,,Y
P_PRINT_SMP_SPCMN_DIR,C,厚度方向采样,두께방향으로 시편채취,,Y
P_PRINT_SMP_SPCMN_DIR,D,45˚方向采样,45방향으로 시편채취,,Y
P_PRINT_SMP_SPCMN_DIR,E,30˚方向采样,30방향으로 시편채취,,Y
P_PRINT_SMP_SPCMN_SZ,01,"长度 ≥250, 宽度 ≥35",,,Y
P_PRINT_SMP_WTH_LOC,A,1/2W 部位,,,Y
P_PRINT_SMP_WTH_LOC,C,1/4W 部位,,,Y
P_PRINT_SMP_WTH_LOC,E,"Top 1/2W, Bottom 1/4W部位",,,Y
P_PRINT_SMP_WTH_LOC,B,Edge 部位,,,Y
P_PRINT_SMP_WTH_LOC,D,对角线的两角部位,,,Y
P_PRINT_SMP_WTH_LOC,F,"Top 1/4W, Bottom 1/2W部位",,,Y
P_SGRG_GRT_CD,A,性能试验+性能判定+质保书发行,,,Y
P_SGRG_GRT_CD,B,性能试验+性能判定,,,Y
P_SGRG_GRT_CD,C,性能试验+质保书发行,,,Y
P_SGRG_GRT_CD,D,性能试验,,,Y
P_SGRG_SMP_CND,11,同炉次、同牌号、同轧制状态、同厚度,,,Y
P_SGRG_SMP_CND,12,同炉号、同牌号、同轧制状态、同厚度，每批不超过40t,,,Y
P_SGRG_SMP_CND,13,同炉号、同牌号、同轧制状态、同厚度，每批不超过50t,,,Y
P_SGRG_SMP_CND,14,同炉号、同牌号、同轧制状态、同厚度，每批不超过60t,,,Y
P_SGRG_SMP_CND,15,同炉号、同牌号、同轧制状态、同厚度，每批不超过60t;若单卷＞30吨，则可2卷组1批,,,Y
P_SGRG_SMP_CND,16,同炉次、同牌号、同轧制状态、同厚度为1批，批重量≤50t时正常取1组样；批重量＞50t时增加1个拉伸样,,,Y
P_SGRG_SMP_CND,17,每卷为1批,,,Y
P_SGRG_SMP_CND,18,同炉号、同厚度、同宽度组成1批,,,Y
P_SGRG_SMP_LTH_LOC,B,采取下部,,,Y
P_SGRG_SMP_LTH_LOC,M,采取中间部分,,,Y
P_SGRG_SMP_LTH_LOC,T,采取上部,,,Y
P_SGRG_SMP_LTH_LOC,W,采取上部和下部,,,Y
P_SGRG_SMP_LTH_LOC,X,采取上部和中间部分,,,Y
P_SGRG_SMP_LTH_LOC,Y,采取上部和中间部分和下部,,,Y
P_SGRG_SMP_SPCMN_DIR,L,长度方向采样,길이방향으로 시편채취,,Y
P_SGRG_SMP_SPCMN_DIR,B,宽度方向采样,폭방향으로 시편채취,,Y
P_SGRG_SMP_SPCMN_DIR,C,厚度方向采样,두께방향으로 시편채취,,Y
P_SGRG_SMP_SPCMN_DIR,D,45˚方向采样,45방향으로 시편채취,,Y
P_SGRG_SMP_SPCMN_DIR,E,30˚方向采样,30방향으로 시편채취,,Y
P_SGRG_SMP_SPCMN_SZ,01,"长度 ≥250, 宽度 ≥35",,,Y
P_SGRG_SMP_WTH_LOC,A,1/2W 部位,,,Y
P_SGRG_SMP_WTH_LOC,C,1/4W 部位,,,Y
P_SGRG_SMP_WTH_LOC,E,"Top 1/2W, Bottom 1/4W部位",,,Y
P_SGRG_SMP_WTH_LOC,B,Edge 部位,,,Y
P_SGRG_SMP_WTH_LOC,D,对角线的两角部位,,,Y
P_SGRG_SMP_WTH_LOC,F,"Top 1/4W, Bottom 1/2W部位",,,Y
QA_CRL_STLGRD_TY,A,,,≤340IF,Y
QA_CRL_STLGRD_TY,B,,,,Y
QA_CRL_STLGRD_TY,C,,,,Y
QA_CRL_STLGRD_TY,D,,,,Y
QA_CRL_STLGRD_TY,E,,,,Y
QA_CRL_STLGRD_TY,F,,,,Y
QA_CRL_STLGRD_TY,G,,,,Y
QCERT_DELV_CD,A,,차량과 동행(기본치),,Y
QCERT_DELV_CD,B,,택배,,Y
QCERT_DELV_CD,C,,고객자취,,Y
QLTY_TRK_CD,S001,,,Chemical Abnormal - Target,Y
QLTY_TRK_CD,S002,,,Chemical Abnormal - Internal,Y
QLTY_TRK_CD,S003,,,Chemical Abnormal - Spec.,Y
QLTY_TRK_CD,S011,,,Size Abnormal,Y
QLTY_TRK_CD,S021,,,Weight Abnormal,Y
QLTY_TRK_CD,S031,,,RH Treatment Time - Less,Y
QLTY_TRK_CD,S032,,,Tundish △T (+),Y
QLTY_TRK_CD,S033,,,Tundish △T (-),Y
QLTY_TRK_CD,S034,,,EMS Frequence (+),Y
QLTY_TRK_CD,S035,,,EMS Frequence (-),Y
QLTY_TRK_PROC_CD,S,,,Chemical Composition,Y
QLTY_TRK_PROC_CD,F,,,Converter(Furnace),Y
QLTY_TRK_PROC_CD,B,,,BAP,Y
QLTY_TRK_PROC_CD,L,,,Ladle Furnace,Y
QLTY_TRK_PROC_CD,R,,,RH,Y
QLTY_TRK_PROC_CD,D,,,Ladle,Y
QLTY_TRK_PROC_CD,T,,,Tundish,Y
QLTY_TRK_PROC_CD,M,,,Mold,Y
QLTY_TRK_PROC_CD,C,,,Caster,Y
QLTY_TRK_TREAT_CD,T_VI,,,Visual Inspection required,Y
QLTY_TRK_TREAT_CD,T_DG,,,Down Grade required,Y
QLTY_TRK_TREAT_CD,T_SF,,,Scarfing Required,Y
QLTY_TRK_TREAT_CD,T_CT,,,Cutting Required,Y
QLTY_TRK_TREAT_CD,T_NA,,,NAPO,Y
QLTY_TRK_TREAT_CD,T_SC,,,Scrap,Y
QLTY_TRK_TREAT_CD,T_HD,,,HOLD,Y
QLTY_TRK_TREAT_CD,T-DR,,,Data Reference,Y
QLTY_TRK_TREAT_CD,T-NDT,,,Non Destructive Testing Required,Y
QLTY_TRK_TREAT_CD,T-SP,,,Surphur-Print Required,Y
QLT_CHEM_CD,V01,,,C,Y
QLT_CHEM_CD,V02,,,Si,Y
QLT_CHEM_CD,V03,,,Mn,Y
QLT_CHEM_CD,V04,,,P,Y
QLT_CHEM_CD,V05,,,S,Y
QLT_CHEM_CD,V06,,,Cu,Y
QLT_CHEM_CD,V07,,,T-Al,Y
QLT_CHEM_CD,V08,,,S-Al,Y
QLT_CHEM_CD,V10,,,Nb,Y
QLT_CHEM_CD,V11,,,B,Y
QLT_CHEM_CD,V14,,,Ni,Y
QLT_CHEM_CD,V15,,,Cr,Y
QLT_CHEM_CD,V16,,,Mo,Y
QLT_CHEM_CD,V17,,,W,Y
QLT_CHEM_CD,V18,,,Ti,Y
QLT_CHEM_CD,V19,,,V,Y
QLT_CHEM_CD,V20,,,Zr,Y
QLT_CHEM_CD,V21,,,Pb,Y
QLT_CHEM_CD,V22,,,Sn,Y
QLT_CHEM_CD,V23,,,As,Y
QLT_CHEM_CD,V24,,,Co,Y
QLT_CHEM_CD,V25,,,Ca,Y
QLT_CHEM_CD,V28,,,Mg,Y
QLT_CHEM_CD,V29,,,Te,Y
QLT_CHEM_CD,V30,,,Bi,Y
QLT_CHEM_CD,V31,,,Sb,Y
QLT_CHEM_CD,V32,,,Zn,Y
QLT_CHEM_CD,V33,,,H,Y
QLT_CHEM_CD,V36,,,N,Y
QLT_CHEM_CD,V38,,,Ce,Y
QLT_CHEM_CD,V39,,,F,Y
QLT_CHEM_CD,V40,,,Fe,Y
QLT_CHEM_CD,V41,,,CEQ,Y
QLT_CHEM_CD,V42,,,CEV,Y
QLT_CHEM_CD,V43,,,ALinsol,Y
QLT_CHEM_CD,V44,,,Alsol,Y
QLT_CHEM_CD,V45,,,Pcm,Y
QLT_CHEM_CD,V46,C-CS仪,,,Y
QLT_CHEM_CD,V47,S-CS仪,,,Y
QLT_CHEM_CD,V37,,,O,Y
QLT_CHEM_CD,V69,,,C-Eq,Y
QLT_CHEM_CD,V70,,,PCM,Y
QLT_CHEM_CD,V71,PSR(再热裂纹指数),,PSR,Y
QLT_CHEM_CD,V72,I(耐腐蚀因子),,CF-I,Y
QLT_CHEM_CD,V73,J(回火脆性敏感系数),,CF-J,Y
QLT_CHEM_CD,V74,X(回火脆性敏感系数),,CF-X,Y
QLT_CHEM_CD,V95,合成分元素1,,CCP1,Y
QLT_CHEM_CD,V96,合成分元素2,,CCP2,Y
QLT_CHEM_CD,V97,合成分元素3,,CCP3,Y
QLT_CHEM_CD,V98,合成分元素4,,CCP4,Y
QLT_CHEM_CD,V99,合成分元素5,,CCP5,Y
QLT_CHEM_FOMULA,AA,,,Bi+Pb,Y
QLT_CHEM_FOMULA,AB,,,Bi+P+S,Y
QLT_CHEM_FOMULA,AC,,,Bi+Pb+P+S,Y
QLT_CHEM_FOMULA,AD,,,Bi+B+N+P+S,Y
QLT_CHEM_FOMULA,AE,,,Bi+B+N+P+S+Ti,Y
QLT_CHEM_FOMULA,AF,,,As+ Sn +Sb+ Pb+ Bi,Y
QLT_CHEM_FOMULA,BA,,,NB+V,Y
QLT_CHEM_FOMULA,BC,,,NB+V+Mo,Y
QLT_CHEM_FOMULA,BD,,,NB+V+Cr,Y
QLT_CHEM_FOMULA,BE,,,NB+V+Ti,Y
QLT_CHEM_FOMULA,BF,,,NB+V+N,Y
QLT_CHEM_FOMULA,BG,,,NB+V+Cu+N,Y
QLT_CHEM_FOMULA,BH,,,NB+V+N+Ti,Y
QLT_CHEM_FOMULA,BJ,,,NB+Ti,Y
QLT_CHEM_FOMULA,BK,,,NB+V+Cu+Ni+N,Y
QLT_CHEM_FOMULA,BL,,,NB+V+Mo+Ti,Y
QLT_CHEM_FOMULA,BM,,,NB+Mo,Y
QLT_CHEM_FOMULA,BN,,,NB+Cu,Y
QLT_CHEM_FOMULA,BP,,,NB+Cu+Ni+Ti,Y
QLT_CHEM_FOMULA,BQ,,,NB+B,Y
QLT_CHEM_FOMULA,BR,,,NB+N,Y
QLT_CHEM_FOMULA,BS,,,NB+Mo+Ti,Y
QLT_CHEM_FOMULA,BT,,,NB+Cu+Ni+V,Y
QLT_CHEM_FOMULA,BU,,,NB+Ni,Y
QLT_CHEM_FOMULA,BW,,,NB+S,Y
QLT_CHEM_FOMULA,BX,,,NB+V+B+N+Ti,Y
QLT_CHEM_FOMULA,BY,,,NB+V+Ca+Ti,Y
QLT_CHEM_FOMULA,BZ,,,NB+Ni+Ca+Ti,Y
QLT_CHEM_FOMULA,B1,,,NB+Si,Y
QLT_CHEM_FOMULA,B2,,,NB+Mo+Ni,Y
QLT_CHEM_FOMULA,B3,,,NB+Ca+Cu+V,Y
QLT_CHEM_FOMULA,B4,,,NB+C,Y
QLT_CHEM_FOMULA,B5,,,NB+Cu+Ni+Ti+V,Y
QLT_CHEM_FOMULA,CN,,,Cu+NB,Y
QLT_CHEM_FOMULA,DA,,,C+N,Y
QLT_CHEM_FOMULA,DB,,,NB/C,Y
QLT_CHEM_FOMULA,DC,,,Ti/C,Y
QLT_CHEM_FOMULA,DD,,,NB/(C+N),Y
QLT_CHEM_FOMULA,DE,,,Ti/(C+N),Y
QLT_CHEM_FOMULA,DF,,,Zr/(C+N),Y
QLT_CHEM_FOMULA,DG,,,(Ti+NB)/(C+N),Y
QLT_CHEM_FOMULA,DH,,,(Ti+NB+Zr)/(C+N),Y
QLT_CHEM_FOMULA,DJ,,,(NB-Ta)/C,Y
QLT_CHEM_FOMULA,DK,,,Ti+NB,Y
QLT_CHEM_FOMULA,DL,,,Ti+NB+Zr,Y
QLT_CHEM_FOMULA,DM,,,NB+Ta,Y
QLT_CHEM_FOMULA,DN,,,Ni+Cu,Y
QLT_CHEM_FOMULA,LJ,,,Ti+B+N,Y
QLT_CHEM_FOMULA,MA,,,Mn+Cr+Mo,Y
QLT_CHEM_FOMULA,NA,,,Ni+Cr,Y
QLT_CHEM_FOMULA,NB,,,Ni+Cr+N+V,Y
QLT_CHEM_FOMULA,NC,,,Ni+Cr+Mo,Y
QLT_CHEM_FOMULA,ND,,,Ni+Cr+Mo+V,Y
QLT_CHEM_FOMULA,NE,,,Ni+Cr+Mo+N,Y
QLT_CHEM_FOMULA,NF,,,Ni+Cr+Mo+SN,Y
QLT_CHEM_FOMULA,NG,,,Ni+Cr+Mo+Cu+Sn,Y
QLT_CHEM_FOMULA,NH,,,Ni+Cr+Mo+B+NB+Ti+V,Y
QLT_CHEM_FOMULA,NJ,,,Ni+Cr+V,Y
QLT_CHEM_FOMULA,NK,,,Ni+Cr+N,Y
QLT_CHEM_FOMULA,NL,,,Ni+Cr+Cu,Y
QLT_CHEM_FOMULA,NM,,,Ni+Cr+Cu+N,Y
QLT_CHEM_FOMULA,NP,,,Ni+Cr+Cu+P,Y
QLT_CHEM_FOMULA,NQ,,,No+Mo,Y
QLT_CHEM_FOMULA,NR,,,Ni+Cr+Cu+Mo,Y
QLT_CHEM_FOMULA,NS,,,Ni+Cr+Cu+V,Y
QLT_CHEM_FOMULA,NT,,,Ni+Cr+Cu+Mo+V,Y
QLT_CHEM_FOMULA,NU,,,Ni+Cr+Cu+Mo+N+Sn,Y
QLT_CHEM_FOMULA,NV,,,Ni+Cr+Cu+Mo+N+Sn+P,Y
QLT_CHEM_FOMULA,NW,,,Ni+Cr+Cu+Mo+N+Sn+B,Y
QLT_CHEM_FOMULA,NX,,,Ni+Cr+Cu+Mo+N+Sn+Ti,Y
QLT_CHEM_FOMULA,NY,,,Ni+Cr+Cu+Mo+B+Ti+V,Y
QLT_CHEM_FOMULA,NZ,,,Ni+Cr+Mo+Ti,Y
QLT_CHEM_FOMULA,N1,,,Ni+N+Ti,Y
QLT_CHEM_FOMULA,N2,,,Ni+Mo+N+V+Ti,Y
QLT_CHEM_FOMULA,N3,,,Ni+Ti+Ca,Y
QLT_CHEM_FOMULA,N4,,,Ni+Ti+B+Cu+Cr,Y
QLT_CHEM_FOMULA,N5,,,Ni+B+Mo+Ti+V+N,Y
QLT_CHEM_FOMULA,N6,,,Ni+B+Mo+Ti+V,Y
QLT_CHEM_FOMULA,N7,,,Ni+Cr+Mo+V+N+O+H,Y
QLT_CHEM_FOMULA,N8,,,Ni+Cr+Mo+Cu+NB,Y
QLT_CHEM_FOMULA,N9,,,Ni+Cr+Mo+B+N+V+Ti,Y
QLT_CHEM_FOMULA,PA,,,P+Pb+S,Y
QLT_CHEM_FOMULA,PI,,,P+Si,Y
QLT_CHEM_FOMULA,PK,,,P+N+S,Y
QLT_CHEM_FOMULA,PM,,,P+Pb,Y
QLT_CHEM_FOMULA,PN,,,P+N,Y
QLT_CHEM_FOMULA,PS,,,P+S,Y
QLT_CHEM_FOMULA,QS,,,N+S,Y
QLT_CHEM_FOMULA,RA,,,Cr+Mo,Y
QLT_CHEM_FOMULA,RB,,,Cr+B,Y
QLT_CHEM_FOMULA,RC,,,Cr+N,Y
QLT_CHEM_FOMULA,RD,,,Cr+B+Ti+V,Y
QLT_CHEM_FOMULA,RE,,,Cr+B+Mo+Ti,Y
QLT_CHEM_FOMULA,RF,,,NB+Cr+Mo,Y
QLT_CHEM_FOMULA,RG,,,NB+Cr+Mo+N+Ni+Ca+Cu+Ti+V,Y
QLT_CHEM_FOMULA,RH,,,Cr+Ni+Mo+NB+Ti+N+H,Y
QLT_CHEM_FOMULA,RN,,,Cr+NB,Y
QLT_CHEM_FOMULA,RV,,,Cr+Mo+Ti+B+N,Y
QLT_CHEM_FOMULA,RW,,,Cr+Mo+V+Ti+B+N,Y
QLT_CHEM_FOMULA,RX,,,Cr+Mo+V+N,Y
QLT_CHEM_FOMULA,RY,,,Cr+Mo+V+B+N,Y
QLT_CHEM_FOMULA,RZ,,,NB+Ti+Cu+Ni+Ca+N,Y
QLT_CHEM_FOMULA,SC,,,Si+Cr,Y
QLT_CHEM_FOMULA,SW,,,Cu+Ni+Cr+B,Y
QLT_CHEM_FOMULA,SZ,,,NB+Ti+B+Ca+N,Y
QLT_CHEM_FOMULA,TA,,,Te+Pb,Y
QLT_CHEM_FOMULA,TB,,,Te+P+S,Y
QLT_CHEM_FOMULA,TC,,,Te+Pb+P+S,Y
QLT_CHEM_FOMULA,TD,,,Ti+NB+N,Y
QLT_CHEM_FOMULA,TF,,,Ti+N+Ca,Y
QLT_CHEM_FOMULA,TG,,,Ti+Cr+Mo+B,Y
QLT_CHEM_FOMULA,TH,,,Ti+B,Y
QLT_CHEM_FOMULA,TJ,,,Ti+Ni+NB+N,Y
QLT_CHEM_FOMULA,TM,,,Ti+N,Y
QLT_CHEM_FOMULA,TN,,,Ti+Cr+B,Y
QLT_CHEM_FOMULA,TP,,,Ti+N+Cu,Y
QLT_CHEM_FOMULA,TQ,,,Ti+P,Y
QLT_CHEM_FOMULA,TR,,,Ti+N+P,Y
QLT_CHEM_FOMULA,TU,,,Ti+Ni,Y
QLT_CHEM_FOMULA,TV,,,Ti+Mo,Y
QLT_CHEM_FOMULA,TZ,,,Ti+Zr,Y
QLT_CHEM_FOMULA,T1,,,Ti+C+N+S,Y
QLT_CHEM_FOMULA,T2,,,Ti+N+S,Y
QLT_CHEM_FOMULA,UA,,,Cu+Cr,Y
QLT_CHEM_FOMULA,UB,,,Cu+V,Y
QLT_CHEM_FOMULA,UC,,,Cu+V+Cr,Y
QLT_CHEM_FOMULA,UD,,,Cu+N,Y
QLT_CHEM_FOMULA,UE,,,Cu+Ni+Cr,Y
QLT_CHEM_FOMULA,UF,,,Cu+Ni+Cr+V+N,Y
QLT_CHEM_FOMULA,UG,,,Cu+Ni+Cr+NB+P,Y
QLT_CHEM_FOMULA,UH,,,Cu+Ni+Mo+V+Ti,Y
QLT_CHEM_FOMULA,UI,,,Cu+Ni+Cr+V+NB+Ti,Y
QLT_CHEM_FOMULA,UJ,,,Cu+Ni+NB,Y
QLT_CHEM_FOMULA,UK,,,Cu+Ni+V+Ti,Y
QLT_CHEM_FOMULA,UL,,,Cu+Ni,Y
QLT_CHEM_FOMULA,UM,,,Cu+Ti+P,Y
QLT_CHEM_FOMULA,UN,,,Cu+P+Ti,Y
QLT_CHEM_FOMULA,UP,,,Cu+Cr+NB,Y
QLT_CHEM_FOMULA,UQ,,,Cu+Ni+Cr+NB,Y
QLT_CHEM_FOMULA,UR,,,Cu+Ni+V+Ti+B,Y
QLT_CHEM_FOMULA,US,,,Cu+Ni+Cr+Mo+Ti+B,Y
QLT_CHEM_FOMULA,UT,,,Cu+Ni+Ca,Y
QLT_CHEM_FOMULA,UZ,,,Cu+Ti+Ni,Y
QLT_CHEM_FOMULA,U1,,,Cu+Ni+Cr+Mo+V+NB+B+Ti,Y
QLT_CHEM_FOMULA,U2,,,Cu+Ni+Mo+V,Y
QLT_CHEM_FOMULA,U3,,,Cu+Ni+Cr+Mo+V+Ti+B,Y
QLT_CHEM_FOMULA,U4,,,Cu+Ni+Cr+Mo+V+Ti,Y
QLT_CHEM_FOMULA,U5,,,Cu+Ni+NB+V+Ti,Y
QLT_CHEM_FOMULA,VA,,,V+Cr,Y
QLT_CHEM_FOMULA,VB,,,V+Ni,Y
QLT_CHEM_FOMULA,VC,,,V+Ni+Mo,Y
QLT_CHEM_FOMULA,VD,,,V+Ni+Mo+N,Y
QLT_CHEM_FOMULA,VE,,,V+N,Y
QLT_CHEM_FOMULA,VF,,,V+N+Ti,Y
QLT_CHEM_FOMULA,VG,,,V+N+Ni+Mo+Cu,Y
QLT_CHEM_FOMULA,VH,,,V+Ti,Y
QLT_CHEM_FOMULA,VJ,,,V+Cu+Ni+N,Y
QLT_CHEM_FOMULA,VK,,,V+Cu+Ni,Y
QLT_CHEM_FOMULA,VL,,,V+Mo+Ti+B,Y
QLT_CHEM_FOMULA,VM,,,V+Mo+Ti,Y
QLT_CHEM_FOMULA,VN,,,V+Mo+Ti+Cu+Cr+B,Y
QLT_CHEM_FOMULA,VP,,,V+Ni+NB,Y
QLT_CHEM_FOMULA,VQ,,,V+Cr+Mo,Y
QLT_CHEM_FOMULA,VR,,,V+Cr+Mo+B,Y
QLT_CHEM_FOMULA,VS,,,V+Mo+Ti+N,Y
QLT_CHEM_FOMULA,VT,,,V+Cr+Ni+Ti+N,Y
QLT_CHEM_FOMULA,VU,,,V+Ti+Cr+N,Y
QLT_CHEM_FOMULA,VW,,,V+Ni+Cu+NB+Ca,Y
QLT_CHEM_FOMULA,VY,,,V+Ni+Cu+Ca,Y
QLT_CHEM_FOMULA,W1,,,T-Al/N,Y
QLT_CHEM_FOMULA,W2,,,Ca/S,Y
QLT_CHEM_FOMULA,W3,,,Mn/S,Y
QLT_CHEM_FOMULA,W4,,,Ti/N,Y
QLT_CHEM_FOMULA,W5,,,Ni/Cu,Y
QLT_CHEM_FOMULA,W6,,,Nb/C,Y
QLT_CHEM_FOMULA,W7,,,Mn/Si,Y
QLT_CHEM_FOMULA,10,,,C + Si/30 + (Mn + Cu + Cr) / 20 + Ni/60 + Mo/15 + V/10 + 5*B,Y
QLT_CHEM_FOMULA,20,,,C + Mn/6,Y
QLT_CHEM_FOMULA,21,,,C + Mn/10,Y
QLT_CHEM_FOMULA,22,,,C + Mn/6  + Si/24,Y
QLT_CHEM_FOMULA,23,,,C + Mn/6  + Si/24 + Cr/5 + V/14,Y
QLT_CHEM_FOMULA,24,,,C + Mn/6  + Si/24 + Cr/5 + V/14 + Ni/40,Y
QLT_CHEM_FOMULA,25,,,C + Mn/6  + Si/24 + Cr/5 + V/14 + Ni/40 + Mo/4,Y
QLT_CHEM_FOMULA,26,,,C + Mn/6  + (Ni+Cu)/15 + (Cr+Mo+V)/5,Y
QLT_CHEM_FOMULA,27,,,C + Mn/6  + Cr/10 + Mo/50 + V/10 + Ni/20 + Cu/40,Y
QLT_CHEM_FOMULA,28,,,C + Mn/6  + Si/24  + Ni/40 + Mo/4 + V/14,Y
QLT_CHEM_FOMULA,29,,,C + Mn/3,Y
QLT_CHEM_FOMULA,30,,,C+Mn/6+Si/24+Ni/15+Cr/5+Mo/4+Cu/13+P/2,Y
QLT_CHEM_FOMULA,31,,,C+Mn/6+Si/24+Ni/40+Cr/5+Mo/4+V/14,Y
QLT_CHEM_FOMULA,32,,,C+0.155(Cr+Mo)+0.14(Mn+V)+0.11Si+0.045(Ni+Cu),Y
QLT_CHEM_FOMULA,33,,,C+Nb/7.75,Y
QLT_CHEM_FOMULA,35,,,C-Nb/7.75,Y
QLT_CHEM_FOMULA,40,,,C+(Mn+Mo)/10+(Cr+Cu)/20+Ni/40,Y
QLT_CHEM_FOMULA,50,,,Cr+Cu+2Mo+10V+7Nb+5Ti-2,Y
QLT_CHEM_FOMULA,0I,,,26.01Cu+3.88Ni+1.20Cr+1.49Si+17.28P-7.29CuNi-9.10NiP-33.39Cu＾2,Y
QLT_CHEM_FOMULA,0J,,,(Si+Mn)×(P+Sn) ×10000,Y
QLT_CHEM_FOMULA,0X,,,(10P+5Sb+4Sn+As)/100,Y
QLT_CHEM_GRT_CD,1,检验判定,,,Y
QLT_CHEM_GRT_CD,2,检验不判定,,,Y
QLT_CHEM_TY,1,"一般成分元素 (C,SI,MN,P,S..)",일반성분원소,,Y
QLT_CHEM_TY,2,,,CEQ,Y
QLT_CHEM_TY,3,,,PCM,Y
QLT_CHEM_TY,4,复合成分元素,복합성분원소,,Y
QLT_CHEM_TY,5,I(耐腐蚀因子),,CF-I,Y
QLT_CHEM_TY,6,J(回火脆性敏感系数),,CF-J,Y
QLT_CHEM_TY,7,X(回火脆性敏感系数),,CF-X,Y
QLT_DSN_PRDCHEM_STD_TY,1,.产品成分允许偏差国家标准,국가제품성분허용차기준,,Y
QLT_DSN_PRDCHEM_STD_TY,2,客户保证基准,고객보증,,Y
QLT_DSN_STD_TY,1,客户保证基准,고객보증,,Y
QLT_DSN_STD_TY,2,公司保证基准,회사표준,,Y
QLT_DSN_STD_TY,3,国家标准基准,국가표준,,Y
QLT_DSN_STD_TY,4,合成,합성,,Y
QLT_DSN_STS,A,接收质量设计邀请,,Receipt Qality Design Request,Y
QLT_DSN_STS,B,共同设计报错,,Common Qality Design Error,Y
QLT_DSN_STS,C,保证设计报错,,Assurance Qality Design Error,Y
QLT_DSN_STS,D,制造标准设计报错,,Manufacture Qality Design Error,Y
QLT_DSN_STS,H,质量设计确认等待,,Item Confirm,Y
QLT_DSN_STS,J,质量设计确认,,Quality Design Confirm,Y
QLT_DSN_STS,K,不需要质量设计,,No Need to Quality Design,Y
QLT_DSN_STS,X,订单取消,,Order Cancel,Y
QLT_FPROC_CACGL_TY,1,,,1CAL,Y
QLT_FPROC_CACGL_TY,2,,,2CAL,Y
QLT_FPROC_CACGL_TY,3,,,3CGL,Y
QLT_FPROC_CACGL_TY,4,,,"1,2CAL",Y
QLT_FPROC_CRFN_TY,1,,,1RCL,Y
QLT_FPROC_CRFN_TY,2,,,2RCTL,Y
QLT_FPROC_CRFN_TY,3,,,3RCL,Y
QLT_FPROC_CRFN_TY,9,,,"ALL(1,2,3 RCL)",Y
QLT_FPROC_HOT_TY,1,1棒材,,1HR,Y
QLT_FPROC_HRFN_TY,1,1线材,,1HR RCL,Y
QLT_FPROC_PCMPOL_TY,1,,,1PPL,Y
QLT_FPROC_PCMPOL_TY,2,,,2PLTCM,Y
QLT_FPROC_PLT_TY,1,厚板,,,Y
QLT_FPROC_PRFN_TY,1,厚板精整,,,Y
QLT_FPROC_SMS_TY,1,1炼钢连铸,,1SMS,Y
QLT_FPROC_SMS_TY,2,2炼钢LF连铸,,2SMS,Y
QLT_FPROC_SMS_TY,3,3炼钢LF VD 连铸,,3SMS,Y
QLT_HCR_TY,A,,,DHCR,Y
QLT_HCR_TY,B,,,HCR,Y
QLT_HCR_TY,C,,,WCR,Y
QLT_HCR_TY,D,,,CCR,Y
QLT_HCR_TY,X,未指定,,,Y
QLT_MECH_GRT_CD,A,性能试验+性能判定+质保书发行,,,Y
QLT_MECH_GRT_CD,B,性能试验+性能判定,,,Y
QLT_MECH_GRT_CD,C,性能试验+质保书发行,,,Y
QLT_MECH_GRT_CD,D,性能试验,,,Y
QLT_MSG_CD,CCC01,,출강온도상한엄격,,Y
QLT_MSG_CD,CCC02,,출강온도하한엄격,,Y
QLT_MSG_CD,CCC03,,출강온도엄격 관리재,,Y
QLT_MSG_CD,CCC04,,RH 필수,,Y
QLT_MSG_CD,CCC05,,"초,말주편 여재",,Y
QLT_MSG_CD,CCC06,,주편냉각기준 준수,,Y
QLT_MSG_CD,CCC07,,용강온도 준수,,Y
QLT_MSG_CD,HSM01,,가열로 재로시간 상한준수,,Y
QLT_MSG_CD,HSM02,,가열로 추출온도 준수,,Y
QLT_MSG_CD,HSM03,,열연 사상압연출측온도 준수,,Y
QLT_MSG_CD,HSM04,,열연 권취온도 준수,,Y
QLT_MSG_CD,HSM05,,WAVE 엄격재,,Y
QLT_MSG_CD,HSM06,,"사상압연출측온도준수,권취온도준수",,Y
QLT_MSG_CD,HSM07,,"두께,폭 엄격재",,Y
QLT_MSG_CD,HSM08,,온도이상 관리재,,Y
QLT_MSG_CD,HSM09,,표면흠 등급 적용,,Y
QLT_MSG_CD,HSM10,,WAVE 정밀검사,,Y
QLT_MSG_CD,HSM11,,두께 정밀검사,,Y
QLT_MSG_CD,HSM12,,폭 정밀검사,,Y
QLT_MSG_CD,HSM13,,"두께,폭 정밀검사",,Y
QLT_MSG_CD,HSM14,,COIL BACK정밀검사,,Y
QLT_MSG_CD,HSM15,,EDGE CRACK 정밀검사,,Y
QLT_MSG_CD,HSM16,,CROWN 엄격재,,Y
QLT_MSG_CD,HSM17,,품질 엄격재,,Y
QLT_PHYTST_CD,TS,拉伸试验,,,Y
QLT_PHYTST_CD,BN,弯曲试验,,,Y
QLT_PHYTST_CD,IM,冲击试验,,,Y
QLT_PHYTST_CD,DW,落锤撕裂试验,,,Y
QLT_PHYTST_CD,HD,硬度试验,,,Y
QLT_PHYTST_CD,GS,金相显微组织测定,,,Y
QLT_PHYTST_CD,NM,非金属夹杂物检测,,,Y
QLT_PHYTST_CD,PP,磷印测试,,P_Print,Y
QLT_PHYTST_CD,SP,硫印试验,,,Y
QLT_PHYTST_CD,PS,磷偏析测试,,,Y
QLT_PHYTST_CD,CS,碳偏析评定,,,Y
QLT_PHYTST_CD,HC,抗氢致开裂试验,,,Y
QLT_PHYTST_CD,SS,硫化物应力腐蚀开裂试验,,SSCC,Y
QLT_PHYTST_CD,HT,高温拉伸试验,,,Y
QLT_PHYTST_CD,CL,洁净度检测,,,Y
QLT_PHYTST_CD,RG,表面粗糙度检测,,,Y
QLT_PHYTST_CD,EX,扩孔试验,,,Y
QLT_PHYTST_CD,FT,疲劳试验,,,Y
QLT_PHYTST_CD,SN,二次加工脆性试验,,,Y
QLT_PHYTST_CD,BH,烘烤硬化值测定试验,,,Y
QLT_PHYTST_CD,ER,埃里克森杯突试验,,,Y
QLT_PHYTST_CD,HP,氢渗透性试验,,,Y
QLT_PHYTST_CD,WV,波纹度检测,,,Y
QLT_PHYTST_CD,SB,回弹测试,,,Y
QLT_PHYTST_CD,CW,镀锌层质量试验,,,Y
QLT_PHYTST_CD,PT,耐指纹膜测量试验,,,Y
QLT_PHYTST_CD,CA,锌层附着性测试试验,,,Y
QLT_PHYTST_CD,OL,涂油量测定,,,Y
QLT_PHYTST_CD,SL,中性盐雾测试,,,Y
QLT_PHYTST_CD,AT,时效检验,,,Y
QLT_PHYTST_CD,CP,复合板指标,,,Y
QLT_PHYTST_CD,CT,CTOD检验,,,Y
QLT_PHYTST_CD,ND,NDT检验,,,Y
QLT_PHYTST_CD,NP,淬透性检验,,,Y
QLT_PHYTST_CD,PW,模拟焊后热处理,,,Y
QLT_PHYTST_CD,ZT,Z向拉伸试验,,,Y
QLT_PHYTST_CD,T1,拉伸追加试验1,,,Y
QLT_PHYTST_CD,T2,拉伸追加试验2,,,Y
QLT_PHYTST_CD,I1,冲击追加试验1,,,Y
QLT_PHYTST_CD,I2,冲击追加试验2,,,Y
QLT_PHYTST_CD,CD,成分分析试验,,,Y
QLT_PROC_YN,Y,可,,Yes,Y
QLT_PROC_YN,N,否,,No,Y
QLT_PROD_SHP_YP,C,卷,코일류,,Y
QLT_PROD_SHP_YP,P,板,판재류,,Y
QLT_SYS_BIZ,AA,订单质量 Main,품질설계 Main,,Y
QLT_SYS_BIZ,AB,订单质量_共同,주문품질_공통설계,,Y
QLT_SYS_BIZ,BC,订单标准_炼钢成分,주문품질_제강성분설계,,Y
QLT_SYS_BIZ,BD,订单标准_产品成分,주문품질_제품성분설계,,Y
QLT_SYS_BIZ,BE,订单质量_物性厚板,주문품질_열연PO물성설계,,Y
QLT_SYS_BIZ,BF,订单质量_物性线材,주문품질_냉연물성설계,,Y
QLT_SYS_BIZ,BG,订单质量_尺寸形状允许偏差,주문품질_치수형상 허용차설계,,Y
QLT_SYS_BIZ,BH,订单质量_外观形状等级,주문품질_외관형산등급설계,,Y
QLT_SYS_BIZ,CA,订单质量_炼钢内控钢种,주문품질_제강사내강종설계,,Y
QLT_SYS_BIZ,CB,订单质量_棒材制造标准,,,Y
QLT_SYS_BIZ,CC,订单质量_线材制造标准,,,Y
QLT_SYS_BIZ,CK,订单质量_热轧制造标准,주문품질_열연제조표준설계,,Y
QLT_SYS_BIZ,CL,订单质量_冷轧制造标准,주문품질_냉연제조표준설계,,Y
QLT_SYS_BIZ,CM,订单质量_质量信息,주문품질_품질메시지설계,,Y
QLT_SYS_BIZ,DN,订单标准_ITEM要求,주문품질_Item요청,,Y
QLT_SYS_BIZ,AP,订单标准_设计错误,주문품질_설계오류,,Y
QLT_SZSHP_TOL_CD,THK,厚度偏差,두께허용차,,Y
QLT_SZSHP_TOL_CD,WTH,宽度偏差,폭허용차,,Y
QLT_SZSHP_TOL_CD,LTH,长度偏差,길이허용차,,Y
QLT_SZSHP_TOL_CD,DIA,直径偏差,,,Y
QLT_SZSHP_TOL_CD,BYD,不圆度偏差,,,Y
QLT_SZSHP_TOL_CD,PLT,不平度,WAVINESS 평탄도 (평면과 코일파와의 차이),,Y
QLT_SZSHP_TOL_CD,CRW,凸度 |tc - (tw + td)/2|,,Crown |tc - (tw + td)/2|,Y
QLT_SZSHP_TOL_CD,CMB,镰刀弯,Camber 만곡도(직선도) : 코일길이방향과 직선과의 편차,,Y
QLT_SZSHP_TOL_CD,WDG,斜楔|tw-td| : 两边厚度差异,Wedge |tw-td| : 양쪽두께차이,,Y
QLT_SZSHP_TOL_CD,TLS,塔形,,Telescope,Y
QLT_SZSHP_TOL_CD,HSP,错层,Hi-Sopt(??) (코일 측면이 나온것 들어간것이 있게 감기는 것),,Y
QLT_SZSHP_TOL_CD,WSD,边浪浪形（侧波）,외곡H (외측변파),,Y
QLT_SZSHP_TOL_CD,WCT,中间浪浪形（中波）,중곡H (중간파),,Y
QLT_SZSHP_TOL_CD,WSK,切斜,,,Y
QLT_SZSHP_TOL_CD,STE,急峻度,,,Y
QLT_TOL_CAMBER_UNT_TY,A,按全长,전장당,,Y
QLT_TOL_CAMBER_UNT_TY,B,每1M,1M당,,Y
QLT_TOL_CAMBER_UNT_TY,K,每1.5M,1.5M당,,Y
QLT_TOL_CAMBER_UNT_TY,C,每2M,2M당,,Y
QLT_TOL_CAMBER_UNT_TY,E,每6M,6M당,,Y
QLT_TOL_CAMBER_UNT_TY,F,每10M,10M당,,Y
QLT_TOL_CAMBER_UNT_TY,G,每6Feet,6Feet당,,Y
QLT_TOL_CAMBER_UNT_TY,S,每8Feet,8Feet당,,Y
QLT_TOL_CAMBER_UNT_TY,J,每20Feet,20Feet당,,Y
QLT_TOL_CAMBER_UNT_TY,Z,适用按全长的计算公式,전장당 계산식 적용,,Y
QLT_TOL_MAX_FOMULA,U,值(um),값(um..),,Y
QLT_TOL_MAX_FOMULA,M,值(mm..),값(mm..),,Y
QLT_TOL_MAX_FOMULA,P,百分比(%),페센트(%),,Y
QLT_TOL_MIN_FOMULA,M,值(mm),값(mm),,Y
QLT_TOL_MIN_FOMULA,P,百分比(%),페센트(%),,Y
QLT_TOL_MIN_FOMULA,U,值(um),,,Y
QLT_TOL_UNT_TY,CMB01,,,Camber Std.,Y
QLT_TOL_UNT_TY,WSD01,,중국규격 외곡,GB Standatd,Y
QLT_TOL_UNT_TY,WCT01,,중국규격 중곡,GB Standatd,Y
QLT_TOL_UNT_TY,PLT01,,2000 MM 측정판,2000 MM,Y
QLT_TOL_UNT_TY,PLT02,,,mm/1m,Y
QLT_TOL_UNT_TY,PLT03,,,mm/2m,Y
QLT_TRK_ABNR_ACTION_CD,X,,,Scrap,Y
QLT_TRK_ABNR_ACTION_CD,G,余材,,,Y
QLT_TRK_ABNR_ACTION_CD,W,增加取样,,,Y
QLT_TRK_ABNR_ACTION_CD,C,不良部位 Cutting,,,Y
QLT_TRK_ABNR_ACTION_CD,R,复验,,,Y
QLT_TRK_ABNR_ACTION_CD,D,复判,,,Y
QLT_TRK_ABNR_ACTION_CD,S,钢种变更（替代）,,,Y
QLT_TRK_CD,MLCJ,,,MLCJ,Y
QLT_TRK_CD,111,,,,Y
QLT_TRK_CD,222,,,,Y
QLT_TRK_CD,333,,,,Y
QLT_TRK_CD,AAAA,,,aaaa,Y
QTY_TOL_UNIT_CD,W,,,Weight,Y
QTY_TOL_UNIT_CD,R,,,Rate(%),Y
QUALITY_FLAG,Y,合格,,surface quality qualification,Y
QUALITY_FLAG,N,不合格,,Surface quality is not qualified,Y
QUERY_TY,C,,,Code,Y
QUERY_TY,P,,,Popup,Y
RAIL_STATION,吴集,吴集,,,Y
REFLUX_GAS_TY,A,,,A,Y
REFLUX_GAS_TY,M,,,M,Y
REFLUX_GAS_TY,N,,,N,Y
REGION_CD,C01,华北,,,Y
REGION_CD,C02,东北,,,Y
REGION_CD,C03,华东,,,Y
REGION_CD,C08,港澳台地区,,,Y
REGION_CD,C05,华南,,,Y
REGION_CD,C06,西南,,,Y
REGION_CD,C07,西北,,,Y
REGION_CD,C04,华中,,,Y
REJECT_CD,1,回原料库,,,Y
REJECT_CD,2,炉前剔除,,,Y
REJECT_TYPE,1,回炉,,,Y
REJECT_TYPE,2,剔除,,,Y
REJ_OCC_REA_CD,C1,,,Cooling Status in Line,Y
REJ_OCC_REA_CD,C2,,,Supply Delay in Line,Y
REJ_OCC_REA_CD,C3,,,Weighing Error,Y
REJ_OCC_REA_CD,C4,,,Out of Order,Y
REJ_OCC_REA_CD,D1,,,Out of Order of PDI,Y
REJ_OCC_REA_CD,D2,,,Line assign Error of PDI,Y
REJ_OCC_REA_CD,D3,,,Over Roll,Y
REJ_OCC_REA_CD,D4,,,Product Control Dept's Request,Y
REJ_OCC_REA_CD,E1,,,Order Cancel,Y
REJ_OCC_REA_CD,E2,,,Order Change,Y
REJ_OCC_REA_CD,F1,,,Sampling Cut Again,Y
REJ_OCC_REA_CD,F2,,,Split Miss,Y
REJ_OCC_REA_CD,F3,,,In/Out Dia Error,Y
REJ_OCC_REA_CD,F4,,,Test Material,Y
REJ_OCC_REA_CD,H1,,,Location not clear,Y
REJ_OCC_REA_CD,H2,,,Coil-No err,Y
REJ_OCC_REA_CD,J1,,,Line Facility Err,Y
REJ_OCC_REA_CD,J2,,,Crane Facility Err,Y
REJ_OCC_REA_CD,J9,,,others in Facility,Y
REJ_OCC_REA_CD,K1,,,Information Err,Y
REJ_OCC_REA_CD,K9,,,Other in Information,Y
REJ_RSN,1,炉头钢,,,Y
REJ_RSN,2,轧线原因,,,Y
REJ_RSN,3,在炉时间超限,,,Y
REJ_RSN,5,板坯质量缺陷,,,Y
REJ_RSN,6,板坯数据与实物不符,,,Y
REJ_RSN,7,其他,,,Y
REP_YN,Y,,대표,,Y
REP_YN,N,,종속,,Y
REQ_SECTOR,P,,,POSCO ICT,Y
REQ_SECTOR,S,,,SHANXIN,Y
REQ_SECTOR,R,,,RIZHAO,Y
REQ_STS,R,,,Registered,Y
REQ_STS,A,,,Accepted,Y
REQ_STS,W,,,Working,Y
REQ_STS,F,,,Finished,Y
REQ_STS,C,,,Canceled,Y
REQ_STS,P,,,Pending,Y
REQ_STS,I,,,Issueed,Y
RESMP_GTH_CAU_TY,A,,재질불합격,,Y
RESMP_GTH_CAU_TY,B,,시편미인도,,Y
RESMP_GTH_CAU_TY,C,,두께불량,,Y
RESMP_GTH_CAU_TY,D,,Size불량,,Y
RESMP_GTH_CAU_TY,E,,시편현물누락,,Y
RESMP_GTH_CAU_TY,F,,시편번호 확인불가,,Y
RESMP_GTH_CAU_TY,H,,입고처리 Miss,,Y
RESULT_TYPE,O,,,Oracel Object,Y
RESULT_TYPE,D,,,Direct,Y
RETEST_EXEC_YN,Y,,,Y,Y
RETEST_EXEC_YN,N,,,N,Y
RE_BLW_REASON_TY,C,,,CNB,Y
RE_BLW_REASON_TY,I,,,SINB,Y
RE_BLW_REASON_TY,P,,,PNB,Y
RE_BLW_REASON_TY,S,,,SNB,Y
RE_BLW_REASON_TY,T,,,TNB,Y
RE_BLW_REASON_TY,X,,,Etc,Y
RE_BLW_REASON_TY,Z,,공정TNB,Process TNB,Y
RH_DEGAS_TIME_TY,A,5min以内,,,Y
RH_DEGAS_TIME_TY,B,,,6-10min,Y
RH_DEGAS_TIME_TY,C,,,11min-15min,Y
RH_DEGAS_TIME_TY,D,16min以上,,,Y
RH_DEGAS_TIME_TY,E,无要求,,,Y
RH_PROC_PTRN,1_N,,PI처리 and 처리미지정(SPACE) and Oxygeon Blowing 미실시,PI and Processing not defined(SPACE) and No Oxygeon Blowing,Y
RH_PROC_PTRN,1_Y,,PI처리 and 처리미지정(SPACE) and Oxygeon Blowing 실시,PI and Processing not defined(SPACE) and Oxygeon Blowing,Y
RH_PROC_PTRN,1PN,,PI처리 and Powder Injection and Oxygeon Blowing 미실시,PI and Powder Injection and No Oxygeon Blowing,Y
RH_PROC_PTRN,1PY,,PI처리 and Powder Injection and Oxygeon Blowing 실시,PI and Powder Injection and Oxygeon Blowing,Y
RH_PROC_PTRN,1WN,,PI처리 and Wire Feeding and Oxygeon Blowing 미실시,PI and Wire Feeding and No Oxygeon Blowing,Y
RH_PROC_PTRN,1WY,,PI처리 and Wire Feeding and Oxygeon Blowing 실시,PI and Wire Feeding and Oxygeon Blowing,Y
RH_PROC_PTRN,A_N,,RH+PI and 처리미지정(SPACE) and Oxygeon Blowing 미실시,RH+PI and Processing not defined(SPACE) and No Oxygeon Blowing,Y
RH_PROC_PTRN,A_Y,,RH+PI and 처리미지정(SPACE) and Oxygeon Blowing 실시,RH+PI and Processing not defined(SPACE) and Oxygeon Blowing,Y
RH_PROC_PTRN,APN,,RH+PI and Powder Injection and Oxygeon Blowing 미실시,RH+PI and Powder Injection and No Oxygeon Blowing,Y
RH_PROC_PTRN,APY,,RH+PI and Powder Injection and Oxygeon Blowing 실시,RH+PI and Powder Injection and Oxygeon Blowing,Y
RH_PROC_PTRN,AWN,,RH+PI and Wire Feeding and Oxygeon Blowing 미실시,RH+PI and Wire Feeding and No Oxygeon Blowing,Y
RH_PROC_PTRN,AWY,,RH+PI and Wire Feeding and Oxygeon Blowing 실시,RH+PI and Wire Feeding and Oxygeon Blowing,Y
RH_PROC_PTRN,C_N,,RH+GI and 처리미지정(SPACE) and Oxygeon Blowing 미실시,RH+GI and Processing not defined(SPACE) and No Oxygeon Blowing,Y
RH_PROC_PTRN,C_Y,,RH+GI and 처리미지정(SPACE) and Oxygeon Blowing 실시,RH+GI and Processing not defined(SPACE) and Oxygeon Blowing,Y
RH_PROC_PTRN,H_N,,중처리 and 처리미지정(SPACE) and Oxygeon Blowing 미실시,,Y
RH_PROC_PTRN,H_Y,,중처리 and 처리미지정(SPACE) and Oxygeon Blowing 실시,,Y
RH_PROC_PTRN,HPN,,중처리 and Powder Injection and Oxygeon Blowing 미실시,,Y
RH_PROC_PTRN,HPY,,중처리 and Powder Injection and Oxygeon Blowing 실시,,Y
RH_PROC_PTRN,HWN,,중처리 and Wire Feeding and Oxygeon Blowing 미실시,,Y
RH_PROC_PTRN,HWY,,중처리 and Wire Feeding and Oxygeon Blowing 실시,,Y
RH_PROC_PTRN,L_N,,경처리 and 처리미지정(SPACE) and Oxygeon Blowing 미실시,,Y
RH_PROC_PTRN,L_Y,,경처리 and 처리미지정(SPACE) and Oxygeon Blowing 실시,,Y
RH_PROC_PTRN,LPN,,경처리 and Powder Injection and Oxygeon Blowing 미실시,,Y
RH_PROC_PTRN,LPY,,경처리 and Powder Injection and Oxygeon Blowing 실시,,Y
RH_PROC_PTRN,LWN,,경처리 and Wire Feeding and Oxygeon Blowing 미실시,,Y
RH_PROC_PTRN,LWY,,경처리 and Wire Feeding and Oxygeon Blowing 실시,,Y
RH_PROC_PTRN,Z_N,,기타처리(단순BB) and 처리미지정(SPACE) and Oxygeon Blowing 미실시,,Y
RH_PROC_PTRN,Z_Y,,기타처리(단순BB) and 처리미지정(SPACE) and Oxygeon Blowing 실시,,Y
RH_PROC_PTRN,ZPN,,기타처리(단순BB) and Powder Injection and Oxygeon Blowing 미실시,,Y
RH_PROC_PTRN,ZPY,,기타처리(단순BB) and Powder Injection and Oxygeon Blowing 실시,,Y
RH_PROC_PTRN,ZWN,,기타처리(단순BB) and Wire Feeding and Oxygeon Blowing 미실시,,Y
RH_PROC_PTRN,ZWY,,기타처리(단순BB) and Wire Feeding and Oxygeon Blowing 실시,,Y
RH_PROC_PTRN,1,轻处理,,,Y
RH_PROC_PTRN,2,本处理,,,Y
RH_TREAT_TIME_TY,A,10min以下,,,Y
RH_TREAT_TIME_TY,B,,,11-15min,Y
RH_TREAT_TIME_TY,C,,,16-20min,Y
RH_TREAT_TIME_TY,D,24min以上,,,Y
RH_TREAT_TIME_TY,E,无要求,,,Y
RH_VACUM_REQ_TY,A,不高于100pa,,,Y
RH_VACUM_REQ_TY,B,不高于150pa,,,Y
RH_VACUM_REQ_TY,C,不高于200pa,,,Y
RH_VACUM_REQ_TY,D,不作要求,,,Y
RJT_CAUSE_CD,1,第一个原因,,,Y
RJT_CAUSE_CD,2,第二个原因,,,Y
RJT_CAUSE_FCE_CD,01,出坯规格错误,,,Y
RJT_NO_FG,Y,轧废,,,Y
RJT_NO_FG,N,正常轧制,,,Y
RJT_POS,1,,,RM Entry,Y
RJT_POS,2,,,RM,Y
RJT_POS,3,,,FM Entry(RM Delivery),Y
RJT_POS,4,,,FM,Y
RJT_POS,5,,,FM Delivery,Y
RJT_POS,6,,,DC,Y
RLG_MILL_TY,R,,,Roughing Mill,Y
RLG_MILL_TY,E,,,Edging Mill,Y
RLG_MILL_TY,F,,,Finishing Mill,Y
RLG_RJCT_POS,1,,,RM Entry,Y
RLG_RJCT_POS,2,,,RM,Y
RLG_RJCT_POS,3,,,FM Entry(RM Delivery),Y
RLG_RJCT_POS,4,,,FM,Y
RLG_RJCT_POS,5,,,FM Delivery,Y
RLG_RJCT_POS,6,,,DC,Y
RMAT_DET_KIND_TY,AA,原料.铁矿石.粉矿,원료.철광석.분광,,Y
RMAT_DET_KIND_TY,AB,原料.铁矿石.块矿,원료.철광석.괴광,,Y
RMAT_DET_KIND_TY,AC,原料.铁矿石.球团,원료.철광석.펠렛,,Y
RMAT_DET_KIND_TY,AD,原料.铁矿石.铁精粉,원료.철광석.철정분,,Y
RMAT_DET_KIND_TY,AE,原料.铁矿石.赤铁粉,원료.철광석.적철분,,Y
RMAT_DET_KIND_TY,BA,原料.煤炭.炼焦煤,코크스용석탄,,Y
RMAT_DET_KIND_TY,BB,原料.煤炭.喷吹煤,PCI탄,,Y
RMAT_DET_KIND_TY,BC,原料.煤炭.烧结用煤,소결용탄,,Y
RMAT_DET_KIND_TY,BD,原料.煤炭.动力煤,동력용탄,,Y
RMAT_DET_KIND_TY,BE,原料.煤炭.焦炭,코크스,,Y
RMAT_MAJ_KIND_TY,A,铁矿石,,Iron Ore,Y
RMAT_MAJ_KIND_TY,B,煤,,Coal,Y
RMAT_MAJ_KIND_TY,C,副原料,,Flux,Y
RMAT_MAJ_KIND_TY,Z,烧结配料,,Buy Prod,Y
RMTRL_TY,SC_IN,,"스크랩, 자가","Scrap, Inbound",Y
RMTRL_TY,SC_OUT,,"스크랩, 구매","Scrap, Outbound",Y
RMTRL_TY,FA_NI,,"합금철, Ni류",Ferro Alloy - Ni,Y
RMTRL_TY,FA_CR,,"합금철, Cr류",Ferro Alloy - Cr,Y
RMTRL_TY,ETC,,기타,Etc,Y
RM_INOUT_FL,I,消耗,,,Y
RM_INOUT_FL,O,产量,,,Y
RM_INSP_STS,O,,,Order,Y
RM_INSP_STS,R,,,Result,Y
RM_INSP_STS,C,,,Cancel,Y
RM_INST_TY,A,,,Arrival Schedule,Y
RM_INST_TY,B,,,Release,Y
RM_INST_TY,C,,,RM Inspection Request,Y
RM_MAN_ITEM_DESC_CD,ZRBA01,原料.煤炭.炼焦煤.国内焦煤,,,Y
RM_MAN_ITEM_DESC_CD,ZRBA02,原料.煤炭.炼焦煤.进口焦煤,,,Y
RM_MAN_ITEM_DESC_CD,ZRBA03,原料.煤炭.炼焦煤.肥煤,,,Y
RM_MAN_ITEM_DESC_CD,ZRBA04,原料.煤炭.炼焦煤.气煤,,,Y
RM_MAN_ITEM_DESC_CD,ZRBA05,原料.煤炭.炼焦煤.瘦煤,,,Y
RM_MAN_ITEM_DESC_CD,ZRBA06,原料.煤炭.炼焦煤.贫瘦煤,,,Y
RM_MAN_ITEM_DESC_CD,ZRBA07,原料.煤炭.炼焦煤.1/3焦煤,,,Y
RM_MAN_ITEM_DESC_TY,1,供应商 ITEM,,Supply Item,Y
RM_MAN_ITEM_DESC_TY,2,代表品名,,Representative Item name,Y
RM_MAN_ITEM_DESC_TY,3,半成品,,Supply & Repre.Item name,Y
RM_MOVE_TY,T,汽车,,,Y
RM_MOVE_TY,B,皮带,,,Y
RM_MOVE_TY,R,轨道,,,Y
RM_PAK_TY,A,,,Pallet,Y
RM_PAK_TY,B,,,Bag,Y
RM_PAK_TY,C,,,Bulk,Y
RM_PAK_TY,D,,,Drum,Y
RM_PAK_TY,E,,,Bend,Y
RM_PAK_TY,G,,,10Kg,Y
RM_REQ_DEPT,0002,炼铁,,,Y
RM_REQ_DEPT,0001,炼钢,,,Y
RM_REQ_SITE,1,地点1,,,Y
RM_REQ_SITE,2,地点2,,,Y
RM_SHIP_DIS_ITEM_TP_TY,A,铁矿石,철광석,,Y
RM_SHIP_DIS_ITEM_TP_TY,B,煤炭,,Coal,Y
RM_SHIP_DIS_ITEM_TP_TY,C,其他矿产,기타광물,,Y
RM_SHIP_DIS_ITEM_TP_TY,D,含铁原料,철원류,,Y
RM_SHIP_DIS_ITEM_TP_TY,E,铁合金.,비철금속,,Y
RM_SHIP_DIS_ITEM_TP_TY,G,其他原料,기타원료,,Y
RM_TY,A,,,Iron Ore,Y
RM_TY,B,,,Coal,Y
RM_UNLOAD_PROG_TY,1,预计入港,입항예정,,Y
RM_UNLOAD_PROG_TY,2,入港,입항,,Y
RM_UNLOAD_PROG_TY,3,需要,접안,,Y
RM_UNLOAD_PROG_TY,4,开始,착수,,Y
RM_UNLOAD_PROG_TY,5,完成,완료,,Y
RM_UNLOAD_PROG_TY,6,出港,출항,,Y
RM_USAGE_TY,RAA,铁矿石-粉矿,Iron Ore(Fine)_철광석-분광,,Y
RM_USAGE_TY,RAB,铁矿石-块矿,Iron Ore(Lump)_철광석-괴광,,Y
RM_USAGE_TY,RAC,铁矿石-球团,Iron Ore(Pellet)_철광석-펠렛,,Y
RM_USAGE_TY,RAD,铁矿石-铁精粉,Iron Ore(Iron Powder)_철광석-철정분,,Y
RM_USAGE_TY,RAE,铁矿石-赤铁粉,Iron Ore(Hematite Powder)_철광석-적철분,,Y
RM_USAGE_TY,RBA,煤炭-无烟煤,Coal(Anthracite Coal )_석탄-무연탄,,Y
RM_USAGE_TY,RBB,煤炭-焦煤,Coal(Coking Coal)_석탄-점결탄,,Y
RM_USAGE_TY,RBC,煤炭-瘦煤,Coal(Meager Lean Coal)_석탄-조악탄,,Y
RM_USAGE_TY,RBD,煤炭-焦炭块,Coal(Coke)_석탄-코크스,,Y
RM_USAGE_TY,RBE,煤炭-一般煤,Coal(General Coal)_석탄-일반탄,,Y
RM_USAGE_TY,RBF,煤炭-喷吹煤,Coal(PCI Coal)_석탄-PCI탄,,Y
RM_USAGE_TY,RBG,煤炭-气煤,Coal(Gas Coal)_석탄-가스용탄,,Y
RM_USAGE_TY,RBH,煤炭-有烟煤,Coal(Fat Coal)_석탄-유연탄,,Y
RM_USAGE_TY,RCA,其他矿产-白云石,Minerals(Dolomite)_기타광산물-백운석,,Y
RM_USAGE_TY,RCB,其他矿产-萤石,Minerals(Fluorite)_기타광산물-형석,,Y
RM_USAGE_TY,RCC,其他矿产-硅石,Minerals(Silica)_기타광산물-규석,,Y
RM_USAGE_TY,RCD,其他矿产-石灰石,Minerals(Limestone)_기타광산물-석회석,,Y
RM_USAGE_TY,RCE,其他矿产-锰矿,Minerals(Mangan Ore)_기타광산물-망간광,,Y
RM_USAGE_TY,RCF,其他矿产-镍矿,Minerals(Nickel ore)_기타광산물-NI류,,Y
RM_USAGE_TY,RCG,其他矿产-蛇纹岩,Minerals(Serpentine?)_기타광산물-사문암,,Y
RM_USAGE_TY,RCH,其他矿产-钛矿,Minerals(Titanium Ore)_기타광산물-TI광,,Y
RM_USAGE_TY,RCJ,其他矿产-膨润土,Minerals(bentonite)_기타광산물-벤토나이트,,Y
RM_USAGE_TY,RDA,含铁原料-废铁类,Metallics(Scrap)_철원류-고철류,,Y
RM_USAGE_TY,RDZ,含铁原料-其它,Metallics(etc)_철원류-기타,,Y
RM_USAGE_TY,REA,铁合金-硅锰,Ferro Alloys(Si-Mn)_합금철-Si-Mn,,Y
RM_USAGE_TY,REB,铁合金-硅铁,Ferro Alloys(Fe-Si)_합금철-Fe-Si,,Y
RM_USAGE_TY,REC,铁合金-锰铁,Ferro Alloys(Fe-Mn)_합금철-Fe-Mn,,Y
RM_USAGE_TY,REZ,铁合金-特殊合金铁,Ferro Alloys(Special alloy iron)_합금철-특수합금철,,Y
RM_USAGE_TY,RFA,非铁类金属-铝类,Non Ferro Metals(Aluminium)_비철금속-AL류,,Y
RM_USAGE_TY,RFB,非铁类金属-锌类,Non Ferro Metals(Zinc)_비철금속-ZN류,,Y
RM_USAGE_TY,RFC,非铁类金属-线类,Non Ferro Metals(Wire)_비철금속-WIRE류,,Y
RM_USAGE_TY,RFZ,非铁类金属-其它金属,Non Ferro Metals(etc)_비철금속-기타금속,,Y
RM_USAGE_TY,RGA,其他原料-增碳剂,Other Raw Materials(Recarburizer)_기타원료-가탄제,,Y
RM_USAGE_TY,RGB,其他原料-脱硫剂,Other Raw Materials(Desulfurization)_기타원료-탈류제,,Y
RM_USAGE_TY,RGC,其他原料-脱磷剂,Other Raw Materials(Dephosphorizing)_기타원료-탈린제,,Y
RM_USAGE_TY,RGD,其他原料-熔剂,Other Raw Materials(Flux)_기타원료-용제,,Y
RM_USAGE_TY,RGE,其他原料-后处理溶液,Other Raw Materials(Post Treatment)_기타원료-후처리용액,,Y
RM_USAGE_TY,RGF,其他原料-涂层剂,Other Raw Materials(Coating)_기타원료-코팅제,,Y
RM_USAGE_TY,G1A,炼铁-球团,Iron Making(Pellet)_제선-Pellet,,Y
RM_USAGE_TY,G1B,炼铁-烧结,Iron Making(Sintered Ore)_제선-소결,,Y
RM_USAGE_TY,G1C,炼铁-铁水,Iron Making(Pig Iron)_제선-용선,,Y
RM_USAGE_TY,G1D,炼铁-冷铁,Iron Making(Cold Iron)_제선-냉선,,Y
RM_USAGE_TY,G2A,焦化-焦炭,Coking(Coke)_화성-코크스,,Y
RM_USAGE_TY,G3A,炼钢-炼钢,Steel Making(Steel)_제강-제강,,Y
RM_USAGE_TY,G8A,副产物-炼铁,Dross(Iron Making)_부산물-제선,,Y
RM_USAGE_TY,G8B,副产物-焦化,Dross(Coking)_부산물-화성,,Y
RM_USAGE_TY,G8C,副产物-氧化铁皮,Dross(Oxidizing Scale)_부산물-산화Scale,,Y
RM_USAGE_TY,G8D,副产物-废阳极,Dross(WasteAnode)_부산물-폐Anode,,Y
RM_USAGE_TY,G8E,副产物-废卷,Dross(Waste Roll)_부산물-폐Roll,,Y
RM_USAGE_TY,G8F,副产物-废板,Dross(Waste Plate)_부산물-폐Plate,,Y
RM_USAGE_TY,G8G,副产物-锌渣,Dross(Recycled Zinc)_부산물-재활용아연,,Y
RM_USAGE_TY,G8H,副产物-生石灰,Dross(Powder Calcium Limestone)_부산물-생석회,,Y
RM_USAGE_TY,G8J,副产物-焦粉,Dross(Powder Coke)_부산물-분Coke,,Y
RM_USAGE_TY,G8K,副产物-钢渣,Dross(Steel Making Slag)_부산물-제강Slag,,Y
RM_USAGE_TY,G8L,副产物-尘,Dross(Dust)_부산물-Dust,,Y
RM_USAGE_TY,G8M,副产物-铁渣,Dross(Iron Making Slag)_부산물-제선Slag,,Y
RM_USAGE_TY,G9A,矿渣/铁块-渣钢,Base Metal/Scrap(CarbonSteel BaseMetal)_지금/Scrap-탄소강지금,,Y
RM_USAGE_TY,G9B,矿渣/铁块-碳素钢废料,Base Metal/Scrap(CarbonSteel Scrap)_지금/Scrap-탄소강Scrap,,Y
RM_USAGE_TY,ZG1,,소결배합,,Y
ROLL_CHG_RSN_CD,N,,,Normal,Y
ROLL_CHG_RSN_CD,U,,,Unnormal,Y
ROLL_CTRL_TY,1,,,Length,Y
ROLL_CTRL_TY,2,,,Weight,Y
ROLL_DIA_DS,ROLL_DIA_D,,,ROLL_DIA_DS,Y
ROLL_DISCARD_RSN_TY,C1,,DIA 미달,Below The Standard Effective DIA,Y
ROLL_DISCARD_RSN_TY,C2,,스풀링,Spooling,Y
ROLL_DISCARD_RSN_TY,C3,,크랙잔류,Crack,Y
ROLL_DISCARD_RSN_TY,C4,,기공발생,Air in the Roll,Y
ROLL_DISCARD_RSN_TY,C5,,네크절손,Neak breakdown,Y
ROLL_DISCARD_RSN_TY,C6,,변형,Transforming,Y
ROLL_DISCARD_RSN_TY,C7,,경도미달,Below Hardness,Y
ROLL_DISCARD_RSN_TY,C8,,베아링소손,Bearing Breakdown,Y
ROLL_GRIND_MC_NO,1,华辰 1,,,Y
ROLL_GRIND_MC_NO,2,华辰 2,,,Y
ROLL_GRIND_MC_NO,3,华辰 3,,,Y
ROLL_GRIND_MC_NO,4,,,Herkules 1,Y
ROLL_GRIND_MC_NO,5,,,Herkules 2,Y
ROLL_GRIND_RSN_TY,A0,,,ROLLED CHARTERING,Y
ROLL_GRIND_RSN_TY,A1,,,REGULLAR CHANGE,Y
ROLL_GRIND_RSN_TY,A2,,,BENT,Y
ROLL_GRIND_RSN_TY,A3,,,ROLL TIRED,Y
ROLL_GRIND_RSN_TY,A4,,,SLIP,Y
ROLL_GRIND_RSN_TY,A5,,,TWISTED,Y
ROLL_GRIND_RSN_TY,A6,,,STRIP ATTACHED,Y
ROLL_GRIND_RSN_TY,A7,,,CRACK,Y
ROLL_GRIND_RSN_TY,A8,,,SPALLING,Y
ROLL_GRIND_RSN_TY,A9,,,SCRATCH,Y
ROLL_GRIND_RSN_TY,B0,,,ROLL MISSHANDLING,Y
ROLL_GRIND_RSN_TY,B1,,,ABNORMAL ROUGHNESS,Y
ROLL_GRIND_RSN_TY,B2,,,BENDING,Y
ROLL_GRIND_RSN_TY,B3,,,ROLLING ACCIDENT,Y
ROLL_GRIND_RSN_TY,B4,,,DULL MARK MISS,Y
ROLL_GRIND_RSN_TY,B5,,,SURFACE SHAPE MISS,Y
ROLL_GRIND_RSN_TY,B6,,,DULL WORK MISS,Y
ROLL_GRIND_RSN_TY,B7,,,GRINDING CHARTING,Y
ROLL_GRIND_RSN_TY,B8,,,GRINDING SCRATCH,Y
ROLL_GRIND_RSN_TY,B9,,,RUST,Y
ROLL_LOC_TY,T,,,Top,Y
ROLL_LOC_TY,B,,,Bottom,Y
ROLL_LOC_TY,O,,,Operate,Y
ROLL_LOC_TY,D,,,Drive,Y
ROLL_MAK_CD,AAAAA,,,Test Roll Maker,Y
ROLL_MAK_TP,AAA,,,test A,Y
ROLL_MAK_TP,BBB,,,TEST B,Y
ROLL_MTRL,5CR__,5Cr支承辊,,5Cr,Y
ROLL_MTRL,YB75_,5Cr支承辊一重,,YB75,Y
ROLL_MTRL,TS___,R1工具钢-共昌,,TS,Y
ROLL_MTRL,HCRS_,高铬钢-共昌,,HCRS,Y
ROLL_MTRL,160__,,,160CrNiMo,Y
ROLL_MTRL,HCRII,高铬铁-邢机,,HCrⅡ,Y
ROLL_MTRL,ICV__,ICDP-邢机,,ICⅤ,Y
ROLL_MTRL,HSS__,高速钢,,HSS,Y
ROLL_MTRL,CS3__,高铬铁-共昌,,CS3,Y
ROLL_MTRL,AS___,ICDP-共昌,,AS,Y
ROLL_PAT,1,AR普通轧制,,,Y
ROLL_PAT,2,CR控轧,,,Y
ROLL_PRCS_TY,B,,,Bright,Y
ROLL_PRCS_TY,D,,,Dull,Y
ROLL_PRCS_TY,E,,,EDT,Y
ROLL_PROG_CD,A,入库,"입고,Inbound",,Y
ROLL_PROG_CD,B,接收,"인수,Receipt",,Y
ROLL_PROG_CD,C,分解,"분해,Disassemble",,Y
ROLL_PROG_CD,D,研磨,"연마,Grinding",,Y
ROLL_PROG_CD,E,组装,"조립완료,End Assemble",,Y
ROLL_PROG_CD,F,上机,"투입,Input",,Y
ROLL_PROG_CD,G,下机,"추출,Extract",,Y
ROLL_PROG_CD,Z,报废,폐기,,Y
ROLL_SHP_CD,1,圆弧1,,Radius1,Y
ROLL_SHP_CD,2,圆弧2,,Radius2,Y
ROLL_SHP_CD,3,双圆弧,,Radius1+ Radius2,Y
ROLL_SHP_CD,4,斜坡形,,Flate,Y
ROLL_STAND_TY,R1,粗轧机架1,,SHR,Y
ROLL_STAND_TY,R2,粗轧机架2,,SHR,Y
ROLL_STAND_TY,E2,磨边轧机架,,SHR,Y
ROLL_STAND_TY,F1,精轧机架1,,"SHR,SPM",Y
ROLL_STAND_TY,F2,精轧机架2,,SHR,Y
ROLL_STAND_TY,F3,精轧机架3,,SHR,Y
ROLL_STAND_TY,F4,精轧机架4,,SHR,Y
ROLL_STAND_TY,F5,精轧机架5,,SHR,Y
ROLL_STAND_TY,F6,精轧机架6,,SHR,Y
ROLL_STAND_TY,F7,精轧机架7,,SHR,Y
ROLL_STS,0,,미사용,Not Use,Y
ROLL_STS,1,,사용,Use,Y
ROLL_STS,2,,폐기,Discard,Y
ROLL_TY,W,,,Work Roll,Y
ROLL_TY,B,,,Backup Roll,Y
ROLL_TY,I,,,Intermediate Roll,Y
ROLL_TY,E,,,Edge Roll,Y
ROLL_UNIT_FL,H,,,H,Y
ROLL_UNIT_FL,C,,,C,Y
ROLL_WAY,1,卷轧,,,Y
ROLL_WAY,2,平轧,,,Y
RORD_REASON_CD,A1,,,Request Customer,Y
RORD_REASON_CD,B1,,,Wrong Shipment,Y
RORD_REASON_CD,C1,,,Transport Accident,Y
RORD_STS,A,,,Created Return Order,Y
RORD_STS,B,,,Confirmed Return Order,Y
RORD_STS,C,,,Completed Return,Y
RORD_STS,D,,,Created Invoice,Y
RORD_STS,Z,,,Cancelled Return Order,Y
ROUGH_CD,O,亮面,,,Y
ROUGH_CD,A,,,Ra≤0.6,Y
ROUGH_CD,B,,,0.60 ≤ Ra ≤ 1.90,Y
ROUGH_CD,C,,,0.60 ≤ Ra ≤ 1.30,Y
ROUGH_CD,D,,,0.60 ≤ Ra ≤ 1.6,Y
ROUGH_CD,E,,,0.50 ≤ Ra ≤ 1.00,Y
ROUGH_CD,F,,,Ra ≥1.20,Y
ROUGH_CD,S,指定范围,,,Y
ROUGH_DIR,A,垂直于轧制方向,,,Y
ROUGH_DIR,B,平行于轧制方向,,,Y
ROUGH_KIND,A,表面平均粗糙度(Ra),,Ra,Y
ROUGH_KIND,B,单位长度内峰值个数(Rpc),,Rpc,Y
ROUGH_KIND,E,表面粗糙度最大值(Rmax),,Rmax,Y
ROUGH_KIND,C,轮廓最大高度(Ry),,Ry,Y
ROUGH_KIND,D,微观不平度十点高度(Rz),,Rz,Y
ROUGH_RA_GRT_CD,A,性能试验+性能判定+质保书发行,,,Y
ROUGH_RA_GRT_CD,B,性能试验+性能判定,,,Y
ROUGH_RA_GRT_CD,C,性能试验+质保书发行,,,Y
ROUGH_RA_GRT_CD,D,性能试验,,,Y
ROUGH_RMAX_GRT_CD,A,性能试验+性能判定+质保书发行,,,Y
ROUGH_RMAX_GRT_CD,B,性能试验+性能判定,,,Y
ROUGH_RMAX_GRT_CD,C,性能试验+质保书发行,,,Y
ROUGH_RMAX_GRT_CD,D,性能试验,,,Y
ROUGH_RPC_GRT_CD,A,性能试验+性能判定+质保书发行,,,Y
ROUGH_RPC_GRT_CD,B,性能试验+性能判定,,,Y
ROUGH_RPC_GRT_CD,C,性能试验+质保书发行,,,Y
ROUGH_RPC_GRT_CD,D,性能试验,,,Y
ROUGH_SMP_CND,11,同炉次、同牌号、同轧制状态、同厚度,,,Y
ROUGH_SMP_CND,12,同炉号、同牌号、同轧制状态、同厚度，每批不超过40t,,,Y
ROUGH_SMP_CND,13,同炉号、同牌号、同轧制状态、同厚度，每批不超过50t,,,Y
ROUGH_SMP_CND,14,同炉号、同牌号、同轧制状态、同厚度，每批不超过60t,,,Y
ROUGH_SMP_CND,15,同炉号、同牌号、同轧制状态、同厚度，每批不超过60t;若单卷＞30吨，则可2卷组1批,,,Y
ROUGH_SMP_CND,16,同炉次、同牌号、同轧制状态、同厚度为1批，批重量≤50t时正常取1组样；批重量＞50t时增加1个拉伸样,,,Y
ROUGH_SMP_CND,17,每卷为1批,,,Y
ROUGH_SMP_CND,18,同炉号、同厚度、同宽度组成1批,,,Y
ROUGH_SMP_LTH_LOC,B,采取下部,,,Y
ROUGH_SMP_LTH_LOC,M,采取中间部分,,,Y
ROUGH_SMP_LTH_LOC,T,采取上部,,,Y
ROUGH_SMP_LTH_LOC,W,采取上部和下部,,,Y
ROUGH_SMP_LTH_LOC,X,采取上部和中间部分,,,Y
ROUGH_SMP_LTH_LOC,Y,采取上部和中间部分和下部,,,Y
ROUGH_SMP_SPCMN_DIR,L,纵向Longitudinal,길이방향으로 시편채취,,Y
ROUGH_SMP_SPCMN_DIR,B,横向Horizontal,폭방향으로 시편채취,,Y
ROUGH_SMP_SPCMN_DIR,C,厚度方向采样,두께방향으로 시편채취,,Y
ROUGH_SMP_SPCMN_DIR,D,45˚方向采样,45방향으로 시편채취,,Y
ROUGH_SMP_SPCMN_DIR,E,30˚方向采样,30방향으로 시편채취,,Y
ROUGH_SMP_SPCMN_SZ,01,"长度 ≥250, 宽度 ≥35",,,Y
ROUGH_SMP_WTH_LOC,A,1/2W 部位,,,Y
ROUGH_SMP_WTH_LOC,C,1/4W 部位,,,Y
ROUGH_SMP_WTH_LOC,E,"Top 1/2W, Bottom 1/4W部位",,,Y
ROUGH_SMP_WTH_LOC,B,Edge 部位,,,Y
ROUGH_SMP_WTH_LOC,D,对角线的两角部位,,,Y
ROUGH_SMP_WTH_LOC,F,"Top 1/4W, Bottom 1/2W部位",,,Y
ROUTING_CD,AG,,소결,Sinter,Y
ROUTING_CD,AK,,,Pellet,Y
ROUTING_CD,AP,,코크스,Cokes,Y
ROUTING_CD,AF,,고로,Blast Furnace,Y
ROUTING_CD,AJ,铸铁机,주물기,,Y
ROUTING_CD,AX,铸铁包装,,,Y
ROUTING_CD,CB,,제강,Steel Making,Y
ROUTING_CD,CC,,연주,Cont. Casting,Y
ROUTING_CD,CS,,연주정정,CC. Finishing,Y
ROUTING_CD,CP,,연주포장,CC. Packing,Y
ROUTING_CD,GC,复合制坯,,,Y
ROUTING_CD,GP,厚板,후판,,Y
ROUTING_CD,GF,,,Plate Finishing,Y
ROUTING_CD,GS,炉卷,,Steckel,Y
ROUTING_CD,GH,,,Steckel Finishing,Y
ROUTING_CD,GO,厚板/炉卷 热处理,,Plate/Steckel Heating,Y
ROUTING_CD,EH,,열연,Hot Rolling,Y
ROUTING_CD,ES,,,SPM,Y
ROUTING_CD,EP,,,HRL Packing,Y
ROUTING_CD,FP,,,PPL,Y
ROUTING_CD,FX,,,PPL Packing,Y
ROUTING_CD,FT,,,PL/TCM,Y
ROUTING_CD,FY,,,PL/TCM Packing,Y
ROUTING_CD,FC,,연속소둔,CAL,Y
ROUTING_CD,FG,,용융도금,CGL,Y
ROUTING_CD,FR,,냉연권치,RCL,Y
ROUTING_CD,FZ,冷轧包装,,,Y
ROUTING_NO,RTG1A01,球团,,,Y
ROUTING_NO,RTG1B01,烧结,,,Y
ROUTING_NO,RTG1C01,高炉,,,Y
ROUTING_NO,RTG1D01,铸铁机,,,Y
ROUTING_NO,RTG1E02,铸铁机,,,Y
ROUTING_NO,RTG2A01,焦炉,,,Y
ROUTING_NO,RTG3A01,炼钢,,,Y
ROUTING_NO,RTGAA01,连铸,,,Y
ROUTING_NO,RTGAB01,连铸精整,,,Y
ROUTING_NO,RTGAB02,连铸包装,,,Y
ROUTING_NO,RTGBA01,热轧,,,Y
ROUTING_NO,RTGBA02,热轧包装,,,Y
ROUTING_NO,RTGBB01,热轧精整,,,Y
ROUTING_NO,RTGCA01,酸洗,,,Y
ROUTING_NO,RTGCA02,酸洗包装,,,Y
ROUTING_NO,RTGHA01,连续退火,,,Y
ROUTING_NO,RTGHA02,冷轧包装,,,Y
ROUTING_NO,RTGHB01,冷轧精整,,,Y
ROUTING_NO,RTGJA01,酸轧,,,Y
ROUTING_NO,RTGJA02,酸轧包装,,,Y
ROUTING_NO,RTGKA01,热镀锌,,,Y
ROUTING_NO,RTGPA01,复合制坯,,,Y
ROUTING_NO,RTGPB01,厚板轧钢,,,Y
ROUTING_NO,RTGPC01,炉卷轧钢,,,Y
ROUTING_NO,RTGPD01,厚板精整,,,Y
ROUTING_NO,RTGPE01,炉卷精整,,,Y
ROUTING_NO,RTGPF01,厚板热处理,,,Y
ROUTING_NO,RTGPF02,厚板包装,,,Y
RTN_ACTION_TY,A,,,Save Finish Good Yard,Y
RTN_ACTION_TY,B,,,Return Process,Y
RTN_ACTION_TY,C,,,To Be Scrap,Y
RTN_CAU_CD,1,,용강 미탈산,No De-oxide,Y
RTN_CAU_CD,2,,개공불량,Abnormal Ladle Open,Y
RTN_CAU_CD,3,,용강온도 고온,High Steel Temp.,Y
RTN_CAU_CD,4,,용강온도 저온,Low Steel Temp.,Y
RTN_CAU_CD,5,,출강지연,Delayed Tapping,Y
RTN_CAU_CD,6,,BAP 설비이상,BAP Abnormal,Y
RTN_CAU_CD,7,,RH-OB설비이상,RHOB Abnormal,Y
RTN_CAU_CD,8,,전 CH회송,Prev. Heat Return,Y
RTN_CAU_CD,9,,L/D(Ladle Salg) 과다,Over Ladle Slag,Y
RTN_CAU_CD,10,,기타(제강요인),Etc.(SMS),Y
RTN_CAU_CD,11,,LF이상,LF Abnormal,Y
RTN_CAU_CD,12,,전로용강 분탕량 부족(미니밀),,Y
RTN_CAU_CD,13,,전로용강 미분탕 L/D (미니밀),,Y
RTN_CAU_CD,14,,전기로1Basket합탕(STS제강),,Y
RTN_CAU_CD,15,,성분격외(제강공정),Chemical Fail,Y
RTN_CAU_CD,20,,침지노즐  폐쇄,SN Close,Y
RTN_CAU_CD,21,,침지노즐  CRACK,SN Crack,Y
RTN_CAU_CD,22,,침지노즐  탈락,,Y
RTN_CAU_CD,23,,T/D~SEN간 용강유출,,Y
RTN_CAU_CD,24,,침지노즐 용손과다,,Y
RTN_CAU_CD,25,,기타  침지노즐  관계,,Y
RTN_CAU_CD,26,,STOPPER 절단(TOP NOZZLE 막힘 ),Stopper Disconnect,Y
RTN_CAU_CD,27,,STOPPER CRACK ( CASSETTE 이상 ),Stopper Crack,Y
RTN_CAU_CD,28,,STOPPER RUNNING(UNIT 이상 ),Stopper Running,Y
RTN_CAU_CD,29,,기타  STOPPER 관계,Etc.(Related Stopper),Y
RTN_CAU_CD,30,,Slide Gate 개폐불량,Slide Gate Open Abnormal,Y
RTN_CAU_CD,31,,Slide Gate System 이상,Slide Gate System Abnormal,Y
RTN_CAU_CD,32,,CASSATTE 사이  용강유출,,Y
RTN_CAU_CD,33,,기타  S/N 관계,Etc.(Related S/N),Y
RTN_CAU_CD,34,,,T/D Over Flow,Y
RTN_CAU_CD,35,,계획잔탕(미니밀),Planned Remain,Y
RTN_CAU_CD,36,,,BreakOut,Y
RTN_CAU_CD,37,,기타연주설비이상,Etc.(CC Abnormal),Y
RTN_CAU_CD,40,,Redution Unit 이상,Redution Unit Abnormal,Y
RTN_CAU_CD,41,,Pendulum Shear 이상,Pendulum Shear Abnormal,Y
RTN_CAU_CD,42,,Inductive Heater 이상,Inductive Heater Abnormal,Y
RTN_CAU_CD,43,,Coiling Station 이상,Coiling Station Abnormal,Y
RTN_CAU_CD,44,,Bar사행,,Y
RTN_CAU_CD,45,,기타 미니밀 설비이상,Etc.(Related Mini-Mill),Y
RTN_CAU_CD,50,,성분격외(Billet일품단위),Chemical Fail(Billet),Y
RTN_CAU_CD,51,,,Camber,Y
RTN_CAU_CD,52,,CRANE낙하,,Y
RTN_CAU_CD,53,,길이부족,Shortage Length,Y
RTN_CAU_CD,54,,소재단척,Short Slab,Y
RTN_CAU_CD,55,,,Pipe,Y
RTN_CAU_CD,56,,이물,,Y
RTN_CAU_CD,57,,긁힘,,Y
RTN_CAU_CD,58,,터짐,,Y
RTN_CAU_CD,59,,기타(Billet),Etc.(Billet),Y
RTN_CAU_CD,60,,,Scab,Y
RTN_CAU_CD,61,,,Roll Mark,Y
RTN_CAU_CD,62,,겹침,,Y
RTN_CAU_CD,63,,죽순,,Y
RTN_CAU_CD,64,,선상,,Y
RTN_CAU_CD,65,,화살,,Y
RTN_CAU_CD,66,,비틀림,,Y
RTN_CAU_CD,67,,치출,,Y
RTN_CAU_CD,68,,,Round,Y
RTN_CAU_CD,69,,연와,,Y
RTN_CAU_CD,70,,냉각힘,,Y
RTN_CAU_CD,80,,,Pin Hole,Y
RTN_CAU_CD,81,,,Blow Hole,Y
RTN_CAU_CD,82,,,OSC Mark,Y
RTN_CAU_CD,83,,,Slag Pitting,Y
RTN_CAU_CD,84,,,Slab Patch,Y
RTN_CAU_CD,85,,,SCUM,Y
RTN_CAU_CD,86,,,Cormer Crack,Y
RTN_CAU_CD,87,,,Cluster,Y
RTN_CAU_CD,88,,이중주입,Double Injectionn,Y
RTN_CAU_CD,P0,,소재 두께 이상,Abnormal Material Thickness,Y
RTN_CAU_CD,P1,,소재 폭 이상,Abnormal Material Width,Y
RTN_CAU_CD,P2,,소재 길이 이상,Abnormal Material Length,Y
RTN_CAU_CD,P3,,최대 칫수 초과,Exceed Max Size,Y
RTN_CAU_CD,P4,,최소 칫수 미달,Under Min Size,Y
RTN_CAU_CD,P5,,CRACK 발생,Crack,Y
RTN_CAU_CD,P6,,SCARFING 불량,Abnormal Scrafing,Y
RTN_CAU_CD,P7,,직각도.형상불량,"Abnormal Camber, Shape",Y
RTN_CAU_CD,P8,,BLOW HOLE 발생,Blwo Hole,Y
RTN_CAU_CD,P9,,절단설미제거,,Y
RTN_CAU_CD,PA,,HCR재 온도 이상,HCR Abnormal Temp.,Y
RTN_CAU_CD,PB,,정보이상,Abnormal Information,Y
RTN_CAU_CD,PC,,기타,Misc.,Y
RTN_CAU_CD,QA,,소단중,,Y
RTN_CAU_CD,QB,,,Telescope,Y
RTN_CAU_CD,QC,,,Edge Crack,Y
RTN_CAU_CD,QD,,권취불량,Abnormal Pickup,Y
RTN_CAU_CD,QE,,냉권재,,Y
RTN_CAU_CD,QF,,짱구,,Y
RTN_CAU_CD,RA,,공정팀 요구시,,Y
RTN_CAU_CD,RB,,,Edge Crack,Y
RTN_CAU_CD,RC,,Trimming요구재,Trimming Required,Y
RTN_CAU_CD,RD,,Coil Grind요구재,Coil Grind Required,Y
RTN_CAU_CD,RE,,,Telescope,Y
RTN_CAU_CD,SD,,흠,Defect,Y
RTN_CAU_CD,SL,,길이불량,Abnormal Length,Y
RTN_CAU_CD,SS,,,Scarfing,Y
RTN_CAU_CD,ST,,두께불량,Abnormal Thickness,Y
RTN_CAU_CD,SW,,폭불량,Abnormal Width,Y
RTN_CC_END_TY,C1,,,(Case1)W/P Full Return,Y
RTN_CC_END_TY,C2,,,(Case2)W/P All Scrap,Y
RTN_CC_END_TY,C3,,,"(Case3)CC Full Return(No Scrap,Slab)",Y
RTN_CC_END_TY,C4,,,(Case4)CC All Scrap,Y
RTN_CC_END_TY,C5,,,(Case5)CC Return(+Slab),Y
RTN_CC_END_TY,C6,,,(Case6)CC Scrap+Slab,Y
RTN_CC_END_TY,C7,,,"(Case7)CC Return(+Scrap,Slab)",Y
RTN_INQ_TY,A,可退库,,,Y
RTN_INQ_TY,B,已申请,,,Y
RTN_INQ_TY1,B,已申请,,,Y
RTN_INQ_TY1,C,已完成,,,Y
RTN_PROC_PROG,A,退库申请,,,Y
RTN_PROC_PROG,B,退库确认,,,Y
RTN_PROC_PROG,C,退库完成,,,Y
RTN_PROC_PROG,Z,退库取消,,,Y
RTN_PROC_REASON_CD,01,产品充当/替代,,,Y
RTN_PROC_REASON_CD,02,修改单重,,,Y
RTN_PROC_REASON_CD,03,修改包装方法,,,Y
RTN_PROC_REASON_CD,04,标记异常,,,Y
RTN_PROC_REASON_CD,05,产品尺寸/重量,,,Y
RTN_PROC_REASON_CD,06,外观等级,,,Y
RTN_PROC_REASON_CD,08,其他信息,,,Y
RTN_PROC_REASON_CD,11,取样,,,Y
RTN_PROC_REASON_CD,12,异议调查,,,Y
RTN_PROC_REASON_CD,13,产品再检查,,,Y
RTN_PROC_REASON_CD,19,损坏,,,Y
RTN_PROC_TY,1,,실물반납,,Y
RTN_PROC_TY,2,,정보반납,,Y
RTN_PROD_REASON_CD,01,客户要求,,Customer Request,Y
RTN_PROD_REASON_CD,02,交货错误,,Wrong Shipment,Y
RTN_PROD_REASON_CD,03,运输事故,,Transportation Accidents,Y
RTN_PROD_REASON_CD,ZZ,其它原因,,Other Reasons,Y
RTN_PROD_STS,A,,,Order,Y
RTN_PROD_STS,B,,,Processing,Y
RTN_PROD_STS,C,,,Complete,Y
RTN_REASON_CD,R1,,,(Test)Equipment Trouble,Y
RTN_REASON_CD,R2,,,(Test)Delay Tapping,Y
RTN_REASON_CD,R3,,,(Test)Routing Change,Y
RTN_REASON_CD,R4,,,(Test)Abnormal Grade,Y
RTN_RLS_CD,1,修改实绩,실적수정,,Y
RTN_RLS_CD,2,直接入库,직입고,,Y
RTN_RLS_CD,3,再作业,재작업,,Y
RTN_RLS_CD,4,,,Scrap,Y
RTN_RLS_CD,5,Label再发行,,,Y
RTN_SLAB_PROG,A,,,Request,Y
RTN_SLAB_PROG,B,,,Approval,Y
RTN_SLAB_PROG,C,,,Cancel,Y
RTN_SLAB_REASON_CD,A,,,Invalid Size,Y
RTN_SLAB_REASON_CD,B,,,Rough Handling,Y
RTN_SLAB_REASON_CD,C,,,Packaging Damage,Y
RTN_SLAB_REASON_CD,D,,,Allocation,Y
RULE_COND_OPTR,=,,,,Y
RULE_COND_OPTR,!=,,,,Y
RULE_COND_OPTR,>,,,,Y
RULE_COND_OPTR,>=,,,,Y
RULE_COND_OPTR,<,,,,Y
RULE_COND_OPTR,<=,,,,Y
RULE_COND_OPTR,IN,,,IN,Y
RULE_COND_OPTR,NOT_IN,,,NOT IN,Y
RULE_COND_OPTR,BETWEEN,,,BETWEEN,Y
RULE_COND_OPTR,NOT_CHECK,,,NOT CHECK,Y
RVRS_COIL_YN,Y,,"반전권취 지점 또는 비도금면 후면지정, 전면검사 후 반전권취 지정",,Y
RVRS_COIL_YN,D,,"이면검사실시, 단 1회에 이면검사 불가시 반전권취 하면서 이면검사실시",,Y
RVRS_COIL_YN,X,,반전 미실시 또는 비도금면 전면지정,,Y
RXTRA_PRICE_ITEM,PS01,,두께 Extra 가격 적용항목,Thickness Extra price apply item,Y
RXTRA_PRICE_ITEM,PS02,,폭 Extra 가격 적용항목,Width Extra price apply item,Y
RXTRA_PRICE_ITEM,PS03,,길이 Extra 가격 적용항목,Length Extra price apply item,Y
RXTRA_PRICE_ITEM,PT01,,재질시험 Extra 가격 적용항목,Material Test Extra price apply item,Y
RXTRA_PRICE_ITEM,PW01,,UST Extra 가격 적용항목,UST Extra price apply item,Y
RXTRA_PRICE_ITEM,PW02,,열처리 Extra 가격 적용항목,Heat Treatment Extra price apply item,Y
RZ_CCM_CD,1,,,CCM1,Y
RZ_CCM_CD,4,,,CCM4,Y
SALES_CHNL_CD,ZG,直供,,,Y
SALES_CHNL_CD,SZ,三方直供,,,Y
SALES_CHNL_CD,FX,分销,,,Y
SALES_CHNL_CD,JX,经销,,,Y
SALES_CHNL_CD,QT,其他,,,Y
SALES_CHNL_CD,GJ,出口,,,Y
SALT_SMP_CND,11,同炉次、同牌号、同轧制状态、同厚度,,,Y
SALT_SMP_CND,12,同炉号、同牌号、同轧制状态、同厚度，每批不超过40t,,,Y
SALT_SMP_CND,13,同炉号、同牌号、同轧制状态、同厚度，每批不超过50t,,,Y
SALT_SMP_CND,14,同炉号、同牌号、同轧制状态、同厚度，每批不超过60t,,,Y
SALT_SMP_CND,15,同炉号、同牌号、同轧制状态、同厚度，每批不超过60t;若单卷＞30吨，则可2卷组1批,,,Y
SALT_SMP_CND,16,同炉次、同牌号、同轧制状态、同厚度为1批，批重量≤50t时正常取1组样；批重量＞50t时增加1个拉伸样,,,Y
SALT_SMP_CND,17,每卷为1批,,,Y
SALT_SMP_CND,18,同炉号、同厚度、同宽度组成1批,,,Y
SALT_SMP_GRT_CD,A,性能试验+性能判定+质保书发行,,,Y
SALT_SMP_GRT_CD,B,性能试验+性能判定,,,Y
SALT_SMP_GRT_CD,C,性能试验+质保书发行,,,Y
SALT_SMP_GRT_CD,D,性能试验,,,Y
SALT_SMP_LTH_LOC,B,采取下部,,,Y
SALT_SMP_LTH_LOC,M,采取中间部分,,,Y
SALT_SMP_LTH_LOC,T,采取上部,,,Y
SALT_SMP_LTH_LOC,W,采取上部和下部,,,Y
SALT_SMP_LTH_LOC,X,采取上部和中间部分,,,Y
SALT_SMP_LTH_LOC,Y,采取上部和中间部分和下部,,,Y
SALT_SMP_SPCMN_DIR,L,长度方向采样,길이방향으로 시편채취,,Y
SALT_SMP_SPCMN_DIR,B,宽度方向采样,폭방향으로 시편채취,,Y
SALT_SMP_SPCMN_DIR,C,厚度方向采样,두께방향으로 시편채취,,Y
SALT_SMP_SPCMN_DIR,D,45˚方向采样,45방향으로 시편채취,,Y
SALT_SMP_SPCMN_DIR,E,30˚方向采样,30방향으로 시편채취,,Y
SALT_SMP_SPCMN_SZ,01,"长度 ≥250, 宽度 ≥35",,,Y
SALT_SMP_WTH_LOC,A,1/2W 部位,,,Y
SALT_SMP_WTH_LOC,C,1/4W 部位,,,Y
SALT_SMP_WTH_LOC,E,"Top 1/2W, Bottom 1/4W部位",,,Y
SALT_SMP_WTH_LOC,B,Edge 部位,,,Y
SALT_SMP_WTH_LOC,D,对角线的两角部位,,,Y
SALT_SMP_WTH_LOC,F,"Top 1/4W, Bottom 1/2W部位",,,Y
SCALE_NO,11,,,Scaler 11,Y
SCALE_NO,12,,,Scaler 12,Y
SCALE_NO,13,,,Slab Gafe Scaler 13,Y
SCALE_NO,14,,,Slab Gafe Scaler 14,Y
SCALE_NO,Z1,,,ZPE Scaler #1,Y
SCALE_NO,Z2,,,ZPE Scaler #2,Y
SCALE_NO,Z3,,,ZPE Scaler #2,Y
SCARF_RATIO,1,,,,Y
SCARF_RATIO,2,,,,Y
SCARF_RATIO,3,,,,Y
SCARF_RATIO,4,,,,Y
SCARF_RATIO,5,,,,Y
SCARF_RATIO,6,,,,Y
SCARF_RATIO,7,,,,Y
SCARF_RATIO,8,,,,Y
SCARF_RATIO,9,,,,Y
SCARF_RATIO,10,,,,Y
SCARF_TY,A,,,Full scarfing + Corner round scarfing,Y
SCARF_TY,B,,,partial scarfing,Y
SCARF_TY,C,,,"check scarfing (03, 53 slab)",Y
SCARF_TY,D,,,Edge scarfing,Y
SCARF_TY,E,,,Slab Side Full Scarfing,Y
SCARF_TY,F,,,Edge+Side Full Scarfing scarfing,Y
SCARF_TY,G,,,Full surface scarfing (one time),Y
SCARF_TY,H,,,Full surface scarfing (twice),Y
SCARF_TY,I,,,3 miter full scarfing at Header,Y
SCARF_TY,J,,,3 miter full scarfing at Tail,Y
SCARF_TY,K,,,Corner round scarfing,Y
SCARF_TY,L,,,Partial scarfing + Corner round scarfing,Y
SCARF_TY,M,,,Full Scarfing + Antioxidant Spread,Y
SCARF_YN,Y,Scarfing实施,Scarfing지정,,Y
SCARF_YN,N,Scarfing不实施,Scarfing미지정,,Y
SCHB_STEEL_PLAN_BACK,1,炼钢,,,Y
SCHB_STEEL_PLAN_BACK,2,连铸,,,Y
SCHB_STEEL_PLAN_BACK,3,订单/质量,,,Y
SCHB_STEEL_PLAN_BACK,4,计划,,,Y
SCH_MC_NO,1,,,,Y
SCH_MC_NO,2,,,,Y
SCH_PLAN_PROJ_CD,A01,链篦机,,,Y
SCH_PLAN_PROJ_CD,A02,回转窑,,,Y
SCH_PLAN_PROJ_CD,A03,环冷机,,,Y
SCH_PLAN_PROJ_CD,A04,造球机,,,Y
SCH_PLAN_PROJ_CD,A05,配料机,,,Y
SCH_PLAN_PROJ_CD,A06,公辅除尘,,,Y
SCH_PLAN_PROJ_CD,A07,脱硫脱硝系统,,,Y
SCH_PLAN_PROJ_CD,B01,堆取料机,,,Y
SCH_PLAN_PROJ_CD,B02,管状皮带,,,Y
SCH_PLAN_PROJ_CD,B03,料棚,,,Y
SCH_PLAN_PROJ_CD,B04,皮带系统,,,Y
SCH_PLAN_PROJ_CD,C01,配料系统,,,Y
SCH_PLAN_PROJ_CD,C02,上料系统,,,Y
SCH_PLAN_PROJ_CD,C03,捣鼓,,,Y
SCH_PLAN_PROJ_CD,C04,炉窑系统,,,Y
SCH_PLAN_PROJ_CD,C05,装煤车系统,,,Y
SCH_PLAN_PROJ_CD,C06,拦焦车系统,,,Y
SCH_PLAN_PROJ_CD,C07,干熄焦+余热发电,,,Y
SCH_PLAN_PROJ_CD,C08,湿息焦系统,,,Y
SCH_PLAN_PROJ_CD,C09,脱硫脱硝系统,,,Y
SCH_PLAN_PROJ_CD,C10,化产系统,,,Y
SCH_PLAN_PROJ_CD,D01,预配料系统,,,Y
SCH_PLAN_PROJ_CD,D02,配料系统,,,Y
SCH_PLAN_PROJ_CD,D03,上料系统,,,Y
SCH_PLAN_PROJ_CD,D04,混料系统,,,Y
SCH_PLAN_PROJ_CD,D05,布料系统,,,Y
SCH_PLAN_PROJ_CD,D06,点火系统,,,Y
SCH_PLAN_PROJ_CD,D07,环冷机,,,Y
SCH_PLAN_PROJ_CD,D08,烧结机,,,Y
SCH_PLAN_PROJ_CD,D09,脱硫脱硝系统,,,Y
SCH_PLAN_PROJ_CD,E01,热风机系统,,,Y
SCH_PLAN_PROJ_CD,E02,布袋除尘,,,Y
SCH_PLAN_PROJ_CD,E03,重力除尘,,,Y
SCH_PLAN_PROJ_CD,E04,矿槽炉顶,,,Y
SCH_PLAN_PROJ_CD,E05,喷煤制粉,,,Y
SCH_PLAN_PROJ_CD,E06,水处理,,,Y
SCH_PLAN_PROJ_CD,E07,矿渣微粉,,,Y
SCH_PLAN_PROJ_CD,F01,转炉系统,,,Y
SCH_PLAN_PROJ_CD,F02,连铸系统,,,Y
SCH_PLAN_PROJ_CD,F03,天车,,,Y
SCH_PLAN_PROJ_CD,F04,公辅,,,Y
SCH_PLAN_PROJ_CD,G01,加热炉,,,Y
SCH_PLAN_PROJ_CD,G02,主轧线,,,Y
SCH_PLAN_PROJ_CD,G03,精整,,,Y
SCH_PLAN_PROJ_CD,G04,天车,,,Y
SCH_PLAN_PROJ_CD,G05,公辅,,,Y
SCH_PLAN_PROJ_CD,H01,锅炉系统,,,Y
SCH_PLAN_PROJ_CD,H02,发电系统,,,Y
SCH_PLAN_PROJ_CD,H03,公辅系统,,,Y
SCH_PLAN_PROJ_CD,H04,水处理系统,,,Y
SCH_PLAN_PROJ_CD,H05,制氧系统,,,Y
SCH_PLAN_PROJ_CD,H06,焦炉煤气柜,,,Y
SCH_PLAN_PROJ_CD,H07,转炉煤气柜,,,Y
SCH_PLAN_PROJ_CD,H08,110KV变电站,,,Y
SCH_PLAN_STATUS_CD,1,编制中,,,Y
SCH_PLAN_STATUS_CD,2,已提交,,,Y
SCH_PLAN_STATUS_CD,3,已审核,,,Y
SCH_PLAN_UNIT_CD,A,中鸿,,,Y
SCH_PLAN_UNIT_CD,B,原料,,,Y
SCH_PLAN_UNIT_CD,C,焦化,,,Y
SCH_PLAN_UNIT_CD,D,烧结,,,Y
SCH_PLAN_UNIT_CD,E,炼铁,,,Y
SCH_PLAN_UNIT_CD,F,炼钢,,,Y
SCH_PLAN_UNIT_CD,G,轧钢,,,Y
SCH_PLAN_UNIT_CD,H,能源,,,Y
SCH_PRE_PROCESS_CODE,A_V,,,A_K,Y
SCH_PRE_PROCESS_CODE,B_V,,,B_K,Y
SCH_PRE_PROCESS_CODE,C_V,,,C_K,Y
SCH_PROC_CD,AG1,1#烧结,,,Y
SCH_PROC_CD,AG2,2#烧结,,,Y
SCH_PROC_CD,AP1,1#焦炉,,,Y
SCH_PROC_CD,AP2,2#焦炉,,,Y
SCH_PROC_CD,LM1,五座双膛窑,,,Y
SCH_PROC_CD,AG3,白灰窑,,,Y
SCH_PROC_CD,AK1,球团,,,Y
SCH_PROC_CD,BF1,1#高炉,,,Y
SCH_PROC_CD,BF2,2#高炉,,,Y
SCH_PROC_CD,WD1,水渣微粉,,,Y
SCH_PROC_CD,ST1,石料,,,Y
SCH_PROC_CD,FF,炼钢,,,Y
SCH_PROC_CD,BA,棒材,,,Y
SCH_PROC_CD,HG,能源动力,,,Y
SCH_PROC_CD,WH,线材,,,Y
SCH_PROC_CD,CK,焦化,,,Y
SCH_PROC_CD,LT,炼铁,,,Y
SCH_PROC_MATE,AP11,焦炭,,,Y
SCH_PROC_MATE,AP12,焦油,,,Y
SCH_PROC_MATE,AP13,硫铵,,,Y
SCH_PROC_MATE,AP14,粗苯,,,Y
SCH_PROC_MATE,AP21,焦炭,,,Y
SCH_PROC_MATE,AP22,焦油,,,Y
SCH_PROC_MATE,AP23,硫铵,,,Y
SCH_PROC_MATE,AP24,粗苯,,,Y
SCH_PROC_MATE,AG11,烧结矿,,,Y
SCH_PROC_MATE,AG21,烧结矿,,,Y
SCH_PROC_MATE,LM11,五座双膛窑,,,Y
SCH_PROC_MATE,AK11,球团矿,,,Y
SCH_PROC_MATE,ST11,石料,,,Y
SCH_PROC_MATE,BF11,铁水,,,Y
SCH_PROC_MATE,BF21,铁水,,,Y
SCH_PROC_MATE,WD11,水渣微粉,,,Y
SCH_PROC_MATE,FF1,钢坯,,,Y
SCH_PROC_MATE,BA1,棒材,,,Y
SCH_PROC_MATE,WH1,线材,,,Y
SCH_PROC_MATE,HG1,氧气,,,Y
SCH_PROC_MATE,HG2,氮气,,,Y
SCH_PROC_MATE,HG3,1#煤气发电,,,Y
SCH_PROC_MATE,HG4,2#煤气发电,,,Y
SCH_PROC_MATE,HG5,饱和蒸汽发电烧结余热发电,,,Y
SCH_PROC_MATE,CK1,干熄焦发电,,,Y
SCH_PROC_MATE,LT1,1#TRT发电,,,Y
SCH_PROC_MATE,LT2,2#TRT发电,,,Y
SCR_INDICATOR_CATEGORY,01,主料投入,,,Y
SCR_INDICATOR_CATEGORY,08,辅料投入,,,Y
SCR_INDICATOR_CATEGORY,02,能源投入,,,Y
SCR_INDICATOR_CATEGORY,03,中间产品产出,,,Y
SCR_INDICATOR_CATEGORY,05,成品产出,,,Y
SCR_INDICATOR_CATEGORY,04,能源产出,,,Y
SCR_INDICATOR_CATEGORY,06,关键工艺参数,,,Y
SCR_INDICATOR_CATEGORY,07,安全环保参数,,,Y
SCR_INDICATOR_CATEGORY,09,LIMS化验元素,,,Y
SCR_INDICATOR_CATEGORY,10,副产物产出,,,Y
SCR_INDICATOR_CATEGORY,11,熔剂,,,Y
SCR_INDICATOR_CATEGORY,12,固体燃料,,,Y
SCR_INDICATOR_CATEGORY,99,其他,,,Y
SCR_THEME,ANDROID,,,Android,Y
SCR_THEME,ARCTIC,,,Arctic,Y
SCR_THEME,BLACK,,,Black,Y
SCR_THEME,BLACKBERRY,,,Blackberry,Y
SCR_THEME,BOOTSTRAP,,,Bootstrap,Y
SCR_THEME,CLASSIC,,,Classic,Y
SCR_THEME,DARK,,,Dark,Y
SCR_THEME,DARKBLUE,,,Darkblue,Y
SCR_THEME,ENERGYBLUE,,,Energyblue,Y
SCR_THEME,ENERGYBLUECUSTOM,,,Energyblue-Custom,Y
SCR_THEME,FLAT,,,Flat,Y
SCR_THEME,FRESH,,,Fresh,Y
SCR_THEME,GLACIER,,,Glacier,Y
SCR_THEME,HIGHCONTRAST,,,High-Contrast,Y
SCR_THEME,LIGHT,,,Light,Y
SCR_THEME,METRO,,,Metro,Y
SCR_THEME,METRODARK,,,Metro-Dark,Y
SCR_THEME,MOBILE,,,Mobile,Y
SCR_THEME,OFFICE,,,Office,Y
SCR_THEME,ORANGE,,,Orange,Y
SCR_THEME,SHINYBLACK,,,Shiny-Black,Y
SCR_THEME,SUMMER,,,Summer,Y
SCR_THEME,UI-DARKNESS,,,(UI) Darkness,Y
SCR_THEME,UI-LE-FROG,,,(UI) Le-Frog,Y
SCR_THEME,UI-LIGHTNESS,,,(UI) Lightness,Y
SCR_THEME,UI-OVERCAST,,,(UI) Overcast,Y
SCR_THEME,UI-REDMOND,,,(UI) Redmond,Y
SCR_THEME,UI-SMOOTHNESS,,,(UI) Smoothness,Y
SCR_THEME,UI-START,,,(UI) Start,Y
SCR_THEME,UI-SUNNY,,,(UI) Sunny,Y
SCR_THEME,WEB,,,Web,Y
SCR_THEME,WINDOWSPHONE,,,Windows-Phone,Y
SCR_TY,SCR,,,Screen,Y
SCR_TY,POP,,,Popup,Y
SCR_UP_DOWN,*,,,,Y
SCR_UP_DOWN,U,,,Upper,Y
SCR_UP_DOWN,D,,,Down,Y
SEARCH_CONDITION_DATE,C,综合判定日,,,Y
SEARCH_KEY,A,入库日,,,Y
SEARCH_KEY1,A,试样交接日期,,,Y
SEARCH_KEY1,B,取样实绩录入日期,,,Y
SEARCH_MTRL_NO,A,板坯号,,,Y
SECOND_AR_TIME_TY,A,不低于8min,,,Y
SECOND_AR_TIME_TY,B,不低于10min,,,Y
SECOND_AR_TIME_TY,F,不低于12min,,,Y
SECOND_AR_TIME_TY,C,不低于15min,,,Y
SECOND_AR_TIME_TY,D,不低于20min,,,Y
SECOND_AR_TIME_TY,E,不作要求,,,Y
SECOND_CA_TREAT_TY,Y,是,,,Y
SECOND_CA_TREAT_TY,N,否,,,Y
SECOND_CA_TREAT_TY,X,未指定,,,Y
SECOND_RFN_CD,1A,"CAS,均匀成分和温度(超低碳钢，上RH) 软吹氩时间：0",,,Y
SECOND_RFN_CD,1B,"CAS,均匀成分和温度(上LF或RH) 软吹氩时间≥3min",,,Y
SECOND_RFN_CD,1C,"CAS,去夹杂(普通钢种，上铸机) 软吹氩时间≥8min",,,Y
SECOND_RFN_CD,1E,"CAS,去夹杂(普通钢种，上铸机) 软吹氩时间≥10min",,,Y
SECOND_RFN_CD,1D,"CAS,去夹杂(普通钢种，上铸机) 软吹氩时间≥15min",,,Y
SECOND_RFN_CD,2A1,"LF,去夹杂(普通钢种，上铸机)	软吹氩时间≥8min",,,Y
SECOND_RFN_CD,2A4,"LF,去夹杂(普通钢种，上铸机)	软吹氩时间≥10min",,,Y
SECOND_RFN_CD,2A2,"LF,去夹杂、深脱硫(重点钢种，上铸机) 软吹氩时间≥15min",,,Y
SECOND_RFN_CD,2A3,"LF,去夹杂、深脱硫(特殊钢种，上铸机) 软吹氩时间≥20min",,,Y
SECOND_RFN_CD,3A1,"RH,真空脱碳（低碳钢，轻脱碳，上铸机）	真空脱碳时间:≥8min	真空处理时间：≥11min	真空纯脱气时间：≥3min 软吹氩时间:0",,,Y
SECOND_RFN_CD,3A2,"RH,真空脱碳（极低碳钢，中脱碳，上铸机）真空脱碳时间≥12min	真空处理时间≥17min	真空纯脱气时间≥5min	软吹氩时间:0",,,Y
SECOND_RFN_CD,3A3,"RH,真空脱碳（超低碳钢，深脱碳，上铸机）真空脱碳时间≥14min	真空处理时间≥21min	真空纯脱气时间≥7min	软吹氩时间:0",,,Y
SECOND_RFN_CD,3B1,"RH,真空脱气、去夹杂（普通钢种，轻处理，上铸机）	真空脱碳时间:0	真空处理时间≥13min	真空纯脱气时间≥3min	软吹氩时间≥8min",,,Y
SECOND_RFN_CD,3B2,"RH,真空脱气、去夹杂（重点钢种，中处理，上铸机）	真空脱碳时间:0	真空处理时间≥15min	真空纯脱气时间≥5min	软吹氩时间≥10min",,,Y
SECOND_RFN_CD,3B3,"RH,真空脱气、去夹杂（特殊钢种，深处理，上铸机) 真空脱碳时间:0	真空处理时间≥20min 真空纯脱气时间≥6min 软吹氩时间≥15min",,,Y
SECOND_RFN_CD,4A1,"LF+RH,升温、脱硫、脱气、去夹杂（普通钢种，轻处理，上铸机）	真空处理时间≥10min	真空纯脱气时间≥3min	软吹氩时间≥6min",,,Y
SECOND_RFN_CD,4A2,"LF+RH,升温、脱硫、脱气、去夹杂（重点钢种，中处理，上铸机）	真空处理时间≥15min	真空纯脱气时间≥5min	软吹氩时间≥10min",,,Y
SECOND_RFN_CD,4A3,"LF+RH,升温、脱硫、脱气、去夹杂（特殊钢种，深处理，上铸机）	真空处理时间≥20min	真空纯脱气时间≥5min	软吹氩时间≥15min",,,Y
SECOND_RFN_CD,A1,,,LF,Y
SECOND_RFN_CD,A3,,,"LF,VD",Y
SECOND_RFN_CD,A2,,,VD,Y
SECOND_RFN_MAN_CD,1,,,PI,Y
SECOND_RFN_MAN_CD,3,,,LF,Y
SECOND_RFN_MAN_CD,A,,,RH+PI,Y
SECOND_RFN_MAN_CD,B,,,LF+RH,Y
SECOND_RFN_MAN_CD,H,,,Heavy RH,Y
SECOND_RFN_MAN_CD,L,,,Light RH,Y
SECOND_RFN_PROC_TY,A,,,CAS,Y
SECOND_RFN_PROC_TY,B,,,CAS+LF,Y
SECOND_RFN_PROC_TY,C,,,CAS+RH,Y
SECOND_RFN_PROC_TY,D,,,CAS+LF+RH,Y
SECOND_RFN_PROC_TY,E,,,CAS+RH+LF,Y
SECOND_RFN_PROC_TY,F,,,LF,Y
SECOND_RFN_PROC_TY,G,,,LF+RH,Y
SECOND_RFN_PROC_TY,H,,,RH,Y
SECOND_RFN_PROC_TY,I,,,RH+LF,Y
SECOND_RFN_PROC_TY,X,未指定,,,Y
SECOND_RFN_PURP_CD,A,,,Inclusion Control,Y
SECOND_RFN_PURP_CD,B,,,De-S + Inclusion Control,Y
SECOND_RFN_TIME_TY,A,10分以下,,,Y
SECOND_RFN_TIME_TY,B,,,10-20min,Y
SECOND_RFN_TIME_TY,C,,,21-30min,Y
SECOND_RFN_TIME_TY,D,,,31-40min,Y
SECOND_RFN_TIME_TY,E,,,41-50min,Y
SECOND_RFN_TIME_TY,F,,,51-60min,Y
SECOND_RFN_TIME_TY,G,61min以上,,,Y
SECOND_RFN_TIME_TY,X,未指定,,,Y
SECOND_RFN_TM_CD,1,,,>= 10 min,Y
SECOND_RFN_TM_CD,2,,,>= 15 min,Y
SECOND_RFN_TM_CD,3,,,>= 20 min,Y
SECOND_RFN_TM_CD,4,,,>= 25 min,Y
SECOND_ROUTE_CD,L,,,LF,Y
SECOND_ROUTE_CD,R,,,RH,Y
SECOND_ROUTE_CD,A,,,LF+RH,Y
SECOND_ROUTE_CD,X,不2次精炼,2차정련없음,,Y
SEVERITY_CD,L,,,Low,Y
SEVERITY_CD,M,,,Medium,Y
SEVERITY_CD,G,,,Severe,Y
SFT_NO,1,白班,,,Y
SFT_NO,2,夜班,,,Y
SHAPE_GRD,Y,,,Pass,Y
SHAPE_GRD,N,,,Fail,Y
SHIFT_CD,1,白班,,,Y
SHIFT_CD,2,夜班,,,Y
SHIFT_GROUP_CD,A,甲班,,,Y
SHIFT_GROUP_CD,B,乙班,,,Y
SHIFT_GROUP_CD,C,丙班,,,Y
SHIFT_GRP,A,甲组,,,Y
SHIFT_GRP,B,乙组,,,Y
SHIFT_GRP,C,丙组,,,Y
SHIP_CMP_CD,V000000001,,,Brazil Vessel Co.,Y
SHIP_CMP_CD,V000000002,,,Korea Vessel Co.,Y
SHIP_FLAG,Y,,,Y,Y
SHIP_FLAG,N,,,N,Y
SHIP_PORT_CD,P001,,,Port 1,Y
SHIP_PORT_CD,P002,,,Port 2,Y
SHIP_PORT_CD,P003,,,Port 3,Y
SHR_CONDITION_KEY,0,,,Plate No,Y
SHR_CONDITION_KEY,1,,,Slab_No,Y
SHR_CONDITION_KEY,2,,,Coil_No,Y
SHR_CONDITION_KEY,3,,,Bed_Code,Y
SHR_CONDITION_KEY,4,,,Ord_No,Y
SHR_CONDITION_KEY,5,,,Heat_No,Y
SHR_CONDITION_KEY,6,,,Dord_No,Y
SHR_CONDITION_KEY,7,,,Plate No,Y
SHR_CONDITION_KEY,8,,,Bund_No,Y
SIGN_CODE,1,,,,Y
SIGN_CODE,2,,,,Y
SIGN_CODE,3,,,,Y
SIGN_CODE,4,,,,Y
SIGN_CODE,5,,,,Y
SIGN_VALUE,1,,,,Y
SIGN_VALUE,2,,,,Y
SIGN_VALUE,3,,,,Y
SIGN_VALUE,4,,,,Y
SIGN_VALUE,5,,,,Y
SIM_BF_CH_CNG_DESC_TP,1,,,Charging Calculation,Y
SIM_BF_CH_CNG_DESC_TP,2,,,Reduced Ore,Y
SIM_BF_CH_CNG_DESC_TP,3,,,Increased Ore,Y
SIM_BF_CH_CNG_DESC_TP,4,,,FuelRatio Coordination,Y
SIM_BF_CH_CNG_DESC_TP,5,,,Coke Base,Y
SIM_BF_CH_CNG_DESC_TP,6,,,Ore Base,Y
SIM_BF_CH_CNG_DESC_TP,7,,,Ore Ratio,Y
SIM_BF_CH_CNG_DESC_TP,8,,,Basicity,Y
SIM_BF_CH_CNG_DESC_TP,9,,,Al2O3,Y
SIM_BF_CH_CNG_DESC_TP,10,,,Mn,Y
SIM_BF_CH_CNG_DESC_TP,11,,,SlagVolume,Y
SIM_BF_CH_CNG_DESC_TP,12,,,SPR,Y
SIM_BF_CH_CNG_DESC_TP,13,,,Ore Kind Type,Y
SIM_BF_CH_CNG_DESC_TP,14,,,TR(TiO2),Y
SIM_BF_CH_CNG_DESC_TP,15,,,Reduced Ore By Stoppage,Y
SIM_BF_CH_CNG_DESC_TP,16,,,MCK(NutCoke),Y
SIM_BF_CH_CNG_DESC_TP,17,,,BR,Y
SIM_BF_CH_CNG_DESC_TP,18,,,ETC,Y
SIM_DEFAULT_YN,Y,,,Y,Y
SIM_DEFAULT_YN,N,,,N,Y
SIM_PROC_CD_BIN,AB1,,,Raw Material,Y
SIM_PROC_CD_BIN,AG1,,,Sintering,Y
SIM_PROC_CD_BIN,AK1,,,Pellet,Y
SIM_PROC_CD_BIN,AP1,,,Coke,Y
SIM_PROC_CD_BIN,AF1,,,Blast,Y
SIM_RM_YD_TY,A,,,A,Y
SIM_RM_YD_TY,B,,,B,Y
SIM_RM_YD_TY,C,,,C,Y
SIN_MATERIAL_CLASS,1,铁料,,,Y
SIN_MATERIAL_CLASS,2,溶剂,,,Y
SIN_MATERIAL_CLASS,3,燃料,,,Y
SIN_MATERIAL_CLASS,4,其他,,,Y
SIN_STOP_CD,1,设备,,,Y
SIN_STOP_CD,2,生产,,,Y
SIN_STOP_CD,3,计划,,,Y
SIN_STOP_CD,4,电器,,,Y
SIN_WLFL,1,铁料,,,Y
SIN_WLFL,2,溶剂,,,Y
SIN_WLFL,3,燃料,,,Y
SIN_WLFL,4,其他,,,Y
SIS_FAC_CD,BF1,1#高炉,,BF1,Y
SIS_FAC_CD,BF2,2#高炉,,BF2,Y
SIS_FAC_CD1,BF1,1#高炉,,,Y
SIS_FAC_CD1,BF2,2#高炉,,,Y
SIS_FAC_CD1,SZ,水渣作业,,,Y
SIS_FAC_CD2,BF1,1#风机,,,Y
SIS_FAC_CD2,BF2,2#风机,,,Y
SIS_FAC_COAL,BF1,,,,Y
SIS_FAC_COAL,BF2,,,,Y
SIS_FAC_COAL1,BF1,,,,Y
SIS_FAC_COAL2,BF2,,,,Y
SIS_FAC_CODE,BF1,,,,Y
SIS_FAC_CODE,BF2,,,,Y
SIS_FAC_CODE,BF3,,,,Y
SIS_FAC_SLAG,BF1,1#水渣机,,BF1,Y
SIS_FAC_SLAG,BF2,2#水渣机,,F2,Y
SIS_FAC_SZ,SZ,1#机,,,Y
SIS_FAC_SZ,SZ2,2#机,,,Y
SIS_FAC_SZ_KU,1#,1#库位,,,Y
SIS_FAC_SZ_KU,2#,2#库位,,,Y
SIS_FAC_SZ_KU,3#,3#库位,,,Y
SIS_FAC_SZ_KU,4#,4#库位,,,Y
SIS_ORG_DEPT,1,1#高炉,,,Y
SIS_ORG_DEPT,2,2#高炉,,,Y
SIS_ORG_DEPT,3,喷煤车间,,,Y
SIS_SEARCH_TYPE,1,日统计,,,Y
SIS_SEARCH_TYPE,2,月统计,,,Y
SIS_SEARCH_TYPE,A,日,,,Y
SIS_SEARCH_TYPE,B,月,,,Y
SIS_STOP_CD,1,设备,,,Y
SIS_STOP_CD,2,生产,,,Y
SIS_STOP_CD,3,检修,,,Y
SIS_STOP_CD,4,其他,,,Y
SIS_X,1,转炉,,,Y
SIS_X,2,铸铁机,,,Y
SIS_YT_PT,1,优铁,,,Y
SIS_YT_PT,2,普铁,,,Y
SITE_CLF,C03,华东,,,Y
SITE_CLF,C01,华北,,,Y
SITE_CLF,C04,华中,,,Y
SITE_CLF,C05,华南,,,Y
SITE_CLF,C07,西北,,,Y
SITE_CLF,C06,西南,,,Y
SITE_CLF,C02,东北,,,Y
SITE_CLF,C08,港澳台地区,,,Y
SITE_KND,B,收单,,,Y
SITE_KND,S,收货,,,Y
SIT_FUR_NO,BF1,1#高炉,,,Y
SIT_FUR_NO,BF2,2#高炉,,,Y
SIT_FUR_NO,SZ,水渣微粉1#,,,Y
SIT_FUR_NO,SZ2,水渣微粉2#,,,Y
SIZE_GRD,Y,Pass合格,,,Y
SIZE_GRD,N,Fail不合,,,Y
SKINPASS_TY,Y,,,SKINPASS,Y
SKINPASS_TY,N,,,NON SKINPASS,Y
SLAB_CHARG_PROG_TY,P,,지시,,Y
SLAB_CHARG_PROG_TY,T,,R/T적치,,Y
SLAB_CHARG_PROG_TY,C,,장입완료,,Y
SLAB_CHARG_PROG_TY,R,,Slab반송,,Y
SLAB_CONTROL_COOLING_CD,B,,,Possible forced cooling after 12 hours,Y
SLAB_CONTROL_COOLING_CD,C,,,Possible forced cooling after 30 hours,Y
SLAB_CONTROL_COOLING_CD,D,,,Mandatory stacking slabs after 48 hours,Y
SLAB_CUT_POSIT_CD,N,,Normal 주편,Normal Slab,Y
SLAB_CUT_POSIT_CD,A,,TD연결전 마지막,Tundish exchange before(first slab),Y
SLAB_CUT_POSIT_CD,B,,TD연결후 처음,Tundish exchange after(last slab) Continuous Casting(first slab),Y
SLAB_CUT_POSIT_CD,C,,초주편,Continuous Casting(first slab),Y
SLAB_CUT_POSIT_CD,D,,말주편,Continuous Casting(last slab),Y
SLAB_CUT_POSIT_CD,G,,초+1주편,First + 1 slab,Y
SLAB_CUT_POSIT_CD,T,,apered 주편,Taper Slab,Y
SLAB_CUT_POSIT_CD,K,,L/D 연결주편,Connection Slab,Y
SLAB_CUT_POSIT_CD,L,,L/D 연결주편+1주편,Connection + 1 Slab,Y
SLAB_CUT_POSIT_CD,H,,말-1 주편,Last - 1 slab,Y
SLAB_DEF_CD,AG,,,GRIPPING,Y
SLAB_DEF_CD,AR,,,SCRATCH,Y
SLAB_DEF_CD,BH,,,BLOW HOLE,Y
SLAB_DEF_CD,BL,,,EMPTINESS,Y
SLAB_DEF_CD,CE,,,STRANGE BODY,Y
SLAB_DEF_CD,CI,,,IRREGULAR CUT,Y
SLAB_DEF_CD,DG,,,LONGITUDINAL DEPRESSION,Y
SLAB_DEF_CD,DL,,,CASTING DOUBLE,Y
SLAB_DEF_CD,EI,,,INCORRECT SCARFING,Y
SLAB_DEF_CD,IM,,,FOULING OF FILINGS,Y
SLAB_DEF_CD,IP,,,POWDER INCLUSION,Y
SLAB_DEF_CD,IR,,,REFRACTORY INCRUSTATION,Y
SLAB_DEF_CD,IS,,,SLAG INCRUSTATION,Y
SLAB_DEF_CD,MC,,,CALL MARK,Y
SLAB_DEF_CD,ME,,,EQUIPMENT MARK,Y
SLAB_DEF_CD,MO,,,OSCILATION MARK,Y
SLAB_DEF_CD,MR,,,ROLL MARK,Y
SLAB_DEF_CD,MT,,,TENACIOUS MARK,Y
SLAB_DEF_CD,OU,,,OTHER SURFACE DEFECTS,Y
SLAB_DEF_CD,PS,,,DIRTY SLAB,Y
SLAB_DEF_CD,QB,,,BREAKS,Y
SLAB_DEF_CD,RI,,,SCRATCH,Y
SLAB_DEF_CD,SG,,,SEGREGATION,Y
SLAB_DEF_CD,TB,,,EDGE CRACK,Y
SLAB_DEF_CD,TC,,,CENTRAL CRACK,Y
SLAB_DEF_CD,TE,,,STAR CRACK,Y
SLAB_DEF_CD,TF,,,FRONT CRACKCHINK,Y
SLAB_DEF_CD,TG,,,LONGITUDINAL CRACK,Y
SLAB_DEF_CD,TL,,,LATERAL CRACK,Y
SLAB_DEF_CD,TM,,,THERMAL CRACKCHINK,Y
SLAB_DEF_CD,TQ,,,CORNER CRACKS,Y
SLAB_DEF_CD,TT,,,TRANSVERSE CRACK,Y
SLAB_DEF_CD,AL,,,LARGE SURFACE CAMBER,Y
SLAB_DEF_CD,AM,,,TANDISH ADJUST,Y
SLAB_DEF_CD,CC,,,CONCAVITY,Y
SLAB_DEF_CD,CV,,,CONVEXITY,Y
SLAB_DEF_CD,DE,,,SQUARE DEVIATION,Y
SLAB_DEF_CD,EP,,,WARPING,Y
SLAB_DEF_CD,EV,,,CURVING,Y
SLAB_DEF_CD,ML,,,CHANGE OF WIDTH,Y
SLAB_DEF_CD,ST,,,TRAPEZOIDAL SECTION,Y
SLAB_DEF_CD,TO,,,TORSION,Y
SLAB_DEF_CD,VC,,,WEDGE VARIATION IN LENGTH,Y
SLAB_DEF_CD,VL,,,WEDGE VARIATION IN WIDTH,Y
SLAB_DEF_CD,FC,,,LACK OF LENGHT,Y
SLAB_DEF_CD,FE,,,LACK OF THICKNESS,Y
SLAB_DEF_CD,FL,,,LACK OF WIDTH,Y
SLAB_DEF_CD,FP,,,LACK OF WEIGHT,Y
SLAB_DEF_CD,XC,,,OVERLENGHT,Y
SLAB_DEF_CD,XE,,,EXCESS THICKNESS,Y
SLAB_DEF_CD,XL,,,OVERWIDTH,Y
SLAB_DEF_GRP,SF,,,Surface,Y
SLAB_DEF_GRP,FM,,,Form,Y
SLAB_DEF_GRP,DM,,,Dimension,Y
SLAB_DEST_CCM,1,,,PILT1,Y
SLAB_DEST_CCM,2,,,PILT2,Y
SLAB_DEST_CCM,3,,,TOP,Y
SLAB_DEST_CCM,4,,,BAY2,Y
SLAB_DEST_CCM,5,,,BAY3,Y
SLAB_DEST_FUR,0,,,CHARGE,Y
SLAB_DEST_FUR,1,,,BAY1,Y
SLAB_DEST_FUR,2,,,BAY2,Y
SLAB_DEST_FUR,3,,,BAY3,Y
SLAB_DIR_DEST_FL,A,入库,,,Y
SLAB_DIR_DEST_FL,B,送轧,,,Y
SLAB_DIR_DEST_FL,C,外倒,,,Y
SLAB_DIR_DEST_FL,D,外卖,,,Y
SLAB_END_REASON_CD,HR,,,Hot Rolling,Y
SLAB_END_REASON_CD,SC,,,Scrap,Y
SLAB_END_REASON_CD,DP,,,Dispatched,Y
SLAB_INQLT_REQ_TY,A,中心偏析1.5以内,,,Y
SLAB_INQLT_REQ_TY,B,中心偏析C2.0以内,,,Y
SLAB_INQLT_REQ_TY,C,中心偏析C2.5 中心疏松0.5以内,,,Y
SLAB_INQLT_REQ_TY,E,偏析C类1.0以下，中心疏松0.5以下,,,Y
SLAB_INQLT_REQ_TY,D,不作要求,,,Y
SLAB_INSP_RSLT,S,不合格,,,Y
SLAB_INSP_RSLT,X,废钢,,,Y
SLAB_INSP_RSLT,Y,合格,,,Y
SLAB_INSP_RSLT_CD,Y,,,OK,Y
SLAB_INSP_RSLT_CD,D,,,Down Grade,Y
SLAB_INSP_RSLT_CD,N,,,Not As per Order,Y
SLAB_INSP_RSLT_CD,O,,,Off Grade,Y
SLAB_INSP_RSLT_CD,X,,,Scrap,Y
SLAB_INSP_RSLT_CD,S,,,Scarfing,Y
SLAB_INSP_RSLT_CD,C,,,Cutting,Y
SLAB_INSP_RSLT_CD,H,,,Hold,Y
SLAB_INST_STS,P,,,Process,Y
SLAB_INST_STS,E,,,End,Y
SLAB_INST_STS,C,,,Cancel,Y
SLAB_INST_TY,P,,,Plan,Y
SLAB_INST_TY,M,,,Manual,Y
SLAB_PLAN_DEST,1,,,PIL1,Y
SLAB_PLAN_DEST,2,,,PIL2,Y
SLAB_PLAN_DEST,3,,,Rolling Mill (TOP 2),Y
SLAB_PLAN_DEST,4,,,DISRT2 (Bay 1),Y
SLAB_PLAN_DEST,5,,,DISRT3 (Bay 2),Y
SLAB_PLAN_DEST_PLAN,1,,,YARD,Y
SLAB_PLAN_DEST_PLAN,2,,,HOT ROLLER,Y
SLAB_RESULT_TY,C,,,Cutting Start,Y
SLAB_RESULT_TY,M,,,Marking finished,Y
SLAB_RESULT_TY,W,,,Weight done,Y
SLAB_RESULT_TY,F,,,Reaches final destination,Y
SLAB_SCARF_END_TY,N,,,NONE,Y
SLAB_SCARF_END_TY,M,,,Machine,Y
SLAB_SCARF_END_TY,C,,,Cancer,Y
SLAB_SCRAF_END_TY,N,,,Non S/F,Y
SLAB_SCRAF_END_TY,M,,,Machine S/F,Y
SLAB_SCRAF_END_TY,C,,S/F 취소,,Y
SLAB_SECTION_CD,150*150,,,,Y
SLAB_SECTION_CD,165*165,,,,Y
SLAB_STACK_CD,A1,,,A1,Y
SLAB_STACK_CD,A2,,,A2,Y
SLAB_STACK_CD,A3,,,A3,Y
SLAB_STACK_CD,A4,,,A4,Y
SLAB_STACK_CD,B1,,,B1,Y
SLAB_STACK_CD,B2,,,B2,Y
SLAB_STACK_CD,B3,,,B3,Y
SLAB_STACK_CD,B4,,,B4,Y
SLAB_STACK_CD,B5,,,B5,Y
SLAB_STACK_CD,B6,,,B6,Y
SLAB_STACK_CD,B7,,,B7,Y
SLAB_STACK_CD,B8,,,B8,Y
SLAB_STACK_CD,B9,,,B9,Y
SLAB_STACK_CD,B10,,,B10,Y
SLAB_STACK_CD,H1,火切垛,,,Y
SLAB_STACK_CD,E1,,,E1,Y
SLAB_STACK_CD,E2,,,E2,Y
SLAB_STACK_CD,RL,送轧,,,Y
SLAB_STACK_CD,RT,轧钢返回,,,Y
SLAB_STACK_CD_SWR,X1,西库1,,,Y
SLAB_STACK_CD_SWR,X2,西库2,,,Y
SLAB_STACK_CD_SWR,X3,西库3,,,Y
SLAB_STACK_CD_SWR,X4,西库4,,,Y
SLAB_STACK_CD_SWR,X5,西库5,,,Y
SLAB_STACK_CD_SWR,X6,西库6,,,Y
SLAB_STACK_CD_SWR,X7,西库7,,,Y
SLAB_STACK_CD_SWR,X8,西库8,,,Y
SLAB_STACK_CD_SWR,X9,西库9,,,Y
SLAB_STACK_CD_SWR,X10,西库10,,,Y
SLAB_STACK_CD_SWR,Y1,东库1,,,Y
SLAB_STACK_CD_SWR,Y2,东库2,,,Y
SLAB_STACK_CD_SWR,Y3,东库3,,,Y
SLAB_STACK_CD_SWR,Y4,东库4,,,Y
SLAB_STACK_CD_SWR,Y5,东库5,,,Y
SLAB_STACK_CD_SWR,Y6,东库6,,,Y
SLAB_STACK_CD_SWR,Y7,东库7,,,Y
SLAB_STACK_CD_SWR,Y8,东库8,,,Y
SLAB_STACK_CD_SWR,Y9,东库9,,,Y
SLAB_STACK_CD_SWR,Y10,东库10,,,Y
SLAB_STACK_CD_SWR,Z1,中库1,,,Y
SLAB_STACK_CD_SWR,Z2,中库2,,,Y
SLAB_STACK_CD_SWR,Z3,中库3,,,Y
SLAB_STACK_CD_SWR,Z4,中库4,,,Y
SLAB_STACK_CD_SWR,Z5,中库5,,,Y
SLAB_STACK_CD_SWR,Z6,中库6,,,Y
SLAB_STACK_CD_SWR,Z7,中库7,,,Y
SLAB_STACK_CD_SWR,Z8,中库8,,,Y
SLAB_STACK_CD_SWR,Z9,中库9,,,Y
SLAB_STACK_CD_SWR,Z10,中库10,,,Y
SLAB_STS,1,,,In Scheduling,Y
SLAB_STS,2,,,In Processing,Y
SLAB_STS,3,,,Be Over,Y
SLAB_THK,220,,,mm,Y
SLAB_THK,250,,,mm,Y
SLAB_THK,300,,,mm,Y
SLAB_THK_W,200,,,,Y
SLAB_THK_W,220,,,,Y
SLAB_THK_W,250,,,,Y
SLAB_THK_W,320,,,,Y
SLAB_TY,A,,,Actual Slab,Y
SLAB_TY,P,,,Plan Slab,Y
SLAB_TYPE,F,方坯,,,Y
SLAB_TYPE,B,板坯,,,Y
SLAB_WTH_W,150,,,,Y
SLAB_WTH_W,165,,,,Y
SLAB_WTH_W,200,,,,Y
SLAB_WTH_W,230,,,,Y
SLAB_WTH_W,1500,,,,Y
SLAB_WTH_W,1800,,,,Y
SLAB_WTH_W,2000,,,,Y
SLAB_WTH_W,2100,,,,Y
SLAB_WTH_W,2200,,,,Y
SLAB_YARD_CD,A,一号库,,,Y
SLAB_YARD_CD,B,二号库,,,Y
SLAB_YARD_CD,C,其他库,,,Y
SLAB_YARD_CD,D,交接库,,,Y
SLAB_YARD_CD_SWR,X,西库,,,Y
SLAB_YARD_CD_SWR,Y,东库,,,Y
SLAB_YARD_CD_SWR,Z,中库,,,Y
SLAG_CUT_METHOD,BN,,CheckBall사용(실패) & Stopper미사용,CheckBall Use(Failure) & Stopper Not Use,Y
SLAG_CUT_METHOD,BNS,,CheckBall사용(실패) & Stopper사용,CheckBall Use(Failure) & Stopper Use,Y
SLAG_CUT_METHOD,BY,,CheckBall사용(성공) & Stopper미사용,CheckBall Use(Success) & Stopper Not Use,Y
SLAG_CUT_METHOD,BYS,,CheckBall사용(성공) & Stopper사용,CheckBall Use(Success) & Stopper Use,Y
SLAG_CUT_METHOD,DN,,Dart투입(실패) & Stopper미사용,Dart Use(Failure) & Stopper Not Use,Y
SLAG_CUT_METHOD,DNS,,Dart투입(실패) & Stopper사용,Dart Use(Failure) & Stopper Use,Y
SLAG_CUT_METHOD,DY,,Dart투입(성공) & Stopper미사용,Dart Use(Success) & Stopper Not Use,Y
SLAG_CUT_METHOD,DYS,,Dart투입(성공) & Stopper사용,Dart Use(Success) & Stopper Use,Y
SLAG_CUT_METHOD,NN,,"(Dart,Ball)미사용 & Stopper미사용","(Dart,Ball) Not Use & Stopper Not Use",Y
SLAG_CUT_METHOD,NNS,,"(Dart,Ball)미사용 & Stopper사용","(Dart,Ball) Not Use & Stopper Use",Y
SLAG_DETECT_STS,0,,,,Y
SLAG_DETECT_STS,1,,,,Y
SLAG_STOP_MTH,A,滑板 （slide gate）,,,Y
SLAG_STOP_MTH,B,双挡渣（double blocking slag）,,,Y
SLAG_STOP_MTH,C,未指定,,,Y
SLAG_THK_TY,A,,,≤50mm,Y
SLAG_THK_TY,B,,,≤100mm,Y
SLAG_THK_TY,C,,,≤120mm,Y
SLAG_THK_TY,D,,,≤150mm,Y
SLAG_THK_TY,Z,,,X,Y
SLEEVE_YN,Y,,Sleeve 삽입,,Y
SLEEVE_YN,X,,Sleeve 미삽입,,Y
SMPING_INST_TP,Y,,,SAMPLIN CUT,Y
SMPING_INST_TP,N,,,NOT SAMPLIN CUT,Y
SMPING_TY,L,,,Long Sample,Y
SMPING_TY,S,,,Short Sample,Y
SMPING_TY,M,,,Manual Sample,Y
SMP_ABNR_ACTION_TY,A,,조치대상,,Y
SMP_ABNR_ACTION_TY,B,,검토대상,,Y
SMP_ABNR_ACTION_TY,C,,조치완료,,Y
SMP_ANAL_SEQ,1,,,,Y
SMP_ANAL_SEQ,2,,,,Y
SMP_ANAL_SEQ,3,,,,Y
SMP_ANAL_SEQ,4,,,,Y
SMP_ANAL_SEQ,5,,,,Y
SMP_ANAL_SEQ,6,,,,Y
SMP_ANAL_SEQ,7,,,,Y
SMP_ANAL_SEQ,8,,,,Y
SMP_ANAL_SEQ,9,,,,Y
SMP_CONDITION_DATE,A,,시편채취일,SMP Gather Date,Y
SMP_CONDITION_DATE,B,,시편인도일,SMP Delivery Date,Y
SMP_CONDITION_DATE,C,,시편입고일,SMP Receipt Date,Y
SMP_CONDITION_KEY,2,,시편번호,Sampling No,Y
SMP_CONDITION_KEY,1,,,Heat No,Y
SMP_CONDITION_KEY,4,,지시재료번호,Inst Material No,Y
SMP_DIV_YN,Y,是,,,Y
SMP_DIV_YN,N,否,,,Y
SMP_GTH_INST_TY,Y,,,Y,Y
SMP_GTH_INST_TY,N,,,N,Y
SMP_GTH_LOC,T,,,Top,Y
SMP_GTH_LOC,M,,,Middle,Y
SMP_GTH_LOC,B,,,Bottom,Y
SMP_LOT_CD,H1,,,By each heat,Y
SMP_LOT_CD,H2,,,By each 3 heat,Y
SMP_LOT_CD,H3,,,By each 5 heat,Y
SMP_LOT_CD,S1,,,By each sequence,Y
SMP_ORG_RSLT_TY,Y,,,Y,Y
SMP_ORG_RSLT_TY,N,,,N,Y
SMP_PROG_CD,A,组批未采样,,,Y
SMP_PROG_CD,B,试样已采,,,Y
SMP_PROG_CD,D,试样入库,,,Y
SMP_PROG_CD,E,初验指示完成,,,Y
SMP_PROG_CD,F,初验检验完成,,,Y
SMP_PROG_CD,G,判定完成,,,Y
SMP_PROG_CD,H,复验待下指示,,,Y
SMP_PROG_CD,I,复验指示,,,Y
SMP_PROG_CD,J,复验待送样,,,Y
SMP_PROG_CD,K,等待复验结果,,,Y
SMP_PROG_CD,L,复验检验完成,,,Y
SMP_PROG_CD,N,试样已接收,,,Y
SMP_SMPLNG_FG,Y,,,Sampling Cut,Y
SMP_SMPLNG_FG,N,,,Not Sampling Cut,Y
SMP_STATUS,A,常规,,,Y
SMP_STATUS,B,模拟焊后热处理,,,Y
SMP_STATUS,C,最大模拟焊后热处理,,,Y
SMP_STATUS,D,最小模拟焊后热处理,,,Y
SMP_STATUS,E,常规 + 模拟焊后热处理,,,Y
SMP_STATUS,F,常规 + 最大模拟焊后热处理,,,Y
SMP_STATUS,G,常规 + 最小模拟焊后热处理,,,Y
SMP_STATUS,H,常规 + 模拟焊后热处理 + 最大模拟焊后热处理,,,Y
SMP_STATUS,J,常规 + 模拟焊后热处理 + 最小模拟焊后热处理,,,Y
SMP_STATUS,K,常规 + 模拟焊后热处理 + 最大模拟焊后热处理 + 最小模拟焊后热处理,,,Y
SMP_STATUS,L,模拟焊后热处理 + 最大模拟焊后热处理,,,Y
SMP_STATUS,M,模拟焊后热处理 + 最小模拟焊后热处理,,,Y
SMP_STATUS,N,模拟焊后热处理 + 最大模拟焊后热处理 + 最小模拟焊后热处理,,,Y
SMP_STATUS,P,最大模拟焊后热处理 + 最小模拟焊后热处理,,,Y
SMP_TEMP_CD,P-,厚板,,,Y
SMP_TEMP_CD,PR,热处理,,,Y
SMP_THK_LOC,A,,,,Y
SMP_THK_LOC,B,,,,Y
SMP_THK_LOC,C,,,,Y
SMP_THK_LOC,D,近表面,,,Y
SMP_THK_LOC,E,全厚度,,,Y
SMP_THK_LOC,X,不指定,,,Y
SMP_TP,9,材料试验,,,Y
SMP_TP,A,产品试验,,,Y
SMP_TRANS_TY,227,原料化验室,,,Y
SMP_TRANS_TY,235,光谱化验室,,,Y
SMP_TRANS_TY,236,微粉化验室,,,Y
SMP_UNGTH_CAU_TY,R,缺号,,,Y
SMP_UNGTH_CAU_TY,A,轧钢误操作,,,Y
SMP_UNGTH_CAU_TY,M,,,Miss Roll,Y
SMP_UNGTH_CAU_TY,J,再加热材,,,Y
SMS_2ND_RFN_CD,1A,"CAS,均匀成分和温度(超低碳钢，上RH) 软吹氩时间：0",,,Y
SMS_2ND_RFN_CD,1B,"CAS,均匀成分和温度(上LF或RH) 软吹氩时间≥3min",,,Y
SMS_2ND_RFN_CD,1C,"CAS,去夹杂(普通钢种，上铸机) 软吹氩时间≥8min",,,Y
SMS_2ND_RFN_CD,1E,"CAS,去夹杂(普通钢种，上铸机) 软吹氩时间≥10min",,,Y
SMS_2ND_RFN_CD,1D,"CAS,去夹杂(普通钢种，上铸机) 软吹氩时间≥15min",,,Y
SMS_2ND_RFN_CD,2A1,"LF,去夹杂(普通钢种，上铸机)	软吹氩时间≥8min",,,Y
SMS_2ND_RFN_CD,2A4,"LF,去夹杂(普通钢种，上铸机)	软吹氩时间≥10min",,,Y
SMS_2ND_RFN_CD,2A2,"LF,去夹杂、深脱硫(重点钢种，上铸机) 软吹氩时间≥15min",,,Y
SMS_2ND_RFN_CD,2A3,"LF,去夹杂、深脱硫(特殊钢种，上铸机) 软吹氩时间≥20min",,,Y
SMS_2ND_RFN_CD,3A1,"RH,真空脱碳（低碳钢，轻脱碳，上铸机）	真空脱碳时间:≥8min	真空处理时间：≥11min	真空纯脱气时间：≥3min 软吹氩时间:0",,,Y
SMS_2ND_RFN_CD,3A2,"RH,真空脱碳（极低碳钢，中脱碳，上铸机）真空脱碳时间≥12min	真空处理时间≥17min	真空纯脱气时间≥5min	软吹氩时间:0",,,Y
SMS_2ND_RFN_CD,3A3,"RH,真空脱碳（超低碳钢，深脱碳，上铸机）真空脱碳时间≥14min	真空处理时间≥21min	真空纯脱气时间≥7min	软吹氩时间:0",,,Y
SMS_2ND_RFN_CD,3B1,"RH,真空脱气、去夹杂（普通钢种，轻处理，上铸机）	真空脱碳时间:0	真空处理时间≥13min	真空纯脱气时间≥3min	软吹氩时间≥8min",,,Y
SMS_2ND_RFN_CD,3B2,"RH,真空脱气、去夹杂（重点钢种，中处理，上铸机）	真空脱碳时间:0	真空处理时间≥15min	真空纯脱气时间≥5min	软吹氩时间≥10min",,,Y
SMS_2ND_RFN_CD,3B3,"RH,真空脱气、去夹杂（特殊钢种，深处理，上铸机) 真空脱碳时间:0	真空处理时间≥20min 真空纯脱气时间≥6min 软吹氩时间≥15min",,,Y
SMS_2ND_RFN_CD,4A1,"LF+RH,升温、脱硫、脱气、去夹杂（普通钢种，轻处理，上铸机）	真空处理时间≥10min	真空纯脱气时间≥3min	软吹氩时间≥6min",,,Y
SMS_2ND_RFN_CD,4A2,"LF+RH,升温、脱硫、脱气、去夹杂（重点钢种，中处理，上铸机）	真空处理时间≥15min	真空纯脱气时间≥5min	软吹氩时间≥10min",,,Y
SMS_2ND_RFN_CD,4A3,"LF+RH,升温、脱硫、脱气、去夹杂（特殊钢种，深处理，上铸机）	真空处理时间≥20min	真空纯脱气时间≥5min	软吹氩时间≥15min",,,Y
SMS_END_C_CONT_TY,A,0.05以内,,,Y
SMS_END_C_CONT_TY,B,,,,Y
SMS_END_C_CONT_TY,C,0.08%以上,,,Y
SMS_END_C_CONT_TY,D,其他,,,Y
SMS_END_DEOXI_MTH,A,Al块,,,Y
SMS_END_DEOXI_MTH,B,Al粒,,,Y
SMS_END_DEOXI_MTH,C,Al线,,,Y
SMS_END_DEOXI_MTH,E,FeMnAl(铝锰铁),,,Y
SMS_END_DEOXI_MTH,D,其他,,,Y
SMS_END_O2_CONT_TY,A,400ppm以内,,,Y
SMS_END_O2_CONT_TY,B,,,400-600ppm,Y
SMS_END_O2_CONT_TY,C,600ppm以上,,,Y
SMS_END_O2_CONT_TY,D,其他,,,Y
SMS_LD_TY,A,,일반수강Ladle,Steel Ladle,Y
SMS_LD_TY,B,,1Billet용 수강Ladle,Steel Ladle for Billet,Y
SMS_LD_TY,C,,수강(주조)Ladle,,Y
SMS_LD_TY,E,,장입Ladle,PI Ladle,Y
SMS_OPC_CD,RFN_PRI,,,Refining Priority,Y
SMS_OPC_CD,THEORET_SOLID_TEMP,,,Theoretical Solidity Temperature,Y
SMS_OPC_CD,TD_STEEL_OVER_HT_DGR,,,Tundish Steel Over Heat Degree,Y
SMS_OPC_CD,TD_TEMP,,,Tundish Temperature,Y
SMS_OPC_CD,END_C,,,End Carborn Target,Y
SMS_OPC_CD,END_P,,,End Phosphorus Target,Y
SMS_OPC_CD,END_O,,,End Oxygen Target,Y
SMS_OPC_CD,END_SAL,,,End SAL Target,Y
SMS_OPC_CD,LF_GAS_TY,,,LF Gas Type,Y
SMS_OPC_CD,VTD_GAS_TY,,,Chart VTD Gas Type,Y
SMS_OPC_CD,LD_WORK_TM,,,Ladle Target Work Time,Y
SMS_OPC_CD,SRFN_BAP_WORK_TM,,,Second Refining BAP Target Work Time,Y
SMS_OPC_CD,SRFN_LF_WORK_TM,,,Second Refining LF Target Work Time,Y
SMS_OPC_CD,SRFN_RH_WORK_TM,,,Second Refining RH Target Work Time,Y
SMS_OPC_CD,SRFN_RH_WORK_TM1,,,Second Refining RH Target Work Time1,Y
SMS_OPC_CD,TOT_WORK_TM,,,Total Target Work Time,Y
SMS_OPC_CD,COMMENT,,,Comment,Y
SMS_PROC_CD,BOF,转炉,,,Y
SMS_PROC_CD,LF,,,LF,Y
SMS_PROC_CD,LC,铸机,,,Y
SMS_PROD_CHEM_TY,G,保证炼钢成分,제강보증성분,,Y
SMS_PROD_CHEM_TY,P,产品成分,제품분석성분,,Y
SMS_PROG_CD,PRW,,,PI Receipt Wait,Y
SMS_PROG_CD,PR9,,,PI Receipt Finished,Y
SMS_PROG_CD,KR1,,,KR Arrival,Y
SMS_PROG_CD,KR2,,,KR Start,Y
SMS_PROG_CD,KR3,,,KR End,Y
SMS_PROG_CD,KR4,,,KR Departure,Y
SMS_PROG_CD,DPW,,,BOF Wait(DE-P),Y
SMS_PROG_CD,DP1,,,Charging Start(DE-P),Y
SMS_PROG_CD,DP2,,,Charging End(DE-P),Y
SMS_PROG_CD,DP3,,,Blowing Start(DE-P),Y
SMS_PROG_CD,DP4,,,Blowing End(DE-P),Y
SMS_PROG_CD,DP5,,,Tapping Start(DE-P),Y
SMS_PROG_CD,DP6,,,Tapping End(DE-P),Y
SMS_PROG_CD,DP7,,,BOF Departure(DE-P),Y
SMS_PROG_CD,DCW,,,BOF Wait,Y
SMS_PROG_CD,DC1,,,Charging Start,Y
SMS_PROG_CD,DC2,,,Charging End,Y
SMS_PROG_CD,DC3,,,Blowing End,Y
SMS_PROG_CD,DC4,,,Blowing End,Y
SMS_PROG_CD,DC5,,,Tapping Start,Y
SMS_PROG_CD,DC6,,,Tapping End,Y
SMS_PROG_CD,DC7,,,BOF Departure,Y
SMS_PROG_CD,DC9,,,BOF End,Y
SMS_PROG_CD,EBW,,,WF Wait,Y
SMS_PROG_CD,EB1,,,WF Arrival,Y
SMS_PROG_CD,EB2,,,WF Start,Y
SMS_PROG_CD,EB3,,,WF End,Y
SMS_PROG_CD,EB4,,,WFDeparture,Y
SMS_PROG_CD,LFW,,,LF Wait,Y
SMS_PROG_CD,LF1,,,LF Arrival,Y
SMS_PROG_CD,LF2,,,LF Start,Y
SMS_PROG_CD,LF3,,,LF End,Y
SMS_PROG_CD,LF4,,,LF Departure,Y
SMS_PROG_CD,RHW,,,RH Wait,Y
SMS_PROG_CD,RH1,,,RH Arrival,Y
SMS_PROG_CD,RH2,,,RH Start,Y
SMS_PROG_CD,RH3,,,RH End,Y
SMS_PROG_CD,RH4,,,RH Departure,Y
SMS_PROG_CD,LCW,,,C.Casting Wait,Y
SMS_PROG_CD,LC1,,,Ladle Arrival,Y
SMS_PROG_CD,LC2,,,Ladle Puring Start,Y
SMS_PROG_CD,LC3,,,Ladle Puring End,Y
SMS_PROG_CD,LC4,,,Casting Start,Y
SMS_PROG_CD,LC5,,,Cutting Start,Y
SMS_PROG_CD,LC6,,,Casting End,Y
SMS_PROG_CD,LC7,,,Cutting End,Y
SMS_PROG_CD,LC8,,,Ladle Departure,Y
SMS_PROG_CD,LC9,,,Casting End,Y
SMS_PROG_CD,CUW,,,TCM Cutting Wait,Y
SMS_PROG_CD,CU9,,,TCM Cutting End,Y
SMS_PROG_CD,SDW,,,Sub-Division Wait,Y
SMS_PROG_CD,SD9,,,Sub-Division End,Y
SMS_PROG_CD,CTW,,,Finish Cutting Wait,Y
SMS_PROG_CD,CT9,,,Finish Cutting End,Y
SMS_PROG_CD,ESW,,,Scarfing Wait,Y
SMS_PROG_CD,ES9,,,Scarfing End,Y
SMS_SLAG_DBL_TY,A,是,,,Y
SMS_SLAG_DBL_TY,B,否,,,Y
SMS_SLAG_DBL_TY,C,未指定,,,Y
SMS_SUB_UNITS,01,转炉作业区,,,Y
SMS_SUB_UNITS,02,维修作业区,,,Y
SMS_SUB_UNITS,03,连铸（生产）,,,Y
SMS_SUB_UNITS,04,连铸（维修）,,,Y
SMS_SUB_UNITS,05,天车作业区,,,Y
SMS_SUB_UNITS,06,公辅作业区,,,Y
SMS_SUB_UNITS,07,电仪作业区,,,Y
SMS_SUB_UNITS,08,生产准备作业区,,,Y
SMS_TAP_TIME_TY,A,,,5-7min,Y
SMS_TAP_TIME_TY,B,未指定,,,Y
SN_TY,AA1A,,조선내화Ar Slit Type-15˚Flange부 절단,,Y
SN_TY,AA1B,,조선내화Ar Slit Type-15˚Steel Band부 절단,,Y
SN_TY,AA1C,,조선내화Ar Slit Type-15˚Ar Inlet Socket부 용강유출,,Y
SN_TY,AA1D,,조선내화Ar Slit Type-15˚횡크랙(Body부),,Y
SN_TY,AA1E,,조선내화Ar Slit Type-15˚종크랙(Body부),,Y
SN_TY,AA1F,,조선내화Ar Slit Type-15˚S/L부 과다 용손 절단,,Y
SN_TY,AA1G,,조선내화Ar Slit Type-15˚S/L부 열충격 절단,,Y
SN_TY,AA1H,,조선내화Ar Slit Type-15˚슬래그 라인부 펑크,,Y
SN_TY,AA1I,,조선내화Ar Slit Type-15˚Body부 펑크,,Y
SN_TY,AA1J,,조선내화Ar Slit Type-15˚토출구 상부 절단,,Y
SN_TY,AA1K,,조선내화Ar Slit Type-15˚토출구 하부 절단,,Y
SN_TY,AA1L,,조선내화Ar Slit Type-15˚Lower,,Y
SN_TY,AA1M,,조선내화Ar Slit Type-15˚저온 막힘으로 주조 중단,,Y
SN_TY,AA1N,,조선내화Ar Slit Type-15˚개재물 부착 노즐 막힘으로 주조 중단,,Y
SN_TY,AA1O,,조선내화Ar Slit Type-15˚기타 이상,,Y
SN_TY,AA1P,,조선내화Ar Slit Type-15˚정상(Pass),,Y
SN_TY,AA1Q,,조선내화Ar Slit Type-15˚이물질(Quility),,Y
SN_TY,AA1R,,조선내화Ar Slit Type-15˚저속주조(Row speed),,Y
SN_TY,AA2A,,조선내화Ar Slit Type- 25˚Flange부 절단,,Y
SN_TY,AA2B,,조선내화Ar Slit Type- 25˚Steel Band부 절단,,Y
SN_TY,AA2C,,조선내화Ar Slit Type- 25˚Ar Inlet Socket부 용강유출,,Y
SN_TY,AA2D,,조선내화Ar Slit Type- 25˚횡크랙(Body부),,Y
SN_TY,AA2E,,조선내화Ar Slit Type- 25˚종크랙(Body부),,Y
SN_TY,AA2F,,조선내화Ar Slit Type- 25˚S/L부 과다 용손 절단,,Y
SN_TY,AA2G,,조선내화Ar Slit Type- 25˚S/L부 열충격 절단,,Y
SN_TY,AA2H,,조선내화Ar Slit Type- 25˚슬래그 라인부 펑크,,Y
SN_TY,AA2I,,조선내화Ar Slit Type- 25˚Body부 펑크,,Y
SN_TY,AA2J,,조선내화Ar Slit Type- 25˚토출구 상부 절단,,Y
SN_TY,AA2K,,조선내화Ar Slit Type- 25˚토출구 하부 절단,,Y
SN_TY,AA2L,,조선내화Ar Slit Type- 25˚Lower,,Y
SN_TY,AA2M,,조선내화Ar Slit Type- 25˚저온 막힘으로 주조 중단,,Y
SN_TY,AA2N,,조선내화Ar Slit Type- 25˚개재물 부착 노즐 막힘으로 주조 중단,,Y
SN_TY,AA2O,,조선내화Ar Slit Type- 25˚기타 이상,,Y
SN_TY,AA2P,,조선내화Ar Slit Type- 25˚정상(Pass),,Y
SN_TY,AA2Q,,조선내화Ar Slit Type- 25˚이물질(Quility),,Y
SN_TY,AA2R,,조선내화Ar Slit Type- 25˚저속주조(Row speed),,Y
SN_TY,AA3A,,조선내화Ar Slit Type-35˚Flange부 절단,,Y
SN_TY,AA3B,,조선내화Ar Slit Type-35˚Steel Band부 절단,,Y
SN_TY,AA3C,,조선내화Ar Slit Type-35˚Ar Inlet Socket부 용강유출,,Y
SN_TY,AA3D,,조선내화Ar Slit Type-35˚횡크랙(Body부),,Y
SN_TY,AA3E,,조선내화Ar Slit Type-35˚종크랙(Body부),,Y
SN_TY,AA3F,,조선내화Ar Slit Type-35˚S/L부 과다 용손 절단,,Y
SN_TY,AA3G,,조선내화Ar Slit Type-35˚S/L부 열충격 절단,,Y
SN_TY,AA3H,,조선내화Ar Slit Type-35˚슬래그 라인부 펑크,,Y
SN_TY,AA3I,,조선내화Ar Slit Type-35˚Body부 펑크,,Y
SN_TY,AA3J,,조선내화Ar Slit Type-35˚토출구 상부 절단,,Y
SN_TY,AA3K,,조선내화Ar Slit Type-35˚토출구 하부 절단,,Y
SN_TY,AA3L,,조선내화Ar Slit Type-35˚Lower,,Y
SN_TY,AA3M,,조선내화Ar Slit Type-35˚저온 막힘으로 주조 중단,,Y
SN_TY,AA3N,,조선내화Ar Slit Type-35˚개재물 부착 노즐 막힘으로 주조 중단,,Y
SN_TY,AA3O,,조선내화Ar Slit Type-35˚기타 이상,,Y
SN_TY,AA3P,,조선내화Ar Slit Type-35˚정상(Pass),,Y
SN_TY,AA3Q,,조선내화Ar Slit Type-35˚이물질(Quility),,Y
SN_TY,AA3R,,조선내화Ar Slit Type-35˚저속주조(Row speed),,Y
SN_TY,AA4A,,조선내화Ar Slit Type-45˚Flange부 절단,,Y
SN_TY,AA4B,,조선내화Ar Slit Type-45˚Steel Band부 절단,,Y
SN_TY,AA4C,,조선내화Ar Slit Type-45˚Ar Inlet Socket부 용강유출,,Y
SN_TY,AA4D,,조선내화Ar Slit Type-45˚횡크랙(Body부),,Y
SN_TY,AA4E,,조선내화Ar Slit Type-45˚종크랙(Body부),,Y
SN_TY,AA4F,,조선내화Ar Slit Type-45˚S/L부 과다 용손 절단,,Y
SN_TY,AA4G,,조선내화Ar Slit Type-45˚S/L부 열충격 절단,,Y
SN_TY,AA4H,,조선내화Ar Slit Type-45˚슬래그 라인부 펑크,,Y
SN_TY,AA4I,,조선내화Ar Slit Type-45˚Body부 펑크,,Y
SN_TY,AA4J,,조선내화Ar Slit Type-45˚토출구 상부 절단,,Y
SN_TY,AA4K,,조선내화Ar Slit Type-45˚토출구 하부 절단,,Y
SN_TY,AA4L,,조선내화Ar Slit Type-45˚Lower,,Y
SN_TY,AA4M,,조선내화Ar Slit Type-45˚저온 막힘으로 주조 중단,,Y
SN_TY,AA4N,,조선내화Ar Slit Type-45˚개재물 부착 노즐 막힘으로 주조 중단,,Y
SN_TY,AA4O,,조선내화Ar Slit Type-45˚기타 이상,,Y
SN_TY,AA4P,,조선내화Ar Slit Type-45˚정상(Pass),,Y
SN_TY,AA4Q,,조선내화Ar Slit Type-45˚이물질(Quility),,Y
SN_TY,AA4R,,조선내화Ar Slit Type-45˚저속주조(Row speed),,Y
SN_TY,AA5A,,조선내화Ar Slit Type-7.5˚Flange부 절단,,Y
SN_TY,AA5B,,조선내화Ar Slit Type-7.5˚Steel Band부 절단,,Y
SN_TY,AA5C,,조선내화Ar Slit Type-7.5˚Ar Inlet Socket부 용강유출,,Y
SN_TY,AA5D,,조선내화Ar Slit Type-7.5˚횡크랙(Body부),,Y
SN_TY,AA5E,,조선내화Ar Slit Type-7.5˚종크랙(Body부),,Y
SN_TY,AA5F,,조선내화Ar Slit Type-7.5˚S/L부 과다 용손 절단,,Y
SN_TY,AA5G,,조선내화Ar Slit Type-7.5˚S/L부 열충격 절단,,Y
SN_TY,AA5H,,조선내화Ar Slit Type-7.5˚슬래그 라인부 펑크,,Y
SN_TY,AA5I,,조선내화Ar Slit Type-7.5˚Body부 펑크,,Y
SN_TY,AA5J,,조선내화Ar Slit Type-7.5˚토출구 상부 절단,,Y
SN_TY,AA5K,,조선내화Ar Slit Type-7.5˚토출구 하부 절단,,Y
SN_TY,AA5L,,조선내화Ar Slit Type-7.5˚Lower,,Y
SN_TY,AA5M,,조선내화Ar Slit Type-7.5˚저온 막힘으로 주조 중단,,Y
SN_TY,AA5N,,조선내화Ar Slit Type-7.5˚개재물 부착 노즐 막힘으로 주조 중단,,Y
SN_TY,AA5O,,조선내화Ar Slit Type-7.5˚기타 이상,,Y
SN_TY,AA5P,,조선내화Ar Slit Type-7.5˚정상(Pass),,Y
SN_TY,AA5Q,,조선내화Ar Slit Type-7.5˚이물질(Quility),,Y
SN_TY,AA5R,,조선내화Ar Slit Type-7.5˚저속주조(Row speed),,Y
SN_TY,AA6A,,조선내화Ar Slit Type0˚Flange부 절단,,Y
SN_TY,AA6B,,조선내화Ar Slit Type0˚Steel Band부 절단,,Y
SN_TY,AA6C,,조선내화Ar Slit Type0˚Ar Inlet Socket부 용강유출,,Y
SN_TY,AA6D,,조선내화Ar Slit Type0˚횡크랙(Body부),,Y
SN_TY,AA6E,,조선내화Ar Slit Type0˚종크랙(Body부),,Y
SN_TY,AA6F,,조선내화Ar Slit Type0˚S/L부 과다 용손 절단,,Y
SN_TY,AA6G,,조선내화Ar Slit Type0˚S/L부 열충격 절단,,Y
SN_TY,AA6H,,조선내화Ar Slit Type0˚슬래그 라인부 펑크,,Y
SN_TY,AA6I,,조선내화Ar Slit Type0˚Body부 펑크,,Y
SN_TY,AA6J,,조선내화Ar Slit Type0˚토출구 상부 절단,,Y
SN_TY,AA6K,,조선내화Ar Slit Type0˚토출구 하부 절단,,Y
SN_TY,AA6L,,조선내화Ar Slit Type0˚Lower 노즐 ∼ 침지노즐 Setting부 용강유출,,Y
SN_TY,AA6M,,조선내화Ar Slit Type0˚저온 막힘으로 주조 중단,,Y
SN_TY,AA6N,,조선내화Ar Slit Type0˚개재물 부착 노즐 막힘으로 주조 중단,,Y
SN_TY,AA6O,,조선내화Ar Slit Type0˚기타 이상,,Y
SN_TY,AA6P,,조선내화Ar Slit Type0˚정상(Pass),,Y
SN_TY,AA6Q,,조선내화Ar Slit Type0˚이물질(Quility),,Y
SN_TY,AA6R,,조선내화Ar Slit Type0˚저속주조(Row speed),,Y
SN_TY,AA7A,,조선내화Ar Slit Type+15˚Flange부 절단,,Y
SN_TY,AA7B,,조선내화Ar Slit Type+15˚Steel Band부 절단,,Y
SN_TY,AA7C,,조선내화Ar Slit Type+15˚Ar Inlet Socket부 용강유출,,Y
SN_TY,AA7D,,조선내화Ar Slit Type+15˚횡크랙(Body부),,Y
SN_TY,AA7E,,조선내화Ar Slit Type+15˚종크랙(Body부),,Y
SN_TY,AA7F,,조선내화Ar Slit Type+15˚S/L부 과다 용손 절단,,Y
SN_TY,AA7G,,조선내화Ar Slit Type+15˚S/L부 열충격 절단,,Y
SN_TY,AA7H,,조선내화Ar Slit Type+15˚슬래그 라인부 펑크,,Y
SN_TY,AA7I,,조선내화Ar Slit Type+15˚Body부 펑크,,Y
SN_TY,AA7J,,조선내화Ar Slit Type+15˚토출구 상부 절단,,Y
SN_TY,AA7K,,조선내화Ar Slit Type+15˚토출구 하부 절단,,Y
SN_TY,AA7L,,조선내화Ar Slit Type+15˚Lower,,Y
SN_TY,AA7M,,조선내화Ar Slit Type+15˚저온 막힘으로 주조 중단,,Y
SN_TY,AA7N,,조선내화Ar Slit Type+15˚개재물 부착 노즐 막힘으로 주조 중단,,Y
SN_TY,AA7O,,조선내화Ar Slit Type+15˚기타 이상,,Y
SN_TY,AA7P,,조선내화Ar Slit Type+15˚정상(Pass),,Y
SN_TY,AA7Q,,조선내화Ar Slit Type+15˚이물질(Quility),,Y
SN_TY,AA7R,,조선내화Ar Slit Type+15˚저속주조(Row speed),,Y
SN_TY,AB1A,,조선내화Non-Slit 용손형-15˚Flange부 절단,,Y
SN_TY,AB1B,,조선내화Non-Slit 용손형-15˚Steel Band부 절단,,Y
SN_TY,AB1C,,조선내화Non-Slit 용손형-15˚Ar Inlet Socket부 용강유출,,Y
SN_TY,AB1D,,조선내화Non-Slit 용손형-15˚횡크랙(Body부),,Y
SN_TY,AB1E,,조선내화Non-Slit 용손형-15˚종크랙(Body부),,Y
SN_TY,AB1F,,조선내화Non-Slit 용손형-15˚S/L부 과다 용손 절단,,Y
SN_TY,AB1G,,조선내화Non-Slit 용손형-15˚S/L부 열충격 절단,,Y
SN_TY,AB1H,,조선내화Non-Slit 용손형-15˚슬래그 라인부 펑크,,Y
SN_TY,AB1I,,조선내화Non-Slit 용손형-15˚Body부 펑크,,Y
SN_TY,AB1J,,조선내화Non-Slit 용손형-15˚토출구 상부 절단,,Y
SN_TY,AB1K,,조선내화Non-Slit 용손형-15˚토출구 하부 절단,,Y
SN_TY,AB1L,,조선내화Non-Slit 용손형-15˚Lower,,Y
SN_TY,AB1M,,조선내화Non-Slit 용손형-15˚저온 막힘으로 주조 중단,,Y
SN_TY,AB1N,,조선내화Non-Slit 용손형-15˚개재물 부착,,Y
SN_TY,AB1O,,조선내화Non-Slit 용손형-15˚기타 이상,,Y
SN_TY,AB1P,,조선내화Non-Slit 용손형-15˚정상(Pass),,Y
SN_TY,AB1Q,,조선내화Non-Slit 용손형-15˚이물질(Quility),,Y
SN_TY,AB1R,,조선내화Non-Slit 용손형-15˚저속주조(Row speed),,Y
SN_TY,AB2A,,조선내화Non-Slit 용손형- 25˚Flange부 절단,,Y
SN_TY,AB2B,,조선내화Non-Slit 용손형- 25˚Steel Band부 절단,,Y
SN_TY,AB2C,,조선내화Non-Slit 용손형- 25˚Ar Inlet Socket부 용강유출,,Y
SN_TY,AB2D,,조선내화Non-Slit 용손형- 25˚횡크랙(Body부),,Y
SN_TY,AB2E,,조선내화Non-Slit 용손형- 25˚종크랙(Body부),,Y
SN_TY,AB2F,,조선내화Non-Slit 용손형- 25˚S/L부 과다 용손 절단,,Y
SN_TY,AB2G,,조선내화Non-Slit 용손형- 25˚S/L부 열충격 절단,,Y
SN_TY,AB2H,,조선내화Non-Slit 용손형- 25˚슬래그 라인부 펑크,,Y
SN_TY,AB2I,,조선내화Non-Slit 용손형- 25˚Body부 펑크,,Y
SN_TY,AB2J,,조선내화Non-Slit 용손형- 25˚토출구 상부 절단,,Y
SN_TY,AB2K,,조선내화Non-Slit 용손형- 25˚토출구 하부 절단,,Y
SN_TY,AB2L,,조선내화Non-Slit 용손형- 25˚Lower,,Y
SN_TY,AB2M,,조선내화Non-Slit 용손형- 25˚저온 막힘으로 주조 중단,,Y
SN_TY,AB2N,,조선내화Non-Slit 용손형- 25˚개재물 부,,Y
SN_TY,AB2O,,조선내화Non-Slit 용손형- 25˚기타 이상,,Y
SN_TY,AB2P,,조선내화Non-Slit 용손형- 25˚정상(Pass),,Y
SN_TY,AB2Q,,조선내화Non-Slit 용손형- 25˚이물질(Quility),,Y
SN_TY,AB2R,,조선내화Non-Slit 용손형- 25˚저속주조(Row speed),,Y
SN_TY,AB3A,,조선내화Non-Slit 용손형-35˚Flange부 절단,,Y
SN_TY,AB3B,,조선내화Non-Slit 용손형-35˚Steel Band부 절단,,Y
SN_TY,AB3C,,조선내화Non-Slit 용손형-35˚Ar Inlet Socket부 용강유출,,Y
SN_TY,AB3D,,조선내화Non-Slit 용손형-35˚횡크랙(Body부),,Y
SN_TY,AB3E,,조선내화Non-Slit 용손형-35˚종크랙(Body부),,Y
SN_TY,AB3F,,조선내화Non-Slit 용손형-35˚S/L부 과다 용손 절단,,Y
SN_TY,AB3G,,조선내화Non-Slit 용손형-35˚S/L부 열충격 절단,,Y
SN_TY,AB3H,,조선내화Non-Slit 용손형-35˚슬래그 라인부 펑크,,Y
SN_TY,AB3I,,조선내화Non-Slit 용손형-35˚Body부 펑크,,Y
SN_TY,AB3J,,조선내화Non-Slit 용손형-35˚토출구 상부 절단,,Y
SN_TY,AB3K,,조선내화Non-Slit 용손형-35˚토출구 하부 절단,,Y
SN_TY,AB3L,,조선내화Non-Slit 용손형-35˚Lower,,Y
SN_TY,AB3M,,조선내화Non-Slit 용손형-35˚저온 막힘으로 주조 중단,,Y
SN_TY,AB3N,,조선내화Non-Slit 용손형-35˚개재물 부착,,Y
SN_TY,AB3O,,조선내화Non-Slit 용손형-35˚기타 이상,,Y
SN_TY,AB3P,,조선내화Non-Slit 용손형-35˚정상(Pass),,Y
SN_TY,AB3Q,,조선내화Non-Slit 용손형-35˚이물질(Quility),,Y
SN_TY,AB3R,,조선내화Non-Slit 용손형-35˚저속주조(Row speed),,Y
SN_TY,AB4A,,조선내화Non-Slit 용손형-45˚Flange부 절단,,Y
SN_TY,AB4B,,조선내화Non-Slit 용손형-45˚Steel Band부 절단,,Y
SN_TY,AB4C,,조선내화Non-Slit 용손형-45˚Ar Inlet Socket부 용강유출,,Y
SN_TY,AB4D,,조선내화Non-Slit 용손형-45˚횡크랙(Body부),,Y
SN_TY,AB4E,,조선내화Non-Slit 용손형-45˚종크랙(Body부),,Y
SN_TY,AB4F,,조선내화Non-Slit 용손형-45˚S/L부 과다 용손 절단,,Y
SN_TY,AB4G,,조선내화Non-Slit 용손형-45˚S/L부 열충격 절단,,Y
SN_TY,AB4H,,조선내화Non-Slit 용손형-45˚슬래그 라인부 펑크,,Y
SN_TY,AB4I,,조선내화Non-Slit 용손형-45˚Body부 펑크,,Y
SN_TY,AB4J,,조선내화Non-Slit 용손형-45˚토출구 상부 절단,,Y
SN_TY,AB4K,,조선내화Non-Slit 용손형-45˚토출구 하부 절단,,Y
SN_TY,AB4L,,조선내화Non-Slit 용손형-45˚Lower,,Y
SN_TY,AB4M,,조선내화Non-Slit 용손형-45˚저온 막힘으로 주조 중단,,Y
SN_TY,AB4N,,조선내화Non-Slit 용손형-45˚개재물 부착,,Y
SN_TY,AB4O,,조선내화Non-Slit 용손형-45˚기타 이상,,Y
SN_TY,AB4P,,조선내화Non-Slit 용손형-45˚정상(Pass),,Y
SN_TY,AB4Q,,조선내화Non-Slit 용손형-45˚이물질(Quility),,Y
SN_TY,AB4R,,조선내화Non-Slit 용손형-45˚저속주조(Row speed),,Y
SN_TY,AB5A,,조선내화Non-Slit 용손형-7.5˚Flange부 절단,,Y
SN_TY,AB5B,,조선내화Non-Slit 용손형-7.5˚Steel Band부 절단,,Y
SN_TY,AB5C,,조선내화Non-Slit 용손형-7.5˚Ar Inlet Socket부 용강유출,,Y
SN_TY,AB5D,,조선내화Non-Slit 용손형-7.5˚횡크랙(Body부),,Y
SN_TY,AB5E,,조선내화Non-Slit 용손형-7.5˚종크랙(Body부),,Y
SN_TY,AB5F,,조선내화Non-Slit 용손형-7.5˚S/L부 과다 용손 절단,,Y
SN_TY,AB5G,,조선내화Non-Slit 용손형-7.5˚S/L부 열충격 절단,,Y
SN_TY,AB5H,,조선내화Non-Slit 용손형-7.5˚슬래그 라인부 펑크,,Y
SN_TY,AB5I,,조선내화Non-Slit 용손형-7.5˚Body부 펑크,,Y
SN_TY,AB5J,,조선내화Non-Slit 용손형-7.5˚토출구 상부 절단,,Y
SN_TY,AB5K,,조선내화Non-Slit 용손형-7.5˚토출구 하부 절단,,Y
SN_TY,AB5L,,조선내화Non-Slit 용손형-7.5˚Lower,,Y
SN_TY,AB5M,,조선내화Non-Slit 용손형-7.5˚저온 막힘으로 주조 중단,,Y
SN_TY,AB5N,,조선내화Non-Slit 용손형-7.5˚개재물 부,,Y
SN_TY,AB5O,,조선내화Non-Slit 용손형-7.5˚기타 이상,,Y
SN_TY,AB5P,,조선내화Non-Slit 용손형-7.5˚정상(Pass),,Y
SN_TY,AB5Q,,조선내화Non-Slit 용손형-7.5˚이물질(Quility),,Y
SN_TY,AB5R,,조선내화Non-Slit 용손형-7.5˚저속주조(Row speed),,Y
SN_TY,AB6A,,조선내화Non-Slit 용손형0˚Flange부 절단,,Y
SN_TY,AB6B,,조선내화Non-Slit 용손형0˚Steel Band부 절단,,Y
SN_TY,AB6C,,조선내화Non-Slit 용손형0˚Ar Inlet Socket부 용강유출,,Y
SN_TY,AB6D,,조선내화Non-Slit 용손형0˚횡크랙(Body부),,Y
SN_TY,AB6E,,조선내화Non-Slit 용손형0˚종크랙(Body부),,Y
SN_TY,AB6F,,조선내화Non-Slit 용손형0˚S/L부 과다 용손 절단,,Y
SN_TY,AB6G,,조선내화Non-Slit 용손형0˚S/L부 열충격 절단,,Y
SN_TY,AB6H,,조선내화Non-Slit 용손형0˚슬래그 라인부 펑크,,Y
SN_TY,AB6I,,조선내화Non-Slit 용손형0˚Body부 펑크,,Y
SN_TY,AB6J,,조선내화Non-Slit 용손형0˚토출구 상부 절단,,Y
SN_TY,AB6K,,조선내화Non-Slit 용손형0˚토출구 하부 절단,,Y
SN_TY,AB6L,,조선내화Non-Slit 용손형0˚Lower 노즐,,Y
SN_TY,AB6M,,조선내화Non-Slit 용손형0˚저온 막힘으로 주조 중단,,Y
SN_TY,AB6N,,조선내화Non-Slit 용손형0˚개재물 부착 노,,Y
SN_TY,AB6O,,조선내화Non-Slit 용손형0˚기타 이상,,Y
SN_TY,AB6P,,조선내화Non-Slit 용손형0˚정상(Pass),,Y
SN_TY,AB6Q,,조선내화Non-Slit 용손형0˚이물질(Quility),,Y
SN_TY,AB6R,,조선내화Non-Slit 용손형0˚저속주조(Row speed),,Y
SN_TY,AB7A,,조선내화Non-Slit 용손형+15˚Flange부 절단,,Y
SN_TY,AB7B,,조선내화Non-Slit 용손형+15˚Steel Band부 절단,,Y
SN_TY,AB7C,,조선내화Non-Slit 용손형+15˚Ar Inlet Socket부 용강유출,,Y
SN_TY,AB7D,,조선내화Non-Slit 용손형+15˚횡크랙(Body부),,Y
SN_TY,AB7E,,조선내화Non-Slit 용손형+15˚종크랙(Body부),,Y
SN_TY,AB7F,,조선내화Non-Slit 용손형+15˚S/L부 과다 용손 절단,,Y
SN_TY,AB7G,,조선내화Non-Slit 용손형+15˚S/L부 열충격 절단,,Y
SN_TY,AB7H,,조선내화Non-Slit 용손형+15˚슬래그 라인부 펑크,,Y
SN_TY,AB7I,,조선내화Non-Slit 용손형+15˚Body부 펑크,,Y
SN_TY,AB7J,,조선내화Non-Slit 용손형+15˚토출구 상부 절단,,Y
SN_TY,AB7K,,조선내화Non-Slit 용손형+15˚토출구 하부 절단,,Y
SN_TY,AB7L,,조선내화Non-Slit 용손형+15˚Lower,,Y
SN_TY,AB7M,,조선내화Non-Slit 용손형+15˚저온 막힘으로 주조 중단,,Y
SN_TY,AB7N,,조선내화Non-Slit 용손형+15˚개재물 부착,,Y
SN_TY,AB7O,,조선내화Non-Slit 용손형+15˚기타 이상,,Y
SN_TY,AB7P,,조선내화Non-Slit 용손형+15˚정상(Pass),,Y
SN_TY,AB7Q,,조선내화Non-Slit 용손형+15˚이물질(Quility),,Y
SN_TY,AB7R,,조선내화Non-Slit 용손형+15˚저속주조(Row speed),,Y
SN_TY,AC1A,,조선내화단열 Slit 용손형-15˚Flange부 절단,,Y
SN_TY,AC1B,,조선내화단열 Slit 용손형-15˚Steel Band부 절단,,Y
SN_TY,AC1C,,조선내화단열 Slit 용손형-15˚Ar Inlet Socket부 용강유출,,Y
SN_TY,AC1D,,조선내화단열 Slit 용손형-15˚횡크랙(Body부),,Y
SN_TY,AC1E,,조선내화단열 Slit 용손형-15˚종크랙(Body부),,Y
SN_TY,AC1F,,조선내화단열 Slit 용손형-15˚S/L부 과다 용손 절단,,Y
SN_TY,AC1G,,조선내화단열 Slit 용손형-15˚S/L부 열충격 절단,,Y
SN_TY,AC1H,,조선내화단열 Slit 용손형-15˚슬래그 라인부 펑크,,Y
SN_TY,AC1I,,조선내화단열 Slit 용손형-15˚Body부 펑크,,Y
SN_TY,AC1J,,조선내화단열 Slit 용손형-15˚토출구 상부 절단,,Y
SN_TY,AC1K,,조선내화단열 Slit 용손형-15˚토출구 하부 절단,,Y
SN_TY,AC1L,,조선내화단열 Slit 용손형-15˚Lower 노,,Y
SN_TY,AC1M,,조선내화단열 Slit 용손형-15˚저온 막힘으로 주조 중단,,Y
SN_TY,AC1N,,조선내화단열 Slit 용손형-15˚개재물 부착,,Y
SN_TY,AC1O,,조선내화단열 Slit 용손형-15˚기타 이상,,Y
SN_TY,AC1P,,조선내화단열 Slit 용손형-15˚정상(Pass),,Y
SN_TY,AC1Q,,조선내화단열 Slit 용손형-15˚이물질(Quility),,Y
SN_TY,AC1R,,조선내화단열 Slit 용손형-15˚저속주조(Row speed),,Y
SN_TY,AC2A,,조선내화단열 Slit 용손형- 25˚Flange부 절단,,Y
SN_TY,AC2B,,조선내화단열 Slit 용손형- 25˚Steel Band부 절단,,Y
SN_TY,AC2C,,조선내화단열 Slit 용손형- 25˚Ar Inlet Socket부 용강유출,,Y
SN_TY,AC2D,,조선내화단열 Slit 용손형- 25˚횡크랙(Body부),,Y
SN_TY,AC2E,,조선내화단열 Slit 용손형- 25˚종크랙(Body부),,Y
SN_TY,AC2F,,조선내화단열 Slit 용손형- 25˚S/L부 과다 용손 절단,,Y
SN_TY,AC2G,,조선내화단열 Slit 용손형- 25˚S/L부 열충격 절단,,Y
SN_TY,AC2H,,조선내화단열 Slit 용손형- 25˚슬래그 라인부 펑크,,Y
SN_TY,AC2I,,조선내화단열 Slit 용손형- 25˚Body부 펑크,,Y
SN_TY,AC2J,,조선내화단열 Slit 용손형- 25˚토출구 상부 절단,,Y
SN_TY,AC2K,,조선내화단열 Slit 용손형- 25˚토출구 하부 절단,,Y
SN_TY,AC2L,,조선내화단열 Slit 용손형- 25˚Lower,,Y
SN_TY,AC2M,,조선내화단열 Slit 용손형- 25˚저온 막힘으로 주조 중단,,Y
SN_TY,AC2N,,조선내화단열 Slit 용손형- 25˚개재물 부착,,Y
SN_TY,AC2O,,조선내화단열 Slit 용손형- 25˚기타 이상,,Y
SN_TY,AC2P,,조선내화단열 Slit 용손형- 25˚정상(Pass),,Y
SN_TY,AC2Q,,조선내화단열 Slit 용손형- 25˚이물질(Quility),,Y
SN_TY,AC2R,,조선내화단열 Slit 용손형- 25˚저속주조(Row speed),,Y
SN_TY,AC3A,,조선내화단열 Slit 용손형-35˚Flange부 절단,,Y
SN_TY,AC3B,,조선내화단열 Slit 용손형-35˚Steel Band부 절단,,Y
SN_TY,AC3C,,조선내화단열 Slit 용손형-35˚Ar Inlet Socket부 용강유출,,Y
SN_TY,AC3D,,조선내화단열 Slit 용손형-35˚횡크랙(Body부),,Y
SN_TY,AC3E,,조선내화단열 Slit 용손형-35˚종크랙(Body부),,Y
SN_TY,AC3F,,조선내화단열 Slit 용손형-35˚S/L부 과다 용손 절단,,Y
SN_TY,AC3G,,조선내화단열 Slit 용손형-35˚S/L부 열충격 절단,,Y
SN_TY,AC3H,,조선내화단열 Slit 용손형-35˚슬래그 라인부 펑크,,Y
SN_TY,AC3I,,조선내화단열 Slit 용손형-35˚Body부 펑크,,Y
SN_TY,AC3J,,조선내화단열 Slit 용손형-35˚토출구 상부 절단,,Y
SN_TY,AC3K,,조선내화단열 Slit 용손형-35˚토출구 하부 절단,,Y
SN_TY,AC3L,,조선내화단열 Slit 용손형-35˚Lower 노,,Y
SN_TY,AC3M,,조선내화단열 Slit 용손형-35˚저온 막힘으로 주조 중단,,Y
SN_TY,AC3N,,조선내화단열 Slit 용손형-35˚개재물 부착,,Y
SN_TY,AC3O,,조선내화단열 Slit 용손형-35˚기타 이상,,Y
SN_TY,AC3P,,조선내화단열 Slit 용손형-35˚정상(Pass),,Y
SN_TY,AC3Q,,조선내화단열 Slit 용손형-35˚이물질(Quility),,Y
SN_TY,AC3R,,조선내화단열 Slit 용손형-35˚저속주조(Row speed),,Y
SN_TY,AC4A,,조선내화단열 Slit 용손형-45˚Flange부 절단,,Y
SN_TY,AC4B,,조선내화단열 Slit 용손형-45˚Steel Band부 절단,,Y
SN_TY,AC4C,,조선내화단열 Slit 용손형-45˚Ar Inlet Socket부 용강유출,,Y
SN_TY,AC4D,,조선내화단열 Slit 용손형-45˚횡크랙(Body부),,Y
SN_TY,AC4E,,조선내화단열 Slit 용손형-45˚종크랙(Body부),,Y
SN_TY,AC4F,,조선내화단열 Slit 용손형-45˚S/L부 과다 용손 절단,,Y
SN_TY,AC4G,,조선내화단열 Slit 용손형-45˚S/L부 열충격 절단,,Y
SN_TY,AC4H,,조선내화단열 Slit 용손형-45˚슬래그 라인부 펑크,,Y
SN_TY,AC4I,,조선내화단열 Slit 용손형-45˚Body부 펑크,,Y
SN_TY,AC4J,,조선내화단열 Slit 용손형-45˚토출구 상부 절단,,Y
SN_TY,AC4K,,조선내화단열 Slit 용손형-45˚토출구 하부 절단,,Y
SN_TY,AC4L,,조선내화단열 Slit 용손형-45˚Lower 노,,Y
SN_TY,AC4M,,조선내화단열 Slit 용손형-45˚저온 막힘으로 주조 중단,,Y
SN_TY,AC4N,,조선내화단열 Slit 용손형-45˚개재물 부착,,Y
SN_TY,AC4O,,조선내화단열 Slit 용손형-45˚기타 이상,,Y
SN_TY,AC4P,,조선내화단열 Slit 용손형-45˚정상(Pass),,Y
SN_TY,AC4Q,,조선내화단열 Slit 용손형-45˚이물질(Quility),,Y
SN_TY,AC4R,,조선내화단열 Slit 용손형-45˚저속주조(Row speed),,Y
SN_TY,AC5A,,조선내화단열 Slit 용손형-7.5˚Flange부 절단,,Y
SN_TY,AC5B,,조선내화단열 Slit 용손형-7.5˚Steel Band부 절단,,Y
SN_TY,AC5C,,조선내화단열 Slit 용손형-7.5˚Ar Inlet Socket부 용강유출,,Y
SN_TY,AC5D,,조선내화단열 Slit 용손형-7.5˚횡크랙(Body부),,Y
SN_TY,AC5E,,조선내화단열 Slit 용손형-7.5˚종크랙(Body부),,Y
SN_TY,AC5F,,조선내화단열 Slit 용손형-7.5˚S/L부 과다 용손 절단,,Y
SN_TY,AC5G,,조선내화단열 Slit 용손형-7.5˚S/L부 열충격 절단,,Y
SN_TY,AC5H,,조선내화단열 Slit 용손형-7.5˚슬래그 라인부 펑크,,Y
SN_TY,AC5I,,조선내화단열 Slit 용손형-7.5˚Body부 펑크,,Y
SN_TY,AC5J,,조선내화단열 Slit 용손형-7.5˚토출구 상부 절단,,Y
SN_TY,AC5K,,조선내화단열 Slit 용손형-7.5˚토출구 하부 절단,,Y
SN_TY,AC5L,,조선내화단열 Slit 용손형-7.5˚Lower,,Y
SN_TY,AC5M,,조선내화단열 Slit 용손형-7.5˚저온 막힘으로 주조 중단,,Y
SN_TY,AC5N,,조선내화단열 Slit 용손형-7.5˚개재물 부착,,Y
SN_TY,AC5O,,조선내화단열 Slit 용손형-7.5˚기타 이상,,Y
SN_TY,AC5P,,조선내화단열 Slit 용손형-7.5˚정상(Pass),,Y
SN_TY,AC5Q,,조선내화단열 Slit 용손형-7.5˚이물질(Quility),,Y
SN_TY,AC5R,,조선내화단열 Slit 용손형-7.5˚저속주조(Row speed),,Y
SN_TY,AC6A,,조선내화단열 Slit 용손형0˚Flange부 절단,,Y
SN_TY,AC6B,,조선내화단열 Slit 용손형0˚Steel Band부 절단,,Y
SN_TY,AC6C,,조선내화단열 Slit 용손형0˚Ar Inlet Socket부 용강유출,,Y
SN_TY,AC6D,,조선내화단열 Slit 용손형0˚횡크랙(Body부),,Y
SN_TY,AC6E,,조선내화단열 Slit 용손형0˚종크랙(Body부),,Y
SN_TY,AC6F,,조선내화단열 Slit 용손형0˚S/L부 과다 용손 절단,,Y
SN_TY,AC6G,,조선내화단열 Slit 용손형0˚S/L부 열충격 절단,,Y
SN_TY,AC6H,,조선내화단열 Slit 용손형0˚슬래그 라인부 펑크,,Y
SN_TY,AC6I,,조선내화단열 Slit 용손형0˚Body부 펑크,,Y
SN_TY,AC6J,,조선내화단열 Slit 용손형0˚토출구 상부 절단,,Y
SN_TY,AC6K,,조선내화단열 Slit 용손형0˚토출구 하부 절단,,Y
SN_TY,AC6L,,조선내화단열 Slit 용손형0˚Lower 노즐,,Y
SN_TY,AC6M,,조선내화단열 Slit 용손형0˚저온 막힘으로 주조 중단,,Y
SN_TY,AC6N,,조선내화단열 Slit 용손형0˚개재물 부착 노즐,,Y
SN_TY,AC6O,,조선내화단열 Slit 용손형0˚기타 이상,,Y
SN_TY,AC6P,,조선내화단열 Slit 용손형0˚정상(Pass),,Y
SN_TY,AC6Q,,조선내화단열 Slit 용손형0˚이물질(Quility),,Y
SN_TY,AC6R,,조선내화단열 Slit 용손형0˚저속주조(Row speed),,Y
SN_TY,AC7A,,조선내화단열 Slit 용손형+15˚Flange부 절단,,Y
SN_TY,AC7B,,조선내화단열 Slit 용손형+15˚Steel Band부 절단,,Y
SN_TY,AC7C,,조선내화단열 Slit 용손형+15˚Ar Inlet Socket부 용강유출,,Y
SN_TY,AC7D,,조선내화단열 Slit 용손형+15˚횡크랙(Body부),,Y
SN_TY,AC7E,,조선내화단열 Slit 용손형+15˚종크랙(Body부),,Y
SN_TY,AC7F,,조선내화단열 Slit 용손형+15˚S/L부 과다 용손 절단,,Y
SN_TY,AC7G,,조선내화단열 Slit 용손형+15˚S/L부 열충격 절단,,Y
SN_TY,AC7H,,조선내화단열 Slit 용손형+15˚슬래그 라인부 펑크,,Y
SN_TY,AC7I,,조선내화단열 Slit 용손형+15˚Body부 펑크,,Y
SN_TY,AC7J,,조선내화단열 Slit 용손형+15˚토출구 상부 절단,,Y
SN_TY,AC7K,,조선내화단열 Slit 용손형+15˚토출구 하부 절단,,Y
SN_TY,AC7L,,조선내화단열 Slit 용손형+15˚Lower 노,,Y
SN_TY,AC7M,,조선내화단열 Slit 용손형+15˚저온 막힘으로 주조 중단,,Y
SN_TY,AC7N,,조선내화단열 Slit 용손형+15˚개재물 부착,,Y
SN_TY,AC7O,,조선내화단열 Slit 용손형+15˚기타 이상,,Y
SN_TY,AC7P,,조선내화단열 Slit 용손형+15˚정상(Pass),,Y
SN_TY,AC7Q,,조선내화단열 Slit 용손형+15˚이물질(Quility),,Y
SN_TY,AC7R,,조선내화단열 Slit 용손형+15˚저속주조(Row speed),,Y
SN_TY,AD1A,,조선내화Non-Slit Type-15˚Flange부 절단,,Y
SN_TY,AD1B,,조선내화Non-Slit Type-15˚Steel Band부 절단,,Y
SN_TY,AD1C,,조선내화Non-Slit Type-15˚Ar Inlet Socket부 용강유출,,Y
SN_TY,AD1D,,조선내화Non-Slit Type-15˚횡크랙(Body부),,Y
SN_TY,AD1E,,조선내화Non-Slit Type-15˚종크랙(Body부),,Y
SN_TY,AD1F,,조선내화Non-Slit Type-15˚S/L부 과다 용손 절단,,Y
SN_TY,AD1G,,조선내화Non-Slit Type-15˚S/L부 열충격 절단,,Y
SN_TY,AD1H,,조선내화Non-Slit Type-15˚슬래그 라인부 펑크,,Y
SN_TY,AD1I,,조선내화Non-Slit Type-15˚Body부 펑크,,Y
SN_TY,AD1J,,조선내화Non-Slit Type-15˚토출구 상부 절단,,Y
SN_TY,AD1K,,조선내화Non-Slit Type-15˚토출구 하부 절단,,Y
SN_TY,AD1L,,조선내화Non-Slit Type-15˚Lower,,Y
SN_TY,AD1M,,조선내화Non-Slit Type-15˚저온 막힘으로 주조 중단,,Y
SN_TY,AD1N,,조선내화Non-Slit Type-15˚개재물 부착 노즐 막힘으로 주조 중단,,Y
SN_TY,AD1O,,조선내화Non-Slit Type-15˚기타 이상,,Y
SN_TY,AD1P,,조선내화Non-Slit Type-15˚정상(Pass),,Y
SN_TY,AD1Q,,조선내화Non-Slit Type-15˚이물질(Quility),,Y
SN_TY,AD1R,,조선내화Non-Slit Type-15˚저속주조(Row speed),,Y
SN_TY,AD2A,,조선내화Non-Slit Type- 25˚Flange부 절단,,Y
SN_TY,AD2B,,조선내화Non-Slit Type- 25˚Steel Band부 절단,,Y
SN_TY,AD2C,,조선내화Non-Slit Type- 25˚Ar Inlet Socket부 용강유출,,Y
SN_TY,AD2D,,조선내화Non-Slit Type- 25˚횡크랙(Body부),,Y
SN_TY,AD2E,,조선내화Non-Slit Type- 25˚종크랙(Body부),,Y
SN_TY,AD2F,,조선내화Non-Slit Type- 25˚S/L부 과다 용손 절단,,Y
SN_TY,AD2G,,조선내화Non-Slit Type- 25˚S/L부 열충격 절단,,Y
SN_TY,AD2H,,조선내화Non-Slit Type- 25˚슬래그 라인부 펑크,,Y
SN_TY,AD2I,,조선내화Non-Slit Type- 25˚Body부 펑크,,Y
SN_TY,AD2J,,조선내화Non-Slit Type- 25˚토출구 상부 절단,,Y
SN_TY,AD2K,,조선내화Non-Slit Type- 25˚토출구 하부 절단,,Y
SN_TY,AD2L,,조선내화Non-Slit Type- 25˚Lowe,,Y
SN_TY,AD2M,,조선내화Non-Slit Type- 25˚저온 막힘으로 주조 중단,,Y
SN_TY,AD2N,,조선내화Non-Slit Type- 25˚개재물,,Y
SN_TY,AD2O,,조선내화Non-Slit Type- 25˚기타 이상,,Y
SN_TY,AD2P,,조선내화Non-Slit Type- 25˚정상(Pass),,Y
SN_TY,AD2Q,,조선내화Non-Slit Type- 25˚이물질(Quility),,Y
SN_TY,AD2R,,조선내화Non-Slit Type- 25˚저속주조(Row speed),,Y
SN_TY,AD3A,,조선내화Non-Slit Type-35˚Flange부 절단,,Y
SN_TY,AD3B,,조선내화Non-Slit Type-35˚Steel Band부 절단,,Y
SN_TY,AD3C,,조선내화Non-Slit Type-35˚Ar Inlet Socket부 용강유출,,Y
SN_TY,AD3D,,조선내화Non-Slit Type-35˚횡크랙(Body부),,Y
SN_TY,AD3E,,조선내화Non-Slit Type-35˚종크랙(Body부),,Y
SN_TY,AD3F,,조선내화Non-Slit Type-35˚S/L부 과다 용손 절단,,Y
SN_TY,AD3G,,조선내화Non-Slit Type-35˚S/L부 열충격 절단,,Y
SN_TY,AD3H,,조선내화Non-Slit Type-35˚슬래그 라인부 펑크,,Y
SN_TY,AD3I,,조선내화Non-Slit Type-35˚Body부 펑크,,Y
SN_TY,AD3J,,조선내화Non-Slit Type-35˚토출구 상부 절단,,Y
SN_TY,AD3K,,조선내화Non-Slit Type-35˚토출구 하부 절단,,Y
SN_TY,AD3L,,조선내화Non-Slit Type-35˚Lower,,Y
SN_TY,AD3M,,조선내화Non-Slit Type-35˚저온 막힘으로 주조 중단,,Y
SN_TY,AD3N,,조선내화Non-Slit Type-35˚개재물 부착 노즐 막힘으로 주조 중단,,Y
SN_TY,AD3O,,조선내화Non-Slit Type-35˚기타 이상,,Y
SN_TY,AD3P,,조선내화Non-Slit Type-35˚정상(Pass),,Y
SN_TY,AD3Q,,조선내화Non-Slit Type-35˚이물질(Quility),,Y
SN_TY,AD3R,,조선내화Non-Slit Type-35˚저속주조(Row speed),,Y
SN_TY,AD4A,,조선내화Non-Slit Type-45˚Flange부 절단,,Y
SN_TY,AD4B,,조선내화Non-Slit Type-45˚Steel Band부 절단,,Y
SN_TY,AD4C,,조선내화Non-Slit Type-45˚Ar Inlet Socket부 용강유출,,Y
SN_TY,AD4D,,조선내화Non-Slit Type-45˚횡크랙(Body부),,Y
SN_TY,AD4E,,조선내화Non-Slit Type-45˚종크랙(Body부),,Y
SN_TY,AD4F,,조선내화Non-Slit Type-45˚S/L부 과다 용손 절단,,Y
SN_TY,AD4G,,조선내화Non-Slit Type-45˚S/L부 열충격 절단,,Y
SN_TY,AD4H,,조선내화Non-Slit Type-45˚슬래그 라인부 펑크,,Y
SN_TY,AD4I,,조선내화Non-Slit Type-45˚Body부 펑크,,Y
SN_TY,AD4J,,조선내화Non-Slit Type-45˚토출구 상부 절단,,Y
SN_TY,AD4K,,조선내화Non-Slit Type-45˚토출구 하부 절단,,Y
SN_TY,AD4L,,조선내화Non-Slit Type-45˚Lower,,Y
SN_TY,AD4M,,조선내화Non-Slit Type-45˚저온 막힘으로 주조 중단,,Y
SN_TY,AD4N,,조선내화Non-Slit Type-45˚개재물 부착 노즐 막힘으로 주조 중단,,Y
SN_TY,AD4O,,조선내화Non-Slit Type-45˚기타 이상,,Y
SN_TY,AD4P,,조선내화Non-Slit Type-45˚정상(Pass),,Y
SN_TY,AD4Q,,조선내화Non-Slit Type-45˚이물질(Quility),,Y
SN_TY,AD4R,,조선내화Non-Slit Type-45˚저속주조(Row speed),,Y
SN_TY,AD5A,,조선내화Non-Slit Type-7.5˚Flange부 절단,,Y
SN_TY,AD5B,,조선내화Non-Slit Type-7.5˚Steel Band부 절단,,Y
SN_TY,AD5C,,조선내화Non-Slit Type-7.5˚Ar Inlet Socket부 용강유출,,Y
SN_TY,AD5D,,조선내화Non-Slit Type-7.5˚횡크랙(Body부),,Y
SN_TY,AD5E,,조선내화Non-Slit Type-7.5˚종크랙(Body부),,Y
SN_TY,AD5F,,조선내화Non-Slit Type-7.5˚S/L부 과다 용손 절단,,Y
SN_TY,AD5G,,조선내화Non-Slit Type-7.5˚S/L부 열충격 절단,,Y
SN_TY,AD5H,,조선내화Non-Slit Type-7.5˚슬래그 라인부 펑크,,Y
SN_TY,AD5I,,조선내화Non-Slit Type-7.5˚Body부 펑크,,Y
SN_TY,AD5J,,조선내화Non-Slit Type-7.5˚토출구 상부 절단,,Y
SN_TY,AD5K,,조선내화Non-Slit Type-7.5˚토출구 하부 절단,,Y
SN_TY,AD5L,,조선내화Non-Slit Type-7.5˚Lowe,,Y
SN_TY,AD5M,,조선내화Non-Slit Type-7.5˚저온 막힘으로 주조 중단,,Y
SN_TY,AD5N,,조선내화Non-Slit Type-7.5˚개재물,,Y
SN_TY,AD5O,,조선내화Non-Slit Type-7.5˚기타 이상,,Y
SN_TY,AD5P,,조선내화Non-Slit Type-7.5˚정상(Pass),,Y
SN_TY,AD5Q,,조선내화Non-Slit Type-7.5˚이물질(Quility),,Y
SN_TY,AD5R,,조선내화Non-Slit Type-7.5˚저속주조(Row speed),,Y
SN_TY,AD6A,,조선내화Non-Slit Type0˚Flange부 절단,,Y
SN_TY,AD6B,,조선내화Non-Slit Type0˚Steel Band부 절단,,Y
SN_TY,AD6C,,조선내화Non-Slit Type0˚Ar Inlet Socket부 용강유출,,Y
SN_TY,AD6D,,조선내화Non-Slit Type0˚횡크랙(Body부),,Y
SN_TY,AD6E,,조선내화Non-Slit Type0˚종크랙(Body부),,Y
SN_TY,AD6F,,조선내화Non-Slit Type0˚S/L부 과다 용손 절단,,Y
SN_TY,AD6G,,조선내화Non-Slit Type0˚S/L부 열충격 절단,,Y
SN_TY,AD6H,,조선내화Non-Slit Type0˚슬래그 라인부 펑크,,Y
SN_TY,AD6I,,조선내화Non-Slit Type0˚Body부 펑크,,Y
SN_TY,AD6J,,조선내화Non-Slit Type0˚토출구 상부 절단,,Y
SN_TY,AD6K,,조선내화Non-Slit Type0˚토출구 하부 절단,,Y
SN_TY,AD6L,,조선내화Non-Slit Type0˚Lower 노,,Y
SN_TY,AD6M,,조선내화Non-Slit Type0˚저온 막힘으로 주조 중단,,Y
SN_TY,AD6N,,조선내화Non-Slit Type0˚개재물 부착 노즐 막힘으로 주조 중단,,Y
SN_TY,AD6O,,조선내화Non-Slit Type0˚기타 이상,,Y
SN_TY,AD6P,,조선내화Non-Slit Type0˚정상(Pass),,Y
SN_TY,AD6Q,,조선내화Non-Slit Type0˚이물질(Quility),,Y
SN_TY,AD6R,,조선내화Non-Slit Type0˚저속주조(Row speed),,Y
SN_TY,AD7A,,조선내화Non-Slit Type+15˚Flange부 절단,,Y
SN_TY,AD7B,,조선내화Non-Slit Type+15˚Steel Band부 절단,,Y
SN_TY,AD7C,,조선내화Non-Slit Type+15˚Ar Inlet Socket부 용강유출,,Y
SN_TY,AD7D,,조선내화Non-Slit Type+15˚횡크랙(Body부),,Y
SN_TY,AD7E,,조선내화Non-Slit Type+15˚종크랙(Body부),,Y
SN_TY,AD7F,,조선내화Non-Slit Type+15˚S/L부 과다 용손 절단,,Y
SN_TY,AD7G,,조선내화Non-Slit Type+15˚S/L부 열충격 절단,,Y
SN_TY,AD7H,,조선내화Non-Slit Type+15˚슬래그 라인부 펑크,,Y
SN_TY,AD7I,,조선내화Non-Slit Type+15˚Body부 펑크,,Y
SN_TY,AD7J,,조선내화Non-Slit Type+15˚토출구 상부 절단,,Y
SN_TY,AD7K,,조선내화Non-Slit Type+15˚토출구 하부 절단,,Y
SN_TY,AD7L,,조선내화Non-Slit Type+15˚Lower,,Y
SN_TY,AD7M,,조선내화Non-Slit Type+15˚저온 막힘으로 주조 중단,,Y
SN_TY,AD7N,,조선내화Non-Slit Type+15˚개재물 부착 노즐 막힘으로 주조 중단,,Y
SN_TY,AD7O,,조선내화Non-Slit Type+15˚기타 이상,,Y
SN_TY,AD7P,,조선내화Non-Slit Type+15˚정상(Pass),,Y
SN_TY,AD7Q,,조선내화Non-Slit Type+15˚이물질(Quility),,Y
SN_TY,AD7R,,조선내화Non-Slit Type+15˚저속주조(Row speed),,Y
SN_TY,AE1A,,조선내화Round-15˚Flange부 절단,,Y
SN_TY,AE1B,,조선내화Round-15˚Steel Band부 절단,,Y
SN_TY,AE1C,,조선내화Round-15˚Ar Inlet Socket부 용강유출,,Y
SN_TY,AE1D,,조선내화Round-15˚횡크랙(Body부),,Y
SN_TY,AE1E,,조선내화Round-15˚종크랙(Body부),,Y
SN_TY,AE1F,,조선내화Round-15˚S/L부 과다 용손 절단,,Y
SN_TY,AE1G,,조선내화Round-15˚S/L부 열충격 절단,,Y
SN_TY,AE1H,,조선내화Round-15˚슬래그 라인부 펑크,,Y
SN_TY,AE1I,,조선내화Round-15˚Body부 펑크,,Y
SN_TY,AE1J,,조선내화Round-15˚토출구 상부 절단,,Y
SN_TY,AE1K,,조선내화Round-15˚토출구 하부 절단,,Y
SN_TY,AE1L,,조선내화Round-15˚Lower 노즐 ∼ 침지노즐 Setting부 용강유출,,Y
SN_TY,AE1M,,조선내화Round-15˚저온 막힘으로 주조 중단,,Y
SN_TY,AE1N,,조선내화Round-15˚개재물 부착 노즐 막힘으로 주조 중단,,Y
SN_TY,AE1O,,조선내화Round-15˚기타 이상,,Y
SN_TY,AE1P,,조선내화Round-15˚정상(Pass),,Y
SN_TY,AE1Q,,조선내화Round-15˚이물질(Quility),,Y
SN_TY,AE1R,,조선내화Round-15˚저속주조(Row speed),,Y
SN_TY,AE2A,,조선내화Round- 25˚Flange부 절단,,Y
SN_TY,AE2B,,조선내화Round- 25˚Steel Band부 절단,,Y
SN_TY,AE2C,,조선내화Round- 25˚Ar Inlet Socket부 용강유출,,Y
SN_TY,AE2D,,조선내화Round- 25˚횡크랙(Body부),,Y
SN_TY,AE2E,,조선내화Round- 25˚종크랙(Body부),,Y
SN_TY,AE2F,,조선내화Round- 25˚S/L부 과다 용손 절단,,Y
SN_TY,AE2G,,조선내화Round- 25˚S/L부 열충격 절단,,Y
SN_TY,AE2H,,조선내화Round- 25˚슬래그 라인부 펑크,,Y
SN_TY,AE2I,,조선내화Round- 25˚Body부 펑크,,Y
SN_TY,AE2J,,조선내화Round- 25˚토출구 상부 절단,,Y
SN_TY,AE2K,,조선내화Round- 25˚토출구 하부 절단,,Y
SN_TY,AE2L,,조선내화Round- 25˚Lower 노즐 ∼ 침지노즐 Setting부 용강유출,,Y
SN_TY,AE2M,,조선내화Round- 25˚저온 막힘으로 주조 중단,,Y
SN_TY,AE2N,,조선내화Round- 25˚개재물 부착 노즐 막힘으로 주조 중단,,Y
SN_TY,AE2O,,조선내화Round- 25˚기타 이상,,Y
SN_TY,AE2P,,조선내화Round- 25˚정상(Pass),,Y
SN_TY,AE2Q,,조선내화Round- 25˚이물질(Quility),,Y
SN_TY,AE2R,,조선내화Round- 25˚저속주조(Row speed),,Y
SN_TY,AE3A,,조선내화Round-35˚Flange부 절단,,Y
SN_TY,AE3B,,조선내화Round-35˚Steel Band부 절단,,Y
SN_TY,AE3C,,조선내화Round-35˚Ar Inlet Socket부 용강유출,,Y
SN_TY,AE3D,,조선내화Round-35˚횡크랙(Body부),,Y
SN_TY,AE3E,,조선내화Round-35˚종크랙(Body부),,Y
SN_TY,AE3F,,조선내화Round-35˚S/L부 과다 용손 절단,,Y
SN_TY,AE3G,,조선내화Round-35˚S/L부 열충격 절단,,Y
SN_TY,AE3H,,조선내화Round-35˚슬래그 라인부 펑크,,Y
SN_TY,AE3I,,조선내화Round-35˚Body부 펑크,,Y
SN_TY,AE3J,,조선내화Round-35˚토출구 상부 절단,,Y
SN_TY,AE3K,,조선내화Round-35˚토출구 하부 절단,,Y
SN_TY,AE3L,,조선내화Round-35˚Lower 노즐 ∼ 침지노즐 Setting부 용강유출,,Y
SN_TY,AE3M,,조선내화Round-35˚저온 막힘으로 주조 중단,,Y
SN_TY,AE3N,,조선내화Round-35˚개재물 부착 노즐 막힘으로 주조 중단,,Y
SN_TY,AE3O,,조선내화Round-35˚기타 이상,,Y
SN_TY,AE3P,,조선내화Round-35˚정상(Pass),,Y
SN_TY,AE3Q,,조선내화Round-35˚이물질(Quility),,Y
SN_TY,AE3R,,조선내화Round-35˚저속주조(Row speed),,Y
SN_TY,AE4A,,조선내화Round-45˚Flange부 절단,,Y
SN_TY,AE4B,,조선내화Round-45˚Steel Band부 절단,,Y
SN_TY,AE4C,,조선내화Round-45˚Ar Inlet Socket부 용강유출,,Y
SN_TY,AE4D,,조선내화Round-45˚횡크랙(Body부),,Y
SN_TY,AE4E,,조선내화Round-45˚종크랙(Body부),,Y
SN_TY,AE4F,,조선내화Round-45˚S/L부 과다 용손 절단,,Y
SN_TY,AE4G,,조선내화Round-45˚S/L부 열충격 절단,,Y
SN_TY,AE4H,,조선내화Round-45˚슬래그 라인부 펑크,,Y
SN_TY,AE4I,,조선내화Round-45˚Body부 펑크,,Y
SN_TY,AE4J,,조선내화Round-45˚토출구 상부 절단,,Y
SN_TY,AE4K,,조선내화Round-45˚토출구 하부 절단,,Y
SN_TY,AE4L,,조선내화Round-45˚Lower 노즐 ∼ 침지노즐 Setting부 용강유출,,Y
SN_TY,AE4M,,조선내화Round-45˚저온 막힘으로 주조 중단,,Y
SN_TY,AE4N,,조선내화Round-45˚개재물 부착 노즐 막힘으로 주조 중단,,Y
SN_TY,AE4O,,조선내화Round-45˚기타 이상,,Y
SN_TY,AE4P,,조선내화Round-45˚정상(Pass),,Y
SN_TY,AE4Q,,조선내화Round-45˚이물질(Quility),,Y
SN_TY,AE4R,,조선내화Round-45˚저속주조(Row speed),,Y
SN_TY,AE5A,,조선내화Round-7.5˚Flange부 절단,,Y
SN_TY,AE5B,,조선내화Round-7.5˚Steel Band부 절단,,Y
SN_TY,AE5C,,조선내화Round-7.5˚Ar Inlet Socket부 용강유출,,Y
SN_TY,AE5D,,조선내화Round-7.5˚횡크랙(Body부),,Y
SN_TY,AE5E,,조선내화Round-7.5˚종크랙(Body부),,Y
SN_TY,AE5F,,조선내화Round-7.5˚S/L부 과다 용손 절단,,Y
SN_TY,AE5G,,조선내화Round-7.5˚S/L부 열충격 절단,,Y
SN_TY,AE5H,,조선내화Round-7.5˚슬래그 라인부 펑크,,Y
SN_TY,AE5I,,조선내화Round-7.5˚Body부 펑크,,Y
SN_TY,AE5J,,조선내화Round-7.5˚토출구 상부 절단,,Y
SN_TY,AE5K,,조선내화Round-7.5˚토출구 하부 절단,,Y
SN_TY,AE5L,,조선내화Round-7.5˚Lower 노즐 ∼ 침지노즐 Setting부 용강유출,,Y
SN_TY,AE5M,,조선내화Round-7.5˚저온 막힘으로 주조 중단,,Y
SN_TY,AE5N,,조선내화Round-7.5˚개재물 부착 노즐 막힘으로 주조 중단,,Y
SN_TY,AE5O,,조선내화Round-7.5˚기타 이상,,Y
SN_TY,AE5P,,조선내화Round-7.5˚정상(Pass),,Y
SN_TY,AE5Q,,조선내화Round-7.5˚이물질(Quility),,Y
SN_TY,AE5R,,조선내화Round-7.5˚저속주조(Row speed),,Y
SN_TY,AE6A,,조선내화Round0˚Flange부 절단,,Y
SN_TY,AE6B,,조선내화Round0˚Steel Band부 절단,,Y
SN_TY,AE6C,,조선내화Round0˚Ar Inlet Socket부 용강유출,,Y
SN_TY,AE6D,,조선내화Round0˚횡크랙(Body부),,Y
SN_TY,AE6E,,조선내화Round0˚종크랙(Body부),,Y
SN_TY,AE6F,,조선내화Round0˚S/L부 과다 용손 절단,,Y
SN_TY,AE6G,,조선내화Round0˚S/L부 열충격 절단,,Y
SN_TY,AE6H,,조선내화Round0˚슬래그 라인부 펑크,,Y
SN_TY,AE6I,,조선내화Round0˚Body부 펑크,,Y
SN_TY,AE6J,,조선내화Round0˚토출구 상부 절단,,Y
SN_TY,AE6K,,조선내화Round0˚토출구 하부 절단,,Y
SN_TY,AE6L,,조선내화Round0˚Lower 노즐 ∼ 침지노즐 Setting부 용강유출,,Y
SN_TY,AE6M,,조선내화Round0˚저온 막힘으로 주조 중단,,Y
SN_TY,AE6N,,조선내화Round0˚개재물 부착 노즐 막힘으로 주조 중단,,Y
SN_TY,AE6O,,조선내화Round0˚기타 이상,,Y
SN_TY,AE6P,,조선내화Round0˚정상(Pass),,Y
SN_TY,AE6Q,,조선내화Round0˚이물질(Quility),,Y
SN_TY,AE6R,,조선내화Round0˚저속주조(Row speed),,Y
SN_TY,AE7A,,조선내화Round+15˚Flange부 절단,,Y
SN_TY,AE7B,,조선내화Round+15˚Steel Band부 절단,,Y
SN_TY,AE7C,,조선내화Round+15˚Ar Inlet Socket부 용강유출,,Y
SN_TY,AE7D,,조선내화Round+15˚횡크랙(Body부),,Y
SN_TY,AE7E,,조선내화Round+15˚종크랙(Body부),,Y
SN_TY,AE7F,,조선내화Round+15˚S/L부 과다 용손 절단,,Y
SN_TY,AE7G,,조선내화Round+15˚S/L부 열충격 절단,,Y
SN_TY,AE7H,,조선내화Round+15˚슬래그 라인부 펑크,,Y
SN_TY,AE7I,,조선내화Round+15˚Body부 펑크,,Y
SN_TY,AE7J,,조선내화Round+15˚토출구 상부 절단,,Y
SN_TY,AE7K,,조선내화Round+15˚토출구 하부 절단,,Y
SN_TY,AE7L,,조선내화Round+15˚Lower 노즐 ∼ 침지노즐 Setting부 용강유출,,Y
SN_TY,AE7M,,조선내화Round+15˚저온 막힘으로 주조 중단,,Y
SN_TY,AE7N,,조선내화Round+15˚개재물 부착 노즐 막힘으로 주조 중단,,Y
SN_TY,AE7O,,조선내화Round+15˚기타 이상,,Y
SN_TY,AE7P,,조선내화Round+15˚정상(Pass),,Y
SN_TY,AE7Q,,조선내화Round+15˚이물질(Quility),,Y
SN_TY,AE7R,,조선내화Round+15˚저속주조(Row speed),,Y
SN_TY,AF1A,,조선내화Jumbo-15˚Flange부 절단,,Y
SN_TY,AF1B,,조선내화Jumbo-15˚Steel Band부 절단,,Y
SN_TY,AF1C,,조선내화Jumbo-15˚Ar Inlet Socket부 용강유출,,Y
SN_TY,AF1D,,조선내화Jumbo-15˚횡크랙(Body부),,Y
SN_TY,AF1E,,조선내화Jumbo-15˚종크랙(Body부),,Y
SN_TY,AF1F,,조선내화Jumbo-15˚S/L부 과다 용손 절단,,Y
SN_TY,AF1G,,조선내화Jumbo-15˚S/L부 열충격 절단,,Y
SN_TY,AF1H,,조선내화Jumbo-15˚슬래그 라인부 펑크,,Y
SN_TY,AF1I,,조선내화Jumbo-15˚Body부 펑크,,Y
SN_TY,AF1J,,조선내화Jumbo-15˚토출구 상부 절단,,Y
SN_TY,AF1K,,조선내화Jumbo-15˚토출구 하부 절단,,Y
SN_TY,AF1L,,조선내화Jumbo-15˚Lower 노즐 ∼ 침지노즐 Setting부 용강유출,,Y
SN_TY,AF1M,,조선내화Jumbo-15˚저온 막힘으로 주조 중단,,Y
SN_TY,AF1N,,조선내화Jumbo-15˚개재물 부착 노즐 막힘으로 주조 중단,,Y
SN_TY,AF1O,,조선내화Jumbo-15˚기타 이상,,Y
SN_TY,AF1P,,조선내화Jumbo-15˚정상(Pass),,Y
SN_TY,AF1Q,,조선내화Jumbo-15˚이물질(Quility),,Y
SN_TY,AF1R,,조선내화Jumbo-15˚저속주조(Row speed),,Y
SN_TY,AF2A,,조선내화Jumbo- 25˚Flange부 절단,,Y
SN_TY,AF2B,,조선내화Jumbo- 25˚Steel Band부 절단,,Y
SN_TY,AF2C,,조선내화Jumbo- 25˚Ar Inlet Socket부 용강유출,,Y
SN_TY,AF2D,,조선내화Jumbo- 25˚횡크랙(Body부),,Y
SN_TY,AF2E,,조선내화Jumbo- 25˚종크랙(Body부),,Y
SN_TY,AF2F,,조선내화Jumbo- 25˚S/L부 과다 용손 절단,,Y
SN_TY,AF2G,,조선내화Jumbo- 25˚S/L부 열충격 절단,,Y
SN_TY,AF2H,,조선내화Jumbo- 25˚슬래그 라인부 펑크,,Y
SN_TY,AF2I,,조선내화Jumbo- 25˚Body부 펑크,,Y
SN_TY,AF2J,,조선내화Jumbo- 25˚토출구 상부 절단,,Y
SN_TY,AF2K,,조선내화Jumbo- 25˚토출구 하부 절단,,Y
SN_TY,AF2L,,조선내화Jumbo- 25˚Lower 노즐 ∼ 침지노즐 Setting부 용강유출,,Y
SN_TY,AF2M,,조선내화Jumbo- 25˚저온 막힘으로 주조 중단,,Y
SN_TY,AF2N,,조선내화Jumbo- 25˚개재물 부착 노즐 막힘으로 주조 중단,,Y
SN_TY,AF2O,,조선내화Jumbo- 25˚기타 이상,,Y
SN_TY,AF2P,,조선내화Jumbo- 25˚정상(Pass),,Y
SN_TY,AF2Q,,조선내화Jumbo- 25˚이물질(Quility),,Y
SN_TY,AF2R,,조선내화Jumbo- 25˚저속주조(Row speed),,Y
SN_TY,AF3A,,조선내화Jumbo-35˚Flange부 절단,,Y
SN_TY,AF3B,,조선내화Jumbo-35˚Steel Band부 절단,,Y
SN_TY,AF3C,,조선내화Jumbo-35˚Ar Inlet Socket부 용강유출,,Y
SN_TY,AF3D,,조선내화Jumbo-35˚횡크랙(Body부),,Y
SN_TY,AF3E,,조선내화Jumbo-35˚종크랙(Body부),,Y
SN_TY,AF3F,,조선내화Jumbo-35˚S/L부 과다 용손 절단,,Y
SN_TY,AF3G,,조선내화Jumbo-35˚S/L부 열충격 절단,,Y
SN_TY,AF3H,,조선내화Jumbo-35˚슬래그 라인부 펑크,,Y
SN_TY,AF3I,,조선내화Jumbo-35˚Body부 펑크,,Y
SN_TY,AF3J,,조선내화Jumbo-35˚토출구 상부 절단,,Y
SN_TY,AF3K,,조선내화Jumbo-35˚토출구 하부 절단,,Y
SN_TY,AF3L,,조선내화Jumbo-35˚Lower 노즐 ∼ 침지노즐 Setting부 용강유출,,Y
SN_TY,AF3M,,조선내화Jumbo-35˚저온 막힘으로 주조 중단,,Y
SN_TY,AF3N,,조선내화Jumbo-35˚개재물 부착 노즐 막힘으로 주조 중단,,Y
SN_TY,AF3O,,조선내화Jumbo-35˚기타 이상,,Y
SN_TY,AF3P,,조선내화Jumbo-35˚정상(Pass),,Y
SN_TY,AF3Q,,조선내화Jumbo-35˚이물질(Quility),,Y
SN_TY,AF3R,,조선내화Jumbo-35˚저속주조(Row speed),,Y
SN_TY,AF4A,,조선내화Jumbo-45˚Flange부 절단,,Y
SN_TY,AF4B,,조선내화Jumbo-45˚Steel Band부 절단,,Y
SN_TY,AF4C,,조선내화Jumbo-45˚Ar Inlet Socket부 용강유출,,Y
SN_TY,AF4D,,조선내화Jumbo-45˚횡크랙(Body부),,Y
SN_TY,AF4E,,조선내화Jumbo-45˚종크랙(Body부),,Y
SN_TY,AF4F,,조선내화Jumbo-45˚S/L부 과다 용손 절단,,Y
SN_TY,AF4G,,조선내화Jumbo-45˚S/L부 열충격 절단,,Y
SN_TY,AF4H,,조선내화Jumbo-45˚슬래그 라인부 펑크,,Y
SN_TY,AF4I,,조선내화Jumbo-45˚Body부 펑크,,Y
SN_TY,AF4J,,조선내화Jumbo-45˚토출구 상부 절단,,Y
SN_TY,AF4K,,조선내화Jumbo-45˚토출구 하부 절단,,Y
SN_TY,AF4L,,조선내화Jumbo-45˚Lower 노즐 ∼ 침지노즐 Setting부 용강유출,,Y
SN_TY,AF4M,,조선내화Jumbo-45˚저온 막힘으로 주조 중단,,Y
SN_TY,AF4N,,조선내화Jumbo-45˚개재물 부착 노즐 막힘으로 주조 중단,,Y
SN_TY,AF4O,,조선내화Jumbo-45˚기타 이상,,Y
SN_TY,AF4P,,조선내화Jumbo-45˚정상(Pass),,Y
SN_TY,AF4Q,,조선내화Jumbo-45˚이물질(Quility),,Y
SN_TY,AF4R,,조선내화Jumbo-45˚저속주조(Row speed),,Y
SN_TY,AF5A,,조선내화Jumbo-7.5˚Flange부 절단,,Y
SN_TY,AF5B,,조선내화Jumbo-7.5˚Steel Band부 절단,,Y
SN_TY,AF5C,,조선내화Jumbo-7.5˚Ar Inlet Socket부 용강유출,,Y
SN_TY,AF5D,,조선내화Jumbo-7.5˚횡크랙(Body부),,Y
SN_TY,AF5E,,조선내화Jumbo-7.5˚종크랙(Body부),,Y
SN_TY,AF5F,,조선내화Jumbo-7.5˚S/L부 과다 용손 절단,,Y
SN_TY,AF5G,,조선내화Jumbo-7.5˚S/L부 열충격 절단,,Y
SN_TY,AF5H,,조선내화Jumbo-7.5˚슬래그 라인부 펑크,,Y
SN_TY,AF5I,,조선내화Jumbo-7.5˚Body부 펑크,,Y
SN_TY,AF5J,,조선내화Jumbo-7.5˚토출구 상부 절단,,Y
SN_TY,AF5K,,조선내화Jumbo-7.5˚토출구 하부 절단,,Y
SN_TY,AF5L,,조선내화Jumbo-7.5˚Lower 노즐 ∼ 침지노즐 Setting부 용강유출,,Y
SN_TY,AF5M,,조선내화Jumbo-7.5˚저온 막힘으로 주조 중단,,Y
SN_TY,AF5N,,조선내화Jumbo-7.5˚개재물 부착 노즐 막힘으로 주조 중단,,Y
SN_TY,AF5O,,조선내화Jumbo-7.5˚기타 이상,,Y
SN_TY,AF5P,,조선내화Jumbo-7.5˚정상(Pass),,Y
SN_TY,AF5Q,,조선내화Jumbo-7.5˚이물질(Quility),,Y
SN_TY,AF5R,,조선내화Jumbo-7.5˚저속주조(Row speed),,Y
SN_TY,AF6A,,조선내화Jumbo0˚Flange부 절단,,Y
SN_TY,AF6B,,조선내화Jumbo0˚Steel Band부 절단,,Y
SN_TY,AF6C,,조선내화Jumbo0˚Ar Inlet Socket부 용강유출,,Y
SN_TY,AF6D,,조선내화Jumbo0˚횡크랙(Body부),,Y
SN_TY,AF6E,,조선내화Jumbo0˚종크랙(Body부),,Y
SN_TY,AF6F,,조선내화Jumbo0˚S/L부 과다 용손 절단,,Y
SN_TY,AF6G,,조선내화Jumbo0˚S/L부 열충격 절단,,Y
SN_TY,AF6H,,조선내화Jumbo0˚슬래그 라인부 펑크,,Y
SN_TY,AF6I,,조선내화Jumbo0˚Body부 펑크,,Y
SN_TY,AF6J,,조선내화Jumbo0˚토출구 상부 절단,,Y
SN_TY,AF6K,,조선내화Jumbo0˚토출구 하부 절단,,Y
SN_TY,AF6L,,조선내화Jumbo0˚Lower 노즐 ∼ 침지노즐 Setting부 용강유출,,Y
SN_TY,AF6M,,조선내화Jumbo0˚저온 막힘으로 주조 중단,,Y
SN_TY,AF6N,,조선내화Jumbo0˚개재물 부착 노즐 막힘으로 주조 중단,,Y
SN_TY,AF6O,,조선내화Jumbo0˚기타 이상,,Y
SN_TY,AF6P,,조선내화Jumbo0˚정상(Pass),,Y
SN_TY,AF6Q,,조선내화Jumbo0˚이물질(Quility),,Y
SN_TY,AF6R,,조선내화Jumbo0˚저속주조(Row speed),,Y
SN_TY,AF7A,,조선내화Jumbo+15˚Flange부 절단,,Y
SN_TY,AF7B,,조선내화Jumbo+15˚Steel Band부 절단,,Y
SN_TY,AF7C,,조선내화Jumbo+15˚Ar Inlet Socket부 용강유출,,Y
SN_TY,AF7D,,조선내화Jumbo+15˚횡크랙(Body부),,Y
SN_TY,AF7E,,조선내화Jumbo+15˚종크랙(Body부),,Y
SN_TY,AF7F,,조선내화Jumbo+15˚S/L부 과다 용손 절단,,Y
SN_TY,AF7G,,조선내화Jumbo+15˚S/L부 열충격 절단,,Y
SN_TY,AF7H,,조선내화Jumbo+15˚슬래그 라인부 펑크,,Y
SN_TY,AF7I,,조선내화Jumbo+15˚Body부 펑크,,Y
SN_TY,AF7J,,조선내화Jumbo+15˚토출구 상부 절단,,Y
SN_TY,AF7K,,조선내화Jumbo+15˚토출구 하부 절단,,Y
SN_TY,AF7L,,조선내화Jumbo+15˚Lower 노즐 ∼ 침지노즐 Setting부 용강유출,,Y
SN_TY,AF7M,,조선내화Jumbo+15˚저온 막힘으로 주조 중단,,Y
SN_TY,AF7N,,조선내화Jumbo+15˚개재물 부착 노즐 막힘으로 주조 중단,,Y
SN_TY,AF7O,,조선내화Jumbo+15˚기타 이상,,Y
SN_TY,AF7P,,조선내화Jumbo+15˚정상(Pass),,Y
SN_TY,AF7Q,,조선내화Jumbo+15˚이물질(Quility),,Y
SORT_TY,A,,,Asc,Y
SORT_TY,D,,,Desc,Y
SORT_TY,N,,,None,Y
SOURCE_CD,S,,,Slab,Y
SOURCE_CD,H,,,Hot Coil,Y
SOURCE_CD,C,,,Cold Coil,Y
SOURCE_CD,P,,,Plate,Y
SOURCE_TYPE_LOV,01,消耗量,,,Y
SOURCE_TYPE_LOV,02,单价,,,Y
SOURCE_TYPE_LOV,03,单位成本,,,Y
SOURCE_TYPE_LOV,04,总成本,,,Y
SOURCE_TYPE_LOV,05,单耗,,,Y
SOURCE_TYPE_LOV,06,产量,,,Y
SOURCE_TYPE_LOV,07,累计单价,,,Y
SOURCE_TYPE_LOV,08,累计单位成本,,,Y
SOURCE_TYPE_LOV,09,累计消耗,,,Y
SOURCE_TYPE_LOV,10,累计总成本,,,Y
SOURCE_TYPE_LOV,11,最终值,,,Y
SPECIAL_TREAT,A,,,TMCP,Y
SPEC_LV,A1,,,,Y
SPEC_LV,A2,,,,Y
SPEC_LV,B1,,,,Y
SPEC_LV,B2,,,,Y
SPEC_ORG,EN,,,European Committee For Standarlization,Y
SPEC_ORG,JIS,,,Japanese Standard,Y
SPEC_ORG,API,,,American Petroleum Institute,Y
SPEC_ORG,ASTM,,,American Society for Testing and Materials,Y
SPEC_ORG,ABNT,,,ABNT,Y
SPEC_ORG,POSCO,,,POSCO Standard,Y
SPEC_ORG,KS,,,Korean Standard,Y
SPEC_ORG,SAE,,,Society of Automotive Engineers,Y
SPEC_ORG,ABS,,,American Bureau of Shipping,Y
SPEC_ORG,AK,,,AK Steel,Y
SPE_WAREHOUSE,中鸿冶金原料,中鸿冶金原料,,,Y
SPL_CAU_CD,G4,,중량불량,,Y
SPL_CAU_CD,G5,,치수불량,,Y
SPL_CAU_CD,G6,,표면불량,,Y
SPL_CAU_CD,G7,,형상불량,,Y
SPL_CAU_CD,J1,,성분이상,,Y
SPL_CAU_CD,J3,,재질이상,,Y
SPL_CAU_CD,K1,,인도허용차 초과,Overroll,Y
SPL_CAU_CD,S1,,,Deallocation,Y
SPL_REASON_CD,PL,,,Plan Surplus,Y
SPL_REASON_CD,MX,,,Mixed Surplus,Y
SPL_REASON_CD,IV,,,Visual Inspection,Y
SPL_REASON_CD,JF,,,Final Judgement,Y
SPL_REASON_CD,UI,,,UI Screen,Y
SPRBCK_CD,A,回弹角θ,,,Y
SPRBCK_CD,B,回弹量η,,,Y
SPRBCK_CD,C,曲率k,,,Y
SPRBCK_DEGR_GRT_CD,A,性能试验+性能判定+质保书发行,,,Y
SPRBCK_DEGR_GRT_CD,B,性能试验+性能判定,,,Y
SPRBCK_DEGR_GRT_CD,C,性能试验+质保书发行,,,Y
SPRBCK_DEGR_GRT_CD,D,性能试验,,,Y
SPRBCK_GRT_CD,A,性能试验+性能判定+质保书发行,,,Y
SPRBCK_GRT_CD,B,性能试验+性能判定,,,Y
SPRBCK_GRT_CD,C,性能试验+质保书发行,,,Y
SPRBCK_GRT_CD,D,性能试验,,,Y
SPRBCK_SMP_CND,11,同炉次、同牌号、同轧制状态、同厚度,,,Y
SPRBCK_SMP_CND,12,同炉号、同牌号、同轧制状态、同厚度，每批不超过40t,,,Y
SPRBCK_SMP_CND,13,同炉号、同牌号、同轧制状态、同厚度，每批不超过50t,,,Y
SPRBCK_SMP_CND,14,同炉号、同牌号、同轧制状态、同厚度，每批不超过60t,,,Y
SPRBCK_SMP_CND,15,同炉号、同牌号、同轧制状态、同厚度，每批不超过60t;若单卷＞30吨，则可2卷组1批,,,Y
SPRBCK_SMP_CND,16,同炉次、同牌号、同轧制状态、同厚度为1批，批重量≤50t时正常取1组样；批重量＞50t时增加1个拉伸样,,,Y
SPRBCK_SMP_CND,17,每卷为1批,,,Y
SPRBCK_SMP_CND,18,同炉号、同厚度、同宽度组成1批,,,Y
SPRBCK_SMP_LTH_LOC,B,采取下部,,,Y
SPRBCK_SMP_LTH_LOC,M,采取中间部分,,,Y
SPRBCK_SMP_LTH_LOC,T,采取上部,,,Y
SPRBCK_SMP_LTH_LOC,W,采取上部和下部,,,Y
SPRBCK_SMP_LTH_LOC,X,采取上部和中间部分,,,Y
SPRBCK_SMP_LTH_LOC,Y,采取上部和中间部分和下部,,,Y
SPRBCK_SMP_SPCMN_DIR,L,长度方向采样,길이방향으로 시편채취,,Y
SPRBCK_SMP_SPCMN_DIR,B,宽度方向采样,폭방향으로 시편채취,,Y
SPRBCK_SMP_SPCMN_DIR,C,厚度方向采样,두께방향으로 시편채취,,Y
SPRBCK_SMP_SPCMN_DIR,D,45˚方向采样,45방향으로 시편채취,,Y
SPRBCK_SMP_SPCMN_DIR,E,30˚方向采样,30방향으로 시편채취,,Y
SPRBCK_SMP_SPCMN_SZ,01,"长度 ≥250, 宽度 ≥35",,,Y
SPRBCK_SMP_WTH_LOC,A,1/2W 部位,,,Y
SPRBCK_SMP_WTH_LOC,C,1/4W 部位,,,Y
SPRBCK_SMP_WTH_LOC,E,"Top 1/2W, Bottom 1/4W部位",,,Y
SPRBCK_SMP_WTH_LOC,B,Edge 部位,,,Y
SPRBCK_SMP_WTH_LOC,D,对角线的两角部位,,,Y
SPRBCK_SMP_WTH_LOC,F,"Top 1/4W, Bottom 1/2W部位",,,Y
SPROC_WEAK_GRT_CD,A,性能试验+性能判定+质保书发行,,,Y
SPROC_WEAK_GRT_CD,B,性能试验+性能判定,,,Y
SPROC_WEAK_GRT_CD,C,性能试验+质保书发行,,,Y
SPROC_WEAK_GRT_CD,D,性能试验,,,Y
SPROC_WEAK_SMP_CND,11,同炉次、同牌号、同轧制状态、同厚度,,,Y
SPROC_WEAK_SMP_CND,12,同炉号、同牌号、同轧制状态、同厚度，每批不超过40t,,,Y
SPROC_WEAK_SMP_CND,13,同炉号、同牌号、同轧制状态、同厚度，每批不超过50t,,,Y
SPROC_WEAK_SMP_CND,14,同炉号、同牌号、同轧制状态、同厚度，每批不超过60t,,,Y
SPROC_WEAK_SMP_CND,15,同炉号、同牌号、同轧制状态、同厚度，每批不超过60t;若单卷＞30吨，则可2卷组1批,,,Y
SPROC_WEAK_SMP_CND,16,同炉次、同牌号、同轧制状态、同厚度为1批，批重量≤50t时正常取1组样；批重量＞50t时增加1个拉伸样,,,Y
SPROC_WEAK_SMP_CND,17,每卷为1批,,,Y
SPROC_WEAK_SMP_CND,18,同炉号、同厚度、同宽度组成1批,,,Y
SPROC_WEAK_SMP_LTH_LOC,B,采取下部,,,Y
SPROC_WEAK_SMP_LTH_LOC,M,采取中间部分,,,Y
SPROC_WEAK_SMP_LTH_LOC,T,采取上部,,,Y
SPROC_WEAK_SMP_LTH_LOC,W,采取上部和下部,,,Y
SPROC_WEAK_SMP_LTH_LOC,X,采取上部和中间部分,,,Y
SPROC_WEAK_SMP_LTH_LOC,Y,采取上部和中间部分和下部,,,Y
SPROC_WEAK_SMP_SPCMN_DIR,L,长度方向采样,길이방향으로 시편채취,,Y
SPROC_WEAK_SMP_SPCMN_DIR,B,宽度方向采样,폭방향으로 시편채취,,Y
SPROC_WEAK_SMP_SPCMN_DIR,C,厚度方向采样,두께방향으로 시편채취,,Y
SPROC_WEAK_SMP_SPCMN_DIR,D,45˚方向采样,45방향으로 시편채취,,Y
SPROC_WEAK_SMP_SPCMN_DIR,E,30˚方向采样,30방향으로 시편채취,,Y
SPROC_WEAK_SMP_SPCMN_SZ,01,"长度 ≥250, 宽度 ≥35",,,Y
SPROC_WEAK_SMP_WTH_LOC,A,1/2W 部位,,,Y
SPROC_WEAK_SMP_WTH_LOC,C,1/4W 部位,,,Y
SPROC_WEAK_SMP_WTH_LOC,E,"Top 1/2W, Bottom 1/4W部位",,,Y
SPROC_WEAK_SMP_WTH_LOC,B,Edge 部位,,,Y
SPROC_WEAK_SMP_WTH_LOC,D,对角线的两角部位,,,Y
SPROC_WEAK_SMP_WTH_LOC,F,"Top 1/4W, Bottom 1/2W部位",,,Y
SPR_FAC_CD,1,厚板工厂,,,Y
SPR_FCE_NO,1,1号炉,,,Y
SPR_FCE_NO,2,2号炉,,,Y
SPR_FCE_NO,3,3号炉,,,Y
SPR_HOLD_YN,N,不保留,,,Y
SPR_HOLD_YN,Y,保留,,,Y
SPR_PROC_CD,SW,特厚板焊接,특후판 Slab용접,,Y
SPR_PROC_CD,RF,加热炉,가열로,,Y
SPR_PROC_CD,PM,轧制,압연,,Y
SPR_PROC_CD,CB,冷床,냉각대,,Y
SPR_PROC_CD,FL,精整(剪切On-Line),정정(전단On-Line),,Y
SPR_PROC_CD,FC,火焰切割,화염절단,,Y
SPR_PROC_CD,HT,热处理,열처리,,Y
SPR_PROC_CD,UT,,,UST(Off-Line),Y
SPR_PROC_CD,SP,"精整(Off-Line,CPL)","정정(Off-Line,CPL)",,Y
SPR_RJT_CAUSE_CD,01,出坯规格错误,,dispatch slab size error,Y
SPR_RJT_CAUSE_CD,02,出坯辊道故障,,roller table error after dispatching,Y
SPR_RJT_CAUSE_CD,03,轧线原因,압연라인이상,,Y
SPR_RJT_CAUSE_CD,04,在炉时间超限,로내시간초과,,Y
SPR_RJT_CAUSE_CD,05,炼钢成分不合,제강성분불합격,,Y
SPR_RJT_CAUSE_CD,06,板坯数据与实物不符,정보-실물불일치,,Y
SPR_RJT_CAUSE_CD,99,其他,기타,,Y
SP_DATE,-,,,,Y
SP_DATE,/,,,,Y
SP_DATE,.,,,,Y
SP_TIME,:,,,,Y
SQM_DEFECT_COMPANY,1,炼钢,,,Y
SQM_DEFECT_COMPANY,2,热轧,,,Y
SQM_DEFECT_COMPANY,3,精整,,,Y
SQM_LINETYPE,A,棒材,,,Y
SQM_LINETYPE,B,线材,,,Y
SQM_LINETYPE,C,钢坯,,,Y
SQM_LINETYPE,D,板坯,,,Y
SQM_RETAIN_REASON,A,无纵肋,,,Y
SQM_RETAIN_REASON,B,折叠,,,Y
SQM_RETAIN_REASON,C,错辊,,,Y
SQM_RETAIN_REASON,D,耳子,,,Y
SQM_RETAIN_REASON,E,裂纹,,,Y
SQM_RETAIN_REASON,F,结疤,,,Y
SQM_RETAIN_REASON,G,乱卷,,,Y
SQM_RETAIN_REASON,H,多头,,,Y
SQM_RETAIN_REASON,I,脱方,,,Y
SQM_RETAIN_REASON,J,气泡,,,Y
SQM_RETAIN_REASON,K,缩孔,,,Y
SQM_SEARCH_TEXT,1,质保书申请号,,MTC_REQ_NO,Y
SQM_SEARCH_TEXT,2,质保书编号,,MTC_NO,Y
SQM_SEARCH_TEXT,3,试样号,,SMP_NO,Y
SQM_SEARCH_TEXT,4,批号,,LOT_NO,Y
SQM_SEARCH_TEXT,5,产品号,,PROD_NO,Y
SQM_SEARCH_TEXT,6,订单号,,ORD_NO,Y
SQM_START_END,1,开,,,Y
SQM_START_END,0,停,,,Y
SQM_STATE,1,未保存,,,Y
SQM_STATE,2,已保存,,,Y
SQM_STATE,3,未发布,,,Y
SQM_STATE,4,已发布,,,Y
SQM_TEST_T,1,冷测,,,Y
SQM_TEST_T,2,热测,,,Y
SSCC_GRT_CD,A,性能试验+性能判定+质保书发行,,,Y
SSCC_GRT_CD,B,性能试验+性能判定,,,Y
SSCC_GRT_CD,C,性能试验+质保书发行,,,Y
SSCC_GRT_CD,D,性能试验,,,Y
SSCC_SMP_CND,11,同炉次、同牌号、同轧制状态、同厚度,,,Y
SSCC_SMP_CND,12,同炉号、同牌号、同轧制状态、同厚度，每批不超过40t,,,Y
SSCC_SMP_CND,13,同炉号、同牌号、同轧制状态、同厚度，每批不超过50t,,,Y
SSCC_SMP_CND,14,同炉号、同牌号、同轧制状态、同厚度，每批不超过60t,,,Y
SSCC_SMP_CND,15,同炉号、同牌号、同轧制状态、同厚度，每批不超过60t;若单卷＞30吨，则可2卷组1批,,,Y
SSCC_SMP_CND,16,同炉次、同牌号、同轧制状态、同厚度为1批，批重量≤50t时正常取1组样；批重量＞50t时增加1个拉伸样,,,Y
SSCC_SMP_CND,17,每卷为1批,,,Y
SSCC_SMP_CND,18,同炉号、同厚度、同宽度组成1批,,,Y
SSCC_SMP_LTH_LOC,B,采取下部,,,Y
SSCC_SMP_LTH_LOC,M,采取中间部分,,,Y
SSCC_SMP_LTH_LOC,T,采取上部,,,Y
SSCC_SMP_LTH_LOC,W,采取上部和下部,,,Y
SSCC_SMP_LTH_LOC,X,采取上部和中间部分,,,Y
SSCC_SMP_LTH_LOC,Y,采取上部和中间部分和下部,,,Y
SSCC_SMP_SPCMN_DIR,L,长度方向采样,길이방향으로 시편채취,,Y
SSCC_SMP_SPCMN_DIR,B,宽度方向采样,폭방향으로 시편채취,,Y
SSCC_SMP_SPCMN_DIR,C,厚度方向采样,두께방향으로 시편채취,,Y
SSCC_SMP_SPCMN_DIR,D,45˚方向采样,45방향으로 시편채취,,Y
SSCC_SMP_SPCMN_DIR,E,30˚方向采样,30방향으로 시편채취,,Y
SSCC_SMP_SPCMN_SZ,01,"长度 ≥250, 宽度 ≥35",,,Y
SSCC_SMP_WTH_LOC,A,1/2W 部位,,,Y
SSCC_SMP_WTH_LOC,C,1/4W 部位,,,Y
SSCC_SMP_WTH_LOC,E,"Top 1/2W, Bottom 1/4W部位",,,Y
SSCC_SMP_WTH_LOC,B,Edge 部位,,,Y
SSCC_SMP_WTH_LOC,D,对角线的两角部位,,,Y
SSCC_SMP_WTH_LOC,F,"Top 1/4W, Bottom 1/2W部位",,,Y
SSCC_SOLUTION_KIND,A,饱和硫化氢酸性水溶液,,,Y
SSCC_SOLUTION_KIND,B,酸性缓冲溶液,,,Y
SSCC_STRESS_TY,A,临界应力Ec,,,Y
SSCC_STRESS_TY,B,临界应力Sc,,,Y
SSCC_STRESS_TY,C,Ec阈值应力,,,Y
SSCC_STRESS_TY,D,KISSC或KIEC,,,Y
SSCC_STRESS_TY,E,门槛应力,,,Y
STATION_CD,P0001,日照港,,"Rizhao Port, China",Y
STATION_CD,P0002,岚山港,,"Lanshan Port, China",Y
STATION_CD,P0003,岚桥港,,"Lanqiao Port, China",Y
STATION_CD,PK001,,,"Inchon Port, Korea",Y
STATUSMC,1,已发布,,,Y
STATUSMC,2,未发布,,,Y
STATUS_LOV,NEW,新建,,,Y
STATUS_LOV,APPROVE,已发布,,,Y
STATUS_LOV,RETURN,已撤回,,,Y
STD_TYPE,S,,,Specification,Y
STD_TYPE,C,,,Customer,Y
STD_TYPE,I,,,Internal,Y
STD_TYPE,T,,,sTeel Grade,Y
STD_TYPE,A,,,Assurance,Y
STEEL_GRADE,A1,,,HRB400E,Y
STEEL_GRD_TY,N,,,Normal,Y
STEEL_GRD_TY,O,,,Off Grade,Y
STEEL_GRD_TY,X,,,Scarp,Y
STEEL_MSU_TEMP_AREA_CD,D1,,취련중 Sub-Lance 1차측정,"During Blowing, Sub-Lance 1st Measuring",Y
STEEL_MSU_TEMP_AREA_CD,D2,,취련중 Sub-Lance 2차측정,"During Blowing, Sub-Lance 2nd Measuring",Y
STEEL_MSU_TEMP_AREA_CD,D3,,취련중 Sub-Lance 3차측정,"During Blowing, Sub-Lance 3rd Measuring",Y
STEEL_MSU_TEMP_AREA_CD,D4,,취련중 Sub-Lance 4차측정,"During Blowing, Sub-Lance 4th Measuring",Y
STEEL_MSU_TEMP_AREA_CD,D5,,취련중 Sub-Lance 5차측정,"During Blowing, Sub-Lance 5th Measuring",Y
STEEL_MSU_TEMP_AREA_CD,E1,,취련후 Sub-Lance 1차측정,"After Blowing, Sub-Lance 1st Measuring",Y
STEEL_MSU_TEMP_AREA_CD,E2,,취련후 Sub-Lance 2차측정,"After Blowing, Sub-Lance 2nd Measuring",Y
STEEL_MSU_TEMP_AREA_CD,E3,,취련후 Sub-Lance 3차측정,"After Blowing, Sub-Lance 3rd Measuring",Y
STEEL_MSU_TEMP_AREA_CD,E4,,취련후 Sub-Lance 4차측정,"After Blowing, Sub-Lance 4th Measuring",Y
STEEL_MSU_TEMP_AREA_CD,E5,,취련후 Sub-Lance 5차측정,"After Blowing, Sub-Lance 5th Measuring",Y
STEEL_MSU_TEMP_AREA_CD,I2,,IMMERSION 2차측정,Immersion 2nd Measuring,Y
STEEL_MSU_TEMP_AREA_CD,I1,,IMMERSION 1차측정,Immersion 1st Measuring,Y
STEEL_MSU_TEMP_AREA_CD,I3,,IMMERSION 3차측정,Immersion 3rd Measuring,Y
STEEL_MSU_TEMP_AREA_CD,I4,,IMMERSION 4차측정,Immersion 4th Measuring,Y
STEEL_MSU_TEMP_AREA_CD,I5,,IMMERSION 5차측정,Immersion 5th Measuring,Y
STEEL_MSU_TEMP_AREA_CD,R1,,재취련후 Sub-Lance 1차측정,"After Re-Blowing, Sub-Lance 1st Measuring",Y
STEEL_MSU_TEMP_AREA_CD,R2,,재취련후 Sub-Lance 2차측정,"After Re-Blowing, Sub-Lance 2nd Measuring",Y
STEEL_MSU_TEMP_AREA_CD,R3,,재취련후 Sub-Lance 3차측정,"After Re-Blowing, Sub-Lance 3rd Measuring",Y
STEEL_MSU_TEMP_AREA_CD,R4,,재취련후 Sub-Lance 4차측정,"After Re-Blowing, Sub-Lance 4th Measuring",Y
STEEL_MSU_TEMP_AREA_CD,R5,,재취련후 Sub-Lance 5차측정,"After Re-Blowing, Sub-Lance 5th Measuring",Y
STEEL_TYPE,PA,碳素结构钢,,,Y
STEEL_TYPE,PB,低合金结构钢,,,Y
STEEL_TYPE,PC,高强度结构钢,,,Y
STOCK_STS,1,入库,,,Y
STOCK_STS,2,取消,,,Y
STOCK_STS,3,生成,,,Y
STOCK_STS,4,出库,,,Y
STOCK_TY,1,牌号,,,Y
STOCK_TY,2,牌号+规格,,,Y
STOCK_TY,3,牌号+规格+批次,,,Y
STOC_SALES_TY,A,正常产品库存充当(未挑选),정상제품재고충당,,Y
STOC_SALES_TY,B,订单以外 1级,주문외1급,,Y
STOC_SALES_TY,C,正常产品库存充当(挑选),정상제품재고충당(선별),,Y
STOC_SALES_TY,R,订单以外 2级,주문외2급,,Y
STOC_SALES_TY,E,加工配送,가공배송,,Y
STOC_SALES_TY,F,异议换货,크레임반입,,Y
STOP_CAUSE_CD,CAU1,调试,,,Y
STOP_CAUSE_CD,B001,计划检修,,Maintenance Plan,Y
STOP_CAUSE_CD,B002,设备故障,,Equipment Failure,Y
STOP_CAUSE_CD,B003,其它,,Others,Y
STOP_COMPONENT_CD,B001,,,Bins System,Y
STOP_COMPONENT_CD,B002,,,Weighing System,Y
STOP_COMPONENT_CD,B003,,,Discharg System,Y
STOP_COMPONENT_CD,B004,,,Lump Coke System,Y
STOP_COMPONENT_CD,B005,,,Lump Ore System,Y
STOP_COMPONENT_CD,B006,,,Fine Coke System,Y
STOP_COMPONENT_CD,B007,,,Fine Ore System,Y
STOP_COMPONENT_CD,B008,,,Surge Hoppers,Y
STOP_COMPONENT_CD,B009,,,Weigh Hoppers,Y
STOP_COMPONENT_CD,B010,,,Main Belt,Y
STOP_COMPONENT_CD,B011,,,Bleeders,Y
STOP_COMPONENT_CD,B012,,,Equalization/ Reliev,Y
STOP_COMPONENT_CD,B013,,,Recemng Chute,Y
STOP_COMPONENT_CD,B014,,,Lower expansion,Y
STOP_COMPONENT_CD,B015,,,Hoppers,Y
STOP_COMPONENT_CD,B016,,,Seal Valvs,Y
STOP_COMPONENT_CD,B017,,,Distribuition Chute,Y
STOP_COMPONENT_CD,B018,,,Water Spray,Y
STOP_COMPONENT_CD,B019,,,COG Line,Y
STOP_COMPONENT_CD,B020,,,BFG Line,Y
STOP_COMPONENT_CD,B021,,,Mix Gas Line,Y
STOP_COMPONENT_CD,B022,,,Combust. System,Y
STOP_COMPONENT_CD,B023,,,Cold Air Line,Y
STOP_COMPONENT_CD,B024,,,Hot Air Line,Y
STOP_COMPONENT_CD,B025,,,Mix Air Chamber,Y
STOP_COMPONENT_CD,B026,,,Hot Stoves 1,Y
STOP_COMPONENT_CD,B027,,,Hot Stoves 2,Y
STOP_COMPONENT_CD,B028,,,Hot Stoves 3,Y
STOP_COMPONENT_CD,B029,,,Cooling System,Y
STOP_COMPONENT_CD,B030,,,Cyclone Sistem,Y
STOP_COMPONENT_CD,B031,,,Wet Scrubber,Y
STOP_COMPONENT_CD,B032,,,Turbina,Y
STOP_COMPONENT_CD,B033,,,BFG Gas Line,Y
STOP_COMPONENT_CD,B034,,,Teyeres,Y
STOP_COMPONENT_CD,B035,,,Cooling System,Y
STOP_COMPONENT_CD,B036,,,Tap Hole,Y
STOP_COMPONENT_CD,B037,,,Tap Hole Opener,Y
STOP_COMPONENT_CD,B038,,,Mud Gan,Y
STOP_COMPONENT_CD,B039,,,Pig Iron Runner,Y
STOP_COMPONENT_CD,B040,,,Electric System,Y
STOP_COMPONENT_CD,B041,,,Supervisory System,Y
STOP_COMPONENT_CD,B042,,,Environmental Control,Y
STOP_COMPONENT_CD,B043,,,Enrichment O2,Y
STOP_COMPONENT_CD,B044,,,Staves Coolig,Y
STOP_COMPONENT_CD,B045,,,Lowering,Y
STOP_COMPONENT_CD,B046,,,Caging Charge,Y
STOP_COMPONENT_CD,B047,,,Milling System,Y
STOP_COMPONENT_CD,B048,,,Injection System,Y
STOP_COMPONENT_CD,B049,,,Bower motor,Y
STOP_COMPONENT_CD,B050,,,Cooling system,Y
STOP_COMPONENT_CD,B051,,,Control system,Y
STOP_COMPONENT_CD,B052,,,Mechanical Components,Y
STOP_COMPONENT_CD,B053,,,Manual Imput,Y
STOP_OCC_EQUIP_LOC_CD,KBE00,,1소결,Sinter #1,Y
STOP_OCC_EQUIP_LOC_CD,KBN00,,,BF #1,Y
STOP_OCC_EQUIP_LOC_CD,KEA113,,제강 배재장,De-Slagging,Y
STOP_OCC_EQUIP_LOC_CD,KEA114,,,KR 1#,Y
STOP_OCC_EQUIP_LOC_CD,KEA115,,,KR 2#,Y
STOP_OCC_EQUIP_LOC_CD,KEA121,,,BOF #1,Y
STOP_OCC_EQUIP_LOC_CD,KEA122,,,BOF #2,Y
STOP_OCC_EQUIP_LOC_CD,KEA124,,,WF #1,Y
STOP_OCC_EQUIP_LOC_CD,KEA125,,,WF #2,Y
STOP_OCC_EQUIP_LOC_CD,KEA141,,,LF #1,Y
STOP_OCC_EQUIP_LOC_CD,KEA151,,,RH #1,Y
STOP_OCC_EQUIP_LOC_CD,KEA152,,,RH #2,Y
STOP_OCC_EQUIP_LOC_CD,KEE211,,,M/C #1,Y
STOP_OCC_EQUIP_LOC_CD,KEE212,,,M/C #2,Y
STOP_RATING_CD,RAT1,,,test rating,Y
STOP_RATING_CD,B001,,,Preventive Maintenance,Y
STOP_RATING_CD,B002,,,Corrective Maintenance,Y
STOP_RESONSIBLE_CD,RES1,,,test responsibility,Y
STOP_RESONSIBLE_CD,B001,,,Mechanical Maintenance,Y
STOP_RESONSIBLE_CD,B002,,,Electrical Maintenance / Automation,Y
STOP_RESONSIBLE_CD,B003,,,Operation,Y
STOP_SYSTEM_CD,B001,,,Stock House,Y
STOP_SYSTEM_CD,B002,,,Top,Y
STOP_SYSTEM_CD,B003,,,Hot Stoves,Y
STOP_SYSTEM_CD,B004,,,Gas Cleaning,Y
STOP_SYSTEM_CD,B005,,,Cast House,Y
STOP_SYSTEM_CD,B006,,,Process Control,Y
STOP_SYSTEM_CD,B007,,,Coal Injection,Y
STOP_SYSTEM_CD,B008,,,Blower,Y
STOP_SYSTEM_CD,B009,,,Others,Y
STOP_TYPE,1,故障,,,Y
STOP_TYPE,2,检修,,,Y
STORE_CD,C,成品库,,,Y
STORE_CD,B,中间库,,,Y
STORE_CD,A,原料库,,,Y
STR_FL,1,,,STR#1,Y
STR_FL,2,,,STR#2,Y
STR_NO,1,,,NO#1,Y
STR_NO,2,,,NO#2,Y
STS_CD,1,接收申请,,,Y
STS_CD,2,判定中（保留）,,,Y
STS_CD,3,结束,,,Y
SUBDIV_TY,S,,,Slitting,Y
SUBDIV_TY,C,,,Cut Length,Y
SUBDIV_TY,B,,,Slitting+Cut Length,Y
SUBINVENTORY_CODE,1,炼铁喷煤原料库,,,Y
SUBINVENTORY_CODE,2,水渣微粉成品库,,,Y
SUBINVENTORY_CODE1,2,水渣微粉成品库,,,Y
SUCC_ERR_CD,S,,,Success,Y
SUCC_ERR_CD,E,,,Failure,Y
SURF_GRD,FA,,일반표면,,Y
SURF_GRD,FB,,조금고급표면,,Y
SURF_GRD,FC,,고급표면,,Y
SURF_GRD,FD,,초고급표면,,Y
SURF_GRD,SC,,,Scrap,Y
SURF_GRD_CR,1,合格品,,,Y
SURF_GRD_CR,3,待处理品,,,Y
SURF_GRD_CR,5,不合格品,,,Y
SURF_TREAT_CD,BAX,"光面,Ra≤0.4μm,不镀锌",,,Y
SURF_TREAT_CD,BFF,,,Bright Finishing1,Y
SURF_TREAT_CD,DBX,"毛面,0.60 ≤ Ra ≤ 1.90,不镀锌",,,Y
SURF_TREAT_CD,DGG,,,Dull Finishing1,Y
SURF_TREAT_CD,BJF,,,Bright Finishing2,Y
SURF_TREAT_CD,DCX,"毛面,0.70 ≤ Ra ≤ 1.30,不镀锌",,,Y
SURF_TREAT_CD,DDX,"毛面,0.70 ≤ Ra ≤ 1.80,不镀锌",,,Y
SURF_TREAT_CD,DEX,"毛面,1.00 ≤ Ra ≤ 1.80,不镀锌",,,Y
SURF_TREAT_CD,GFX,"半光面,Ra≤0.9μm,不镀锌",,,Y
SURF_TREAT_CD,MBX,"普通,0.6μm＜Ra≤1.9μm,不镀锌",,,Y
SURF_TREAT_CD,RGX,"粗糙,Ra＞1.6μm,不镀锌",,,Y
SURF_TREAT_CD,WHX,"高光面,Ra ≤0.10,不镀锌",,,Y
SURF_TREAT_CD,WJX,"高光面,Ra ≤ 0.15,不镀锌",,,Y
SURF_TREAT_CD,WKX,"高光面,0.15 ≤ Ra ≤ 0.30,不镀锌",,,Y
SURF_TREAT_CD,WLX,"高光面,0.20 ≤Ra ≤ 0.40,不镀锌",,,Y
SURF_TREAT_CD,WMX,"高光面,0.25 ≤ Ra ≤ 0.45,不镀锌",,,Y
SURF_TREAT_CD,WNX,"高光面,0.27 ≤ Ra ≤ 0.42,不镀锌",,,Y
SURF_TREAT_CD,WPX,"高光面,0.30 ≤ Ra ≤ 0.50,不镀锌",,,Y
SURF_TREAT_CD,WQX,"高光面,0.30 ≤ Ra ≤ 0.60,不镀锌",,,Y
SURF_TREAT_CD,WRX,"高光面,0.38 ≤ Ra ≤ 0.58,不镀锌",,,Y
SURF_TREAT_CD,BAG,"光面,Ra≤0.4μm,零锌花",,,Y
SURF_TREAT_CD,DBG,"毛面,0.60 ≤ Ra ≤ 1.90,零锌花",,,Y
SURF_TREAT_CD,DCG,"毛面,0.70 ≤ Ra ≤ 1.30,零锌花",,,Y
SURF_TREAT_CD,DDG,"毛面,0.70 ≤ Ra ≤ 1.80,零锌花",,,Y
SURF_TREAT_CD,DEG,"毛面,1.00 ≤ Ra ≤ 1.80,零锌花",,,Y
SURF_TREAT_CD,GFG,"半光面,Ra≤0.9μm,零锌花",,,Y
SURF_TREAT_CD,MBG,"普通,0.6μm＜Ra≤1.9μm,零锌花",,,Y
SURF_TREAT_CD,RGG,"粗糙,Ra＞1.6μm,零锌花",,,Y
SURF_TREAT_CD,WHG,"高光面,Ra ≤0.10,零锌花",,,Y
SURF_TREAT_CD,WJG,"高光面,Ra ≤ 0.15,零锌花",,,Y
SURF_TREAT_CD,WKG,"高光面,0.15 ≤ Ra ≤ 0.30,零锌花",,,Y
SURF_TREAT_CD,WLG,"高光面,0.20 ≤Ra ≤ 0.40,零锌花",,,Y
SURF_TREAT_CD,WMG,"高光面,0.25 ≤ Ra ≤ 0.45,零锌花",,,Y
SURF_TREAT_CD,WNG,"高光面,0.27 ≤ Ra ≤ 0.42,零锌花",,,Y
SURF_TREAT_CD,WPG,"高光面,0.30 ≤ Ra ≤ 0.50,零锌花",,,Y
SURF_TREAT_CD,WQG,"高光面,0.30 ≤ Ra ≤ 0.60,零锌花",,,Y
SURF_TREAT_CD,WRG,"高光面,0.38 ≤ Ra ≤ 0.58,零锌花",,,Y
SURF_TREAT_CD,BAJ,"光面,Ra≤0.4μm,小锌花",,,Y
SURF_TREAT_CD,DBJ,"毛面,0.60 ≤ Ra ≤ 1.90,小锌花",,,Y
SURF_TREAT_CD,DCJ,"毛面,0.70 ≤ Ra ≤ 1.30,小锌花",,,Y
SURF_TREAT_CD,DDJ,"毛面,0.70 ≤ Ra ≤ 1.80,小锌花",,,Y
SURF_TREAT_CD,DEJ,"毛面,1.00 ≤ Ra ≤ 1.80,小锌花",,,Y
SURF_TREAT_CD,GFJ,"半光面,Ra≤0.9μm,小锌花",,,Y
SURF_TREAT_CD,MBJ,"普通,0.6μm＜Ra≤1.9μm,小锌花",,,Y
SURF_TREAT_CD,RGJ,"粗糙,Ra＞1.6μm,小锌花",,,Y
SURF_TREAT_CD,WHJ,"高光面,Ra ≤0.10,小锌花",,,Y
SURF_TREAT_CD,WJJ,"高光面,Ra ≤ 0.15,小锌花",,,Y
SURF_TREAT_CD,WKJ,"高光面,0.15 ≤ Ra ≤ 0.30,小锌花",,,Y
SURF_TREAT_CD,WLJ,"高光面,0.20 ≤Ra ≤ 0.40,小锌花",,,Y
SURF_TREAT_CD,WMJ,"高光面,0.25 ≤ Ra ≤ 0.45,小锌花",,,Y
SURF_TREAT_CD,WNJ,"高光面,0.27 ≤ Ra ≤ 0.42,小锌花",,,Y
SURF_TREAT_CD,WPJ,"高光面,0.30 ≤ Ra ≤ 0.50,小锌花",,,Y
SURF_TREAT_CD,WQJ,"高光面,0.30 ≤ Ra ≤ 0.60,小锌花",,,Y
SURF_TREAT_CD,WRJ,"高光面,0.38 ≤ Ra ≤ 0.58,小锌花",,,Y
SURF_TREAT_CD,BAH,"光面,Ra≤0.4μm,正常锌花",,,Y
SURF_TREAT_CD,DBH,"毛面,0.60 ≤ Ra ≤ 1.90,正常锌花",,,Y
SURF_TREAT_CD,DCH,"毛面,0.70 ≤ Ra ≤ 1.30,正常锌花",,,Y
SURF_TREAT_CD,DDH,"毛面,0.70 ≤ Ra ≤ 1.80,正常锌花",,,Y
SURF_TREAT_CD,DEH,"毛面,1.00 ≤ Ra ≤ 1.80,正常锌花",,,Y
SURF_TREAT_CD,GFH,"半光面,Ra≤0.9μm正常锌花",,,Y
SURF_TREAT_CD,MBH,"普通,0.6μm＜Ra≤1.9μm,正常锌花",,,Y
SURF_TREAT_CD,RGH,"粗糙,Ra＞1.6μm,正常锌花",,,Y
SURF_TREAT_CD,WHH,"高光面,Ra ≤0.10,正常锌花",,,Y
SURF_TREAT_CD,WJH,"高光面,Ra ≤ 0.15,正常锌花",,,Y
SURF_TREAT_CD,WKH,"高光面,0.15 ≤ Ra ≤ 0.30,正常锌花",,,Y
SURF_TREAT_CD,WLH,"高光面,0.20 ≤Ra ≤ 0.40,正常锌花",,,Y
SURF_TREAT_CD,WMH,"高光面,0.25 ≤ Ra ≤ 0.45,正常锌花",,,Y
SURF_TREAT_CD,WNH,"高光面,0.27 ≤ Ra ≤ 0.42,正常锌花",,,Y
SURF_TREAT_CD,WPH,"高光面,0.30 ≤ Ra ≤ 0.50,正常锌花",,,Y
SURF_TREAT_CD,WQH,"高光面,0.30 ≤ Ra ≤ 0.60,正常锌花",,,Y
SURF_TREAT_CD,WRH,"高光面,0.38 ≤ Ra ≤ 0.58,正常锌花",,,Y
SURF_TY,T,,,Top,Y
SURF_TY,B,,,Bottom,Y
SURF_TY,A,,,All,Y
SWR_FAC_CD,X1,线A,,,Y
SWR_FAC_CD,X2,线B,,,Y
SWR_FAC_CD,B1,棒A,,,Y
SWR_FAC_CD,B2,棒B,,,Y
SWR_STEEL_GRADE,圆钢,圆钢,,,Y
SWR_STEEL_GRADE,螺纹钢,螺纹钢,,,Y
SYD_YARD_NAME_LOV,FG01,炼钢废钢库,,,Y
SYD_YARD_NAME_LOV,SHS,炼钢石灰石库,,,Y
SYMBOL_LOV,+,,,,Y
SYMBOL_LOV,-,,,,Y
SYS_MODULE_CD,ESB-MDM,,,ESB-MDM,Y
SYS_MODULE_CD,ESB-ERP,,,ESB-ERP,Y
SYS_MODULE_CD,ESB-MCS,,,ESB-MCS,Y
SYS_MODULE_CD,LV2-MPS,热轧质量,,MPPS,Y
SYS_MODULE_CD,LV2-CPL,4条包装 L2,,cpl L2,Y
SYS_MODULE_CD,LV2-RM1,,,Raw Matetial L2,Y
SYS_MODULE_CD,LV2-ST1,,,Sinter L2,Y
SYS_MODULE_CD,LV2-CBE,,,COKE MIX,Y
SYS_MODULE_CD,LV2-CK1,,,Coke L2,Y
SYS_MODULE_CD,LV2-OV1,,,OVEN L2,Y
SYS_MODULE_CD,LV2-BF1,,,BF L2,Y
SYS_MODULE_CD,LV2-KR1,,,KR#1 L2,Y
SYS_MODULE_CD,LV2-KR2,,,KR#2 L2,Y
SYS_MODULE_CD,LV2-KR3,,,KR#3 L2,Y
SYS_MODULE_CD,LV2-SM1,,,BOF#1 L2,Y
SYS_MODULE_CD,LV2-SM2,,,BOF#2 L2,Y
SYS_MODULE_CD,LV2-SM3,,,BOF#3 L2,Y
SYS_MODULE_CD,LV2-SM4,,,BOF#4 L2,Y
SYS_MODULE_CD,LV2-WF1,,,WF#1 L2,Y
SYS_MODULE_CD,LV2-WF2,,,WF#2 L2,Y
SYS_MODULE_CD,LV2-LF1,,,LF L2,Y
SYS_MODULE_CD,LV2-LF2,,,LF L2,Y
SYS_MODULE_CD,LV2-RH1,,,RH#1 L2,Y
SYS_MODULE_CD,LV2-RH2,,,RH#2 L2,Y
SYS_MODULE_CD,LV2-CC1,,,CC#1 L2,Y
SYS_MODULE_CD,LV2-CC2,,,CC#2 L2,Y
SYS_MODULE_CD,LV2-CC3,,,CC#3 L2,Y
SYS_MODULE_CD,LV2-CC4,,,CC#4 L2,Y
SYS_MODULE_CD,LV2-CC5,,,CC#5 L2,Y
SYS_MODULE_CD,LV2-RF1,,,RHF L2,Y
SYS_MODULE_CD,LV2-HR1,,,HR L2,Y
SYS_MODULE_CD,LV2-SP1,,,SPM L2,Y
SYS_MODULE_CD,LV2-RG1,,,Roll Grinder 1(Hot Rolling),Y
SYS_MODULE_CD,LV2-RG2,,,Roll Grinder 2(Hot Rolling),Y
SYS_MODULE_CD,LV2-PP1,,,PPL L2,Y
SYS_MODULE_CD,LV2-PT1,,,PLTCM L2,Y
SYS_MODULE_CD,LV2-CA1,,,CAL L2,Y
SYS_MODULE_CD,LV2-CA2,,,CAL2 L2,Y
SYS_MODULE_CD,LV2-CG1,,,CGL L2,Y
SYS_MODULE_CD,LV2-RC1,,,RCL1 L2,Y
SYS_MODULE_CD,LV2-RC2,,,RCL2 L2,Y
SYS_MODULE_CD,LV2-RC3,,,RCL3 L2,Y
SYS_MODULE_CD,LV2-SLS,智能物流L2,,SLS(Packing) L2,Y
SYS_MODULE_CD,LV2-RG3,,,Roll Grinder 3(Cold Rolling),Y
SYS_MODULE_CD,LV2-LMS,,,LMS L2(Ladle),Y
SYS_MODULE_CD,LV2-YM1,连铸板坯库/热轧板坯库,,YMS#1 L2,Y
SYS_MODULE_CD,LV2-YM2,热轧钢卷库/冷轧原料库/PPL成品库,,YMS#2 L2,Y
SYS_MODULE_CD,LV2-YM3,冷轧中间库 （无人天车）,,YMS#3 L2,Y
SYS_MODULE_CD,LV2-YM4,冷轧成品库,,YMS#4 L2,Y
SYS_MODULE_CD,LV2-DMS,DMS L2(计量),,Digital Measuring System L2,Y
SYS_MODULE_CD,LV2-LIM,,,LIMS L2,Y
SYS_MODULE_CD,LV2-RAS,RAS L2(快速分析),,Rapid Analysis System L2,Y
SYS_MODULE_CD,LV2-PQA,,,PQA L2,Y
SYS_MODULE_CD,LV2-PF1,,,Plate Heat Furnace L2,Y
SYS_MODULE_CD,LV2-PM1,,,Plate Mill L2,Y
SYS_MODULE_CD,LV2-PS1,,,Plate Shear Line L2,Y
SYS_MODULE_CD,LV2-PH1,,,Plate Heat Treatment L2 #1,Y
SYS_MODULE_CD,LV2-PH2,,,Plate Heat Treatment L2 #2,Y
SYS_MODULE_CD,LV2-PH3,,,Plate Heat Treatment L2 #3,Y
SYS_MODULE_CD,LV2-PH4,,,Plate Heat Treatment L2 #4,Y
SYS_MODULE_CD,LV2-SF1,,,Steckel Heat Furnace L2,Y
SYS_MODULE_CD,LV2-SR1,,,Steckel Plate Mill L2,Y
SYS_MODULE_CD,LV2-SA1,,,Steckel ACC L2,Y
SYS_MODULE_CD,LV2-SH1,,,Steckel Hot Leveller L2,Y
SYS_MODULE_CD,LV2-SS1,,,Steckel Shear Line L2,Y
SYS_MODULE_CD,MES-SMP,,,Master Planning,Y
SYS_MODULE_CD,MES-SSD,,,Order / Marking,Y
SYS_MODULE_CD,MES-SPG,,,Progress,Y
SYS_MODULE_CD,MES-SCH,,,Scheduling,Y
SYS_MODULE_CD,MES-SQM,,,Quality,Y
SYS_MODULE_CD,MES-SIM,,,RM / IronMaking,Y
SYS_MODULE_CD,MES-SMS,,,Steel Making / CC,Y
SYS_MODULE_CD,MES-SHR,,,Hot Rolling,Y
SYS_MODULE_CD,MES-SCR,,,Cold Rolling,Y
SYS_MODULE_CD,MES-SPR,,,Plate Mill,Y
SYS_MODULE_CD,MES-SRS,,,Roll Shop,Y
SYS_MODULE_CD,MES-SYD,,,Yard / Dispatch,Y
SYS_MODULE_CD,MES-SIT,,,Internal Transportation,Y
SYS_MODULE_CD,MES-SCO,,,Common,Y
SZSHP_TOL_DSN_STD_TY,1,客户保证编号,고객보증,,Y
SZSHP_TOL_DSN_STD_TY,2,2.尺寸形状允许偏差国家标准编号,국가표준,,Y
S_PRINT_GRT_CD,A,性能试验+性能判定+质保书发行,,,Y
S_PRINT_GRT_CD,B,性能试验+性能判定,,,Y
S_PRINT_GRT_CD,C,性能试验+质保书发行,,,Y
S_PRINT_GRT_CD,D,性能试验,,,Y
S_PRINT_KIND,A,硫印测试,,,Y
S_PRINT_SMP_CND,11,同炉次、同牌号、同轧制状态、同厚度,,,Y
S_PRINT_SMP_CND,12,同炉号、同牌号、同轧制状态、同厚度，每批不超过40t,,,Y
S_PRINT_SMP_CND,13,同炉号、同牌号、同轧制状态、同厚度，每批不超过50t,,,Y
S_PRINT_SMP_CND,14,同炉号、同牌号、同轧制状态、同厚度，每批不超过60t,,,Y
S_PRINT_SMP_CND,15,同炉号、同牌号、同轧制状态、同厚度，每批不超过60t;若单卷＞30吨，则可2卷组1批,,,Y
S_PRINT_SMP_CND,16,同炉次、同牌号、同轧制状态、同厚度为1批，批重量≤50t时正常取1组样；批重量＞50t时增加1个拉伸样,,,Y
S_PRINT_SMP_CND,17,每卷为1批,,,Y
S_PRINT_SMP_CND,18,同炉号、同厚度、同宽度组成1批,,,Y
S_PRINT_SMP_LTH_LOC,B,采取下部,,,Y
S_PRINT_SMP_LTH_LOC,M,采取中间部分,,,Y
S_PRINT_SMP_LTH_LOC,T,采取上部,,,Y
S_PRINT_SMP_LTH_LOC,W,采取上部和下部,,,Y
S_PRINT_SMP_LTH_LOC,X,采取上部和中间部分,,,Y
S_PRINT_SMP_LTH_LOC,Y,采取上部和中间部分和下部,,,Y
S_PRINT_SMP_SPCMN_DIR,L,长度方向采样,길이방향으로 시편채취,,Y
S_PRINT_SMP_SPCMN_DIR,B,宽度方向采样,폭방향으로 시편채취,,Y
S_PRINT_SMP_SPCMN_DIR,C,厚度方向采样,두께방향으로 시편채취,,Y
S_PRINT_SMP_SPCMN_DIR,D,45˚方向采样,45방향으로 시편채취,,Y
S_PRINT_SMP_SPCMN_DIR,E,30˚方向采样,30방향으로 시편채취,,Y
S_PRINT_SMP_SPCMN_SZ,01,"长度 ≥250, 宽度 ≥35",,,Y
S_PRINT_SMP_WTH_LOC,A,1/2W 部位,,,Y
S_PRINT_SMP_WTH_LOC,C,1/4W 部位,,,Y
S_PRINT_SMP_WTH_LOC,E,"Top 1/2W, Bottom 1/4W部位",,,Y
S_PRINT_SMP_WTH_LOC,B,Edge 部位,,,Y
S_PRINT_SMP_WTH_LOC,D,对角线的两角部位,,,Y
S_PRINT_SMP_WTH_LOC,F,"Top 1/4W, Bottom 1/2W部位",,,Y
TAPHOLE_NO,1,1号出铁口,,,Y
TAPHOLE_NO,2,2号出铁口,,,Y
TAPHOLE_NO,3,3号出铁口,,,Y
TAPHOLE_NO,4,4号出铁口,,,Y
TAP_HOLE,1,南出铁口,,,Y
TAP_HOLE,2,北出铁口,,,Y
TARGET_FL,T,对象,,,Y
TARGET_FL,Y,选择,,,Y
TARGET_FL,N,取消,,,Y
TARGET_FL,F,结束,,,Y
TAX_CD,V00,,,,Y
TAX_CD,V06,,,,Y
TAX_CD,V11,,,,Y
TAX_CD,V13,,,,Y
TAX_CD,V16,,,,Y
TAX_CD,V10,,,,Y
TAX_CD,V17,,,,Y
TC_TRANS_TY,T,,,TC,Y
TC_TRANS_TY,D,,,DB,Y
TC_TRANS_TY,I,,,TCP/IP,Y
TD_CST_OB_RPR_CAU_TY,A,,,A.P,Y
TD_CST_OB_RPR_CAU_TY,B,,,Operation Trouble,Y
TD_CST_OB_RPR_CAU_TY,C,,,Etc,Y
TD_C_MTD_TY,A,,,Air Cooling,Y
TD_C_MTD_TY,W,,,Water Cooling,Y
TD_MOIST_OTFLOW_TY,S,,,Small OutFlow,Y
TD_MOIST_OTFLOW_TY,M,,,Middle OutFlow,Y
TD_MOIST_OTFLOW_TY,L,,,Large OutFlow,Y
TD_OPEN_POUR_TY,A,不允许,,,Y
TD_OPEN_POUR_TY,B,不作要求,,,Y
TD_OTBREAK_RPR_CAU_TY,A,,,A.P,Y
TD_OTBREAK_RPR_CAU_TY,B,,,Refractory Loss,Y
TD_OTBREAK_RPR_CAU_TY,C,,,Etc,Y
TD_SLAG_THK_TY,A,不大于80mm,,,Y
TD_SLAG_THK_TY,B,不大于100mm,,,Y
TD_SLAG_THK_TY,C,不大于150mm,,,Y
TD_SLAG_THK_TY,D,未指定,,,Y
TD_STAT_TY,G,,,Good,Y
TD_STAT_TY,N,,,Bad,Y
TEAM_SHIFT_CD,A,甲班,,,Y
TEAM_SHIFT_CD,B,乙班,,,Y
TEAM_SHIFT_CD,C,丙班,,,Y
TEAM_SHIFT_GROUP_CD,1,白班,,,Y
TEAM_SHIFT_GROUP_CD,2,夜班,,,Y
TEMP_GRADE_CD,FH,硬质材(Full Hard),경질재(Full Hard),,Y
TEMP_GRADE_CD,2H,1/2硬质,1/2경질,,Y
TEMP_GRADE_CD,4H,1/4硬质,1/4경질,,Y
TEMP_GRADE_CD,8H,1/8硬质,1/8경질,,Y
TEMP_GRADE_CD,CA,退火状态（最软质）,소둔상태(최연질),,Y
TEMP_GRADE_CD,CS,调制标准（软质）,표준조질(연질),,Y
TERM_TY,P,,,Products Order,Y
TERM_TY,S,,,Stock Order,Y
TERM_TY,U,,,Urgent,Y
TEST,222,,,,Y
TEST_CNT,1,初验,,,Y
TEST_CNT,2,复验,,,Y
TEST_SHF_GRP,A1,,,A,Y
TEST_SHF_GRP,B1,,,B,Y
TEST_SHF_GRP,C1,,,C,Y
TEST_SHF_GRP,D1,,,D,Y
THK_CAL_FL,Y,,후판 두께계산시 공차적용,,Y
THK_CAL_FL,N,,후판 두께계산시 공차미적용,,Y
THK_GRP_ACT_CRL,D,厚度(0.50≤T<0.60mm),,,Y
THK_GRP_ACT_CRL,E,厚度(0.60≤T<0.70mm),,,Y
THK_GRP_ACT_CRL,F,厚度(0.70≤T<0.80mm),,,Y
THK_GRP_ACT_CRL,G,厚度(0.80≤T<1.00mm),,,Y
THK_GRP_ACT_CRL,H,厚度(1.00≤T<1.20mm),,,Y
THK_GRP_ACT_CRL,J,厚度(1.20≤T<1.40mm),,,Y
THK_GRP_ACT_CRL,K,厚度(1.40≤T<1.80mm),,,Y
THK_GRP_ACT_CRL,L,厚度(1.80≤T<2.00mm),,,Y
THK_GRP_ACT_CRL,M,厚度(2.00≤T<2.30mm),,,Y
THK_GRP_ACT_HRL,A,厚度(T<1.80mm),,,Y
THK_GRP_ACT_HRL,B,厚度(1.80≤T<2.40mm),,,Y
THK_GRP_ACT_HRL,C,厚度(2.40≤T<3.00mm),,,Y
THK_GRP_ACT_HRL,D,厚度(3.00≤T<4.00mm),,,Y
THK_GRP_ACT_HRL,E,厚度(4.00≤T<5.00mm),,,Y
THK_GRP_ACT_HRL,F,厚度(5.00≤T<6.00mm),,,Y
THK_GRP_ACT_HRL,G,厚度(6.00≤T<8.00mm),,,Y
THK_GRP_ACT_HRL,H,厚度(8.00≤T<12.70mm),,,Y
THK_GRP_ACT_HRL,J,厚度(12.70≤T<19.20mm),,,Y
THK_GRP_ACT_HRL,K,厚度(19.20mm≤T),,,Y
THK_GRP_ACT_PLT,A,厚度(T<4.5mm),,,Y
THK_GRP_ACT_PLT,B,厚度(4.5≤T<5mm),,,Y
THK_GRP_ACT_PLT,C,厚度(5≤T<6mm),,,Y
THK_GRP_ACT_PLT,D,厚度(6≤T<8mm),,,Y
THK_GRP_ACT_PLT,E,厚度(8≤T<10mm),,,Y
THK_GRP_ACT_PLT,F,厚度(10≤T<12mm),,,Y
THK_GRP_ACT_PLT,G,厚度(12≤T<14mm),,,Y
THK_GRP_ACT_PLT,H,厚度(14≤T<16mm),,,Y
THK_GRP_ACT_PLT,J,厚度(16≤T<20mm),,,Y
THK_GRP_ACT_PLT,K,厚度(20≤T<25mm),,,Y
THK_GRP_ACT_PLT,L,厚度(25≤T<30mm),,,Y
THK_GRP_ACT_PLT,M,厚度(30≤T<40mm),,,Y
THK_GRP_ACT_PLT,N,厚度(40≤T<50mm),,,Y
THK_GRP_ACT_PLT,P,厚度(50≤T<70mm),,,Y
THK_GRP_ACT_PLT,Q,厚度(70≤T<80mm),,,Y
THK_GRP_ACT_PLT,R,厚度(80≤T<100mm),,,Y
THK_GRP_ACT_PLT,S,厚度(100≤T<120mm),,,Y
THK_GRP_ACT_PLT,T,厚度(120mm≤T),,,Y
THK_GRP_ACT_SLAB,A,厚度(150mm),,,Y
THK_GRP_ACT_SLAB,B,厚度(200mm),,,Y
THK_GRP_ACT_SLAB,C,厚度(230mm),,,Y
THK_GRP_ACT_SLAB,D,厚度(250mm),,,Y
THK_GRP_ACT_SLAB,E,厚度(300mm),,,Y
THK_GRP_ACT_STK,A,厚度(T<4.5mm),,,Y
THK_GRP_ACT_STK,B,厚度(4.5≤T<5mm),,,Y
THK_GRP_ACT_STK,C,厚度(5≤T<6mm),,,Y
THK_GRP_ACT_STK,D,厚度(6≤T<8mm),,,Y
THK_GRP_ACT_STK,E,厚度(8≤T<10mm),,,Y
THK_GRP_ACT_STK,F,厚度(10≤T<12mm),,,Y
THK_GRP_ACT_STK,G,厚度(12≤T<14mm),,,Y
THK_GRP_ACT_STK,H,厚度(14≤T<16mm),,,Y
THK_GRP_ACT_STK,J,厚度(16≤T<20mm),,,Y
THK_GRP_ACT_STK,Q,厚度(70≤T<80mm),,,Y
THK_GRP_ACT_STK,K,厚度(20≤T<25mm),,,Y
THK_GRP_ACT_STK,R,厚度(80≤T<100mm),,,Y
THK_GRP_ACT_STK,L,厚度(25≤T<30mm),,,Y
THK_GRP_ACT_STK,S,厚度(100≤T<120mm),,,Y
THK_GRP_ACT_STK,M,厚度(30≤T<40mm),,,Y
THK_GRP_ACT_STK,T,厚度(120mm≤T),,,Y
THK_GRP_ACT_STK,N,厚度(40≤T<50mm),,,Y
THK_GRP_ACT_STK,P,厚度(50≤T<70mm),,,Y
THK_GRP_CRL,T1,,,t <= 0.4,Y
THK_GRP_CRL,T2,,,0.4 < t <= 0.6,Y
THK_GRP_CRL,T3,,,0.6 < t <= 0.8,Y
THK_GRP_CRL,T4,,,0.8 < t <= 1.0,Y
THK_GRP_CRL,T5,,,1.0 < t <= 1.2,Y
THK_GRP_CRL,T6,,,1.2 < t <= 1.6,Y
THK_GRP_CRL,T7,,,1.6 < t <= 2.0,Y
THK_GRP_CRL,T8,,,2.0 < t,Y
THK_GRP_PLAN_CRL,A,厚度(T<0.50mm),,,Y
THK_GRP_PLAN_CRL,B,厚度(0.50≤T<1.00mm),,,Y
THK_GRP_PLAN_CRL,C,厚度(1.00≤T<2.00mm),,,Y
THK_GRP_PLAN_CRL,D,厚度(2.00mm≤T),,,Y
THK_GRP_PLAN_HRL,A,厚度(T<3.00mm),,,Y
THK_GRP_PLAN_HRL,B,厚度(3.00≤T<12.70mm),,,Y
THK_GRP_PLAN_HRL,C,厚度(12.70≤T<19.20mm),,,Y
THK_GRP_PLAN_HRL,D,厚度(19.20mm≤T),,,Y
THK_GRP_PLAN_PLT,A,厚度(T<12mm),,,Y
THK_GRP_PLAN_PLT,B,厚度(12≤T<25mm),,,Y
THK_GRP_PLAN_PLT,C,厚度(25≤T<40mm),,,Y
THK_GRP_PLAN_PLT,D,厚度(40≤T<70mm),,,Y
THK_GRP_PLAN_PLT,E,厚度(70mm≤T),,,Y
THK_GRP_PLAN_SLAB,*,所有值（0<厚度<9999）,,,Y
TIME_FORM,HMS,,,hhmmss,Y
TIME_PLAN_PROC_MC_CD,CB1_1,,,BOF1,Y
TIME_PLAN_PROC_MC_CD,CL1_1,,,LF1,Y
TIME_PLAN_PROC_MC_CD,CC1_1,,,CC1,Y
TIME_PLAN_PROC_MC_CD,CC1_2,,,CC2,Y
TIME_PLAN_PROC_MC_CD,CC1_3,,,CC3,Y
TIME_PLAN_PROC_MC_CD,CV1_1,,,VD1,Y
TIME_PLAN_PROC_MC_CD_P,CB1_1,,,BOF1,Y
TIME_PLAN_PROC_MC_CD_P,CB1_2,,,BOF2,Y
TIME_PLAN_PROC_MC_CD_P,CB1_3,,,BOF3,Y
TIME_PLAN_PROC_MC_CD_P,CL1_1,,,LF1,Y
TIME_PLAN_PROC_MC_CD_P,CL1_2,,,LF2,Y
TIME_PLAN_PROC_MC_CD_P,CC1_1,,,CC1,Y
TIME_PLAN_PROC_MC_CD_P,CC1_2,,,CC2,Y
TIME_PLAN_PROC_MC_CD_P,CC1_3,,,CC3,Y
TIME_SEPA,:,,,colon,Y
TLC_AB_TY,A,,,Inner Skull,Y
TLC_AB_TY,B,,,Surface solidification,Y
TLC_AB_TY,C,,,Slag Mixing,Y
TLC_AB_TY,D,,,trough Defect,Y
TLC_AB_TY,E,,,Surface  Skull,Y
TLC_AB_TY,F,,,Water Mixing,Y
TLC_AB_TY,G,,경동이상,,Y
TLC_AB_TY,H,,,Transfer malfunction,Y
TLC_AB_TY,J,,,Virtual Full Transfer,Y
TLC_AB_TY,K,,,Post Slag Required,Y
TLC_AB_TY,L,,,Direct to BF,Y
TLC_EVENT_CD,A,,,Arrival,Y
TLC_EVENT_CD,S,,,Stock(Arrange),Y
TLC_EVENT_CD,L,,,Leave(De-Arrange),Y
TLC_EVENT_CD,D,,,Departure,Y
TLC_EVENT_CD,B,,,Working Start,Y
TLC_EVENT_CD,C,,,Working End,Y
TLC_PI_WGT_STS,1,,,Empty,Y
TLC_PI_WGT_STS,2,,,Full,Y
TLC_PI_WGT_STS,3,,,BF Remain,Y
TLC_PI_WGT_STS,4,,,SMS Remain,Y
TLC_RPR_STS,A,,,Cooling Area Warehousing,Y
TLC_RPR_STS,B,,,Natural Cooling,Y
TLC_RPR_STS,C,,,Forced Cooling,Y
TLC_RPR_STS,D,,,Skull Remove,Y
TLC_RPR_STS,E,,,Inspection Dissolution,Y
TLC_RPR_STS,F,,,Consutruction Wait,Y
TLC_RPR_STS,G,,,Consutruction,Y
TLC_RPR_STS,H,,시공양생,,Y
TLC_RPR_STS,I,,승온대기,,Y
TLC_RPR_STS,J,,승온,,Y
TLC_RPR_STS,K,,,Issue Possible,Y
TLC_RPR_STS,L,,,prevention maintenance,Y
TLC_RPR_STS,M,,,Weel Work,Y
TLC_RPR_STS,N,,,Coating Work,Y
TLC_RPR_STS,O,,철피수리,,Y
TLC_RPR_STS,P,,,Etc,Y
TLC_RPR_STS,Q,,,Warm PIT,Y
TLC_RPR_STS,R,,,Issue Ladle,Y
TLC_RPR_STS,S,,,Warehosing Request,Y
TLC_RPR_STS,Z,,,Delete,Y
TLC_RPR_TY,A,,,Large Stoppage,Y
TLC_RPR_TY,B,,,Middle Stoppage,Y
TLC_RPR_TY,C,,,Operational Stoppage,Y
TLC_RPR_TY,D,,,Transfer Stoppage,Y
TLC_RPR_TY,E,,철피적열,,Y
TLC_RPR_TY,F,,,Special Inspection,Y
TLC_RPR_TY,G,,,Mechincal Stopage,Y
TLC_RPR_TY,H,,,Cooling Warehousing,Y
TLC_RPR_TY,I,,,Etc,Y
TLC_RPR_TY,K,,,Slag solidification,Y
TLC_RPR_TY,L,,,C/T Falling off,Y
TLC_SKIM_FIELD_TY,1,,,TCC1,Y
TLC_SKIM_FIELD_TY,2,,,TCC2,Y
TLC_SKIM_FIELD_TY,3,,,TCC3,Y
TLC_SKIM_FIELD_TY,A,,,Front Skimming Field,Y
TLC_SKIM_STS,A,,,Inner Base Metal,Y
TLC_SKIM_STS,B,,,Surface Coagulation,Y
TLC_SKIM_STS,C,,,Slab Mix,Y
TLC_SKIM_STS,D,,,Poor Hole,Y
TLC_SKIM_STS,E,,,Surface Base Metal,Y
TLC_SKIM_STS,F,,,Moisture Mix,Y
TLC_SKIM_STS,G,,,Abnormal Tilting,Y
TLC_SKIM_STS,H,,,Abnormal Bogie,Y
TLC_SKIM_TY,1,,,Before De-skull Skimming,Y
TLC_SKIM_TY,2,,,After De-skull Skimming,Y
TLC_SKIM_TY,3,,,After Empty Skimming,Y
TLC_SKIM_TY2,1,,,Inner,Y
TLC_SKIM_TY2,2,,,Cooling,Y
TLC_SKULL_ELI_YN,Y,,,De-skull Possible,Y
TLC_SKULL_ELI_YN,N,,,De-skull Impossible,Y
TLC_STS,A,,내부지금 : TCC + 공차 후배재처리(Ladle 내부에 지금 부착),Inner Slag,Y
TLC_STS,B,,표면응고 : 주선기처리 + O2 Blowing(용선이 응고),Surface Coagulation,Y
TLC_STS,C,,Slag 혼입 : 영차배재처리 요구(Ladle 내부에 Slag 혼입),Slag Mixing,Y
TLC_STS,D,,와구불량 : TCC처리필수 (와구부 불량),Inner Slag,Y
TLC_STS,E,,표면지금 : TCC + 공차 후배재처리 (외부에 지금 부착),Surface Slag,Y
TLC_STS,F,,수분혼입  : Ladle 내부에 수분이 혼입,Moisture Mixing,Y
TLC_STS,G,,경동이상  : 철도 (경동 불량),Abnornal Tilting,Y
TLC_STS,H,,대차이상  : 철도 (대차 불량),Abnormal Trans Car,Y
TLC_STS,K,,후배재필수 : T-STOPPER사용 및 내부 SLAG 잔존 후배재처리,Need Post de-slagging,Y
TLC_STS_TY,0,,영 Ladle,Full TLC,Y
TLC_STS_TY,1,,공 Ladle,Empty TLC,Y
TLC_STS_TY,2,,잔선 Ladle(고로),Remain TLC(BF),Y
TLC_STS_TY,3,,잔선 Ladle(제강),Remain TLC(SMS),Y
TLC_TRK_CD,A,,,Arrival,Y
TLC_TRK_CD,D,,,Departure,Y
TLC_TRK_CD,S,,,Stocked(Arrange),Y
TLC_TRK_CD,L,,,Delivered(De-Arrange),Y
TLC_TRK_CD,B,,,Working Start,Y
TLC_TRK_CD,C,,,Working End,Y
TOL_CD,AL_TOL,,,Crown,Y
TOL_CD,CL_TOL,,,Face Convexity,Y
TOL_CD,THK_TOL,,,Thickness Tolerance,Y
TOL_CD,WTH_TOL,,,Width Tolerance,Y
TOL_CD,LTH_TOL,,,Length Tolerance,Y
TOP_BB_PROC_PTRN,B,,단순 Bubbling,Simple Bubbling,Y
TOP_BB_PROC_PTRN,P,,,Powder Injection,Y
TOP_BB_PROC_PTRN,S,,,Strong B/B or Gas Injection,Y
TRANSACTION_TYPE_ID,1,入库,,,Y
TRANSACTION_TYPE_ID,2,出库,,,Y
TRANSACTION_TYPE_ID,31,盘入,,,Y
TRANSACTION_TYPE_ID,41,盘出,,,Y
TRANSCOMPANYCODE,1,莱钢汽运,,,Y
TRANSCOMPANYCODE,2,济钢鲍德,,,Y
TRANSCOMPANYCODE,3,日照三运,,,Y
TRANSTYPE,C,汽车,,,Y
TRANSTYPE,T,火车,,,Y
TRANSTYPE,I,铁水车,,,Y
TRANSTYPE,P,皮带,,,Y
TRANSTYPE,S,船运,,,Y
TRANS_PROG_STS,A,装车等待,,Loading Waite,Y
TRANS_PROG_STS,B,计量称(#1) 等待,,Scaling (#1) Waite,Y
TRANS_PROG_STS,C,卸车等待,,Unoading Waite,Y
TRANS_PROG_STS,D,计量称 (#2) 等待,,Scaling (#2) Waite,Y
TRANS_PROG_STS,Z,运输完成,,,Y
TRANS_PROG_STS,X,运输取消,,Transportation Cancelation,Y
TRANS_REQ_STS,A,配车等待,,Transportation Request entry,Y
TRANS_REQ_STS,B,运输指令等待,,Vehicle Assign,Y
TRANS_REQ_STS,C,运输中,,transportation order,Y
TRANS_REQ_STS,D,运输完成等待,,transportation order,Y
TRANS_REQ_STS,Z,运输完成,,transportation Completion,Y
TRANS_TY,I,内部运输,,Internal Transportation,Y
TRANS_TY,S,副产品销售,,By-products Sales,Y
TRANS_TY,P,辅料采购,,Sub-material Purchase,Y
TREND_CYCLE,00,,,1 Minute,Y
TREND_CYCLE,01,,,1 Hour,Y
TREND_CYCLE,12,,,12 Hour,Y
TREND_CYCLE,24,,,24 Hour,Y
TRK_PROG_STS,W,,,Weigh(Weighing Complete),Y
TRK_PROG_STS,B,,,Bring(Bring Quantity Confirm),Y
TRK_PROG_STS,S,,,Send(Bring Quantity ERP Sending),Y
TRK_SCALE_TY,1,毛重 -> 皮重,,Loaded Weighing -> Vacant Weighing,Y
TRK_SCALE_TY,2,皮重 -> 毛重,,Vacant Weighing -> Loaded Weighing,Y
TRK_SCALE_TY,3,毛重,,Loaded Weighing Only,Y
TRK_SCALE_TY,4,皮重,,Vacant Weighing Only,Y
TRNSF_CMP_NM,1,test公司,,test1,Y
TRNSF_CMP_NM,2,test公司2,,test2,Y
TRNSF_MTH_CD,1,公路,,,Y
TRNSF_MTH_CD,2,铁路,,,Y
TRNSF_MTH_CD,3,航空,,,Y
TRNSF_MTH_CD,4,水路(河流),,,Y
TRNSF_MTH_CD,5,水路(海洋),,,Y
TRNSF_MTH_CD,6,水陆联运,,,Y
TRNSF_MTH_CD,7,公铁联运,,,Y
TRNSF_MTH_CD,8,海河联运,,,Y
TRNSF_MTH_CD,9,其他,,,Y
TRNSF_REASON_CD,00,正常,정상,,Y
TRNSF_REASON_CD,01,设备异常,설비이상,,Y
TRNSF_REASON_CD,02,变更工序,행선변경,,Y
TRS_METHOD_CD,L,,,LanShan Ship,Y
TRS_METHOD_CD,T,,,Train,Y
TRS_METHOD_CD,R,,,Truck,Y
TRS_METHOD_CD,S,,,Ship,Y
TSL_CT_EX_RA_CD,A,,,A,Y
TSL_CT_EX_RA_CD,B,,,A50,Y
TSL_CT_EX_RA_CD,C,,,A80,Y
TSL_CT_EX_RA_CD,D,,,A100,Y
TSL_CT_EX_RA_CD,E,,,A200,Y
TSL_CT_EX_RA_CD,F,,,A50.8,Y
TSL_EL_CD,A,,,A,Y
TSL_EL_CD,B,,,A50,Y
TSL_EL_CD,C,,,A80,Y
TSL_EL_CD,D,,,A100,Y
TSL_EL_CD,E,,,A200,Y
TSL_EL_CD,F,,,Ae,Y
TSL_EL_CD,G,,,Ag,Y
TSL_EL_CD,H,,,Agt,Y
TSL_EL_CD,I,,,At,Y
TSL_EL_GRT_CD,A,性能试验+性能判定+质保书发行,,,Y
TSL_EL_GRT_CD,B,性能试验+性能判定,,,Y
TSL_EL_GRT_CD,C,性能试验+质保书发行,,,Y
TSL_EL_GRT_CD,D,性能试验,,,Y
TSL_EL_UNF_GRT_CD,A,性能试验+性能判定+质保书发行,,,Y
TSL_EL_UNF_GRT_CD,B,性能试验+性能判定,,,Y
TSL_EL_UNF_GRT_CD,C,性能试验+质保书发行,,,Y
TSL_EL_UNF_GRT_CD,D,性能试验,,,Y
TSL_N0_GRT_CD,A,性能试验+性能判定+质保书发行,,,Y
TSL_N0_GRT_CD,B,性能试验+性能判定,,,Y
TSL_N0_GRT_CD,C,性能试验+质保书发行,,,Y
TSL_N0_GRT_CD,D,性能试验,,,Y
TSL_N45_GRT_CD,A,性能试验+性能判定+质保书发行,,,Y
TSL_N45_GRT_CD,B,性能试验+性能判定,,,Y
TSL_N45_GRT_CD,C,性能试验+质保书发行,,,Y
TSL_N45_GRT_CD,D,性能试验,,,Y
TSL_N90_GRT_CD,A,性能试验+性能判定+质保书发行,,,Y
TSL_N90_GRT_CD,B,性能试验+性能判定,,,Y
TSL_N90_GRT_CD,C,性能试验+质保书发行,,,Y
TSL_N90_GRT_CD,D,性能试验,,,Y
TSL_N_GRT_CD,A,性能试验+性能判定+质保书发行,,,Y
TSL_N_GRT_CD,B,性能试验+性能判定,,,Y
TSL_N_GRT_CD,C,性能试验+质保书发行,,,Y
TSL_N_GRT_CD,D,性能试验,,,Y
TSL_R0_GRT_CD,A,性能试验+性能判定+质保书发行,,,Y
TSL_R0_GRT_CD,B,性能试验+性能判定,,,Y
TSL_R0_GRT_CD,C,性能试验+质保书发行,,,Y
TSL_R0_GRT_CD,D,性能试验,,,Y
TSL_R45_GRT_CD,A,性能试验+性能判定+质保书发行,,,Y
TSL_R45_GRT_CD,B,性能试验+性能判定,,,Y
TSL_R45_GRT_CD,C,性能试验+质保书发行,,,Y
TSL_R45_GRT_CD,D,性能试验,,,Y
TSL_R90_GRT_CD,A,性能试验+性能判定+质保书发行,,,Y
TSL_R90_GRT_CD,B,性能试验+性能判定,,,Y
TSL_R90_GRT_CD,C,性能试验+质保书发行,,,Y
TSL_R90_GRT_CD,D,性能试验,,,Y
TSL_RA_GRT_CD,A,性能试验+性能判定+质保书发行,,,Y
TSL_RA_GRT_CD,B,性能试验+性能判定,,,Y
TSL_RA_GRT_CD,C,性能试验+质保书发行,,,Y
TSL_RA_GRT_CD,D,性能试验,,,Y
TSL_RDELTA_GRT_CD,A,性能试验+性能判定+质保书发行,,,Y
TSL_RDELTA_GRT_CD,B,性能试验+性能判定,,,Y
TSL_RDELTA_GRT_CD,C,性能试验+质保书发行,,,Y
TSL_RDELTA_GRT_CD,D,性能试验,,,Y
TSL_R_GRT_CD,A,性能试验+性能判定+质保书发行,,,Y
TSL_R_GRT_CD,B,性能试验+性能判定,,,Y
TSL_R_GRT_CD,C,性能试验+质保书发行,,,Y
TSL_R_GRT_CD,D,性能试验,,,Y
TSL_SMP_CD,A,板状,,,Y
TSL_SMP_CD,B,棒状,,,Y
TSL_SMP_CD,C,,,1A,Y
TSL_SMP_CD,D,,,1B,Y
TSL_SMP_CD,E,4号样,,,Y
TSL_SMP_CD,F,5号样,,,Y
TSL_SMP_CND,11,1个/批,"'동일 heat,동일 패호,동일 압연상테,동일 두깨",,Y
TSL_SMP_CND,12,2个/批,"'동일 heat,동일 패호,동일 압연상테,동일 두깨,매lot 40t 이하",,Y
TSL_SMP_CND,13,3个/批,"'동일 heat,동일 패호,동일 압연상테,동일 두깨,매lot 50t 이하",,Y
TSL_SMP_CND,14,5个/批,"'동일 heat,동일 패호,동일 압연상테,동일 두깨,매lot 60t 이하",,Y
TSL_SMP_CND,15,每批2支，单批超过60吨，每增加40吨或不足40吨的余数增加一个拉伸试样,"'동일 heat,동일 패호,동일 압연상테,동일 두깨,매lot 60톤 이하;1개 코일＞30t시 2개 코일  1lot",,Y
TSL_SMP_LTH_LOC,B,不同根（盘）钢筋截取,,,Y
TSL_SMP_LTH_LOC,M,不同根钢坯截取,,,Y
TSL_SMP_SPCMN_DIR,L,纵向Longitudinal,길이방향으로 시편채취,,Y
TSL_SMP_SPCMN_DIR,B,横向Horizontal,폭방향으로 시편채취,,Y
TSL_SMP_SPCMN_SZ,01,,,400mm,Y
TSL_SMP_SPCMN_SZ,02,,,500mm,Y
TSL_SMP_SPCMN_SZ,03,,,300mm,Y
TSL_SMP_WTH_LOC,A,不同根（盘）钢筋截取,중앙부 1/2폭 부위에서 채취,,Y
TSL_SMP_WTH_LOC,C,不同根钢坯截取,1/4폭부위에서 채취,,Y
TSL_STRESS_COOL_CD,A,控冷,,,Y
TSL_STRESS_COOL_CD,B,随炉冷却,,,Y
TSL_STRESS_COOL_CD,X,不指定,,,Y
TSL_TS_GRT_CD,A,性能试验+性能判定+质保书发行,,,Y
TSL_TS_GRT_CD,B,性能试验+性能判定,,,Y
TSL_TS_GRT_CD,C,性能试验+质保书发行,,,Y
TSL_TS_GRT_CD,D,性能试验,,,Y
TSL_YP_CD,A,,,ReH,Y
TSL_YP_CD,B,,,ReL,Y
TSL_YP_CD,C,,,RP0.2,Y
TSL_YP_CD,D,,,RP0.5,Y
TSL_YP_CD,E,,,Rt0.2,Y
TSL_YP_CD,F,,,Rt0.5,Y
TSL_YP_CD,J,,,Rt1.0,Y
TSL_YP_CD,K,,,Rt1.5,Y
TSL_YP_CD,L,,,Rt2.0,Y
TSL_YP_CD,M,,,Rt5.0,Y
TSL_YP_CD,G,,,Rr0.2,Y
TSL_YP_CD,H,,,Rr0.5,Y
TSL_YP_GRT_CD,A,性能试验+性能判定+质保书发行,,,Y
TSL_YP_GRT_CD,B,性能试验+性能判定,,,Y
TSL_YP_GRT_CD,C,性能试验+质保书发行,,,Y
TSL_YP_GRT_CD,D,性能试验,,,Y
TSL_YR_GRT_CD,A,性能试验+性能判定+质保书发行,,,Y
TSL_YR_GRT_CD,B,性能试验+性能判定,,,Y
TSL_YR_GRT_CD,C,性能试验+质保书发行,,,Y
TSL_YR_GRT_CD,D,性能试验,,,Y
UNIT_CD,A,,,,Y
UNIT_CD,B,,,μm,Y
UNIT_CD,C,,,,Y
UNIT_CD,D,,,Mpa,Y
UNIT_CD,E,,,mm,Y
UNIT_CD,F,,,mg/m2,Y
UNIT_CD,G,,,J,Y
UNIT_CD,H,,,Hz,Y
UNIT_CD,I,,,g/m2,Y
UNIT_CD,J,,,,Y
UNPLAN_PROC_CD,1,,공정Buffer,Process Buffer,Y
UNPLAN_PROC_CD,2,,탈 수소,De-hydrogen,Y
UNPLAN_PROC_CD,3,,설비이상,Over facility,Y
UNPLAN_PROC_CD,4,,성분이상,Abnormal Chemical,Y
UNPLAN_PROC_CD,5,,노즐막힘방지,Prevent nozzle clogging,Y
UNPLAN_PROC_CD,6,,강종변경,Steel grade changes,Y
UNPLAN_PROC_CD,7,,래들관련,Ladle related,Y
UNPLAN_PROC_CD,8,,출강저온,Low Temperature,Y
UNPLAN_PROC_CD,9,,연주이상,Abnormal CC,Y
UOM_CD,BWK,每两周,,,Y
UOM_CD,YR,每年,,,Y
UOM_CD,CNY,元,,,Y
UOM_CD,DAY,每日,,,Y
UOM_CD,EA,个,,,Y
UOM_CD,G,克,,,Y
UOM_CD,HR,小时,,,Y
UOM_CD,HYR,每半年,,,Y
UOM_CD,KG,千克,,,Y
UOM_CD,M,米,,,Y
UOM_CD,M2,平方米,,,Y
UOM_CD,MIN,分钟,,,Y
UOM_CD,ML,毫升,,,Y
UOM_CD,MTH,每月,,,Y
UOM_CD,QTR,每季,,,Y
UOM_CD,T,吨,,,Y
UOM_CD,WK,每周,,,Y
UOM_CD,CM3,立方厘米,,,Y
UOM_CD,P,瓶,,,Y
UOM_CD,M3,立方米,,,Y
UOM_CD,TAI,台,,,Y
UOM_CD,DM,分米,,,Y
UOM_CD,J,件,,,Y
UOM_CD,MM,毫米,,,Y
UOM_CD,ZHI,支,,,Y
UOM_CD,Y,月,,,Y
UOM_CD,JR,焦耳,,,Y
UOM_CD,GJ,吉焦,,,Y
UOM_CD,CM,厘米,,,Y
UOM_CD,L,升,,,Y
UOM_CD,KWH,千瓦时,,,Y
UOM_CD,S,秒,,,Y
UOM_CD,Z,套,,,Y
UOM_CD,BAR,根,,,Y
UOM_CD,船,船,,,Y
UOM_CD,车,车,,,Y
UOM_CD_EG,KGCET,千克标准煤/吨,,kgce/t,Y
UOM_CD_EG,M3T,立方米/吨,,m³/t,Y
UOM_CD_EG,KWHT,千瓦时/吨,,kW.h/t,Y
UOM_CD_EG,BF,百分比,,,Y
UOM_CD_EG,KGT,千克/吨,,kg/t,Y
UOM_CD_EG,KGKWH,千克/千瓦时,,kg/kW.h,Y
UOM_CD_EG,M3WKWH,m³/万kW.h,,,Y
UOM_CD_EG,M3KWH,立方米/千瓦时,,m³/kW.h,Y
UOM_CD_EG,M3M3,立方米/立方米,,m³/m³,Y
URGENT_FL,Y,紧急,,Urgent Order,Y
URGENT_FL,N,正常,,NO urgent Order,Y
URGENT_ORD_CD,Y,,,Yes,Y
URGENT_ORD_CD,N,,,No,Y
USABLE_PROC_CD,AG,烧结,,,Y
USABLE_PROC_CD,AF,高炉,,,Y
USABLE_PROC_CD,AK,球团,,,Y
USABLE_PROC_CD,AP,焦炭,,,Y
USABLE_PROC_CD,KR,,,KR,Y
USABLE_PROC_CD,DP,转炉,,,Y
USABLE_PROC_CD,LF,,,LF,Y
USABLE_PROC_CD,WF,吹氩站,,,Y
USABLE_PROC_CD,RH,,,RH,Y
USABLE_PROC_CD,CC,中间包,,,Y
USABLE_PROC_CD,ZZ,发电,,,Y
USAGE_GRP2_CD,*,通用,,,Y
USAGE_GRP2_CD,A,汽车用钢,,,Y
USAGE_GRP2_CD,B,碳素优碳钢,,,Y
USAGE_GRP2_CD,C,船体用钢,,,Y
USAGE_GRP2_CD,D,低合金钢,,,Y
USAGE_GRP2_CD,E,冷成型用钢,,,Y
USAGE_GRP2_CD,F,管线用钢,,,Y
USAGE_GRP2_CD,G,容器用钢,,,Y
USAGE_GRP2_CD,H,耐候耐蚀钢,,,Y
USAGE_GRP2_CD,I,耐磨钢,,,Y
USAGE_GRP2_CD,J,风电用钢,,,Y
USAGE_GRP2_CD,K,建筑结构用钢,,,Y
USAGE_GRP2_CD,L,桥梁用钢,,,Y
USAGE_GRP2_CD,M,冲压用钢,,,Y
USAGE_GRP2_CD,N,冷轧结构钢,,,Y
USAGE_GRP2_CD,O,冷轧高强钢,,,Y
USAGE_GRP2_CD,Q,核电钢,,,Y
USAGE_GRP2_CD,R,热轧高强钢,,,Y
USAGE_LVL1_CD,H,,,Coil Hot Rolling (Slab -> Coil Hot Rolled),Y
USAGE_LVL1_CD,C,,,Coil Cold Rolling (Slab -> Coil Cold Rolled),Y
USAGE_LVL1_CD,P,,,Plate (Slab -> Plate),Y
USAGE_LVL1_CD,W,,,"Wire (Bloom -> Billet, Wire)",Y
USAGE_LVL1_CD,A,,,API Plate (Slab -> Plate),Y
USAGE_LVL1_CD,B,,,API Coil Hot Rolling (Slab -> Coil Hot Rolled),Y
USAGE_LVL2_CD,PA,,,AUTO MOBILE,Y
USAGE_LVL2_CD,PP,,,PIPE,Y
USAGE_LVL2_CD,PE,,,ELECTRIC ARC ROD,Y
USAGE_LVL2_CD,PX,,,SPIRAL PIPE,Y
USAGE_LVL2_CD,PT,,,TRAIN CONTAINER,Y
USAGE_LVL2_CD,PS,,,SHIPBUILDING,Y
USAGE_LVL2_CD,PG,,,BRIDGE,Y
USAGE_LVL2_CD,PJ,,,GIANT TANK,Y
USAGE_LVL2_CD,PB,,,BOILER CONTAINER HAVING PRESSURE,Y
USAGE_LVL2_CD,PV,,,VEHICLE FRAME,Y
USAGE_LVL2_CD,PC,,,CONTRUCTION & MACHINARY INDUSTRY,Y
USAGE_LVL2_CD,PM,,,MARINE CONSTRUCTION,Y
USAGE_LVL2_CD,PO,,,for Cold Coil,Y
USAGE_LVL2_CD,PZ,,,Others,Y
USAGE_LVL2_CD,HA,,,AUTO MOBILE,Y
USAGE_LVL2_CD,HP,,,PIPE,Y
USAGE_LVL2_CD,HE,,,ELECTRIC ARC ROD,Y
USAGE_LVL2_CD,HX,,,SPIRAL PIPE,Y
USAGE_LVL2_CD,HT,,,TRAIN CONTAINER,Y
USAGE_LVL2_CD,HS,,,SHIPBUILDING,Y
USAGE_LVL2_CD,HG,,,BRIDGE,Y
USAGE_LVL2_CD,HJ,,,GIANT TANK,Y
USAGE_LVL2_CD,HB,,,BOILER CONTAINER HAVING PRESSURE,Y
USAGE_LVL2_CD,HV,,,VEHICLE FRAME,Y
USAGE_LVL2_CD,HC,,,CONTRUCTION & MACHINARY INDUSTRY,Y
USAGE_LVL2_CD,HM,,,MARINE CONSTRUCTION,Y
USAGE_LVL2_CD,HO,,,for Cold Coil,Y
USAGE_LVL2_CD,HZ,,,Others,Y
USAGE_LVL2_CD,CA,,,AUTO MOBILE,Y
USAGE_LVL2_CD,CC,,,Civil Engineering & Construction,Y
USAGE_LVL2_CD,CS,,,SURFACE COATING,Y
USAGE_LVL2_CD,CD,,,DRUM,Y
USAGE_LVL2_CD,CE,,,WHITE ELECTRIC appliances,Y
USAGE_LVL2_CD,CF,,,Furniture,Y
USAGE_LVL2_CD,CP,,,PIPE,Y
USAGE_LVL2_CD,CT,,,TIN Plate,Y
USAGE_LVL2_CD,CZ,,,Others,Y
USAGE_LVL2_CD,WA,,,Bars for General Structural,Y
USAGE_LVL2_CD,WB,,,Bars for Machine structural,Y
USAGE_LVL2_CD,WC,,,Section Steel for General Structural,Y
USAGE_LVL2_CD,WD,,,General Structural for Machine structural,Y
USAGE_LVL2_CD,WE,,,Carbone steel for forging,Y
USAGE_LVL2_CD,WF,,,Alloy steel for forging,Y
USAGE_LVL2_CD,WG,,,for Coil Spring,Y
USAGE_LVL2_CD,WH,,,for Plate Spring,Y
USAGE_LVL2_CD,WI,,,for General Rails,Y
USAGE_LVL2_CD,WJ,,,for High strength rails,Y
USAGE_LVL2_CD,WK,,,for special alloy rails,Y
USAGE_LVL2_CD,WL,,,Billet for wire rod,Y
USAGE_LVL2_CD,WM,,,Billet for General Arc. Welding Rod,Y
USAGE_LVL2_CD,WN,,,Billet for special arc.welding rod,Y
USAGE_LVL2_CD,WO,,,Billet for high steel wire rod,Y
USAGE_LVL2_CD,WP,,,Billet fot Piano wire rod,Y
USAGE_LVL2_CD,WQ,,,Billet for cold forging,Y
USAGE_LVL2_CD,WZ,,,Others,Y
USAGE_LVL2_CD,AA,,,AUTO MOBILE,Y
USAGE_LVL2_CD,AP,,,PIPE,Y
USAGE_LVL2_CD,AE,,,ELECTRIC ARC ROD,Y
USAGE_LVL2_CD,AT,,,TRAIN CONTAINER,Y
USAGE_LVL2_CD,AS,,,SHIPBUILDING,Y
USAGE_LVL2_CD,AG,,,BRIDGE,Y
USAGE_LVL2_CD,AJ,,,GIANT TANK,Y
USAGE_LVL2_CD,AB,,,BOILER CONTAINER HAVING PRESSURE,Y
USAGE_LVL2_CD,AV,,,VEHICLE FRAME,Y
USAGE_LVL2_CD,AC,,,CONTRUCTION & MACHINARY INDUSTRY,Y
USAGE_LVL2_CD,AM,,,MARINE CONSTRUCTION,Y
USAGE_LVL2_CD,AO,,,for Cold Coil,Y
USAGE_LVL2_CD,AZ,,,Others,Y
USAGE_LVL2_CD,BA,,,AUTO MOBILE,Y
USAGE_LVL2_CD,BP,,,PIPE,Y
USAGE_LVL2_CD,BE,,,ELECTRIC ARC ROD,Y
USAGE_LVL2_CD,BX,,,SPIRAL PIPE,Y
USAGE_LVL2_CD,BT,,,TRAIN CONTAINER,Y
USAGE_LVL2_CD,BS,,,SHIPBUILDING,Y
USAGE_LVL2_CD,BG,,,BRIDGE,Y
USAGE_LVL2_CD,BJ,,,GIANT TANK,Y
USAGE_LVL2_CD,BB,,,BOILER CONTAINER HAVING PRESSURE,Y
USAGE_LVL2_CD,BV,,,VEHICLE FRAME,Y
USAGE_LVL2_CD,BC,,,CONTRUCTION & MACHINARY INDUSTRY,Y
USAGE_LVL2_CD,BM,,,MARINE CONSTRUCTION,Y
USAGE_LVL2_CD,BO,,,for Cold Coil,Y
USAGE_LVL2_CD,BZ,,,Others,Y
USAGE_LVL3_CD,1,,,Rolling,Y
USAGE_LVL3_CD,2,,,Cutting and longitudinal Rolling,Y
USAGE_LVL3_CD,3,,,Width direction Rolling,Y
USAGE_LVL3_CD,4,,,Cutting Forge,Y
USAGE_LVL3_CD,5,,,Cutting Extrusion,Y
USAGE_LVL3_CD,6,,,No Action,Y
USAGE_LVL4_CD,Q,,,QUENCHING,Y
USAGE_LVL4_CD,T,,,TEMPERING,Y
USAGE_LVL4_CD,N,,,NORMALIZING,Y
USER_BATCH_LOV,01,铁前成本,,,Y
USER_BATCH_LOV,02,炼钢成本,,,Y
USER_BATCH_LOV,03,宽厚板成本,,,Y
USER_SEX,0,男,,,Y
USER_SEX,1,女,,,Y
USER_TY,A,,,AD User,Y
USER_TY,M,,,MES User,Y
USER_TY,B,,,Both,Y
USE_FL,X,原料,,,Y
USE_FL,Z,副产物,,,Y
USE_FL,M,主产物,,,Y
USE_TY,Y,是,,,Y
USE_TY,N,否,,,Y
USE_Y,Y,,,Yes,Y
USE_YN,Y,是,,YES,Y
USE_YN,N,否,,NO,Y
USING_LEVEL,1,大类,,,Y
USING_LEVEL,2,中类,,,Y
USING_LEVEL,3,小类,,,Y
UST_GRD,Y,合订单,,PASS,Y
UST_GRD,N,不合订单,,FAIL,Y
UST_GRD,T,未判定,,NULL,Y
UST_LEVEL,ASTM475,,,ASTM475,Y
UST_LEVEL,ASTM578,,,ASTM578,Y
UST_MTH_CD,UT,超声波探伤,,,Y
UST_MTH_CD,MT,磁粉探伤,,,Y
UST_MTH_CD,RT,射线探伤,,,Y
UST_RSLT,OK,,,OK,Y
UST_RSLT,DEF,,,Defect,Y
UST_RSLT,GD,,,Grade Down,Y
UST_STD_CD,XX,,无指定(무지정),,Y
UST_STD_CD,G1,,,GB/T 2970-2016_I,Y
UST_STD_CD,G2,,,GB/T 2970-2016_II,Y
UST_STD_CD,G3,,,GB/T 2970-2016_III,Y
UST_STD_CD,N1,,,NB/T 47013.3-2015_Ⅰ,Y
UST_STD_CD,N2,,,NB/T 47013.3-2015_Ⅱ,Y
UST_STD_CD,N3,,,NB/T 47013.3-2015_Ⅲ,Y
UST_STD_CD,AA,,,ASTM A578/A578M-17_LEVEL A,Y
UST_STD_CD,AB,,,ASTM A578/A578M-17_LEVEL B,Y
UST_STD_CD,AC,,,ASTM A578/A578M-17_LEVEL C,Y
UST_STD_CD,A4,,,ASTM A435/A435M-17,Y
UST_STD_CD,SA,,,ASME SA578/A578M-17_LEVEL A,Y
UST_STD_CD,SB,,,ASME SA578/A578M-17_LEVEL B,Y
UST_STD_CD,SC,,,ASME SA578/A578M-17_LEVEL C,Y
UST_STD_CD,S4,,,ASME SA435/SA435M-17,Y
UST_YN,Y,UST实施,UST지정,,Y
UST_YN,N,UST不实施,UST미지정,,Y
VAR_TP,REAL,瞬时值,,,Y
VAR_TP,TOTAL,累计值,,,Y
WARNING_FIELD_LOV,UNIT_CONSUMPTION,单耗,,,Y
WARNING_FIELD_LOV,UNIT_COST,单位成本,,,Y
WARNING_LEVEL_LOV,1,一级预警,,,Y
WARNING_LEVEL_LOV,2,二级预警,,,Y
WARNING_LEVEL_LOV,3,三级预警,,,Y
WAT_TP,1,试水,,,Y
WAT_TP,2,用水,,,Y
WAVIN_SMP_CND,11,同炉次、同牌号、同轧制状态、同厚度,,,Y
WAVIN_SMP_CND,12,同炉号、同牌号、同轧制状态、同厚度，每批不超过40t,,,Y
WAVIN_SMP_CND,13,同炉号、同牌号、同轧制状态、同厚度，每批不超过50t,,,Y
WAVIN_SMP_CND,14,同炉号、同牌号、同轧制状态、同厚度，每批不超过60t,,,Y
WAVIN_SMP_CND,15,同炉号、同牌号、同轧制状态、同厚度，每批不超过60t;若单卷＞30吨，则可2卷组1批,,,Y
WAVIN_SMP_CND,16,同炉次、同牌号、同轧制状态、同厚度为1批，批重量≤50t时正常取1组样；批重量＞50t时增加1个拉伸样,,,Y
WAVIN_SMP_CND,17,每卷为1批,,,Y
WAVIN_SMP_CND,18,同炉号、同厚度、同宽度组成1批,,,Y
WAVIN_SMP_LTH_LOC,B,采取下部,,,Y
WAVIN_SMP_LTH_LOC,M,采取中间部分,,,Y
WAVIN_SMP_LTH_LOC,T,采取上部,,,Y
WAVIN_SMP_LTH_LOC,W,采取上部和下部,,,Y
WAVIN_SMP_LTH_LOC,X,采取上部和中间部分,,,Y
WAVIN_SMP_LTH_LOC,Y,采取上部和中间部分和下部,,,Y
WAVIN_SMP_SPCMN_DIR,L,长度方向采样,길이방향으로 시편채취,,Y
WAVIN_SMP_SPCMN_DIR,B,宽度方向采样,폭방향으로 시편채취,,Y
WAVIN_SMP_SPCMN_DIR,C,厚度方向采样,두께방향으로 시편채취,,Y
WAVIN_SMP_SPCMN_DIR,D,45˚方向采样,45방향으로 시편채취,,Y
WAVIN_SMP_SPCMN_DIR,E,30˚方向采样,30방향으로 시편채취,,Y
WAVIN_SMP_SPCMN_SZ,01,"长度 ≥250, 宽度 ≥35",,,Y
WAVIN_SMP_WTH_LOC,A,1/2W 部位,,,Y
WAVIN_SMP_WTH_LOC,C,1/4W 部位,,,Y
WAVIN_SMP_WTH_LOC,E,"Top 1/2W, Bottom 1/4W部位",,,Y
WAVIN_SMP_WTH_LOC,B,Edge 部位,,,Y
WAVIN_SMP_WTH_LOC,D,对角线的两角部位,,,Y
WAVIN_SMP_WTH_LOC,F,"Top 1/4W, Bottom 1/2W部位",,,Y
WAVIN_TY,A,,,Wsa,Y
WAVIN_TY,D,,,Wa,Y
WAVIN_TY,B,,,Wca,Y
WAVIN_TY,C,,,Wa08,Y
WAVIN_WA_GRT_CD,A,性能试验+性能判定+质保书发行,,,Y
WAVIN_WA_GRT_CD,B,性能试验+性能判定,,,Y
WAVIN_WA_GRT_CD,C,性能试验+质保书发行,,,Y
WAVIN_WA_GRT_CD,D,性能试验,,,Y
WGT_DCN_MTH_CD,NA,实际重量,,Net Actual Weight,Y
WGT_DCN_MTH_CD,NC,理论重量,,Net Calculation Weight,Y
WGT_DECISION_MTH,NC,理论重量,,Theoretical weight,Y
WGT_DECISION_MTH,NA,实际重量,,Actual weight,Y
WGT_GRD,Y,,,Pass,Y
WGT_GRD,N,,,Fail,Y
WGT_UNIT_CD,T,吨（t）,,,Y
WIP_INV_CD,T1,,르짜오원료창고,,Y
WIP_INV_CD,T2,,란산항원료창고,,Y
WIP_INV_CD,AA,,소결 반제품,,Y
WIP_INV_CD,AB,,펠릿 반제품,,Y
WIP_INV_CD,AC,,코크스 반제품,,Y
WIP_INV_CD,AD,,고로 반제품,,Y
WIP_INV_CD,AF,,소결 부산물,,Y
WIP_INV_CD,AG,,펠릿 부산물,,Y
WIP_INV_CD,AH,,코크스 부산물,,Y
WIP_INV_CD,AJ,,고로 부산물,,Y
WIP_INV_CD,D1,炼钢仓库,제강창고,,Y
WIP_INV_CD,DZ,,제강 부산물 창고,,Y
WIP_INV_CD,C1,连铸Slab仓库,연주Slab창고,,Y
WIP_INV_CD,CZ,,연주 부산물 창고,,Y
WIP_INV_CD,H1,热轧Slab仓库,열연Slab창고,,Y
WIP_INV_CD,S1,热轧/精整仓库,열연/정정창고,,Y
WIP_INV_CD,SZ,,열연 부산물 창고,,Y
WIP_INV_CD,P1,"冷轧PPL, PLTCM 仓库","냉연PPL(소재, 제품), PLTCM소재 창고",,Y
WIP_INV_CD,G1,"冷轧 CAL,CGL 入口侧 仓库","냉연 PLTCM 출측, CAL, CGL 입측 창고",,Y
WIP_INV_CD,U1,,냉연 소재 창고,,Y
WIP_INV_CD,R1,冷轧成品库,"냉연 CAL, CGL 출측, RCL 입/출측 창고, 제품창고",,Y
WIP_INV_CD,RZ,,냉연 부산물 창고,,Y
WK_INST_YN,0,,조정대상,,Y
WK_INST_YN,1,,지시대상,,Y
WK_INST_YN,2,,지시확정,,Y
WK_POSSIBLE_PROC,1,,,,Y
WK_POSSIBLE_PROC,2,,,,Y
WK_POSSIBLE_PROC,3,,,,Y
WK_POSSIBLE_PROC,A,,,,Y
WK_POSSIBLE_PROC,B,,,,Y
WK_POSSIBLE_PROC,C,,,,Y
WK_POSSIBLE_PROC,D,,,,Y
WORK_MODEL,YL,原料,,,Y
WORK_MODEL,QT,球团,,,Y
WORK_MODEL,BH,白灰,,,Y
WORK_MODEL,SJ,烧结,,,Y
WORK_MODEL,JH,焦化,,,Y
WORK_MODEL,LT,炼铁,,,Y
WORK_MODEL,LG,炼钢,,,Y
WORK_MODEL,BC,棒材,,,Y
WORK_MODEL,XC,线材,,,Y
WTH_GRP_ACT_CRL,A,宽度(W<900mm),,,Y
WTH_GRP_ACT_CRL,B,宽度(900≤W<1000mm),,,Y
WTH_GRP_ACT_CRL,C,宽度(1000≤W<1100mm),,,Y
WTH_GRP_ACT_CRL,D,宽度(1100≤W<1200mm),,,Y
WTH_GRP_ACT_CRL,E,宽度(1200≤W<1300mm),,,Y
WTH_GRP_ACT_CRL,F,宽度(1300≤W<1400mm),,,Y
WTH_GRP_ACT_CRL,G,宽度(1400≤W<1500mm),,,Y
WTH_GRP_ACT_CRL,H,宽度(1500≤W<1600mm),,,Y
WTH_GRP_ACT_CRL,J,宽度(1600≤W<1700mm),,,Y
WTH_GRP_ACT_CRL,K,宽度(1700≤W<1800mm),,,Y
WTH_GRP_ACT_CRL,L,宽度(1800≤W<1900mm),,,Y
WTH_GRP_ACT_CRL,M,宽度(1900mm<W),,,Y
WTH_GRP_ACT_HRL,A,宽度(W<930mm),,,Y
WTH_GRP_ACT_HRL,B,宽度(930≤W<1130mm),,,Y
WTH_GRP_ACT_HRL,C,宽度(1130≤W<1330mm),,,Y
WTH_GRP_ACT_HRL,D,宽度(1330≤W<1530mm),,,Y
WTH_GRP_ACT_HRL,E,宽度(1530≤W<1730mm),,,Y
WTH_GRP_ACT_HRL,F,宽度(1730mm≤W),,,Y
WTH_GRP_ACT_PLT,A,宽度(W<2000mm),,,Y
WTH_GRP_ACT_PLT,B,宽度(2000≤W<2200mm),,,Y
WTH_GRP_ACT_PLT,C,宽度(2200≤W<2400mm),,,Y
WTH_GRP_ACT_PLT,D,宽度(2400≤W<2800mm),,,Y
WTH_GRP_ACT_PLT,E,宽度(2400≤W<2800mm),,,Y
WTH_GRP_ACT_PLT,F,宽度(2800≤W<3000mm),,,Y
WTH_GRP_ACT_PLT,G,宽度(3000≤W<3200mm),,,Y
WTH_GRP_ACT_PLT,H,宽度(3200≤W<3400mm),,,Y
WTH_GRP_ACT_PLT,J,宽度(3400≤W<3600mm),,,Y
WTH_GRP_ACT_PLT,K,宽度(3600≤W<3800mm),,,Y
WTH_GRP_ACT_PLT,L,宽度(3800≤W<4000mm),,,Y
WTH_GRP_ACT_PLT,M,宽度(4000≤W<4200mm),,,Y
WTH_GRP_ACT_PLT,N,宽度(4200mm≤W),,,Y
WTH_GRP_ACT_SLAB,A,宽度(W<980mm),,,Y
WTH_GRP_ACT_SLAB,B,宽度(980≤W<1180mm),,,Y
WTH_GRP_ACT_SLAB,C,宽度(1180≤W<1380mm),,,Y
WTH_GRP_ACT_SLAB,D,宽度(1380≤W<1600mm),,,Y
WTH_GRP_ACT_SLAB,E,宽度(1600≤W<1800mm),,,Y
WTH_GRP_ACT_SLAB,F,宽度(1800≤W<2000mm),,,Y
WTH_GRP_ACT_SLAB,G,宽度(2000≤W<2300mm),,,Y
WTH_GRP_ACT_SLAB,H,宽度(2300≤W<2500mm),,,Y
WTH_GRP_ACT_SLAB,J,宽度(2500≤W<2900mm),,,Y
WTH_GRP_ACT_SLAB,K,宽度(2900≤W<3100mm),,,Y
WTH_GRP_ACT_SLAB,L,宽度(3100mm≤W),,,Y
WTH_GRP_ACT_STK,A ,宽度(W<900mm),,,Y
WTH_GRP_ACT_STK,B ,宽度(900≤W<1100mm),,,Y
WTH_GRP_ACT_STK,C ,宽度(1100≤W<1300mm),,,Y
WTH_GRP_ACT_STK,D ,宽度(1300≤W<1520mm),,,Y
WTH_GRP_ACT_STK,E,宽度(1520≤W<1720mm),,,Y
WTH_GRP_ACT_STK,F,宽度(1720≤W<1920mm),,,Y
WTH_GRP_ACT_STK,G,宽度(1920≤W<2220mm),,,Y
WTH_GRP_ACT_STK,H,宽度(2220≤W<2420mm),,,Y
WTH_GRP_ACT_STK,J,宽度(2420≤W<2820mm),,,Y
WTH_GRP_ACT_STK,K,宽度(2820≤W<3020mm),,,Y
WTH_GRP_ACT_STK,L,宽度(3020≤W),,,Y
WTH_GRP_CRL,W1,,,w <= 900,Y
WTH_GRP_CRL,W2,,,900 < w <= 1100,Y
WTH_GRP_CRL,W3,,,1100 < w <= 1300,Y
WTH_GRP_CRL,W4,,,1300 < w <= 1500,Y
WTH_GRP_CRL,W5,,,1500 < w <= 1700,Y
WTH_GRP_CRL,W6,,,1700 < w,Y
XIANGMU_MC,1,烧结矿,,,Y
XIANGMU_MC,2,综合自产白灰,,,Y
XIANGMU_MC,3,自产轻烧白云石,,,Y
YD_ABNR_TY,A,,,Location Missing,Y
YD_ABNR_TY,B,,,Duplicate Location,Y
YD_ABNR_TY,C,,,Abnormal Location,Y
YD_ABNR_TY,D,,,Abnormal Material Status,Y
YD_ABNR_TY,E,,,Duplicate Material No,Y
YD_ABNR_TY,F,,,Stock Info,Y
YD_AUTO_TY,0,,,Stop,Y
YD_AUTO_TY,1,,,1 min,Y
YD_AUTO_TY,3,,,3 min,Y
YD_AUTO_TY,5,,,5 min,Y
YD_AUTO_TY,10,,,10 min,Y
YD_AUTO_TY,30,,,30 min,Y
YD_BAY_CD,1,,,Bay 1,Y
YD_BAY_CD,2,,,Bay 2,Y
YD_BAY_CD,3,,,Bay 3,Y
YD_BAY_CD,4,,,Bay 4,Y
YD_BAY_CD,5,,,Bay 5,Y
YD_BAY_CD_ROLL_H,3,,,bay 3,Y
YD_BAY_CD_ROLL_H,4,,,bay 4,Y
YD_BAY_CD_ROLL_H,5,,,bay 5,Y
YD_BED_ACTIVE_STS,0,,,Invisible,Y
YD_BED_ACTIVE_STS,1,,,Visible,Y
YD_BED_ACTIVE_STS,9,,,Disabled,Y
YD_BED_STS,0,,,Available,Y
YD_BED_STS,2,,,In use,Y
YD_BED_STS,9,,,Disabled,Y
YD_BED_TY,Y,,,Yard,Y
YD_BED_TY,P,,,Product Yard,Y
YD_BED_TY,S,,,Scarfing,Y
YD_BED_TY,T,,,Transfer-Car,Y
YD_BED_TY,C,,,Vehicle,Y
YD_BED_TY,R,,,Roller Table,Y
YD_BED_TY,E,,,Equipment,Y
YD_BED_TY,I,,공정 입측 컨베어,Supplier,Y
YD_BED_TY,O,,공정 출측 컨베어,Extractor,Y
YD_BED_TY,V,,,Car Stop Position,Y
YD_BED_TY,Z,,,Virtual Zone For Sale slab,Y
YD_BED_TY,A,,,Virtual Zone For rolling mill,Y
YD_CRN_DRV_TY,I,,,Increase,Y
YD_CRN_DRV_TY,D,,,Decrease,Y
YD_CRN_NO,CT11,,,Crane 11,Y
YD_CRN_NO,CT12,,,Crane 12,Y
YD_CRN_NO,CT21,,,Crane 21,Y
YD_CRN_NO,CT22,,,Crane 22,Y
YD_CRN_NO,CT31,,,Crane 31,Y
YD_CRN_NO,CT32,,,Crane 32,Y
YD_CRN_NO,CT41,,,Crane 41,Y
YD_CRN_NO,CT42,,,Crane 42,Y
YD_CRN_NO,CT51,,,Crane 51,Y
YD_CRN_NO,CT52,,,Crane 52,Y
YD_CRN_SCH_STS,C,,,Create Order,Y
YD_CRN_SCH_STS,D,,,Hold Order,Y
YD_CRN_SCH_STS,E,,,Select Order,Y
YD_CRN_SCH_STS,F,,,Lift-up Complete,Y
YD_CRN_SCH_STS,G,,,Lift-down Complete,Y
YD_CRN_SCH_STS,Z,,,Cancel Order,Y
YD_EQP_TY,I,,,Transfer Car,Y
YD_EQP_TY,A,,,Roller Table #1,Y
YD_EQP_TY,B,,,Roller Table #2,Y
YD_EQUIP_DRV_MODE,A,,,Auto,Y
YD_EQUIP_DRV_MODE,D,,,Manual,Y
YD_EQUIP_STS,A,,,Wait,Y
YD_EQUIP_STS,B,,,In use,Y
YD_EQUIP_STS,C,,,Breakdown,Y
YD_EQUIP_TY,CT,,,Tong Crane,Y
YD_EQUIP_TY,MT,,,Transfer Car,Y
YD_EQUIP_TY,RT,,,Roller Table,Y
YD_EQUIP_TY,SU,,공정 입측 컨베어,Supplier,Y
YD_EQUIP_TY,EX,,공정 출측 컨베어,Extract,Y
YD_EQUIP_TY,CV,,컨베이어,Conveyor,Y
YD_EQUIP_WORD_MODE,A,,,On-line,Y
YD_EQUIP_WORD_MODE,B,,,Off-line,Y
YD_GR_TP,H,钢坯成品库,,,Y
YD_GR_TP,P,厚板原料库,,,Y
YD_GR_TP,L,厚板成品库,,,Y
YD_GR_TP,G,板坯中间库,,,Y
YD_H_TP,0,,,ALL,Y
YD_H_TP,1,,,CAST,Y
YD_H_TP,2,,,MILL,Y
YD_JL_MTL_TRANS_TYPES,10,采购入库,,,Y
YD_JL_MTL_TRANS_TYPES,11,采购入库退回,,,Y
YD_JL_MTL_TRANS_TYPES,30,内倒入库,,,Y
YD_JL_MTL_TRANS_TYPES,31,内倒入库退回,,,Y
YD_JL_MTL_TRANS_TYPES,32,投料,,,Y
YD_JL_MTL_TRANS_TYPES,33,投料退回,,,Y
YD_JL_MTL_TRANS_TYPES,36,完工,,,Y
YD_JL_MTL_TRANS_TYPES,37,完工退回,,,Y
YD_JL_MTL_TRANS_TYPES,50,转出,,,Y
YD_JL_MTL_TRANS_TYPES,51,转出退回,,,Y
YD_JL_MTL_TRANS_TYPES,60,转入,,,Y
YD_JL_MTL_TRANS_TYPES,70,销售出库,,,Y
YD_JL_MTL_TRANS_TYPES,71,销售出库退回,,,Y
YD_JL_MTL_TRANS_TYPES,80,盘点,,,Y
YD_JL_MTL_TRANS_TYPES,81,盘点,,,Y
YD_LAYER_STS,0,,,Available,Y
YD_LAYER_STS,1,,,In use,Y
YD_LAYER_STS,3,,,Wait Lift-up,Y
YD_LAYER_STS,4,,,Wait Lift-down,Y
YD_LAYER_STS,9,,,Disabled,Y
YD_LIFT_DN_TY,A,,,Scheduled,Y
YD_LIFT_DN_TY,B,,,Rationality,Y
YD_LIFT_DN_TY,C,,,Backup,Y
YD_MAP_ENVENT,01,入库,,,Y
YD_MAP_ENVENT,02,入库取消,,,Y
YD_MAP_ENVENT,03,出库,,,Y
YD_MAP_ENVENT,04,出库取消,,,Y
YD_MAP_ENVENT,05,外卖,,,Y
YD_MAP_ENVENT,06,外卖取消,,,Y
YD_MAP_TY,PROG_CD,,,Progress Code,Y
YD_MAP_TY,ORD_FL,,,Order Flag,Y
YD_MAP_TY,COOLING_COMP_YN,,,Cooling Complete Y/N,Y
YD_MOVE_TY,D,,,Dummy move,Y
YD_MOVE_TY,B,,,Base move,Y
YD_MOVE_TY,T,,,Temporary move,Y
YD_MOVE_TY,R,,,Return temporary move,Y
YD_MOVE_TY,F,,,Final Location move,Y
YD_MOVE_TY,S,,,Final Separate move,Y
YD_MTRL_TY,ES,,,Scarfing,Y
YD_MTRL_TY,IN,,,Inspection,Y
YD_MTRL_TY,DO,,,Dispatch Order Wait,Y
YD_MTRL_TY,DS,,,Dispatch Wait,Y
YD_MTRL_TY,AB,,,Abnormal,Y
YD_MTRL_TY,RO,,,Roll Order,Y
YD_MTRL_TY,RW,,,Roll Order Wait,Y
YD_PLT_TP,0,炼钢+厚板,,,Y
YD_PLT_TP,1,炼钢,,,Y
YD_PLT_TP,2,厚板,,,Y
YD_SCH_MODE,A,,,Auto,Y
YD_SCH_MODE,D,,,Manual,Y
YD_SCH_REQ_STS,A,,,Work Request,Y
YD_SCH_REQ_STS,D,,,Create Schedule,Y
YD_SCH_REQ_STS,E,,,Hold Work,Y
YD_SCH_REQ_STS,F,,,Start Work,Y
YD_SCH_REQ_STS,G,,,Work Complete,Y
YD_SCH_REQ_STS,H,,,Scheduling Error,Y
YD_SCH_REQ_STS,Z,,,Cancel Work,Y
YD_SCH_TY,I,,,Inbound,Y
YD_SCH_TY,O,,,Outbound,Y
YD_SCH_TY,M,,,Move,Y
YD_SCH_USE_YN,Y,,,Yes,Y
YD_SCH_USE_YN,N,,,No,Y
YD_STOP_CD,1100,,,Planning repair,Y
YD_STOP_CD,1400,,,Equipment rationalization,Y
YD_STOP_CD,7110,,,(Hoist) Reducer overhaul,Y
YD_STOP_CD,7120,,,(Hoist) Wire rope replacement,Y
YD_STOP_CD,7130,,,(Hoist) Rotary breakdown,Y
YD_STOP_CD,7140,,,(Hoist) Brake breakdown,Y
YD_STOP_CD,7150,,,(Hoist) Controller breakdown,Y
YD_STOP_CD,7160,,,(Hoist) N.F.B breakdown,Y
YD_STOP_CD,7190,,,(Hoist) Other Breakdown,Y
YD_STOP_CD,7191,,,(Hoist) Reducer repair,Y
YD_STOP_CD,7192,,,(Hoist) Motor repair,Y
YD_STOP_CD,7193,,,(Hoist) Hook beam repair,Y
YD_STOP_CD,7194,,,(Hoist) Sheave repair,Y
YD_STOP_CD,7195,,,(Hoist) Brake repair,Y
YD_STOP_CD,7196,,,(Hoist) Panel electrical equipment repair,Y
YD_STOP_CD,7210,,,(Driving) Wheel replacement,Y
YD_STOP_CD,7220,,,(Driving) Wheel centering,Y
YD_STOP_CD,7230,,,(Driving) Reducer overhaul,Y
YD_STOP_CD,7240,,,(Driving) Shaft breakage,Y
YD_STOP_CD,7250,,,(Driving) Motor breakdown,Y
YD_STOP_CD,7260,,,(Driving) Controller breakdown,Y
YD_STOP_CD,7270,,,(Driving) Trolley breakdown,Y
YD_STOP_CD,7290,,,(Driving) Other breakdown,Y
YD_STOP_CD,7310,,,(Transverse) Wheel replacement,Y
YD_STOP_CD,7320,,,(Transverse) Wheel centering,Y
YD_STOP_CD,7330,,,(Transverse) Reducer overhaul,Y
YD_STOP_CD,7340,,,(Transverse) Conveyor breakaway,Y
YD_STOP_CD,7350,,,(Transverse) Motor breakdown,Y
YD_STOP_CD,7360,,,(Transverse) Brake breakdown,Y
YD_STOP_CD,7370,,,(Transverse) Cable break,Y
YD_STOP_CD,7390,,,(Transverse) Other Breakdown,Y
YD_STOP_CD,7410,,,(Lifter) Touch bar breakdown,Y
YD_STOP_CD,7420,,,(Lifter) Motor breakdown,Y
YD_STOP_CD,7430,,,(Lifter) Cable break,Y
YD_STOP_CD,7440,,,(Lifter) Sensor breakdown,Y
YD_STOP_CD,7490,,,(Lifter) Other breakdown,Y
YD_STOP_CD,7510,,,Driving position can not be measured,Y
YD_STOP_CD,7520,,,Transverse position can not be measured,Y
YD_STOP_CD,7530,,,Height position detection error,Y
YD_STOP_CD,7540,,,Load cell malfunction,Y
YD_STOP_CD,7610,,,LCD malfunction,Y
YD_STOP_CD,7620,,,Communication error,Y
YD_STOP_CD,7700,,,Other common,Y
YD_STOP_CD,7710,,,(Travelling) Reducer repair,Y
YD_STOP_CD,7720,,,(Travelling) Motor repair,Y
YD_STOP_CD,7730,,,(Travelling) Brake repair,Y
YD_STOP_CD,7740,,,(Travelling) Rail clamp repair,Y
YD_STOP_CD,7750,,,(Travelling) Driving wheel repair,Y
YD_STOP_CD,7760,,,(Travelling) Real cable repair,Y
YD_STOP_CD,7770,,,(Travelling) Panel electrical equipment repair,Y
YD_STOP_CD,7780,,,(Travelling) Other equipment repair,Y
YD_STOP_CD,7790,,,(Traversing) Reducer repair,Y
YD_STOP_CD,7800,,,(Traversing) Motor repair,Y
YD_STOP_CD,7810,,,(Traversing) Brake repair,Y
YD_STOP_CD,7820,,,(Traversing) Wheel repair,Y
YD_STOP_CD,7830,,,(Traversing) Curtain cable repair,Y
YD_STOP_CD,7840,,,(Traversing) Panel electrical equipment repair,Y
YD_STOP_CD,7850,,,(Traversing) Other equipment repair,Y
YD_STOP_CD,7860,,,(Boom) Reducer repair,Y
YD_STOP_CD,7870,,,(Boom) Motor repair,Y
YD_STOP_CD,7880,,,(Boom) Brake repair,Y
YD_STOP_CD,7890,,,(Boom) Wire rope replacement,Y
YD_STOP_CD,7900,,,(Boom) Post limit switch repair,Y
YD_STOP_CD,7910,,,(Boom) Panel electrical equipment repair,Y
YD_STOP_CD,7920,,,(Boom) Other equipment repair,Y
YD_STOP_CD,7930,,,(Slewing) Reducer repair,Y
YD_STOP_CD,7940,,,(Slewing) Motor repair,Y
YD_STOP_CD,7950,,,(Slewing) Wheel repair,Y
YD_STOP_CD,7960,,,(Slewing) Panel electrical equipment repair,Y
YD_STOP_CD,7970,,,(Slewing) Other equipment repair,Y
YD_STOP_CD,7980,,,(Luffing) Reducer repair,Y
YD_STOP_CD,7990,,,(Luffing) Motor repair,Y
YD_STOP_CD,8000,,,(Luffing) Balance weight repair,Y
YD_STOP_CD,8010,,,(Luffing) Hydraulic cylinder repair,Y
YD_STOP_CD,8020,,,(Luffing) Panel electrical equipment repair,Y
YD_STOP_CD,8030,,,(Luffing) Other equipment repair,Y
YD_TCAR_SCH_STS,A,,,Wait,Y
YD_TCAR_SCH_STS,B,,,Departure for Loading,Y
YD_TCAR_SCH_STS,C,,,Arrival for Loading,Y
YD_TCAR_SCH_STS,D,,,Load Complete,Y
YD_TCAR_SCH_STS,E,,,Departure for Unloading,Y
YD_TCAR_SCH_STS,F,,,Arrival for Unloading,Y
YD_TCAR_SCH_STS,G,,,Unload Complete,Y
YD_TCAR_SCH_STS,Z,,,Cancel,Y
YD_WORK_RSLT_TY,I,,,Inbound,Y
YD_WORK_RSLT_TY,O,,,Outbound,Y
YD_WORK_RSLT_TY,D,,,Dispatch,Y
YD_WORK_RSLT_TY,M,,,Move,Y
YD_WORK_RSLT_TY,S,,,Take-In,Y
YD_WORK_RSLT_TY,T,,,Take-Out,Y
YD_WORK_RSLT_TY,Z,,,Location Change,Y
YES_NO_FL,Y,,,Yes,Y
YES_NO_FL,N,,,No,Y
YIELD_STRG_RELA_CD,1,小于,,,Y
YIELD_STRG_RELA_CD,2,大于等于,,,Y
YIELD_STRG_RELA_CD,0,强度无关,,,Y
YORN,1,是,,,Y
YORN,0,否,,,Y
Z_TSL_SMP_CD,A,,,Z15,Y
Z_TSL_SMP_CD,B,,,Z25,Y
Z_TSL_SMP_CD,C,,,Z35,Y
