中文(zh),韩文(ko),英文(en),出现次数,示例代码组,关联代码组数
.产品成分允许偏差国家标准,국가제품성분허용차기준,,1,QLT_DSN_PRDCHEM_STD_TY,1
0.05以内,,,1,SMS_END_C_CONT_TY,1
0.08%以上,,,1,SMS_END_C_CONT_TY,1
1#BF 1#出铁口,,,1,CHEM_LVL3_CD,1
1#BF 2#出铁口,,,1,CHEM_LVL3_CD,1
1#BF 3#出铁口,,,1,CHEM_LVL3_CD,1
1#BF 4#出铁口,,,1,CHEM_LVL3_CD,1
1#TRT发电,,,1,SCH_PROC_MATE,1
1#加热炉,,1# Furnace,1,FCE_NO,1
1#卷取机,,,1,DC_NO,1
1#场地,,,1,LOCATION,1
1#大棚,,,1,LOCATION,1
1#库位,,,1,SIS_FAC_SZ_KU,1
1#方坯连铸机,,,1,PROC_SMS,1
1#机,,,1,SIS_FAC_SZ,1
1#水渣机,,BF1,1,SIS_FAC_SLAG,1
1#烧结,,,2,PROC_CD_WG,2
1#焦炉,,,2,PROC_CD_SCK,2
1#煤气发电,,,1,SCH_PROC_MATE,1
1#白灰窑,,,2,PROC_CD_BH,2
1#转炉,,,1,PROC_SMS,1
1#转炉渣,,1 BOF,1,CHEM_LVL2_CD,1
1#连退,,,1,CAL_PROC_CD,1
1#连退线,,CAL1,1,PROC_CD_F,1
1#重分卷线,,RCL1,1,PROC_CD_F,1
1#铸机,,,1,CCM_CD_W,1
1#风机,,,1,SIS_FAC_CD2,1
1#高炉,,,4,SCH_PROC_CD,4
1#高炉,,BF1,1,SIS_FAC_CD,1
1/2#连退,,,1,CAL_PROC_CD,1
1/2W 部位,,,28,BEND_SMP_WTH_LOC,28
1/2W部位,,,1,MECH_SMP_WTH_LOC,1
1/2硬质,1/2경질,,1,TEMP_GRADE_CD,1
1/3焦煤,,,1,ITEM_SPEC,1
1/4W 部位,,,28,BEND_SMP_WTH_LOC,28
1/4W部位,,,1,MECH_SMP_WTH_LOC,1
1/4硬质,1/4경질,,1,TEMP_GRADE_CD,1
1/8硬质,1/8경질,,1,TEMP_GRADE_CD,1
1000倍,,,1,PHOTO_EXP_RATE,1
100倍,,,1,PHOTO_EXP_RATE,1
10min以下,,,1,RH_TREAT_TIME_TY,1
10分,,,1,MONI_INTV,1
10分以下,,,1,SECOND_RFN_TIME_TY,1
10国内产品红冲,,,1,INVOICE_TRACT_TY,1
10国内产品销售,,,1,INVOICE_TRACT_TY,1
10月,,,1,MONTH_LOV,1
110000000_公司领导,,,1,DEPT_CD,1
110100000_办公室,,,1,DEPT_CD,1
110200000_生产指挥中心,,,1,DEPT_CD,1
110200000_规划部,,,1,DEPT_CD,1
110KV变电站,,,1,SCH_PLAN_PROJ_CD,1
11国外产品红冲,,,1,INVOICE_TRACT_TY,1
11国外产品销售,,,1,INVOICE_TRACT_TY,1
11月,,,1,MONTH_LOV,1
12副产品红冲,,,1,INVOICE_TRACT_TY,1
12副产品销售,,,1,INVOICE_TRACT_TY,1
12小时,,,1,CC_CB_COOL_TIME_TY,1
12月,,,1,MONTH_LOV,1
13半成品红冲,,,1,INVOICE_TRACT_TY,1
13半成品销售,,,1,INVOICE_TRACT_TY,1
14材料销售,,,1,INVOICE_TRACT_TY,1
14材料销售红冲,,,1,INVOICE_TRACT_TY,1
15化产品红冲,,,1,INVOICE_TRACT_TY,1
15化产品销售,,,1,INVOICE_TRACT_TY,1
16min以上,,,1,RH_DEGAS_TIME_TY,1
16国内产品差价,,,1,INVOICE_TRACT_TY,1
180℃前馏出物,,,1,CHEM_CD,1
1个/批,"'동일 heat,동일 패호,동일 압연상테,동일 두깨",,1,TSL_SMP_CND,1
1分,,,1,MONI_INTV,1
1号出铁口,,,1,TAPHOLE_NO,1
1号炉,,,1,SPR_FCE_NO,1
1号烧结机,,,1,PROC_CD_COST,1
1号焦炉,,,1,PROC_CD,1
1号转炉,,,1,FUL_LAD_ARR_LOC_TAG,1
1号高炉,,,3,PROC_CD,3
1星等级,,,1,CUST_GRD,1
1月,,,1,MONTH_LOV,1
1棒材,,1HR,1,QLT_FPROC_HOT_TY,1
1次,,,1,NO_FCE_CHARGE,1
1炼钢连铸,,1SMS,1,QLT_FPROC_SMS_TY,1
1线材,,1HR RCL,1,QLT_FPROC_HRFN_TY,1
1连铸工厂,1연주,,1,CC_PLANT_FL,1
2#TRT发电,,,1,SCH_PROC_MATE,1
2#加热炉,,2# Furnace,1,FCE_NO,1
2#卷取机,,,1,DC_NO,1
2#吹氩站,,2 WF,1,CHEM_LVL2_CD,1
2#大棚,,,1,LOCATION,1
2#库位,,,1,SIS_FAC_SZ_KU,1
2#方坯连铸机,,,1,PROC_SMS,1
2#机,,,1,SIS_FAC_SZ,1
2#水渣机,,F2,1,SIS_FAC_SLAG,1
2#烧结,,,2,PROC_CD_WG,2
2#焦炉,,,2,PROC_CD_SCK,2
2#煤气发电,,,1,SCH_PROC_MATE,1
2#白灰窑,,,2,PROC_CD_BH,2
2#脱硫站,,2 KR,1,CHEM_LVL2_CD,1
2#转炉,,,1,PROC_SMS,1
2#转炉,,2 BOF,2,CHEM_LVL2_CD,1
2#连退,,,1,CAL_PROC_CD,1
2#连退线,,CAL2,1,PROC_CD_F,1
2#重分卷线,,RCL2,1,PROC_CD_F,1
2#风机,,,1,SIS_FAC_CD2,1
2#高炉,,,4,SCH_PROC_CD,4
2#高炉,,BF2,1,SIS_FAC_CD,1
2.尺寸形状允许偏差国家标准编号,국가표준,,1,SZSHP_TOL_DSN_STD_TY,1
200倍,,,1,PHOTO_EXP_RATE,1
230°前馏出量,,,1,CHEM_CD,1
23加工费发票,,,1,INVOICE_TRACT_TY,1
23加工费红冲,,,1,INVOICE_TRACT_TY,1
24min以上,,,1,RH_TREAT_TIME_TY,1
24小时,,,1,CC_CB_COOL_TIME_TY,1
270°前馏出量,,,1,CHEM_CD,1
2个/批,"'동일 heat,동일 패호,동일 압연상테,동일 두깨,매lot 40t 이하",,1,TSL_SMP_CND,1
2号出铁口,,,1,TAPHOLE_NO,1
2号炉,,,1,SPR_FCE_NO,1
2号烧结机,,,1,PROC_CD_COST,1
2号焦炉,,,1,PROC_CD,1
2号转炉,,,1,FUL_LAD_ARR_LOC_TAG,1
2号高炉,,,3,PROC_CD,3
2星等级,,,1,CUST_GRD,1
2月,,,1,MONTH_LOV,1
2次,,,1,NO_FCE_CHARGE,1
2次加工脆性试验实绩,,,1,MECH_TEST_ITEM_CD,1
2炼钢LF连铸,,2SMS,1,QLT_FPROC_SMS_TY,1
2连铸工厂,2연주,,1,CC_PLANT_FL,1
2阶段控轧,,,1,CONT_ROLL_PAT,1
3#加热炉,,3#Furnace,1,FCE_NO,1
3#卷取机,,,1,DC_NO,1
3#吹氩站,,3 WF,1,CHEM_LVL2_CD,1
3#大棚,,,1,LOCATION,1
3#库位,,,1,SIS_FAC_SZ_KU,1
3#板坯连铸机,,,1,PROC_SMS,1
3#白灰窑,,,2,PROC_CD_BH,2
3#脱硫站,,3 KR,1,CHEM_LVL2_CD,1
3#转炉,,3 BOF,2,CHEM_LVL2_CD,1
300°前馏出量,,,1,CHEM_CD,1
30˚方向采样,30방향으로 시편채취,,28,BEND_SMP_SPCMN_DIR,28
30分,,,1,MONI_INTV,1
3500产线,,,2,ALTER_PLT_CD,2
3个/批,"'동일 heat,동일 패호,동일 압연상테,동일 두깨,매lot 50t 이하",,1,TSL_SMP_CND,1
3号出铁口,,,1,TAPHOLE_NO,1
3号炉,,,1,SPR_FCE_NO,1
3号转炉,,,1,FUL_LAD_ARR_LOC_TAG,1
3无运费,,3 no  Transfer Price,1,INVOICE_MODE,1
3星等级,,,1,CUST_GRD,1
3月,,,1,MONTH_LOV,1
3次,,,1,NO_FCE_CHARGE,1
3炼钢LF VD 连铸,,3SMS,1,QLT_FPROC_SMS_TY,1
3阶段控轧,,,1,CONT_ROLL_PAT,1
4#吹氩站,,4 WF,1,CHEM_LVL2_CD,1
4#库位,,,1,SIS_FAC_SZ_KU,1
4#白灰窑,,,2,PROC_CD_BH,2
4#脱硫站,,4 KR,1,CHEM_LVL2_CD,1
4#转炉,,4 BOF,2,CHEM_LVL2_CD,1
400ppm以内,,,1,SMS_END_O2_CONT_TY,1
4300厚板UST,,,1,PROC_CD_ERP,1
4300厚板剪切,,,1,PROC_CD_ERP,1
4300厚板加热炉,,,1,PROC_CD_ERP,1
4300厚板火焰切割,,,1,PROC_CD_ERP,1
4300厚板热处理,,,1,PROC_CD_ERP,1
4300厚板轧制,,,1,PROC_CD_ERP,1
45˚方向采样,45방향으로 시편채취,,28,BEND_SMP_SPCMN_DIR,28
48小时,,,1,CC_CB_COOL_TIME_TY,1
4号出铁口,,,1,TAPHOLE_NO,1
4号样,,,1,TSL_SMP_CD,1
4号转炉,,,1,FUL_LAD_ARR_LOC_TAG,1
4星等级,,,1,CUST_GRD,1
4月,,,1,MONTH_LOV,1
4条包装 L2,,cpl L2,1,SYS_MODULE_CD,1
4次,,,1,NO_FCE_CHARGE,1
4面扒皮,,,1,CC_CB_REPAIR_TY,1
5#白灰窑,,,2,PROC_CD_BH,2
500倍,,,1,PHOTO_EXP_RATE,1
50倍,,,1,PHOTO_EXP_RATE,1
5Cr支承辊,,5Cr,1,ROLL_MTRL,1
5Cr支承辊一重,,YB75,1,ROLL_MTRL,1
5min以内,,,1,RH_DEGAS_TIME_TY,1
5个/批,"'동일 heat,동일 패호,동일 압연상테,동일 두깨,매lot 60t 이하",,1,TSL_SMP_CND,1
5分,,,1,MONI_INTV,1
5号样,,,1,TSL_SMP_CD,1
5星等级,,,1,CUST_GRD,1
5月,,,1,MONTH_LOV,1
5次,,,1,NO_FCE_CHARGE,1
600ppm以上,,,1,SMS_END_O2_CONT_TY,1
60分,,,1,MONI_INTV,1
61min以上,,,1,SECOND_RFN_TIME_TY,1
6小时以内,,,1,CC_CB_COOL_TIME_TY,1
6月,,,1,MONTH_LOV,1
6次,,,1,NO_FCE_CHARGE,1
72小时,,,1,CC_CB_COOL_TIME_TY,1
7月,,,1,MONTH_LOV,1
8月,,,1,MONTH_LOV,1
95自产材红冲,,,1,INVOICE_TRACT_TY,1
95自产材销售,,,1,INVOICE_TRACT_TY,1
9月,,,1,MONTH_LOV,1
A0-计划新建,,,1,PLAN_ROLL_STS,1
A1-指令待机,,,1,PLAN_ROLL_STS,1
A2-作业待机,,,1,PLAN_ROLL_STS,1
A3-加热炉作业中,,,1,PLAN_ROLL_STS,1
A4-出炉待轧,,,1,PLAN_ROLL_STS,1
A5-轧制作业中,,,1,PLAN_ROLL_STS,1
A6-缺号处理待机,,,1,PLAN_ROLL_STS,1
A7-计划返送,,,1,PLAN_ROLL_STS,1
A8-缺号（未生产）/异常结束,,,1,PLAN_ROLL_STS,1
A9-生产结束,,,1,PLAN_ROLL_STS,1
AR普通轧制,,,1,ROLL_PAT,1
Al块,,,1,SMS_END_DEOXI_MTH,1
Al粒,,,1,SMS_END_DEOXI_MTH,1
Al线,,,1,SMS_END_DEOXI_MTH,1
A类,,,1,BYPROD_TRANS_TY,1
A类（粗系）,,,1,MGRPHY_INCLD_TY,1
A类（细系）,,,1,MGRPHY_INCLD_TY,1
B类,,,1,BYPROD_TRANS_TY,1
B类（粗系）,,,1,MGRPHY_INCLD_TY,1
B类（细系）,,,1,MGRPHY_INCLD_TY,1
C-CS仪,,,2,CHEM_CD,2
C1除尘,,,2,PROC_CD_SMM_C,2
C2除尘,,,2,PROC_CD_SMM_C,2
C3除尘,,,2,PROC_CD_SMM_C,2
C4除尘,,,2,PROC_CD_SMM_C,2
C6除尘,,,2,PROC_CD_SMM_C,2
C7除尘,,,2,PROC_CD_SMM_C,2
C8除尘,,,2,PROC_CD_SMM_C,2
"CAS,去夹杂(普通钢种，上铸机) 软吹氩时间≥10min",,,2,SECOND_RFN_CD,2
"CAS,去夹杂(普通钢种，上铸机) 软吹氩时间≥15min",,,2,SECOND_RFN_CD,2
"CAS,去夹杂(普通钢种，上铸机) 软吹氩时间≥8min",,,2,SECOND_RFN_CD,2
"CAS,均匀成分和温度(上LF或RH) 软吹氩时间≥3min",,,2,SECOND_RFN_CD,2
"CAS,均匀成分和温度(超低碳钢，上RH) 软吹氩时间：0",,,2,SECOND_RFN_CD,2
CR控轧,,,1,ROLL_PAT,1
CSP 车辆,,CSP Vehicle,1,CAR_OWNER_TY,1
CTOD值实绩,,,1,MECH_TEST_ITEM_CD,1
CTOD检验,,,1,QLT_PHYTST_CD,1
C类（粗系）,,,1,MGRPHY_INCLD_TY,1
C类（细系）,,,1,MGRPHY_INCLD_TY,1
DMS L2(计量),,Digital Measuring System L2,1,SYS_MODULE_CD,1
DS类,,,1,MGRPHY_INCLD_TY,1
DWTT1纤维断面率SA单值实绩1,,,1,MECH_TEST_ITEM_CD,1
DWTT1纤维断面率SA单值实绩2,,,1,MECH_TEST_ITEM_CD,1
DWTT1纤维断面率SA平均值实绩,,,1,MECH_TEST_ITEM_CD,1
DWTT2纤维断面率SA单值实绩1,,,1,MECH_TEST_ITEM_CD,1
DWTT2纤维断面率SA单值实绩2,,,1,MECH_TEST_ITEM_CD,1
DWTT2纤维断面率SA平均值实绩,,,1,MECH_TEST_ITEM_CD,1
DWTT3纤维断面率SA单值实绩1,,,1,MECH_TEST_ITEM_CD,1
DWTT3纤维断面率SA单值实绩2,,,1,MECH_TEST_ITEM_CD,1
DWTT3纤维断面率SA平均值实绩,,,1,MECH_TEST_ITEM_CD,1
DWTT4纤维断面率SA单值实绩1,,,1,MECH_TEST_ITEM_CD,1
DWTT4纤维断面率SA单值实绩2,,,1,MECH_TEST_ITEM_CD,1
DWTT4纤维断面率SA平均值实绩,,,1,MECH_TEST_ITEM_CD,1
DWTT5纤维断面率SA单值实绩1,,,1,MECH_TEST_ITEM_CD,1
DWTT5纤维断面率SA单值实绩2,,,1,MECH_TEST_ITEM_CD,1
DWTT5纤维断面率SA平均值实绩,,,1,MECH_TEST_ITEM_CD,1
DWTT测试吸收能量单个实绩1,,,1,MECH_TEST_ITEM_CD,1
DWTT测试吸收能量单个实绩2,,,1,MECH_TEST_ITEM_CD,1
DWTT测试温度,,,1,DWTT_TEMP,1
DWTT试验最小剪切面积单个实绩1,,,1,MECH_TEST_ITEM_CD,1
DWTT试验最小剪切面积单个实绩2,,,1,MECH_TEST_ITEM_CD,1
DWTT试验最小剪切面积平均实绩,,,1,MECH_TEST_ITEM_CD,1
DWTT试验能量吸收实绩,,,1,MECH_TEST_ITEM_CD,1
D类（粗系）,,,1,MGRPHY_INCLD_TY,1
D类（细系）,,,1,MGRPHY_INCLD_TY,1
EN标准,EN표준,,1,NATL_SPEC_ORG_CD,1
Ec阈值应力,,,1,SSCC_STRESS_TY,1
Edge 部位,,,29,BEND_SMP_WTH_LOC,29
FM 入口(RM 出口),,FM Entry(RM Delivery),1,HRM_RJT_POS,1
FM 出口,,FM Delivery,1,HRM_RJT_POS,1
Fail不合,,,1,SIZE_GRD,1
FeMnAl(铝锰铁),,,1,SMS_END_DEOXI_MTH,1
GA Defect ETC(冷轧退库其他原因),GA Defect ETC(냉연 반납 기타원인),,1,APPR_DEF_GRP,1
GA Defect ETC(热轧退库其他原因),GA Defect ETC(열연 반납 기타원인),,1,APPR_DEF_GRP,1
GAS切割基准,GAS절단재,,1,PLT_DGN_STD,1
GB GA Reason ETC(5B 协议材_性能炼钢原因-其他),GB GA Reason ETC(5B 협의재_성능 제강원인 기타),,1,APPR_DEF_GRP,1
GB GA Reason ETC(退库原因-其他),GB GA Reason ETC(반납 원인 기타),,1,APPR_DEF_GRP,1
GB GB Reason ETC(5B 协议材_性能热轧原因-其他),GB GB Reason ETC(5B 협의재_성능 열연원인 기타),,1,APPR_DEF_GRP,1
GC PO Reason etc(冶金-其他原因),GC PO Reason etc(야금 기타원인),,1,APPR_DEF_GRP,1
GC PO Reason etc(冷轧-其他原因),GC PO Reason etc(냉연 기타원인),,1,APPR_DEF_GRP,1
GC PO Reason etc(热轧-其他原因),GC PO Reason etc(열연 기타원인),,1,APPR_DEF_GRP,1
GH Cold Reason etc(冶金-其他原因),GH Cold Reason etc(야금 기타원인),,1,APPR_DEF_GRP,1
GH Cold Reason etc(冷轧-其他原因),GH Cold Reason etc(냉연 기타원인),,1,APPR_DEF_GRP,1
GH Cold Reason etc(热轧-其他原因),GH Cold Reason etc(열연 기타원인),,1,APPR_DEF_GRP,1
GJ FH Reason etc(冶金-其他原因),GJ FH Reason etc(야금 기타원인),,1,APPR_DEF_GRP,1
GJ FH Reason etc(冷轧-其他原因),GJ FH Reason etc(냉연 기타원인),,1,APPR_DEF_GRP,1
GJ FH Reason etc(热轧-其他原因),GJ FH Reason etc(열연 기타원인),,1,APPR_DEF_GRP,1
HIC试验CLR 全体平均实绩,,,1,MECH_TEST_ITEM_CD,1
HIC试验CLR 平均1实绩,,,1,MECH_TEST_ITEM_CD,1
HIC试验CLR 平均2实绩,,,1,MECH_TEST_ITEM_CD,1
HIC试验CLR 平均3实绩,,,1,MECH_TEST_ITEM_CD,1
HIC试验CLR 试样1实绩1,,,1,MECH_TEST_ITEM_CD,1
HIC试验CLR 试样1实绩2,,,1,MECH_TEST_ITEM_CD,1
HIC试验CLR 试样1实绩3,,,1,MECH_TEST_ITEM_CD,1
HIC试验CLR 试样2实绩1,,,1,MECH_TEST_ITEM_CD,1
HIC试验CLR 试样2实绩2,,,1,MECH_TEST_ITEM_CD,1
HIC试验CLR 试样2实绩3,,,1,MECH_TEST_ITEM_CD,1
HIC试验CLR 试样3实绩1,,,1,MECH_TEST_ITEM_CD,1
HIC试验CLR 试样3实绩2,,,1,MECH_TEST_ITEM_CD,1
HIC试验CLR 试样3实绩3,,,1,MECH_TEST_ITEM_CD,1
HIC试验CSR 全体平均实绩,,,1,MECH_TEST_ITEM_CD,1
HIC试验CSR 平均1实绩,,,1,MECH_TEST_ITEM_CD,1
HIC试验CSR 平均2实绩,,,1,MECH_TEST_ITEM_CD,1
HIC试验CSR 平均3实绩,,,1,MECH_TEST_ITEM_CD,1
HIC试验CSR 试样1实绩1,,,1,MECH_TEST_ITEM_CD,1
HIC试验CSR 试样1实绩2,,,1,MECH_TEST_ITEM_CD,1
HIC试验CSR 试样1实绩3,,,1,MECH_TEST_ITEM_CD,1
HIC试验CSR 试样2实绩1,,,1,MECH_TEST_ITEM_CD,1
HIC试验CSR 试样2实绩2,,,1,MECH_TEST_ITEM_CD,1
HIC试验CSR 试样2实绩3,,,1,MECH_TEST_ITEM_CD,1
HIC试验CSR 试样3实绩1,,,1,MECH_TEST_ITEM_CD,1
HIC试验CSR 试样3实绩2,,,1,MECH_TEST_ITEM_CD,1
HIC试验CSR 试样3实绩3,,,1,MECH_TEST_ITEM_CD,1
HIC试验CTR 全体平均实绩,,,1,MECH_TEST_ITEM_CD,1
HIC试验CTR 平均1实绩,,,1,MECH_TEST_ITEM_CD,1
HIC试验CTR 平均2实绩,,,1,MECH_TEST_ITEM_CD,1
HIC试验CTR 平均3实绩,,,1,MECH_TEST_ITEM_CD,1
HIC试验CTR 试样1实绩1,,,1,MECH_TEST_ITEM_CD,1
HIC试验CTR 试样1实绩2,,,1,MECH_TEST_ITEM_CD,1
HIC试验CTR 试样1实绩3,,,1,MECH_TEST_ITEM_CD,1
HIC试验CTR 试样2实绩1,,,1,MECH_TEST_ITEM_CD,1
HIC试验CTR 试样2实绩2,,,1,MECH_TEST_ITEM_CD,1
HIC试验CTR 试样2实绩3,,,1,MECH_TEST_ITEM_CD,1
HIC试验CTR 试样3实绩1,,,1,MECH_TEST_ITEM_CD,1
HIC试验CTR 试样3实绩2,,,1,MECH_TEST_ITEM_CD,1
HIC试验CTR 试样3实绩3,,,1,MECH_TEST_ITEM_CD,1
I(耐腐蚀因子),,CF-I,4,CHEM_CD,4
ICDP-共昌,,AS,1,ROLL_MTRL,1
ICDP-邢机,,ICⅤ,1,ROLL_MTRL,1
J(回火脆性敏感系数),,CF-J,4,CHEM_CD,4
KISSC或KIEC,,,1,SSCC_STRESS_TY,1
"LF+RH,升温、脱硫、脱气、去夹杂（普通钢种，轻处理，上铸机）	真空处理时间≥10min	真空纯脱气时间≥3min	软吹氩时间≥6min",,,2,SECOND_RFN_CD,2
"LF+RH,升温、脱硫、脱气、去夹杂（特殊钢种，深处理，上铸机）	真空处理时间≥20min	真空纯脱气时间≥5min	软吹氩时间≥15min",,,2,SECOND_RFN_CD,2
"LF+RH,升温、脱硫、脱气、去夹杂（重点钢种，中处理，上铸机）	真空处理时间≥15min	真空纯脱气时间≥5min	软吹氩时间≥10min",,,2,SECOND_RFN_CD,2
"LF,去夹杂(普通钢种，上铸机)	软吹氩时间≥10min",,,2,SECOND_RFN_CD,2
"LF,去夹杂(普通钢种，上铸机)	软吹氩时间≥8min",,,2,SECOND_RFN_CD,2
"LF,去夹杂、深脱硫(特殊钢种，上铸机) 软吹氩时间≥20min",,,2,SECOND_RFN_CD,2
"LF,去夹杂、深脱硫(重点钢种，上铸机) 软吹氩时间≥15min",,,2,SECOND_RFN_CD,2
LF作业等待,,,1,PROG_CD,1
LF精炼,,,1,BD_MAT_CLASS,1
LF设备异常,LF 설비이상,,1,ABNR_REASON_CD,1
LIMS化验元素,,,1,SCR_INDICATOR_CATEGORY,1
LNG作业区LNG发货工LNG、液氨发货及装车,,,1,POSITION_CD,1
LNG作业区LNG工LNG主控操作,,,1,POSITION_CD,1
LNG作业区LNG工合成氨,,,1,POSITION_CD,1
LNG作业区LNG工深冷液化,,,1,POSITION_CD,1
LNG作业区LNG工甲烷化,,,1,POSITION_CD,1
LNG作业区仪表维护工LNG仪表维护,,,1,POSITION_CD,1
Label再发行,,,1,RTN_RLS_CD,1
Macro试验(C偏析平整),,,1,MECH_TEST_ITEM_CD,1
NDT检验,,,1,QLT_PHYTST_CD,1
NDT温度实绩,,,1,MECH_TEST_ITEM_CD,1
P 偏析试验等级实绩,,,1,MECH_TEST_ITEM_CD,1
PB块,,,1,BF_RETURN_FINES_RATE,1
PH值,,,1,CHEM_CD,1
PMI块,,,1,BF_RETURN_FINES_RATE,1
PSR(再热裂纹指数),,PSR,1,QLT_CHEM_CD,1
P_Print试验等级实绩,,,1,MECH_TEST_ITEM_CD,1
Pass合格,,,1,SIZE_GRD,1
Q235系列,,,1,PLT_SPEC_GROUP_CD,1
Q345系列,,,1,PLT_SPEC_GROUP_CD,1
R1工具钢-共昌,,TS,1,ROLL_MTRL,1
RAS L2(快速分析),,Rapid Analysis System L2,1,SYS_MODULE_CD,1
"RH,真空脱气、去夹杂（普通钢种，轻处理，上铸机）	真空脱碳时间:0	真空处理时间≥13min	真空纯脱气时间≥3min	软吹氩时间≥8min",,,2,SECOND_RFN_CD,2
"RH,真空脱气、去夹杂（特殊钢种，深处理，上铸机) 真空脱碳时间:0	真空处理时间≥20min 真空纯脱气时间≥6min 软吹氩时间≥15min",,,2,SECOND_RFN_CD,2
"RH,真空脱气、去夹杂（重点钢种，中处理，上铸机）	真空脱碳时间:0	真空处理时间≥15min	真空纯脱气时间≥5min	软吹氩时间≥10min",,,2,SECOND_RFN_CD,2
"RH,真空脱碳（低碳钢，轻脱碳，上铸机）	真空脱碳时间:≥8min	真空处理时间：≥11min	真空纯脱气时间：≥3min 软吹氩时间:0",,,2,SECOND_RFN_CD,2
"RH,真空脱碳（极低碳钢，中脱碳，上铸机）真空脱碳时间≥12min	真空处理时间≥17min	真空纯脱气时间≥5min	软吹氩时间:0",,,2,SECOND_RFN_CD,2
"RH,真空脱碳（超低碳钢，深脱碳，上铸机）真空脱碳时间≥14min	真空处理时间≥21min	真空纯脱气时间≥7min	软吹氩时间:0",,,2,SECOND_RFN_CD,2
RH设备异常,RH 설비이상,,1,ABNR_REASON_CD,1
RM 入口,,RM Entry,1,HRM_RJT_POS,1
ROLL不适合,ROLL부적합,,1,ABNR_REASON_CD,1
S-CS仪,,,2,CHEM_CD,2
SSCC测试应力实绩,,,1,MECH_TEST_ITEM_CD,1
SSCC试验应力比实绩,,,1,MECH_TEST_ITEM_CD,1
SSCC试验时间实绩,,,1,MECH_TEST_ITEM_CD,1
S_Print试验,,,1,MECH_TEST_ITEM_CD,1
Scarfing不实施,Scarfing미지정,,1,SCARF_YN,1
Scarfing实施,Scarfing지정,,1,SCARF_YN,1
SpringBack 试验实绩,,,1,MECH_TEST_ITEM_CD,1
SpringBack角度实绩,,,1,MECH_TEST_ITEM_CD,1
Steckel(Steckel轧制),,,2,PLT_PROC_CD,2
Steckel-剪切,,,1,PROC_CD_ERP,1
Steckel-火焰切割,,,1,PROC_CD_ERP,1
Steckel加热炉,,,1,PROC_CD_ERP,1
Steckel轧制,,,1,PROC_CD_ERP,1
TM1-只控开轧,,,1,PLT_CR_CD,1
TM1-控开轧,,,1,PLT_CR_CD,1
TM1-控终轧,,,1,PLT_CR_CD,1
TM1-既控开轧又控终轧,,,1,PLT_CR_CD,1
TM2-控开轧,,,1,PLT_CR_CD,1
TM2-既控开轧又控终轧,,,1,PLT_CR_CD,1
TMCP(海洋),,,1,PLAN_MECH,1
TMCP(结构、建筑、桥梁),,,1,PLAN_MECH,1
TMCP(船舶),,,1,PLAN_MECH,1
"Top 1/2W, Bottom 1/4W部位",,,29,BEND_SMP_WTH_LOC,29
"Top 1/4W, Bottom 1/2W部位",,,29,BEND_SMP_WTH_LOC,29
T弯,,,1,COAT_ATTH_CD,1
UST不实施,UST미지정,,1,UST_YN,1
UST实施,UST지정,,1,UST_YN,1
U型,,,1,IMPACT_ENERGY_CD,1
U弯,,,1,COAT_ATTH_CD,1
VD作业等待,,,1,PROG_CD,1
V型,,,1,IMPACT_ENERGY_CD,1
V型缺口,,,1,DWTT_CREAK_CD,1
V弯目测,,,1,COAT_ATTH_CD,1
V弯粘结剥离试验法,,,1,COAT_ATTH_CD,1
X(回火脆性敏感系数),,CF-X,4,CHEM_CD,4
Z向拉伸断面收缩率单值实绩,,,3,MECH_TEST_ITEM_CD,1
Z向拉伸断面收缩率平均值实绩,,,1,MECH_TEST_ITEM_CD,1
Z向拉伸试验,,,1,QLT_PHYTST_CD,1
Z向拉伸试验屈服强度实绩,,,1,MECH_TEST_ITEM_CD,1
Z向拉伸试验抗拉强度实绩,,,1,MECH_TEST_ITEM_CD,1
Z向拉伸试验断后伸长率实绩,,,1,MECH_TEST_ITEM_CD,1
m³/万kW.h,,,1,UOM_CD_EG,1
test公司,,test1,1,TRNSF_CMP_NM,1
test公司2,,test2,1,TRNSF_CMP_NM,1
test日照公司厚板部,,,1,DEPT_CD,1
±3mm以内,,,1,MOLD_LVL_FLUCT_TY,1
±5mm以内,,,1,MOLD_LVL_FLUCT_TY,1
一口价,,,1,PRICE_CALC_CD,1
一号堆取料机,,,1,OPERATE_MACHINE,1
一号库,,,1,SLAB_YARD_CD,1
一号高炉作业区炼铁原料工槽下上料操作,,,1,POSITION_CD,1
一号高炉作业区热风炉工热风炉,,,1,POSITION_CD,1
一号高炉作业区高炉炉前工值班工长,,,1,POSITION_CD,1
一炉一批,,,1,MECH_SMP_CND,1
一级预警,,,1,WARNING_LEVEL_LOV,1
一般,,,1,BOTTOM_STAT,1
一般(热轧),,,1,PACK_MTH_CD,1
"一般成分元素 (C,SI,MN,P,S..)",일반성분원소,,1,QLT_CHEM_TY,1
一般焦炭,분,,2,ITEM_SPEC,2
一般维修,,General Repair,1,EQUIP_STOP_CD,1
一般防锈油,일반방청유,,1,ANTRST_OIL_KIND,1
丁,,,1,GROUP_CD,1
丁凤鸣,,,1,DRIVER_NM,1
丁班,,,1,CLASS_LOV,1
三价铬酸钝化(C3),,,1,PSTREAT_CD,1
三号堆取料机,,,1,OPERATE_MACHINE,1
三方直供,,,1,SALES_CHNL_CD,1
三级预警,,,1,WARNING_LEVEL_LOV,1
三苯含量,,,1,CHEM_CD,1
三角区裂纹,,The first iron oxide skin press,1,APPR_DEF_CD,1
上下表扒皮,,,1,CC_CB_REPAIR_TY,1
上传,,Drive Side Top,1,CCK_TY,1
上操,,Working Side Top,1,CCK_TY,1
上料系统,,,2,SCH_PLAN_PROJ_CD,1
上机,"투입,Input",,1,ROLL_PROG_CD,1
上海市,,,2,CITY_CD,2
上线剪切,기계전단,,1,APPR_FIN_MTH_CD,1
上表扒皮,,,1,CC_CB_REPAIR_TY,1
下 >，上 ≤,,,1,ON_OFF_RANGE,1
下 ≥，上 ≤,,,1,ON_OFF_RANGE,1
下 ≥，上＜,,,1,ON_OFF_RANGE,1
下 ＞，上＜,,,1,ON_OFF_RANGE,1
下传,,Drive Side Bottom,1,CCK_TY,1
下发,,,1,DATA_STATE,1
下操,,Working Side Bottom,1,CCK_TY,1
下机,"추출,Extract",,1,ROLL_PROG_CD,1
不2次精炼,2차정련없음,,1,SECOND_ROUTE_CD,1
不低于10min,,,1,SECOND_AR_TIME_TY,1
不低于12min,,,1,SECOND_AR_TIME_TY,1
不低于15min,,,1,SECOND_AR_TIME_TY,1
不低于20min,,,1,SECOND_AR_TIME_TY,1
不低于8min,,,1,SECOND_AR_TIME_TY,1
不作要求,,,5,CC_LADLE_STR_TY,5
不使用,,,3,CAL1_SPM_USE_TY,3
不保留,,,1,SPR_HOLD_YN,1
不允许,,,2,CAST_DIFF_STL_MIX_TY,2
不允许头+1/尾-1铸坯,,,1,CC_CB_RESTR_CD,1
不允许头+1/尾-1铸坯、不允许接头前后铸坯,,,1,CC_CB_RESTR_CD,1
不允许头坯/尾坯,,,1,CC_CB_RESTR_CD,1
不允许头坯/尾坯、不允许接头前后铸坯,,,1,CC_CB_RESTR_CD,1
不允许接头前后铸坯,,,1,CC_CB_RESTR_CD,1
不出具质保书,,,1,MTC_YN,1
不分粗细,,,1,NON_METAL_KIND_CD,1
不切割,절단미실시,,1,CUT_MTH_CD,1
不可用,,Disused car,1,CAR_STS,1
不合,,,1,HEAT_JUDG,1
不合格,,,5,APPRD_GRD,5
不合格,,Surface quality is not qualified,1,QUALITY_FLAG,1
不合格,불합격,,1,PROD_TOT_JDG_GRD,1
不合格品,,,1,SURF_GRD_CR,1
不合订单,,FAIL,1,UST_GRD,1
不同根钢坯截取,,,1,TSL_SMP_LTH_LOC,1
不同根钢坯截取,1/4폭부위에서 채취,,1,TSL_SMP_WTH_LOC,1
不同根（盘）钢筋截取,,,1,TSL_SMP_LTH_LOC,1
不同根（盘）钢筋截取,중앙부 1/2폭 부위에서 채취,,1,TSL_SMP_WTH_LOC,1
不后处理,후처리미실시,,1,PSTREAT_GRP_CD,1
不喷,,,1,PLT_HM_MARK_MOD,1
不圆度偏差,,,1,QLT_SZSHP_TOL_CD,1
不处理,,,1,PSTREAT_CD,1
不大于100mm,,,1,TD_SLAG_THK_TY,1
不大于150mm,,,1,TD_SLAG_THK_TY,1
不大于80mm,,,1,TD_SLAG_THK_TY,1
不平度,,waviness,2,APPR_DEF_CD,1
不平度,WAVINESS 평탄도 (평면과 코일파와의 차이),,1,QLT_SZSHP_TOL_CD,1
不指定,,,4,FISH_TAIL_CD,4
不探伤,,,1,FLAW_DT_CD,1
不提供,,,1,PHOTO_PROVIDE,1
不淬火,,,1,PLT_CR_CD_1,1
不溶物,,,1,CHEM_CD,1
不热处理,열처리미실시,,1,PLT_HEATING_CD,1
不良部位 Cutting,,,1,QLT_TRK_ABNR_ACTION_CD,1
不通,,,1,BOTTOM_STAT,1
不通过,,,1,INQ_REVIEW_RSLT_FL_TOT,1
不重卷,냉연정정미지정,,1,CRL_FINISH_FL,1
不除磷,,,1,DESCMODE,1
不需要质保书,,NO,1,MTC_MSU_CD,1
不需要质量设计,,No Need to Quality Design,1,QLT_DSN_STS,1
不高于100pa,,,1,RH_VACUM_REQ_TY,1
不高于150pa,,,1,RH_VACUM_REQ_TY,1
不高于200pa,,,1,RH_VACUM_REQ_TY,1
专用钢,,,1,PLAN_MECH,1
丙,,,1,GROUP_CD,1
丙班,,,5,CLASS_LOV,5
丙组,,,1,SHIFT_GRP,1
东北,,,2,REGION_CD,2
东库,,,1,SLAB_YARD_CD_SWR,1
东库1,,,1,SLAB_STACK_CD_SWR,1
东库10,,,1,SLAB_STACK_CD_SWR,1
东库2,,,1,SLAB_STACK_CD_SWR,1
东库3,,,1,SLAB_STACK_CD_SWR,1
东库4,,,1,SLAB_STACK_CD_SWR,1
东库5,,,1,SLAB_STACK_CD_SWR,1
东库6,,,1,SLAB_STACK_CD_SWR,1
东库7,,,1,SLAB_STACK_CD_SWR,1
东库8,,,1,SLAB_STACK_CD_SWR,1
东库9,,,1,SLAB_STACK_CD_SWR,1
东枪,,,1,OXY_LANCE_NO,1
两切,,,1,MACHINE_TY,1
严格(热轧),,,1,PACK_MTH_CD,1
个,,,1,UOM_CD,1
中包A,,,1,LADEL_NO,1
中包B,,,1,LADEL_NO,1
中压蒸汽,,,1,ITEM_SPEC,1
中厚板,,,1,PROC_GRP,1
中厚板,냉연-산세,,1,APPR_DEF_CD2,1
"中厚板,工程机械",,,1,ORD_USAGE,1
"中厚板,建筑",,,1,ORD_USAGE,1
"中厚板,桥梁",,,1,ORD_USAGE,1
"中厚板,造船",,,1,ORD_USAGE,1
"中厚板,齿轮",,,1,ORD_USAGE,1
中厚板产品研究所,,,1,DEPT_CD,1
中厚板切割渣,중후판절단찌꺼기,,1,ITEM_SPEC,1
中国标准,중국표준,,1,NATL_SPEC_ORG_CD,1
中块,,Minerals.Dolomite,1,ITEM_SPEC,1
中块,,Minerals.Limestone,1,ITEM_SPEC,1
中库,,,1,SLAB_YARD_CD_SWR,1
中库1,,,1,SLAB_STACK_CD_SWR,1
中库10,,,1,SLAB_STACK_CD_SWR,1
中库2,,,1,SLAB_STACK_CD_SWR,1
中库3,,,1,SLAB_STACK_CD_SWR,1
中库4,,,1,SLAB_STACK_CD_SWR,1
中库5,,,1,SLAB_STACK_CD_SWR,1
中库6,,,1,SLAB_STACK_CD_SWR,1
中库7,,,1,SLAB_STACK_CD_SWR,1
中库8,,,1,SLAB_STACK_CD_SWR,1
中库9,,,1,SLAB_STACK_CD_SWR,1
中心,,Center,1,ENTRY_DELV_TY,1
中心偏析,,,1,MACRO_TEST,1
中心偏析,,Center segregation,1,APPR_DEF_CD,1
中心偏析1.5以内,,,1,SLAB_INQLT_REQ_TY,1
中心偏析C2.0以内,,,1,SLAB_INQLT_REQ_TY,1
中心偏析C2.5 中心疏松0.5以内,,,1,SLAB_INQLT_REQ_TY,1
中心疏松,,,1,MACRO_TEST,1
中心疏松,,central porosity,1,APPR_DEF_CD,1
中心线裂纹,,Center line Crack,1,APPR_DEF_CD,1
中心裂纹,,Uneven oil,1,APPR_DEF_CD,1
中性盐雾测试,,,1,QLT_PHYTST_CD,1
中性试验,,,1,CHEM_CD,1
中水,,,1,ITEM_SPEC,1
中涂油（普板）,,,1,OIL_LEVEL,1
中涂油（锌板）,,,1,OIL_LEVEL,1
中碳钢保护渣,,,1,MOLD_POWDER_TY,1
中碳钢振动曲线,,,1,MOLD_OSCIL_TY,1
中碳铬铁FeCr55C1.0,,,1,ITEM_SPEC,1
中碳铬铁FeCr55C2.0,,,1,ITEM_SPEC,1
中碳锰铁FeMn78C2.0,,,1,ITEM_SPEC,1
中类,,,1,USING_LEVEL,1
中转跨作业区域,환성동작업구역,,1,PLT_WORK_ZONE_CD,1
中部,,,1,MECH_SMP_LTH_LOC,1
中间产品产出,,,1,SCR_INDICATOR_CATEGORY,1
中间凸厚,,Middle convex,1,APPR_DEF_CD,1
中间包,,,1,USABLE_PROC_CD,1
中间包副样,용강래들 예비용 샘플(2차),,10,CHEM_LVL3_CD,1
中间包本样,용강래들 샘플(1차),,10,CHEM_LVL3_CD,1
中间库,,,1,STORE_CD,1
中间浪,,,1,APPR_DEF_CD,1
中间浪,,Central waves,1,APPR_DEF_CD,1
中间浪浪形（中波）,중곡H (중간파),,1,QLT_SZSHP_TOL_CD,1
中间纵裂,,Center  Vertical Crack,1,APPR_DEF_CD,1
中鸿,,,1,SCH_PLAN_UNIT_CD,1
中鸿冶金原料,,,1,SPE_WAREHOUSE,1
临界应力Ec,,,1,SSCC_STRESS_TY,1
临界应力Sc,,,1,SSCC_STRESS_TY,1
主产品产出,,,1,MATERIAL_TYPE,1
主产物,,,1,USE_FL,1
主数据,,,1,BIZ_CHAIN_CD,1
主料投入,,,1,SCR_INDICATOR_CATEGORY,1
主轧线,,,1,SCH_PLAN_PROJ_CD,1
乌球,,,1,MATERIAL_CD,1
乙,,,1,GROUP_CD,1
乙班,,,5,CLASS_LOV,5
乙组,,,1,SHIFT_GRP,1
乱卷,,,1,SQM_RETAIN_REASON,1
乳化液斑,,Emulsion plaque,1,APPR_DEF_CD,1
二分之一,,,1,HARD_SMP_LOC,1
二号堆取料机,,,1,OPERATE_MACHINE,1
二号库,,,1,SLAB_YARD_CD,1
二次加工脆性试验,,,1,QLT_PHYTST_CD,1
二级除盐水,,,1,ITEM_SPEC,1
二级预警,,,1,WARNING_LEVEL_LOV,1
云南省,,,1,PROVINCE_CD,1
云南省临沧市,,,1,CITY_CD,1
云南省丽江市,,,1,CITY_CD,1
云南省保山市,,,1,CITY_CD,1
云南省大理白族自治州,,,1,CITY_CD,1
云南省德宏傣族景颇族自治州,,,1,CITY_CD,1
云南省怒江傈僳族自治州,,,1,CITY_CD,1
云南省文山壮族苗族自治州,,,1,CITY_CD,1
云南省昆明市,,,1,CITY_CD,1
云南省昭通市,,,1,CITY_CD,1
云南省普洱市,,,1,CITY_CD,1
云南省曲靖市,,,1,CITY_CD,1
云南省楚雄彝族自治州,,,1,CITY_CD,1
云南省玉溪市,,,1,CITY_CD,1
云南省红河哈尼族彝族自治州,,,1,CITY_CD,1
云南省西双版纳傣族自治州,,,1,CITY_CD,1
云南省迪庆藏族自治州,,,1,CITY_CD,1
五号堆取料机,,,1,OPERATE_MACHINE,1
五座双膛窑,,,2,SCH_PROC_CD,2
交接库,,,1,SLAB_YARD_CD,1
交期替代申请,납기대체요청,,1,ABNR_REASON_CD,1
交货方式,,,1,EXTRA_PRICE_ITEM,1
交货错误,,Wrong Shipment,1,RTN_PROD_REASON_CD,1
产出,,,1,ITEM_TYPE_LOV,1
产出量,,output,1,IR_CHE_IO_TY,1
产品充当,,,1,JDG_REQ_GRD,1
产品充当/替代,,,1,RTN_PROC_REASON_CD,1
产品充当等待,,,1,PROG_CD,1
产品入库,,,1,JDG_REQ_GRD,1
产品再检查,,,1,RTN_PROC_REASON_CD,1
产品号,,PROD_NO,1,SQM_SEARCH_TEXT,1
产品尺寸/重量,,,1,RTN_PROC_REASON_CD,1
产品成分,제품분석성분,,1,SMS_PROD_CHEM_TY,1
产品成分偏差,제품성분허용차,,1,NATL_TOL_SPEC_TY,1
产品物理性能改判率,제품물리성능개판율,,1,ANAL_TY,1
产品研发实验室,제품연구개발시험실,,1,ANALYSIS PLACE CODE,1
产品试验,,,1,SMP_TP,1
产品退库等待,,,1,PROG_CD,1
产量,,,3,CHARTS_FIELD_LOV,3
亮点,,bright spot,1,APPR_DEF_CD,1
亮边,,Bright edge,1,APPR_DEF_CD,1
亮面,,,2,ORD_COAT_WGT_CD,2
人力资源考试机构,,,1,DEPT_CD,1
人力资源部测试系统1,,,1,DEPT_CD,1
人字型缺口,,,1,DWTT_CREAK_CD,1
仓库Full,창고Full,,1,ABNR_REASON_CD,1
仓库管理,,,1,ERP_LOC_GRP,1
付款方式,,,1,EXTRA_PRICE_ITEM,1
付款约定,,,1,EXTRA_PRICE_ITEM,1
付玉龙,,,1,DRIVER_NM,1
代码,,,1,JDGE_TYPE,1
代码+数值范围,,,1,JDGE_TYPE,1
代表其他,,,1,PLT_DIR_CD,1
代表品名,,Representative Item name,1,RM_MAN_ITEM_DESC_TY,1
代表在线 剪切,,,1,PLT_DIR_CD,1
代表火切,,,1,PLT_DIR_CD,1
代表热处理,,,1,PLT_DIR_CD,1
代运,,,1,DELV_COND_CD,1
件,,,1,UOM_CD,1
企业标准,기업표준,,1,NATL_SPEC_ORG_CD,1
优铁,,,1,SIS_YT_PT,1
传送带故障,,CONVEYOR BELT ERROR,1,FCE_REJECT_RSN,1
低位发热量,,,1,CHEM_CD,1
低倍实验室,저출력시험실,,1,ANALYSIS PLACE CODE,1
低倍测试,,,1,C_SGRG_KIND,1
低压蒸汽,,,1,ITEM_SPEC,1
低合金,,,1,PLAN_MECH,1
低合金板,,,1,ITEM_LTY,1
低合金结构钢,,,1,STEEL_TYPE,1
低合金钢,,,2,ORD_USAGE_GRP2,2
低硫原煤,,,1,ITEM_SPEC,1
低碳钢保护渣,,,1,MOLD_POWDER_TY,1
低碳钢振动曲线,,,1,MOLD_OSCIL_TY,1
低碳铬铁FeCr55C0.25CrⅡSiⅡPⅠSⅡ,,,1,ITEM_SPEC,1
低磷中碳锰铁FeMn78C2.0 SiⅠ,,,1,ITEM_SPEC,1
低磷低碳锰硅合金FeMn68Si16,,,1,ITEM_SPEC,1
低磷低碳锰硅合金FeMn70Si16,,,1,ITEM_SPEC,1
低级钢,,Metallics.Scrap,1,ITEM_SPEC,1
低铁,,Iron Ore.Fine,1,ITEM_SPEC,1
低铁低铝,,Iron Ore.Fine,1,ITEM_SPEC,1
低铁块矿,,Iron Ore.Lump,1,ITEM_SPEC,1
低铁高铝,,Iron Ore.Fine,1,ITEM_SPEC,1
余材,,,1,QLT_TRK_ABNR_ACTION_CD,1
作业区测试,,,1,DEPT_CD,1
作业待机,,At send production instruction to level-2,1,PLAN_HEAT_STS_CD,1
作业结束,,"At receipt working result(SMS), actual heat staus is 3(finish,SMS_HEAT)",1,PLAN_HEAT_STS_CD,1
使用-延伸率模式,,,3,CAL1_SPM_USE_TY,3
使用-轧制力模式,,,3,CAL1_SPM_USE_TY,3
供冷轧材料,,,1,ORDER_TYPE_GRP,1
供应商 ITEM,,Supply Item,1,RM_MAN_ITEM_DESC_TY,1
供电作业区变配电工变配电巡检,,,1,POSITION_CD,1
侧弯弯曲实绩,,,1,MECH_TEST_ITEM_CD,1
保卫,,,1,POSITION_CD,1
保存,,,1,ENERGY_STATE,1
保存,보상처리주문등록,,1,CLAIM_STS_CD,1
保留,,,2,JDG_TY,2
保留后措施,,,1,JDG_TY,1
保留措施,,,1,JDG_REQ_GRD,1
保留材,,,1,APPRD_GRD,1
保证炼钢成分,제강보증성분,,1,SMS_PROD_CHEM_TY,1
保证设计报错,,Assurance Qality Design Error,1,QLT_DSN_STS,1
信息化控制中心信息网络室业务经理,,,1,POSITION_CD,1
信息化控制中心信息网络室党支部书记,,,1,POSITION_CD,1
信息化控制中心冷轧运维区主管师,,,1,POSITION_CD,1
信息化控制中心副主任,,,1,POSITION_CD,1
信息化控制中心技术管理室专家,,,1,POSITION_CD,1
信用证,신용장,,1,PAY_TERMS,1
修改,,,1,PROC_TP,1
修改包装方法,,,1,RTN_PROC_REASON_CD,1
修改单重,,,1,RTN_PROC_REASON_CD,1
修改实绩,실적수정,,1,RTN_RLS_CD,1
修改订单,수정주문,,1,ABNR_REASON_CD,1
修磨,연마,,1,APPR_FIN_MTH_CD,1
修磨区域,연마구역,,1,PLT_WORK_ZONE_CD,1
倒垛,,,1,CLASSSIFICATION,1
值(mm),값(mm),,1,QLT_TOL_MIN_FOMULA,1
值(mm..),값(mm..),,1,QLT_TOL_MAX_FOMULA,1
值(um),,,1,QLT_TOL_MIN_FOMULA,1
值(um),값(um..),,1,QLT_TOL_MAX_FOMULA,1
偏析C类1.0以下，中心疏松0.5以下,,,1,SLAB_INQLT_REQ_TY,1
停,,,1,SQM_START_END,1
停车斑,,Due to stop the production caused by the spots,2,APPR_DEF_CD,1
储四朋,,,1,DRIVER_NM,1
允许,,,1,CAST_DIFF_STL_MIX_TY,1
元,,,1,UOM_CD,1
先进高强钢,,,1,PLAN_MECH,1
光整液斑迹,,Light liquid stains,1,APPR_DEF_CD,1
光谱化验室,,,1,SMP_TRANS_TY,1
"光面,Ra≤0.4μm,不镀锌",,,1,SURF_TREAT_CD,1
"光面,Ra≤0.4μm,小锌花",,,1,SURF_TREAT_CD,1
"光面,Ra≤0.4μm,正常锌花",,,1,SURF_TREAT_CD,1
"光面,Ra≤0.4μm,零锌花",,,1,SURF_TREAT_CD,1
克,,,1,UOM_CD,1
兑换现金,,,1,CLAIM_REQ_HNL_CD,1
党委常委,,,1,POSITION_CD,1
党委组织部/人力资源部综合与信息管理业务经理,,,1,POSITION_CD,1
入侧,,Entry,1,ENTRY_DELV_TY,1
入口,,,1,DESCPATTERN,1
入库,,,5,CLASSSIFICATION,5
入库,"입고,Inbound",,1,ROLL_PROG_CD,1
入库取消,,,1,YD_MAP_ENVENT,1
入库日,,,1,SEARCH_KEY,1
入港,입항,,1,RM_UNLOAD_PROG_TY,1
全体,,,1,ORD_USAGE,1
全厚度,,,1,SMP_THK_LOC,1
全天,,,1,CLASS_LOV,1
全部,,,1,CAP_CONFIRM,1
公司保证基准,회사표준,,1,QLT_DSN_STD_TY,1
公司领导,,,1,DEPT_CD,1
公路,,,1,TRNSF_MTH_CD,1
公辅,,,2,SCH_PLAN_PROJ_CD,1
公辅作业区,,,1,SMS_SUB_UNITS,1
公辅系统,,,1,SCH_PLAN_PROJ_CD,1
公辅除尘,,,1,SCH_PLAN_PROJ_CD,1
公铁联运,,,1,TRNSF_MTH_CD,1
六号堆取料机,,,1,OPERATE_MACHINE,1
共同设计报错,,Common Qality Design Error,1,QLT_DSN_STS,1
关联公司客户,,,1,CUST_KIND,1
关键工艺参数,,,1,SCR_INDICATOR_CATEGORY,1
其他,,,16,CHEM_REQ_PURPOSE_TY,16
其他,기타,,1,SPR_RJT_CAUSE_CD,1
其他产业1(Others1),,,1,ORD_USAGE_GRP1,1
其他产业2(Others2),,,1,ORD_USAGE_GRP1,1
其他信息,,,1,RTN_PROC_REASON_CD,1
其他原料,기타원료,,1,RM_SHIP_DIS_ITEM_TP_TY,1
其他原料-后处理溶液,Other Raw Materials(Post Treatment)_기타원료-후처리용액,,1,RM_USAGE_TY,1
其他原料-增碳剂,Other Raw Materials(Recarburizer)_기타원료-가탄제,,1,RM_USAGE_TY,1
其他原料-涂层剂,Other Raw Materials(Coating)_기타원료-코팅제,,1,RM_USAGE_TY,1
其他原料-熔剂,Other Raw Materials(Flux)_기타원료-용제,,1,RM_USAGE_TY,1
其他原料-脱硫剂,Other Raw Materials(Desulfurization)_기타원료-탈류제,,1,RM_USAGE_TY,1
其他原料-脱磷剂,Other Raw Materials(Dephosphorizing)_기타원료-탈린제,,1,RM_USAGE_TY,1
其他原料.后处理溶液,,Other Raw Materials.Post Treatment,1,CHEM_LVL2_CD,1
其他原料.增碳剂,,Other Raw Materials.Recarburizer,1,CHEM_LVL2_CD,1
其他原料.涂层剂,,Other Raw Materials.Coating,1,CHEM_LVL2_CD,1
其他原料.熔剂,,Other Raw Materials.Flux,1,CHEM_LVL2_CD,1
其他原料.脱硫剂,,Other Raw Materials.Desulfurization,1,CHEM_LVL2_CD,1
其他原料.脱磷剂,,Other Raw Materials.Dephosphorizing,1,CHEM_LVL2_CD,1
其他库,,,1,SLAB_YARD_CD,1
其他矿产,기타광물,,1,RM_SHIP_DIS_ITEM_TP_TY,1
其他矿产-白云石,Minerals(Dolomite)_기타광산물-백운석,,1,RM_USAGE_TY,1
其他矿产-石灰石,Minerals(Limestone)_기타광산물-석회석,,1,RM_USAGE_TY,1
其他矿产-硅石,Minerals(Silica)_기타광산물-규석,,1,RM_USAGE_TY,1
其他矿产-膨润土,Minerals(bentonite)_기타광산물-벤토나이트,,1,RM_USAGE_TY,1
其他矿产-萤石,Minerals(Fluorite)_기타광산물-형석,,1,RM_USAGE_TY,1
其他矿产-蛇纹岩,Minerals(Serpentine?)_기타광산물-사문암,,1,RM_USAGE_TY,1
其他矿产-钛矿,Minerals(Titanium Ore)_기타광산물-TI광,,1,RM_USAGE_TY,1
其他矿产-锰矿,Minerals(Mangan Ore)_기타광산물-망간광,,1,RM_USAGE_TY,1
其他矿产-镍矿,Minerals(Nickel ore)_기타광산물-NI류,,1,RM_USAGE_TY,1
其他矿产.白云石,,Minerals.Dolomite,1,CHEM_LVL2_CD,1
其他矿产.石灰石,,Minerals.Limestone,1,CHEM_LVL2_CD,1
其他矿产.石灰石.中块,,Limestone.Medium-Lump,1,CHEM_LVL3_CD,1
其他矿产.石灰石.小块,,Limestone.Small-Lump,1,CHEM_LVL3_CD,1
其他矿产.石灰石.炼钢生石灰,,Limestone.Quick Lime.SM,1,CHEM_LVL3_CD,1
其他矿产.石灰石.炼铁生石灰,,Limestone.Quick Lime.IM,1,CHEM_LVL3_CD,1
其他矿产.石灰石.炼铁粉,,Limestone.Fine,1,CHEM_LVL3_CD,1
其他矿产.石灰石.炼铁高品位生石灰,,Limestone.Quick Lime High Grade,1,CHEM_LVL3_CD,1
其他矿产.石灰石.烧结生石灰,,,1,CHEM_LVL3_CD,1
其他矿产.石灰石.生石灰,,Limestone.Quick Lime,1,CHEM_LVL3_CD,1
其他矿产.石灰石.粉,,Limestone.Fine Normal Grade,1,CHEM_LVL3_CD,1
其他矿产.石灰石.精炼生石灰,,,1,CHEM_LVL3_CD,1
其他矿产.石灰石.高品位中块,,Limestone.Medium Lump High Grade,1,CHEM_LVL3_CD,1
其他矿产.石灰石.高品位小块,,Limestone.Small-Lump High Grade,1,CHEM_LVL3_CD,1
其他矿产.石灰石.高品位粉,,Limestone.Fine High Grade,1,CHEM_LVL3_CD,1
其他矿产.硅石,,Minerals.Silica,1,CHEM_LVL2_CD,1
其他矿产.膨润土,,Minerals.bentonite,1,CHEM_LVL2_CD,1
其他矿产.萤石,,Minerals.Fluorite,1,CHEM_LVL2_CD,1
其他矿产.蛇纹石,,Minerals.Serpentine,1,CHEM_LVL2_CD,1
其他矿产.钛矿,,Minerals.Titanium Ore,1,CHEM_LVL2_CD,1
其他矿产.锰矿,,Minerals.Mangan Ore,1,CHEM_LVL2_CD,1
其他矿产.镍矿,,Minerals.Nickel ore,1,CHEM_LVL2_CD,1
其他矿产.高硅块（海南）,,Minerals.SilicaHigh,1,CHEM_LVL2_CD,1
其他缺陷,기타결함,,1,APPR_DEF_CD1,1
其他表面确认待挽救,,,1,HOLD_RSN_CD1,1
其他钢板,,,1,ITEM_LTY,1
其它,,,3,CTOD_SMP_TY,3
其它,,Non Ferro Metals.etc.,1,ITEM_SPEC,1
其它,,Others,1,STOP_CAUSE_CD,1
其它一,,,1,PLT_DIR_CD,1
其它二,,,1,PLT_DIR_CD,1
其它原因,,Other Reasons,1,RTN_PROD_REASON_CD,1
其它炼焦煤,,,1,ITEM_SPEC,1
内倒入库,,,1,YD_JL_MTL_TRANS_TYPES,1
内倒入库退回,,,1,YD_JL_MTL_TRANS_TYPES,1
内弯弯曲实绩,,,1,MECH_TEST_ITEM_CD,1
内指纹膜试验上表面重量实绩,,,1,MECH_TEST_ITEM_CD,1
内指纹膜试验下表面重量实绩,,,1,MECH_TEST_ITEM_CD,1
内水,,,1,CHEM_CD,1
内蒙古自治区,,,1,PROVINCE_CD,1
内蒙古自治区乌兰察布市,,,1,CITY_CD,1
内蒙古自治区乌海市,,,1,CITY_CD,1
内蒙古自治区兴安盟,,,1,CITY_CD,1
内蒙古自治区包头市,,,1,CITY_CD,1
内蒙古自治区呼伦贝尔市,,,1,CITY_CD,1
内蒙古自治区呼和浩特市,,,1,CITY_CD,1
内蒙古自治区巴彦淖尔市,,,1,CITY_CD,1
内蒙古自治区赤峰市,,,1,CITY_CD,1
内蒙古自治区通辽市,,,1,CITY_CD,1
内蒙古自治区鄂尔多斯市,,,1,CITY_CD,1
内蒙古自治区锡林郭勒盟,,,1,CITY_CD,1
内蒙古自治区阿拉善盟,,,1,CITY_CD,1
内贸,,,1,ORDER_TYPE_GRP,1
内贸赊销,,,1,PAY_MTH_CD,1
内部缺陷,내부결함,,1,APPR_DEF_CD1,1
内部角裂,,internal corner-crack,1,APPR_DEF_CD,1
内部转款,내부인수,,1,COLLECTION_TY,1
内部转款价（免贴息）,내부인수가 - 어음할인료면제,,1,PAY_TERMS,1
内部运输,,Internal Transportation,1,TRANS_TY,1
再作业,재작업,,1,RTN_RLS_CD,1
再出炉,,redischarge,1,FCE_CHARGE_FL,1
再加热材,,,1,SMP_UNGTH_CAU_TY,1
再处理,,,1,CLAIM_REQ_HNL_CD,1
再处理,,Reprocess,1,HOLD_ACTION_CD,1
再处理,재처리,,1,CLAIM_REWARD_TY,1
再处理+现金补偿,취소,,1,CLAIM_REWARD_TY,1
再热裂纹指数,,PSR,1,MECH_TEST_ITEM_CD,1
再生锌,,Non Ferro Metals.Zinc,1,ITEM_SPEC,1
再装炉,,recharge,1,FCE_CHARGE_FL,1
再轧制产业(Rerolling),,,1,ORD_USAGE_GRP1,1
冲击功实绩,,,5,MECH_TEST_ITEM_CD,1
冲击测试温度,,,1,IMPACT_TEMP,1
冲击试样侧膨胀值单值实绩1,,,5,MECH_TEST_ITEM_CD,1
冲击试样侧膨胀值单值实绩2,,,5,MECH_TEST_ITEM_CD,1
冲击试样侧膨胀值单值实绩3,,,5,MECH_TEST_ITEM_CD,1
冲击试样侧膨胀值平均值实绩,,,5,MECH_TEST_ITEM_CD,1
冲击试验,,,1,QLT_PHYTST_CD,1
冲击试验单个实绩1,,,5,MECH_TEST_ITEM_CD,1
冲击试验单个实绩2,,,5,MECH_TEST_ITEM_CD,1
冲击试验单个实绩3,,,5,MECH_TEST_ITEM_CD,1
冲击试验眼神断面率实绩,,,5,MECH_TEST_ITEM_CD,1
冲击试验眼神断面率实绩1,,,5,MECH_TEST_ITEM_CD,1
冲击试验眼神断面率实绩2,,,5,MECH_TEST_ITEM_CD,1
冲击试验眼神断面率实绩3,,,5,MECH_TEST_ITEM_CD,1
冲击追加试验1,,,1,QLT_PHYTST_CD,1
冲击追加试验2,,,1,QLT_PHYTST_CD,1
冲压用钢,,,2,ORD_USAGE_GRP2,2
冶炼分析中心,제련분석센타,,1,ANALYSIS PLACE CODE,1
冶金实验室,,,1,DEPT_CD,1
冶金焦,,,1,ITEM_SPEC,1
冷却剂,냉각제,,1,ITEM_SPEC,1
冷却区域 Full,냉각장 Full,,2,ABNR_REASON_CD,1
冷床,냉각대,,1,SPR_PROC_CD,1
冷成型用钢,,,2,ORD_USAGE_GRP2,2
冷测,,,1,SQM_TEST_T,1
冷矫作业区域,냉교정작업구역,,1,PLT_WORK_ZONE_CD,1
冷矫直,냉각교정,,1,APPR_FIN_MTH_CD,1
"冷轧 CAL,CGL 入口侧 仓库","냉연 PLTCM 출측, CAL, CGL 입측 창고",,1,WIP_INV_CD,1
冷轧D/C异常,냉연D/C이상,,1,ABNR_REASON_CD,1
"冷轧PPL, PLTCM 仓库","냉연PPL(소재, 제품), PLTCM소재 창고",,1,WIP_INV_CD,1
冷轧中央检验室,냉연시험실,,1,ANALYSIS PLACE CODE,1
冷轧中间库 （无人天车）,,YMS#3 L2,1,SYS_MODULE_CD,1
冷轧产品研究所,,,1,DEPT_CD,1
冷轧作业,,,1,ERP_LOC_GRP,1
冷轧其他,냉연기타,,1,ABNR_REASON_CD,1
冷轧冷硬废卷,,,1,ITEM_SPEC,1
冷轧冷硬板盒板,,,1,ITEM_SPEC,1
冷轧冷硬板盒板,,Base Metal/Scrap.CarbonSteel Scrap,1,ITEM_SPEC,1
冷轧冷硬特殊钢废卷,,Dross.Waste Roll,1,ITEM_SPEC,1
冷轧副产物仓库,,,1,MOVE_STORE,1
冷轧包装,,,2,ROUTING_CD,2
冷轧包装1,,,2,PROC_CD,2
冷轧包装2,,,2,PROC_CD,2
冷轧包装3,,,2,PROC_CD,2
冷轧包装4,,"CR, GI Packing (Manual)",1,PROC_CD_ERP,1
冷轧包装（人工）,,"CR, GI Packing (Manual)",1,PROC_CD,1
冷轧卷,냉연코일,,1,MTRL_SHP_TP,1
冷轧卷板,,,1,MARK_PROD_NM,1
冷轧库,,,1,INVENTORY_CD,1
冷轧成品库,,YMS#4 L2,1,SYS_MODULE_CD,1
冷轧成品库,"냉연 CAL, CGL 출측, RCL 입/출측 창고, 제품창고",,1,WIP_INV_CD,1
冷轧普通钢,냉연일반강,,1,ITEM_SPEC,1
冷轧板,,,1,ITEM_LTY,1
冷轧氧化铁球,냉연산세산화스케일(냉연 산화철),,1,ITEM_SPEC,1
冷轧氧化铁皮,,Dross.Oxidizing Scale,1,ITEM_SPEC,1
冷轧炼钢用废钢,냉연제강용고철,,1,ITEM_SPEC,1
冷轧特殊钢,냉연특수강,,1,ITEM_SPEC,1
冷轧精整,,,1,ROUTING_NO,1
冷轧结构钢,,,2,ORD_USAGE_GRP2,2
冷轧计划停休延迟,냉연계획휴지지연,,1,ABNR_REASON_CD,1
冷轧轧制设备异常,냉연압연설비이상,,1,ABNR_REASON_CD,1
冷轧边丝,냉연고철,,1,ITEM_SPEC,1
冷轧连退1钢卷秤,,,1,DMS_SCALE_CD,1
冷轧连退2钢卷秤,,,1,DMS_SCALE_CD,1
冷轧退火废卷,,,1,ITEM_SPEC,1
冷轧退火普通钢废卷,,Dross.Waste Roll,1,ITEM_SPEC,1
冷轧退火特殊钢废卷,,Dross.Waste Roll,1,ITEM_SPEC,1
冷轧部专家,,,1,POSITION_CD,1
冷轧部安全生产室,,,1,DEPT_CD,1
冷轧部安全生产室区域师,,,1,POSITION_CD,1
冷轧部技术质量室,,,1,DEPT_CD,1
冷轧部技术质量室主任师,,,1,POSITION_CD,1
冷轧部生产保障作业区,,,1,DEPT_CD,1
冷轧部生产保障作业区党总支书记,,,1,POSITION_CD,1
冷轧部精整作业区,,,1,DEPT_CD,1
冷轧部精整作业区主管师,,,1,POSITION_CD,1
冷轧部综合管理室,,,1,DEPT_CD,1
冷轧部设备管理室,,,1,DEPT_CD,1
冷轧部运行保障作业区,,,1,DEPT_CD,1
冷轧部连退作业区,,,1,DEPT_CD,1
冷轧部酸洗作业区,,,1,DEPT_CD,1
冷轧部酸轧作业区,,,1,DEPT_CD,1
冷轧部镀锌作业区,,,1,DEPT_CD,1
冷轧酸洗外卖边丝,,Base Metal/Scrap.CarbonSteel Scrap,1,ITEM_SPEC,1
冷轧酸洗废卷,,,1,ITEM_SPEC,1
冷轧酸洗特殊钢废卷,,Dross.Waste Roll,1,ITEM_SPEC,1
冷轧酸洗钢卷秤,,,1,DMS_SCALE_CD,1
冷轧酸轧钢卷秤,,,1,DMS_SCALE_CD,1
冷轧重卷1#钢卷秤,,,1,DMS_SCALE_CD,1
冷轧重卷2#钢卷秤,,,1,DMS_SCALE_CD,1
冷轧重卷3#钢卷秤,,,1,DMS_SCALE_CD,1
冷轧镀锌,아연도금고철,,1,ITEM_SPEC,1
冷轧镀锌取样板,,,2,ITEM_SPEC,1
冷轧镀锌废卷,,,1,ITEM_SPEC,1
冷轧镀锌普通钢废卷,,Dross.Waste Roll,1,ITEM_SPEC,1
冷轧镀锌特殊钢废卷,,Dross.Waste Roll,1,ITEM_SPEC,1
冷轧镀锌边丝,,,1,ITEM_SPEC,1
冷轧镀锌钢卷秤,,,1,DMS_SCALE_CD,1
冷轧高强钢,,,2,ORD_USAGE_GRP2,2
冷送,,Warm Coil Rolled,1,HCR_FL,1
冷铁,냉선,,2,ITEM_SPEC,2
凝结剂,,Other Raw Materials.Flux,1,ITEM_SPEC,1
凝结水回收,회수응축수,,2,ITEM_SPEC,2
凸度 |tc - (tw + td)/2|,,Crown |tc - (tw + td)/2|,1,QLT_SZSHP_TOL_CD,1
凸棱,,Convex,1,APPR_DEF_CD,1
凹坑,,pit,1,APPR_DEF_CD,1
凹陷,,depression,1,APPR_DEF_CD,1
出侧,,Delivary,1,ENTRY_DELV_TY,1
出入口,,,1,DESCPATTERN,1
出具质保书,,,1,MTC_YN,1
出发站,,laiwu,1,DEP_STATION,1
出口,,,2,DESCPATTERN,2
出口,,Export,1,ORD_RCV_TY,1
出口坯比率,수출slab비율,,1,ANAL_TY,1
出口部,,,1,DEPT_CD,1
出口钢材产品比率,수출강재제품비율,,1,ANAL_TY,1
出坯机故障,,DISPATCH MACHINE ERROR,1,FCE_REJECT_RSN,1
出坯规格错误,,,1,RJT_CAUSE_FCE_CD,1
出坯规格错误,,DISPATCH SLAB SIZE ERROR,1,FCE_REJECT_RSN,1
出坯规格错误,,dispatch slab size error,2,FCE_REJECT_RSN_INS,2
出坯辊道故障,,ROLLER TABLE ERROR AFTER DISPATCHING,1,FCE_REJECT_RSN,1
出坯辊道故障,,roller table error after dispatching,2,FCE_REJECT_RSN_INS,2
出库,,,4,CLASSSIFICATION,4
出库取消,,,1,YD_MAP_ENVENT,1
出港,출항,,1,RM_UNLOAD_PROG_TY,1
出炉,,discharge,1,FCE_CHARGE_FL,1
出炉门故障,,FURNANCE EXIT DOOR ERROR,1,FCE_REJECT_RSN,1
出货INVOICE用,,,1,MTC_REQ_CD,1
出货指示等待,,,1,PROG_CD,1
出货等待,,,1,PROG_CD,1
出货管理,,,1,ERP_LOC_GRP,1
出货结束,,,1,PROG_CD,1
出货结束,출하완료된 상태로  작업지시 및 충당 불가,,1,ORD_PROG_STS,1
分层,,,1,APPR_DEF_CD,1
分层,,stratification,2,APPR_DEF_CD,1
分层,보관요인,,1,CLAIM_OCR_CAUSE_CD,1
分析原因,,,1,CLAIM_REQ_HNL_CD,1
分米,,,1,UOM_CD,1
分解,"분해,Disassemble",,1,ROLL_PROG_CD,1
分钟,,,1,UOM_CD,1
分销,,,1,SALES_CHNL_CD,1
切头剪/分段剪,,Parting Shear Knife,1,KNIFE_TY,1
切斜,,,1,QLT_SZSHP_TOL_CD,1
切边,,,1,EXTRA_PRICE_ITEM,1
划伤,,,1,APPR_DEF_CD,1
划伤,,Scratch,1,APPR_DEF_CD,1
划伤,,scratch,1,APPR_DEF_CD,1
划痕,,,1,APPR_DEF_CD,1
划痕,,scratch,1,APPR_DEF_CD,1
刘安庆,,,1,DRIVER_NM,1
刘庆国,,,1,DRIVER_NM,1
刘庆福,,,1,DRIVER_NM,1
刘瑞桥,,,1,DRIVER_NM,1
初凝时间比,,,1,CHEM_CD,1
初馏点（101 325Pa）,,,1,CHEM_CD,1
初验,,,1,TEST_CNT,1
初验指示完成,,,1,SMP_PROG_CD,1
初验检验完成,,,1,SMP_PROG_CD,1
删除,,,1,PROC_TY,1
判定中（保留）,,,1,STS_CD,1
判定完成,,,1,SMP_PROG_CD,1
到达站,,laiwu,1,ARR_STATION,1
制样室,,,1,CHEM_REQ_PURPOSE,1
制氧系统,,,1,SCH_PLAN_PROJ_CD,1
制造品废钢,제조품고철,,1,ITEM_SPEC,1
制造标准设计报错,,Manufacture Qality Design Error,1,QLT_DSN_STS,1
剔除,,,1,REJECT_TYPE,1
剖分设计修正基准,배폭설계여유값,,1,PLT_DGN_STD,1
剖分设计组合基准,배폭설계조합,,1,PLT_DGN_STD,1
剥落,,spalling,1,APPR_DEF_CD,1
副产品,,,1,FAC_CD,1
副产品产出,,,1,MATERIAL_TYPE,1
副产品销售,,,1,MTL_TRANS_TYPES,1
副产品销售,,By-products Sales,1,TRANS_TY,1
副产物,,,1,USE_FL,1
副产物-尘,Dross(Dust)_부산물-Dust,,1,RM_USAGE_TY,1
副产物-废卷,Dross(Waste Roll)_부산물-폐Roll,,1,RM_USAGE_TY,1
副产物-废板,Dross(Waste Plate)_부산물-폐Plate,,1,RM_USAGE_TY,1
副产物-废阳极,Dross(WasteAnode)_부산물-폐Anode,,1,RM_USAGE_TY,1
副产物-氧化铁皮,Dross(Oxidizing Scale)_부산물-산화Scale,,1,RM_USAGE_TY,1
副产物-炼铁,Dross(Iron Making)_부산물-제선,,1,RM_USAGE_TY,1
副产物-焦化,Dross(Coking)_부산물-화성,,1,RM_USAGE_TY,1
副产物-焦粉,Dross(Powder Coke)_부산물-분Coke,,1,RM_USAGE_TY,1
副产物-生石灰,Dross(Powder Calcium Limestone)_부산물-생석회,,1,RM_USAGE_TY,1
副产物-钢渣,Dross(Steel Making Slag)_부산물-제강Slag,,1,RM_USAGE_TY,1
副产物-铁渣,Dross(Iron Making Slag)_부산물-제선Slag,,1,RM_USAGE_TY,1
副产物-锌渣,Dross(Recycled Zinc)_부산물-재활용아연,,1,RM_USAGE_TY,1
副产物产出,,,1,SCR_INDICATOR_CATEGORY,1
副原料,,Flux,1,RMAT_MAJ_KIND_TY,1
副总经理,,,1,POSITION_CD,1
割角,,,1,CC_CB_REPAIR_TY,1
加工配送,가공배송,,1,STOC_SALES_TY,1
加热炉,,,1,SCH_PLAN_PROJ_CD,1
加热炉,가열로,,1,SPR_PROC_CD,1
加热炉异常,가열로 이상,,2,ABNR_REASON_CD,1
加热炉车间,,,1,PARTS_DEPT,1
动力产出,,,1,MATERIAL_TYPE,1
动力投入,,,1,MATERIAL_TYPE,1
包含镀锌厚度,도금두께포함,,1,COAT_PROD_THK_TY,1
包晶钢保护渣,,,1,MOLD_POWDER_TY,1
包晶钢振动曲线,,,1,MOLD_OSCIL_TY,1
化产品水分,,,1,CHEM_CD,1
化产品灰分,,,1,CHEM_CD,1
化产系统,,,1,SCH_PLAN_PROJ_CD,1
北京市,,,2,CITY_CD,2
北出铁口,,,1,TAP_HOLE,1
千克,,,1,UOM_CD,1
千克/千瓦时,,kg/kW.h,1,UOM_CD_EG,1
千克/吨,,kg/t,1,UOM_CD_EG,1
千克标准煤/吨,,kgce/t,1,UOM_CD_EG,1
千瓦时,,,1,UOM_CD,1
千瓦时/吨,,kW.h/t,1,UOM_CD_EG,1
升,,,1,UOM_CD,1
"半光面,Ra≤0.9μm,不镀锌",,,1,SURF_TREAT_CD,1
"半光面,Ra≤0.9μm,小锌花",,,1,SURF_TREAT_CD,1
"半光面,Ra≤0.9μm,零锌花",,,1,SURF_TREAT_CD,1
"半光面,Ra≤0.9μm正常锌花",,,1,SURF_TREAT_CD,1
半成品,,Supply & Repre.Item name,1,RM_MAN_ITEM_DESC_TY,1
半成品.副产物.废阳极,,,1,CHEM_LVL2_CD,1
半成品.副产物.氧化铁皮,,,1,CHEM_LVL2_CD,1
半成品.副产物.炼铁,,,1,CHEM_LVL2_CD,1
半成品.副产物.焦化,,,1,CHEM_LVL2_CD,1
半成品.炼铁.烧结,,,1,CHEM_LVL2_CD,1
半成品.炼铁.烧结.烧结矿,,,1,CHEM_LVL3_CD,1
半成品.炼铁.球团,,,1,CHEM_LVL2_CD,1
半成品.炼铁.球团.球团矿,,,1,CHEM_LVL3_CD,1
半成品.炼铁.铁水,,,1,CHEM_LVL2_CD,1
半成品.炼铁.铁水.铁水,,,1,CHEM_LVL3_CD,1
半成品.炼铁.铸铁块,,,1,CHEM_LVL2_CD,1
半成品.炼铁.铸铁块.铸铁块,,,1,CHEM_LVL3_CD,1
半成品.焦化.焦炭,,,1,CHEM_LVL2_CD,1
半成品.焦化.焦炭.焦炭,,,1,CHEM_LVL3_CD,1
华东,,,2,REGION_CD,2
华中,,,2,REGION_CD,2
华北,,,2,REGION_CD,2
华南,,,2,REGION_CD,2
华辰 1,,,1,ROLL_GRIND_MC_NO,1
华辰 2,,,1,ROLL_GRIND_MC_NO,1
华辰 3,,,1,ROLL_GRIND_MC_NO,1
协议,,,1,JDG_HOLD_ACTION_GRD,1
协议材,,,4,APPRD_GRD,4
单价,,,3,CHARTS_FIELD_LOV,3
单位成本,,,3,CHARTS_FIELD_LOV,3
单位长度内峰值个数(Rpc),,Rpc,1,ROUGH_KIND,1
单耗,,,3,CHARTS_FIELD_LOV,3
单耗单价总耗显示空,,,1,ITEM_HIDDEN_LOV,1
单耗单价显示空,,,1,ITEM_HIDDEN_LOV,1
单面涂油,,,1,OIL_MTH_CD,1
南出铁口,,,1,TAP_HOLE,1
卡粉,,,1,MATERIAL_CD,1
卷,코일류,,1,QLT_PROD_SHP_YP,1
卷取内径不合,,Coiling internal diameter unqualified,2,APPR_DEF_CD,1
卷取划伤,,Scratch,1,APPR_DEF_CD,1
卷渣,,Involved Slag,1,APPR_DEF_CD,1
卷轧,,,1,ROLL_WAY,1
卷轧头尾钢板,,,1,APPR_DEF_CD,1
卸料机,,Exit,1,IR_CHE_IMPT_ISS_TY,1
卸车等待,,Unoading Waite,1,TRANS_PROG_STS,1
厂内调拨先毛后皮,,,1,MTL_TRANS_TYPES,1
厂内调拨先皮后毛,,,1,MTL_TRANS_TYPES,1
压制缺口,,,1,DWTT_CREAK_CD,1
压力矫,압력교정,,1,APPR_FIN_MTH_CD,1
压痕,,,1,APPR_DEF_CD,1
压痕,,Press,1,APPR_DEF_CD,1
厘米,,,1,UOM_CD,1
厚度(0.50≤T<0.60mm),,,1,THK_GRP_ACT_CRL,1
厚度(0.50≤T<1.00mm),,,1,THK_GRP_PLAN_CRL,1
厚度(0.60≤T<0.70mm),,,1,THK_GRP_ACT_CRL,1
厚度(0.70≤T<0.80mm),,,1,THK_GRP_ACT_CRL,1
厚度(0.80≤T<1.00mm),,,1,THK_GRP_ACT_CRL,1
厚度(1.00≤T<1.20mm),,,1,THK_GRP_ACT_CRL,1
厚度(1.00≤T<2.00mm),,,1,THK_GRP_PLAN_CRL,1
厚度(1.20≤T<1.40mm),,,1,THK_GRP_ACT_CRL,1
厚度(1.40≤T<1.80mm),,,1,THK_GRP_ACT_CRL,1
厚度(1.80≤T<2.00mm),,,1,THK_GRP_ACT_CRL,1
厚度(1.80≤T<2.40mm),,,1,THK_GRP_ACT_HRL,1
厚度(100≤T<120mm),,,2,THK_GRP_ACT_PLT,2
厚度(10≤T<12mm),,,2,THK_GRP_ACT_PLT,2
厚度(12.70≤T<19.20mm),,,2,THK_GRP_ACT_HRL,2
厚度(120mm≤T),,,2,THK_GRP_ACT_PLT,2
厚度(12≤T<14mm),,,2,THK_GRP_ACT_PLT,2
厚度(12≤T<25mm),,,1,THK_GRP_PLAN_PLT,1
厚度(14≤T<16mm),,,2,THK_GRP_ACT_PLT,2
厚度(150mm),,,1,THK_GRP_ACT_SLAB,1
厚度(16≤T<20mm),,,2,THK_GRP_ACT_PLT,2
厚度(19.20mm≤T),,,2,THK_GRP_ACT_HRL,2
厚度(2.00mm≤T),,,1,THK_GRP_PLAN_CRL,1
厚度(2.00≤T<2.30mm),,,1,THK_GRP_ACT_CRL,1
厚度(2.40≤T<3.00mm),,,1,THK_GRP_ACT_HRL,1
厚度(200mm),,,1,THK_GRP_ACT_SLAB,1
厚度(20≤T<25mm),,,2,THK_GRP_ACT_PLT,2
厚度(230mm),,,1,THK_GRP_ACT_SLAB,1
厚度(250mm),,,1,THK_GRP_ACT_SLAB,1
厚度(25≤T<30mm),,,2,THK_GRP_ACT_PLT,2
厚度(25≤T<40mm),,,1,THK_GRP_PLAN_PLT,1
厚度(3.00≤T<12.70mm),,,1,THK_GRP_PLAN_HRL,1
厚度(3.00≤T<4.00mm),,,1,THK_GRP_ACT_HRL,1
厚度(300mm),,,1,THK_GRP_ACT_SLAB,1
厚度(30≤T<40mm),,,2,THK_GRP_ACT_PLT,2
厚度(4.00≤T<5.00mm),,,1,THK_GRP_ACT_HRL,1
厚度(4.5≤T<5mm),,,2,THK_GRP_ACT_PLT,2
厚度(40≤T<50mm),,,2,THK_GRP_ACT_PLT,2
厚度(40≤T<70mm),,,1,THK_GRP_PLAN_PLT,1
厚度(5.00≤T<6.00mm),,,1,THK_GRP_ACT_HRL,1
厚度(50≤T<70mm),,,2,THK_GRP_ACT_PLT,2
厚度(5≤T<6mm),,,2,THK_GRP_ACT_PLT,2
厚度(6.00≤T<8.00mm),,,1,THK_GRP_ACT_HRL,1
厚度(6≤T<8mm),,,2,THK_GRP_ACT_PLT,2
厚度(70mm≤T),,,1,THK_GRP_PLAN_PLT,1
厚度(70≤T<80mm),,,2,THK_GRP_ACT_PLT,2
厚度(8.00≤T<12.70mm),,,1,THK_GRP_ACT_HRL,1
厚度(80≤T<100mm),,,2,THK_GRP_ACT_PLT,2
厚度(8≤T<10mm),,,2,THK_GRP_ACT_PLT,2
厚度(T<0.50mm),,,1,THK_GRP_PLAN_CRL,1
厚度(T<1.80mm),,,1,THK_GRP_ACT_HRL,1
厚度(T<12mm),,,1,THK_GRP_PLAN_PLT,1
厚度(T<3.00mm),,,1,THK_GRP_PLAN_HRL,1
厚度(T<4.5mm),,,2,THK_GRP_ACT_PLT,2
厚度偏差,두께허용차,,1,QLT_SZSHP_TOL_CD,1
厚度方向采样,두께방향으로 시편채취,,28,BEND_SMP_SPCMN_DIR,28
厚度薄,,,1,APPR_DEF_CD,1
厚度薄,,Thick Under,4,APPR_DEF_CD,2
厚板,,,5,PROD_CD,5
厚板,,TMCP(API),1,PLAN_MECH,1
厚板,후판,,1,ROUTING_CD,1
厚板-包装,,,1,PROC_CD_ERP,1
厚板/炉卷 热处理,,Plate/Steckel Heating,1,ROUTING_CD,1
"厚板DS,DSS异常",후판전단설비이상,,1,ABNR_REASON_CD,1
厚板中间废品,,,1,ITEM_SPEC,1
厚板中间检查等待,후판압연검사대기,,1,PROG_CD,1
厚板作业,,,1,ERP_LOC_GRP,1
厚板作业区轧钢加热工机长,,,1,POSITION_CD,1
厚板作业区轧钢原料工原料验收,,,1,POSITION_CD,1
厚板作业区轧钢工粗、精轧机操作,,,1,POSITION_CD,1
厚板作业等待,후판압연작업대기,,1,PROG_CD,1
厚板入口保留,후판압연입측보류,,1,PROG_CD,1
厚板其他,후판기타,,1,ABNR_REASON_CD,1
厚板出口保留,후판압연출측보류,,1,PROG_CD,1
厚板制造标准,,,1,MFC_STD_TY,1
厚板包装,,,1,ROUTING_NO,1
厚板原料库,,,1,YD_GR_TP,1
厚板复合制坯铁皮,후판용접스케일,,1,ITEM_SPEC,1
厚板天车设备异常,후판Crane설비이상,,1,ABNR_REASON_CD,1
厚板工厂,,,1,SPR_FAC_CD,1
厚板库,,,1,INVENTORY_CD,1
厚板废板,,,1,ITEM_SPEC,1
厚板成品库,,,1,YD_GR_TP,1
厚板指示等待,후판압연지시대기,,1,PROG_CD,1
厚板普通钢中间废品,,,1,ITEM_SPEC,1
厚板板尾,,,1,ITEM_SPEC,1
厚板氧化铁皮,후판산화스케일,,1,ITEM_SPEC,1
厚板热处理,,,2,PROC_CD,2
厚板热处理废板,,,1,ITEM_SPEC,1
厚板特殊钢中间废品,,,1,ITEM_SPEC,1
厚板精整,,,3,PROC_CD,3
厚板精整中间检查等待,후판정정중간검사대기,,1,PROG_CD,1
厚板精整作业区轧钢成品工成品管理,,,1,POSITION_CD,1
厚板精整作业区轧钢精整工取样送样,,,1,POSITION_CD,1
厚板精整作业区轧钢精整工机长,,,1,POSITION_CD,1
厚板精整作业区轧钢精整工车底炉、缓冷坑,,,1,POSITION_CD,1
厚板精整作业区轧钢精整工钢板表面处理,,,1,POSITION_CD,1
厚板精整作业区轧钢精整工锯切、修磨、喷印,,,1,POSITION_CD,1
厚板精整作业等待,후판정정작업대기,,1,PROG_CD,1
厚板精整充当等待,후판정정충당대기,,1,PROG_CD,1
厚板精整入口保留,후판정정입측보류,,1,PROG_CD,1
厚板精整入库等待,후판정정입고대기,,1,PROG_CD,1
厚板精整出口保留,후판정정출측보류,,1,PROG_CD,1
厚板精整指示等待,후판정정지시대기,,1,PROG_CD,1
厚板精整运输等待,후판정정이송대기,,1,PROG_CD,1
厚板精整退库措施等待,후판정정반납조치대기,,1,PROG_CD,1
厚板精整铁皮,후판정정스케일,,1,ITEM_SPEC,1
厚板计划停休延迟,후판계획휴지지연,,1,ABNR_REASON_CD,1
厚板轧制,,,1,PROC_CD,1
厚板轧制设备异常,후판압연설비이상,,1,ABNR_REASON_CD,1
厚板轧钢,,,1,ROUTING_NO,1
厚板运输等待,후판압연이송대기,,1,PROG_CD,1
厚板退库措施等待,후판압연반납조치대기,,1,PROG_CD,1
原主材料投入,,,1,MATERIAL_TYPE,1
原料,,,8,AREA_CODE,8
原料.其他原料.后处理溶液.表面处理剂,,"Raw Material.Other Raw Materials.Post Treatment.Surface Treatment ,,,,",1,CHEM_LVL3_CD,1
原料.其他原料.增碳剂.增碳剂,,Raw Material.Other Raw Materials.Recarburizer.Recarburizer,1,CHEM_LVL3_CD,1
原料.其他原料.增碳剂.石墨转,,Raw Material.Other Raw Materials.Recarburizer.Graphite Briquette,1,CHEM_LVL3_CD,1
原料.其他原料.增碳剂.碳包芯线,,Raw Material.Other Raw Materials.Recarburizer.Carbon Cored Wire,1,CHEM_LVL3_CD,1
原料.其他原料.涂层剂.涂层剂,,"Raw Material.Other Raw Materials.Coating.Coating ,,,,",1,CHEM_LVL3_CD,1
原料.其他原料.熔剂.凝结剂,,Raw Material.Other Raw Materials.Flux.Slag Compounder,1,CHEM_LVL3_CD,1
原料.其他原料.熔剂.氧化铝,,Raw Material.Other Raw Materials.Flux.Alumina,1,CHEM_LVL3_CD,1
原料.其他原料.熔剂.泡沫扎抑制剂,,Raw Material.Other Raw Materials.Flux.Slag Foaming Restrainer,1,CHEM_LVL3_CD,1
原料.其他原料.熔剂.碳化稻壳,,,1,CHEM_LVL3_CD,1
原料.其他原料.熔剂.碳镁球,,,1,CHEM_LVL3_CD,1
原料.其他原料.熔剂.脱氧剂,,Raw Material.Other Raw Materials.Flux.Slag Deoxidizer,1,CHEM_LVL3_CD,1
原料.其他原料.熔剂.造渣剂,,,1,CHEM_LVL3_CD,1
原料.其他原料.熔剂.镇定剂,,Raw Material.Other Raw Materials.Flux.Slag Depressant,1,CHEM_LVL3_CD,1
原料.其他原料.熔剂.高碱溶剂,,Raw Material.Other Raw Materials.Flux.High Basicity,1,CHEM_LVL3_CD,1
原料.其他原料.脱硫剂.氧化钙,,Raw Material.Other Raw Materials.Desulfurization.CaO,1,CHEM_LVL3_CD,1
原料.其他原料.脱硫剂.氧化钙（高品级）,,Raw Material.Other Raw Materials.Desulfurization.CaO(High Grade),1,CHEM_LVL3_CD,1
原料.其他原料.脱硫剂.碳酸钙,,Raw Material.Other Raw Materials.Desulfurization.CaCO3,1,CHEM_LVL3_CD,1
原料.其他原料.脱硫剂.纯碱脱硫剂,,Raw Material.Other Raw Materials.Desulfurization.Soda Ashlight,1,CHEM_LVL3_CD,1
原料.其他原料.脱硫剂.镁脱硫剂,,Raw Material.Other Raw Materials.Desulfurization.Mg,1,CHEM_LVL3_CD,1
原料.其他原料.脱磷剂.脱磷剂,,Raw Material.Other Raw Materials.Dephosphorizing.Dephosphorizing,1,CHEM_LVL3_CD,1
原料.其他矿产.白云石.中块,,Raw Material.Minerals.Dolomite.Medium-Lump,1,CHEM_LVL3_CD,1
原料.其他矿产.白云石.小块,,Raw Material.Minerals.Dolomite.Small-Lump,1,CHEM_LVL3_CD,1
原料.其他矿产.白云石.炼铁粉,,Raw Material.Minerals.Dolomite.Fine,1,CHEM_LVL3_CD,1
原料.其他矿产.白云石.轻烧,,Raw Material.Minerals.Dolomite.Lightly Burned,1,CHEM_LVL3_CD,1
原料.其他矿产.硅石.块,,Raw Material.Minerals.Silica.Lump,1,CHEM_LVL3_CD,1
原料.其他矿产.硅石.粉,,Raw Material.Minerals.Silica.Fine,1,CHEM_LVL3_CD,1
原料.其他矿产.膨润土.粉,,Raw Material.Minerals.bentonite.Fine,1,CHEM_LVL3_CD,1
原料.其他矿产.萤石.块,,Raw Material.Minerals.Fluorite.Lump,1,CHEM_LVL3_CD,1
原料.其他矿产.萤石.煤饼,,Raw Material.Minerals.Fluorite.Briquette,1,CHEM_LVL3_CD,1
原料.其他矿产.萤石.精炼用萤石,,,1,CHEM_LVL3_CD,1
原料.其他矿产.蛇纹石.块矿,,Raw Material.Minerals.Serpentine .Lump,1,CHEM_LVL3_CD,1
原料.其他矿产.蛇纹石.粉矿,,Raw Material.Minerals.Serpentine .Fine,1,CHEM_LVL3_CD,1
原料.其他矿产.钛矿.块矿,,Raw Material.Minerals.Titanium Ore.Lump,1,CHEM_LVL3_CD,1
原料.其他矿产.锰矿.块矿,,Raw Material.Minerals.Mangan Ore.Lump,1,CHEM_LVL3_CD,1
原料.其他矿产.锰矿.粉矿,,Raw Material.Minerals.Mangan Ore.Fine,1,CHEM_LVL3_CD,1
原料.其他矿产.镍矿.块矿,,Raw Material.Minerals.Nickel ore.Lump,1,CHEM_LVL3_CD,1
原料.其他矿产.高硅块（海南）.块矿,,,1,CHEM_LVL3_CD,1
原料.含铁原料.其它.氧化铁皮,,,1,CHEM_LVL3_CD,1
原料.含铁原料.废铁类.test4,,test4,1,ITEM_SPEC,1
原料.含铁原料.废铁类.低级钢,,Raw Material.Metallics.Scrap.Low Grade Steel,1,CHEM_LVL3_CD,1
原料.含铁原料.废铁类.直接还原铁,,Raw Material.Metallics.Scrap.DRI (Direct Reduced Iron),1,CHEM_LVL3_CD,1
原料.含铁原料.废铁类.钢罐,,Raw Material.Metallics.Scrap.Steel Can,1,CHEM_LVL3_CD,1
原料.含铁原料.废铁类.高级钢,,Raw Material.Metallics.Scrap.High Grade Steel,1,CHEM_LVL3_CD,1
原料.煤炭.动力煤,동력용탄,,1,RMAT_DET_KIND_TY,1
原料.煤炭.动力煤.低硫原煤,,,1,CHEM_LVL3_CD,1
原料.煤炭.动力煤.高硫原煤,,,1,CHEM_LVL3_CD,1
原料.煤炭.喷吹煤,PCI탄,,1,RMAT_DET_KIND_TY,1
原料.煤炭.喷吹煤.喷吹无烟煤,,,1,CHEM_LVL3_CD,1
原料.煤炭.喷吹煤.喷吹烟煤,,,1,CHEM_LVL3_CD,1
原料.煤炭.喷吹煤.喷吹贫瘦煤,,,1,CHEM_LVL3_CD,1
原料.煤炭.炼焦煤,코크스용석탄,,1,RMAT_DET_KIND_TY,1
原料.煤炭.炼焦煤.1/3焦煤,,,2,CHEM_LVL3_CD,2
原料.煤炭.炼焦煤.其它炼焦煤,,,1,CHEM_LVL3_CD,1
原料.煤炭.炼焦煤.国内焦煤,,,2,CHEM_LVL3_CD,2
原料.煤炭.炼焦煤.气煤,,,2,CHEM_LVL3_CD,2
原料.煤炭.炼焦煤.气肥煤,,,1,CHEM_LVL3_CD,1
原料.煤炭.炼焦煤.瘦煤,,,2,CHEM_LVL3_CD,2
原料.煤炭.炼焦煤.肥煤,,,2,CHEM_LVL3_CD,2
原料.煤炭.炼焦煤.贫瘦煤,,,2,CHEM_LVL3_CD,2
原料.煤炭.炼焦煤.进口焦煤,,,2,CHEM_LVL3_CD,2
原料.煤炭.炼焦煤.高硫焦煤,,,1,CHEM_LVL3_CD,1
原料.煤炭.炼焦煤.高硫肥煤,,,1,CHEM_LVL3_CD,1
原料.煤炭.烧结用煤,소결용탄,,1,RMAT_DET_KIND_TY,1
原料.煤炭.烧结用煤.烧结无烟煤,,,1,CHEM_LVL3_CD,1
原料.煤炭.焦炭,코크스,,1,RMAT_DET_KIND_TY,1
原料.煤炭.焦炭.冶金焦,,,1,CHEM_LVL3_CD,1
原料.煤炭.焦炭.焦粉,,,1,CHEM_LVL3_CD,1
原料.铁合金.硅铁.硅铁FeSi75-A,,,1,CHEM_LVL3_CD,1
原料.铁合金.硅铁.硅铁FeSi75-B,,,1,CHEM_LVL3_CD,1
原料.铁合金.硅铁.硅铁包芯线,,,1,CHEM_LVL3_CD,1
原料.铁合金.锰硅合金.低磷低碳锰硅合金FeMn68Si16,,,1,CHEM_LVL3_CD,1
原料.铁合金.锰硅合金.低磷低碳锰硅合金FeMn70Si16,,,1,CHEM_LVL3_CD,1
原料.铁合金.锰硅合金.锰硅包芯线,,,1,CHEM_LVL3_CD,1
原料.铁合金.锰硅合金.锰硅合金FeMn68Si18,,,1,CHEM_LVL3_CD,1
原料.铁合金.锰铁.中碳锰铁FeMn78C2.0,,,1,CHEM_LVL3_CD,1
原料.铁合金.锰铁.低磷中碳锰铁FeMn78C2.0 SiⅠ,,,1,CHEM_LVL3_CD,1
原料.铁合金.锰铁.铝锰铁,,,1,CHEM_LVL3_CD,1
原料.铁合金.锰铁.高碳锰铁FeMn68,,,1,CHEM_LVL3_CD,1
原料.铁矿石.块矿,원료.철광석.괴광,,1,RMAT_DET_KIND_TY,1
原料.铁矿石.块矿.低铁块矿,,Raw Material.Iron Ore.Lump.Low Fe Iron Ore Lump,1,CHEM_LVL3_CD,1
原料.铁矿石.块矿.铁矿ROM,,Raw Material.Iron Ore.Lump.Iron Ore ROM,1,CHEM_LVL3_CD,1
原料.铁矿石.球团,원료.철광석.펠렛,,1,RMAT_DET_KIND_TY,1
原料.铁矿石.球团.国内球团矿,,,1,CHEM_LVL3_CD,1
原料.铁矿石.球团.国外球团矿,,,7,CHEM_LVL3_CD,1
原料.铁矿石.球团.标准,,Raw Material.Iron Ore.Pellet.Standard,1,CHEM_LVL3_CD,1
原料.铁矿石.球团.高强度,,Raw Material.Iron Ore.Pellet.High Strength,1,CHEM_LVL3_CD,1
原料.铁矿石.粉矿,원료.철광석.분광,,1,RMAT_DET_KIND_TY,1
原料.铁矿石.粉矿.低铁,,Raw Material.Iron Ore.Fine.Low Fe,1,CHEM_LVL3_CD,1
原料.铁矿石.粉矿.低铁低铝,,Raw Material.Iron Ore.Fine.Low Fe and Low Alumina,1,CHEM_LVL3_CD,1
原料.铁矿石.粉矿.低铁高铝,,Raw Material.Iron Ore.Fine.Low Fe and High Alumina,1,CHEM_LVL3_CD,1
原料.铁矿石.粉矿.高铁低铝（低硅）,,Raw Material.Iron Ore.Fine.High Fe and Low Alumina (Low Silica),1,CHEM_LVL3_CD,1
原料.铁矿石.粉矿.高铁低铝（高硅）,,Raw Material.Iron Ore.Fine.High Fe and Low Alumina (High Silica),1,CHEM_LVL3_CD,1
原料.铁矿石.粉矿.高铁高铝,,Raw Material.Iron Ore.Fine.High Fe and High Alumina,1,CHEM_LVL3_CD,1
原料.铁矿石.赤铁粉,원료.철광석.적철분,,1,RMAT_DET_KIND_TY,1
原料.铁矿石.赤铁粉.赤铁粉,,Raw Material.Iron Ore.Hematite Powder.Hematite Powder,1,CHEM_LVL3_CD,1
原料.铁矿石.铁精粉,원료.철광석.철정분,,1,RMAT_DET_KIND_TY,1
原料.铁矿石.铁精粉.国内铁精粉,,Raw Material.Iron Ore.Iron Powder.Domestic,1,CHEM_LVL3_CD,1
原料.铁矿石.铁精粉.进口铁精粉,,Raw Material.Iron Ore.Iron Powder.Import,1,CHEM_LVL3_CD,1
原料.非铁类金属.其它.其它,,Non Ferro Metals.etc..etc.,1,CHEM_LVL3_CD,1
原料.非铁类金属.线类.纯钙包芯线,,,1,CHEM_LVL3_CD,1
原料.非铁类金属.线类.线,,Raw Material.Non Ferro Metals.Wire.Wire,1,CHEM_LVL3_CD,1
原料.非铁类金属.线类.钛铁包芯线,,,1,CHEM_LVL3_CD,1
原料.非铁类金属.铝类.小球团（铝粒）,,Raw Material.Non Ferro Metals.Aluminium.Mini pellet,1,CHEM_LVL3_CD,1
原料.非铁类金属.铝类.条,,Raw Material.Non Ferro Metals.Aluminium.BAR,1,CHEM_LVL3_CD,1
原料.非铁类金属.铝类.球团,,Raw Material.Non Ferro Metals.Aluminium.Pellet,1,CHEM_LVL3_CD,1
原料.非铁类金属.铝类.线（铝线）,,Raw Material.Non Ferro Metals.Aluminium.Wire,1,CHEM_LVL3_CD,1
原料.非铁类金属.铝类.铸块,,Raw Material.Non Ferro Metals.Aluminium.INGOT,1,CHEM_LVL3_CD,1
原料.非铁类金属.锌类.再生锌,,Raw Material.Non Ferro Metals.Zinc.Recycled Zinc,1,CHEM_LVL3_CD,1
原料.非铁类金属.锌类.合金锌,,Raw Material.Non Ferro Metals.Zinc.Compounding Zinc,1,CHEM_LVL3_CD,1
原料.非铁类金属.锌类.普通锌,,Raw Material.Non Ferro Metals.Zinc.Pure Zinc,1,CHEM_LVL3_CD,1
原料.非铁类金属.锌类.热镀锌用锌合金锭,,Raw Material.Non Ferro Metals.Zinc,1,CHEM_LVL3_CD,1
原料.非铁类金属.锌类.热镀锌用锌调整锭,,Raw Material.Non Ferro Metals.Zinc,1,CHEM_LVL3_CD,1
原料.非铁类金属.锌类.组合锌,,Raw Material.Non Ferro Metals.Zinc.Mixed Zinc,1,CHEM_LVL3_CD,1
原料.非铁类金属.锌类.锌球,,Raw Material.Non Ferro Metals.Zinc.Zn-Ball,1,CHEM_LVL3_CD,1
原料作业区卸车机工汽车受卸操作,,,1,POSITION_CD,1
原料作业区堆取料机工堆取料机操作,,,1,POSITION_CD,1
原料作业区堆取料机工混匀堆取料机操作,,,1,POSITION_CD,1
原料作业区烧结原料工混匀配料矿槽,,,1,POSITION_CD,1
原料作业区烧结原料工烧结配料矿槽,,,1,POSITION_CD,1
原料作业区烧结原料工翻车机受料矿槽,,,1,POSITION_CD,1
原料作业区烧结原料工配料操作,,,1,POSITION_CD,1
原料作业区翻车机工翻车机室操作,,,1,POSITION_CD,1
原料冶炼分析室化学分析工原料烧结球团分析,,,1,POSITION_CD,1
原料冶炼分析室化学分析工油品分析,,,1,POSITION_CD,1
原料冶炼分析室化学分析工煤焦分析,,,1,POSITION_CD,1
原料冶炼分析室化学分析工铁钢化学分析,,,1,POSITION_CD,1
原料冶炼分析室取制样工人工取样兼现场制样,,,1,POSITION_CD,1
原料冶炼分析室取制样工远程监控操作,,,1,POSITION_CD,1
原料冶炼分析室物理性能检验工耐材分析、耐材普通制样,,,1,POSITION_CD,1
原料分析中心,원료부석센타,,1,ANALYSIS PLACE CODE,1
原料化验室,,,1,SMP_TRANS_TY,1
原料库,,,1,STORE_CD,1
原料异议,,,1,CHEM_REQ_PURPOSE_TY,1
原料稽查,,,1,CHEM_REQ_PURPOSE_TY,1
原板厚度（不包含镀锌厚度）,원판두께(도금두께미포함),,1,COAT_PROD_THK_TY,1
去头,,,1,FISH_TAIL_CD,1
去头去尾,,,1,FISH_TAIL_CD,1
去尾,,,1,FISH_TAIL_CD,1
双圆弧,,Radius1+ Radius2,1,ROLL_SHP_CD,1
双挡渣（double blocking slag）,,,1,SLAG_STOP_MTH,1
双面涂油,,,1,OIL_MTH_CD,1
反弯20°,,,1,BEND_CD,1
发电,,,1,USABLE_PROC_CD,1
发电作业区发电工发电运行,,,1,POSITION_CD,1
发电作业区发电工汽机与并网运行,,,1,POSITION_CD,1
发电作业区发电工汽机运行及锅炉,,,1,POSITION_CD,1
发电作业区电气维检工余热发电维检,,,1,POSITION_CD,1
发电作业区风机工鼓风机运行,,,1,POSITION_CD,1
发电系统,,,1,SCH_PLAN_PROJ_CD,1
发行,,,1,MTC_STS_CD,1
发货,,,2,PROC_CD,1
发货结束,,,1,DORD_STS,1
发货结束,,Dispatch Completion,1,ORD_STS,1
取,,,1,OPERATE_TYPE,1
取样,,,2,CLASSSIFICATION,2
取样剪,,Sampling Shear Knife,1,KNIFE_TY,1
取样实绩录入日期,,,1,SEARCH_KEY1,1
取消,,,2,STOCK_STS,2
取消确认,,,1,ENERGY_STATE,1
取消订单,취소주문,,1,ABNR_REASON_CD,1
变更工序,행선변경,,1,TRNSF_REASON_CD,1
只回火,,,1,HTM_WORK_TY,1
只正火,,,1,HTM_WORK_TY,1
只淬火,,,1,HTM_WORK_TY,1
可,,Yes,1,QLT_PROC_YN,1
可剖分设计宽度基准,배폭설계가능폭,,1,PLT_DGN_STD,1
可同一Cast钢种,,,1,ATL_STEEL_GRD_TY,1
可同一Heat钢种,,,1,ATL_STEEL_GRD_TY,1
可生产长度FT产品长度基准,길이FT생산가능제품길이,,1,PLT_DGN_STD,1
可退库,,,1,RTN_INQ_TY,1
台,,,1,UOM_CD,1
台湾省,,,2,CITY_CD,2
合成,합성,,1,QLT_DSN_STD_TY,1
合成分元素1,,CCP1,1,QLT_CHEM_CD,1
合成分元素2,,CCP2,1,QLT_CHEM_CD,1
合成分元素3,,CCP3,1,QLT_CHEM_CD,1
合成分元素4,,CCP4,1,QLT_CHEM_CD,1
合成分元素5,,CCP5,1,QLT_CHEM_CD,1
合格,,,6,APPRD_GRD,6
合格,,surface quality qualification,1,QUALITY_FLAG,1
合格,합격품,,1,PROD_TOT_JDG_GRD,1
合格品,,,1,SURF_GRD_CR,1
合订单,,PASS,1,UST_GRD,1
合金,,,1,MTRL_TYPE,1
合金锌,,Non Ferro Metals.Zinc,1,ITEM_SPEC,1
吉林省,,,1,PROVINCE_CD,1
吉林省吉林市,,,1,CITY_CD,1
吉林省四平市,,,1,CITY_CD,1
吉林省延边朝鲜族自治州,,,1,CITY_CD,1
吉林省松原市,,,1,CITY_CD,1
吉林省白城市,,,1,CITY_CD,1
吉林省白山市,,,1,CITY_CD,1
吉林省辽源市,,,1,CITY_CD,1
吉林省通化市,,,1,CITY_CD,1
吉林省长春市,,,1,CITY_CD,1
吉焦,,,1,UOM_CD,1
同炉号、同厚度、同宽度组成1批,,,28,BEND_SMP_CND,28
同炉号、同牌号、同轧制状态、同厚度,,,1,MECH_SMP_CND,1
同炉号、同牌号、同轧制状态、同厚度、每批不超过20t,,,1,MECH_SMP_CND,1
同炉号、同牌号、同轧制状态、同厚度、每批不超过25t,,,1,MECH_SMP_CND,1
同炉号、同牌号、同轧制状态、同厚度、每批不超过30t,,,1,MECH_SMP_CND,1
同炉号、同牌号、同轧制状态、同厚度、每批不超过40t,,,1,MECH_SMP_CND,1
同炉号、同牌号、同轧制状态、同厚度、每批不超过50t,,,1,MECH_SMP_CND,1
同炉号、同牌号、同轧制状态、同厚度，每批不超过100t,,,1,MECH_SMP_CND,1
同炉号、同牌号、同轧制状态、同厚度，每批不超过40t,,,28,BEND_SMP_CND,28
同炉号、同牌号、同轧制状态、同厚度，每批不超过50t,,,28,BEND_SMP_CND,28
同炉号、同牌号、同轧制状态、同厚度，每批不超过60t,,,29,BEND_SMP_CND,29
同炉号、同牌号、同轧制状态、同厚度，每批不超过60t;若单卷＞30吨，则可2卷组1批,,,28,BEND_SMP_CND,28
同炉号、同牌号、同轧制状态、同厚度，每批不超过70t,,,1,MECH_SMP_CND,1
同炉号、同牌号、同轧制状态、同厚度，每批不超过80t,,,1,MECH_SMP_CND,1
同炉号、同牌号、同轧制状态、最大厚度,,,1,MECH_SMP_CND,1
同炉次、同牌号、同轧制状态、同厚度,,,28,BEND_SMP_CND,28
同炉次、同牌号、同轧制状态、同厚度为1批，批重量≤50t时正常取1组样；批重量＞50t时增加1个拉伸样,,,28,BEND_SMP_CND,28
否,,,12,DE_P_YN,12
否,,NO,1,USE_YN,1
否,,No,1,QLT_PROC_YN,1
吨,,,1,UOM_CD,1
吨（t）,,,1,WGT_UNIT_CD,1
含铁原料,철원류,,1,RM_SHIP_DIS_ITEM_TP_TY,1
含铁原料-其它,Metallics(etc)_철원류-기타,,1,RM_USAGE_TY,1
含铁原料-废铁类,Metallics(Scrap)_철원류-고철류,,1,RM_USAGE_TY,1
含铁原料.其它,,Metallics.etc.,1,CHEM_LVL2_CD,1
含铁原料.废铁类,,Metallics.Scrap,1,CHEM_LVL2_CD,1
吴成东,,,1,DRIVER_NM,1
吴集,,,1,RAIL_STATION,1
吸蓝量,,,1,CHEM_CD,1
吹氩站,,,1,USABLE_PROC_CD,1
吹氩站,,1 WF,1,CHEM_LVL2_CD,1
吹氩站钢样,아르곤 넣는곳의  강철 시료,,4,CHEM_LVL3_CD,1
周亮,,,1,DRIVER_NM,1
周名见,,,1,DRIVER_NM,1
哈氏可磨指数,,,1,CHEM_CD,1
商业承兑价（免贴息）,상업인수가 - 어음할인료면제,,1,PAY_TERMS,1
商业承兑汇票,상업인수어음,,1,COLLECTION_TY,1
喷吹无烟煤,,,1,ITEM_SPEC,1
喷吹烟煤,,,1,ITEM_SPEC,1
喷吹煤 (PCI),,,1,PLAN_DETAIL,1
喷吹煤 (PCI),,Dross.Iron Making,1,ITEM_SPEC,1
喷吹贫瘦煤,,,1,ITEM_SPEC,1
喷煤制粉,,,1,SCH_PLAN_PROJ_CD,1
喷煤车间,,,1,SIS_ORG_DEPT,1
噻吩,,,1,CHEM_CD,1
四分之一,,,1,HARD_SMP_LOC,1
四切,,,1,MACHINE_TY,1
四号堆取料机,,,1,OPERATE_MACHINE,1
四川省,,,1,PROVINCE_CD,1
四川省乐山市,,,1,CITY_CD,1
四川省内江市,,,1,CITY_CD,1
四川省凉山彝族自治州,,,1,CITY_CD,1
四川省南充市,,,1,CITY_CD,1
四川省宜宾市,,,1,CITY_CD,1
四川省巴中市,,,1,CITY_CD,1
四川省广元市,,,1,CITY_CD,1
四川省广安市,,,1,CITY_CD,1
四川省德阳市,,,1,CITY_CD,1
四川省成都市,,,1,CITY_CD,1
四川省攀枝花市,,,1,CITY_CD,1
四川省泸州市,,,1,CITY_CD,1
四川省甘孜藏族自治州,,,1,CITY_CD,1
四川省眉山市,,,1,CITY_CD,1
四川省绵阳市,,,1,CITY_CD,1
四川省自贡市,,,1,CITY_CD,1
四川省资阳市,,,1,CITY_CD,1
四川省达州市,,,1,CITY_CD,1
四川省遂宁市,,,1,CITY_CD,1
四川省阿坝藏族羌族自治州,,,1,CITY_CD,1
四川省雅安市,,,1,CITY_CD,1
回原料库,,,1,REJECT_CD,1
回弹测试,,,1,QLT_PHYTST_CD,1
回弹角θ,,,1,SPRBCK_CD,1
回弹量η,,,1,SPRBCK_CD,1
回收中,보상회수중,,1,CLAIM_STS_CD,1
回收中,조사회수중,,1,CLAIM_STS_CD,1
回收钢,회수고철,,1,ITEM_SPEC,1
回火,,,1,HTM_MTH_CD,1
回火,역화,,1,PLT_HEATING_CD,1
回炉,,,1,REJECT_TYPE,1
回转窑,,,1,SCH_PLAN_PROJ_CD,1
固体NaOH,,,1,CHEM_CD,1
固体燃料,,,1,SCR_INDICATOR_CATEGORY,1
固定单位成本,,,1,EXPENSE_FLAG,1
固定总成本,,,1,EXPENSE_FLAG,1
固定碳,,,1,CHEM_CD,1
固定费用,,,1,IMPORT_TYPE_LOV,1
国内,,Domestic,1,ORD_RCV_TY,1
国内信用证,국내신용장,,1,PAY_TERMS,1
国内客户,,,1,CUST_KIND,1
国内焦煤,,,1,ITEM_SPEC,1
国内球团矿,,Iron Ore.Pellet,1,ITEM_SPEC,1
国内铁精粉,,Iron Ore.Iron Powder,1,ITEM_SPEC,1
国外客户,,,1,CUST_KIND,1
国家产品成分偏差标准,국가제품성분허용차기준,,1,PROD_CHEM_APL_TY,1
国家标准基准,국가표준,,1,QLT_DSN_STD_TY,1
国际标准,국제표준,,1,NATL_SPEC_ORG_CD,1
图油量试验两面涂油实绩,,,1,MECH_TEST_ITEM_CD,1
图油量试验正面涂油实绩,,,1,MECH_TEST_ITEM_CD,1
图油量试验背面涂油实绩,,,1,MECH_TEST_ITEM_CD,1
圆弧1,,Radius1,1,ROLL_SHP_CD,1
圆弧2,,Radius2,1,ROLL_SHP_CD,1
圆钢,,,1,SWR_STEEL_GRADE,1
圆锥轴承,,Radial bearing,1,BRG_TY,1
在炉时间超限,,,1,REJ_RSN,1
在炉时间超限,로내시간초과,,1,SPR_RJT_CAUSE_CD,1
在用,,In using,1,CAR_STS,1
在线切割,기계절단,,1,CUT_MTH_CD,1
地区,,,1,EXTRA_PRICE_ITEM,1
地点1,,,1,RM_REQ_SITE,1
地点2,,,1,RM_REQ_SITE,1
块,,Minerals.Fluorite,1,ITEM_SPEC,1
块,,Minerals.Silica,1,ITEM_SPEC,1
块矿,,,1,ITEM_SPEC,1
块矿,,Minerals.Mangan Ore,1,ITEM_SPEC,1
块矿,,Minerals.Nickel ore,1,ITEM_SPEC,1
块矿,,Minerals.Serpentine,1,ITEM_SPEC,1
块矿,,Minerals.Titanium Ore,1,ITEM_SPEC,1
块矿烘干车间,,,1,LOCATION,1
坯头,,slab head,1,APPR_DEF_CD,1
坯尾,,slab tail,1,APPR_DEF_CD,1
垂直于轧制方向,,,1,ROUGH_DIR,1
型钢类产业(Beam),,,1,ORD_USAGE_GRP1,1
埃里克森杯突试验,,,1,QLT_PHYTST_CD,1
基材判定,,Internal SLAB for making hot coil,1,JDG_REQ_GRD,1
堆,,,1,OPERATE_TYPE,1
堆取料机,,,1,SCH_PLAN_PROJ_CD,1
塔前硫化氢浓度,,,1,CHEM_CD,1
塔后硫化氢浓度,,,1,CHEM_CD,1
塔形,,Pyramid,2,APPR_DEF_CD,1
塔形,,Telescope,2,APPR_DEF_CD,2
增加取样,,,1,QLT_TRK_ABNR_ACTION_CD,1
增碳剂,,Other Raw Materials.Recarburizer,1,ITEM_SPEC,1
增碳剂-测试2,,,1,ITEM_SPEC,1
墨西哥块,,,2,BF_RETURN_FINES_RATE,2
备煤作业区配煤工配煤,,,1,POSITION_CD,1
备煤除尘灰,코크스석탄준비공정 발생 먼지,,1,ITEM_SPEC,1
复判,,,1,QLT_TRK_ABNR_ACTION_CD,1
复合制坯,,,3,PROC_CD_ERP,3
复合制坯切割屑,스크랩고철,,1,ITEM_SPEC,1
复合坯,,,1,PLT_DIR_CD,1
复合成分元素,복합성분원소,,1,QLT_CHEM_TY,1
复合板指标,,,1,QLT_PHYTST_CD,1
复层厚度实绩,,,1,MECH_TEST_ITEM_CD,1
复验,,,2,QLT_TRK_ABNR_ACTION_CD,2
复验待下指示,,,1,SMP_PROG_CD,1
复验待送样,,,1,SMP_PROG_CD,1
复验指示,,,1,SMP_PROG_CD,1
复验检验完成,,,1,SMP_PROG_CD,1
外倒,,,1,SLAB_DIR_DEST_FL,1
外卖,,,2,SLAB_DIR_DEST_FL,2
外卖取消,,,1,YD_MAP_ENVENT,1
外弯弯曲实绩,,,1,MECH_TEST_ITEM_CD,1
外观,,,1,CHEM_CD,1
外观原因,,,1,CLAIM_OCR_CAUSE_CD,1
外观待处理,열연압연출측보류,,1,PROG_CD,1
外观等级,,,1,RTN_PROC_REASON_CD,1
外购球返率,,,1,BF_RETURN_FINES_RATE,1
外贸,,,1,ORDER_TYPE_GRP,1
外销,,,1,PROD_TY,1
外销坯入库等待,,,1,PROG_CD,1
多头,,,1,SQM_RETAIN_REASON,1
夜班,,,3,SFT_NO,3
夜班,,Works Group,1,OPS_FT_SHT,1
大于等于,,,1,YIELD_STRG_RELA_CD,1
大类,,,1,USING_LEVEL,1
大纵裂,,,1,APPR_DEF_CD,1
天津市,,,2,CITY_CD,2
天车,,,2,SCH_PLAN_PROJ_CD,1
天车作业区,,,1,SMS_SUB_UNITS,1
天车设备异常,Crane이상,,1,ABNR_REASON_CD,1
失效,,,1,EVENT_STATUS,1
头尾清理,,,1,CC_CB_REPAIR_TY,1
头尾黑斑,,Head and tail dark spots,1,APPR_DEF_CD,1
夹杂,,,1,APPR_DEF_CD,1
夹杂,,Inclusions,3,APPR_DEF_CD,2
夹杂物类别_A+C实绩,,,1,MECH_TEST_ITEM_CD,1
夹杂物类别_A类实绩,,,1,MECH_TEST_ITEM_CD,1
夹杂物类别_A类（粗系）实绩,,,1,MECH_TEST_ITEM_CD,1
夹杂物类别_A类（细系）实绩,,,1,MECH_TEST_ITEM_CD,1
夹杂物类别_B+D+Ds实绩,,,1,MECH_TEST_ITEM_CD,1
夹杂物类别_B类实绩,,,1,MECH_TEST_ITEM_CD,1
夹杂物类别_B类（粗系）实绩,,,1,MECH_TEST_ITEM_CD,1
夹杂物类别_B类（细系）实绩,,,1,MECH_TEST_ITEM_CD,1
夹杂物类别_C类实绩,,,1,MECH_TEST_ITEM_CD,1
夹杂物类别_C类（粗系）实绩,,,1,MECH_TEST_ITEM_CD,1
夹杂物类别_C类（细系）实绩,,,1,MECH_TEST_ITEM_CD,1
夹杂物类别_D类实绩,,,1,MECH_TEST_ITEM_CD,1
夹杂物类别_D类（粗系）实绩,,,1,MECH_TEST_ITEM_CD,1
夹杂物类别_D类（细系）实绩,,,1,MECH_TEST_ITEM_CD,1
夹杂翘皮,,inclusions upwarping,1,APPR_DEF_CD,1
套,,,1,UOM_CD,1
女,,,1,USER_SEX,1
女,,Female,1,GENDER_CD,1
孔洞,,Hole,4,APPR_DEF_CD,2
孙耀,,,1,DRIVER_NM,1
孟小丽,,,1,DRIVER_NM,1
孟祥明,,,1,DRIVER_NM,1
宁夏回族自治区,,,1,PROVINCE_CD,1
宁夏回族自治区中卫市,,,1,CITY_CD,1
宁夏回族自治区吴忠市,,,1,CITY_CD,1
宁夏回族自治区固原市,,,1,CITY_CD,1
宁夏回族自治区石嘴山市,,,1,CITY_CD,1
宁夏回族自治区银川市,,,1,CITY_CD,1
安全环保参数,,,1,SCR_INDICATOR_CATEGORY,1
安徽省,,,1,PROVINCE_CD,1
安徽省亳州市,,,1,CITY_CD,1
安徽省六安市,,,1,CITY_CD,1
安徽省合肥市,,,1,CITY_CD,1
安徽省安庆市,,,1,CITY_CD,1
安徽省宣城市,,,1,CITY_CD,1
安徽省宿州市,,,1,CITY_CD,1
安徽省池州市,,,1,CITY_CD,1
安徽省淮北市,,,1,CITY_CD,1
安徽省淮南市,,,1,CITY_CD,1
安徽省滁州市,,,1,CITY_CD,1
安徽省芜湖市,,,1,CITY_CD,1
安徽省蚌埠市,,,1,CITY_CD,1
安徽省铜陵市,,,1,CITY_CD,1
安徽省阜阳市,,,1,CITY_CD,1
安徽省马鞍山市,,,1,CITY_CD,1
安徽省黄山市,,,1,CITY_CD,1
完工,,,1,YD_JL_MTL_TRANS_TYPES,1
完工退回,,,1,YD_JL_MTL_TRANS_TYPES,1
完成,,,2,APPR_JDG_YN,2
完成,보상완료,,1,CLAIM_STS_CD,1
完成,완료,,1,RM_UNLOAD_PROG_TY,1
完成,조사완료,,1,CLAIM_STS_CD,1
完成状态,,,1,LES_STAUS,1
定价方式,,,1,EXTRA_PRICE_ITEM,1
定金订货,보증금주문,,1,PAY_MTH_CD,1
实时值,,,1,INDICATOR_SOURCE,1
实绩复合元素3值,,CET(%),1,MECH_TEST_ITEM_CD,1
实绩复合元素4值,,CEQ-AWS(%),1,MECH_TEST_ITEM_CD,1
实绩复合元素5值,,CEQ-JIS(%),1,MECH_TEST_ITEM_CD,1
实际重量,,Actual weight,1,WGT_DECISION_MTH,1
实际重量,,Net Actual Weight,1,WGT_DCN_MTH_CD,1
审核,,,1,DATA_STATE,1
客户,,,1,ISCUSTOMER,1
客户保证基准,고객보증,,2,QLT_DSN_PRDCHEM_STD_TY,2
客户保证编号,,,1,EXTRA_PRICE_ITEM,1
客户保证编号,고객보증,,1,SZSHP_TOL_DSN_STD_TY,1
客户保证（国家成分标准+国家产品成分偏差标准）,고객요청(국가성분표준+국가제품성분허용차표준),,1,PROD_CHEM_APL_TY,1
客户保证（客户产品成分保证基准）,고객요청(고객제품성분보증기준),,1,PROD_CHEM_APL_TY,1
客户保证（客户成分保证+国家产品成分偏差标准）,고객요청(고객성분보증+국가제품성분허용차표준),,1,PROD_CHEM_APL_TY,1
客户指定防锈油,고객지정방청유,,1,ANTRST_OIL_KIND,1
客户期望交付期,,,1,CAL_TYPE_CD,1
客户相同,,,1,LOC_SEARCH_TY,1
客户要求,,Customer Request,1,RTN_PROD_REASON_CD,1
客户车辆,,Customer Vehicle,1,CAR_OWNER_TY,1
家电用钢,가전용강/家电用钢,,1,DEPT_CD,1
容器用钢,,,2,ORD_USAGE_GRP2,2
容器钢板,,,1,ITEM_LTY,1
容重,,,1,CHEM_CD,1
宽厚板,,,1,CENTER_LOV,1
宽厚板成本,,,2,JOB_COST_TYPE,2
宽厚板板头,후판절단고철A,,1,ITEM_SPEC,1
宽厚板板边,후판절단고철B,,1,ITEM_SPEC,1
宽度(1000≤W<1100mm),,,1,WTH_GRP_ACT_CRL,1
宽度(1100≤W<1200mm),,,1,WTH_GRP_ACT_CRL,1
宽度(1100≤W<1300mm),,,1,WTH_GRP_ACT_STK,1
宽度(1130≤W<1330mm),,,1,WTH_GRP_ACT_HRL,1
宽度(1180≤W<1380mm),,,1,WTH_GRP_ACT_SLAB,1
宽度(1200≤W<1300mm),,,1,WTH_GRP_ACT_CRL,1
宽度(1300≤W<1400mm),,,1,WTH_GRP_ACT_CRL,1
宽度(1300≤W<1520mm),,,1,WTH_GRP_ACT_STK,1
宽度(1330≤W<1530mm),,,1,WTH_GRP_ACT_HRL,1
宽度(1380≤W<1600mm),,,1,WTH_GRP_ACT_SLAB,1
宽度(1400≤W<1500mm),,,1,WTH_GRP_ACT_CRL,1
宽度(1500≤W<1600mm),,,1,WTH_GRP_ACT_CRL,1
宽度(1520≤W<1720mm),,,1,WTH_GRP_ACT_STK,1
宽度(1530≤W<1730mm),,,1,WTH_GRP_ACT_HRL,1
宽度(1600≤W<1700mm),,,1,WTH_GRP_ACT_CRL,1
宽度(1600≤W<1800mm),,,1,WTH_GRP_ACT_SLAB,1
宽度(1700≤W<1800mm),,,1,WTH_GRP_ACT_CRL,1
宽度(1720≤W<1920mm),,,1,WTH_GRP_ACT_STK,1
宽度(1730mm≤W),,,1,WTH_GRP_ACT_HRL,1
宽度(1800≤W<1900mm),,,1,WTH_GRP_ACT_CRL,1
宽度(1800≤W<2000mm),,,1,WTH_GRP_ACT_SLAB,1
宽度(1900mm<W),,,1,WTH_GRP_ACT_CRL,1
宽度(1920≤W<2220mm),,,1,WTH_GRP_ACT_STK,1
宽度(2000≤W<2200mm),,,1,WTH_GRP_ACT_PLT,1
宽度(2000≤W<2300mm),,,1,WTH_GRP_ACT_SLAB,1
宽度(2200≤W<2400mm),,,1,WTH_GRP_ACT_PLT,1
宽度(2220≤W<2420mm),,,1,WTH_GRP_ACT_STK,1
宽度(2300≤W<2500mm),,,1,WTH_GRP_ACT_SLAB,1
宽度(2400≤W<2800mm),,,2,WTH_GRP_ACT_PLT,1
宽度(2420≤W<2820mm),,,1,WTH_GRP_ACT_STK,1
宽度(2500≤W<2900mm),,,1,WTH_GRP_ACT_SLAB,1
宽度(2800≤W<3000mm),,,1,WTH_GRP_ACT_PLT,1
宽度(2820≤W<3020mm),,,1,WTH_GRP_ACT_STK,1
宽度(2900≤W<3100mm),,,1,WTH_GRP_ACT_SLAB,1
宽度(3000≤W<3200mm),,,1,WTH_GRP_ACT_PLT,1
宽度(3020≤W),,,1,WTH_GRP_ACT_STK,1
宽度(3100mm≤W),,,1,WTH_GRP_ACT_SLAB,1
宽度(3200≤W<3400mm),,,1,WTH_GRP_ACT_PLT,1
宽度(3400≤W<3600mm),,,1,WTH_GRP_ACT_PLT,1
宽度(3600≤W<3800mm),,,1,WTH_GRP_ACT_PLT,1
宽度(3800≤W<4000mm),,,1,WTH_GRP_ACT_PLT,1
宽度(4000≤W<4200mm),,,1,WTH_GRP_ACT_PLT,1
宽度(4200mm≤W),,,1,WTH_GRP_ACT_PLT,1
宽度(900≤W<1000mm),,,1,WTH_GRP_ACT_CRL,1
宽度(900≤W<1100mm),,,1,WTH_GRP_ACT_STK,1
宽度(930≤W<1130mm),,,1,WTH_GRP_ACT_HRL,1
宽度(980≤W<1180mm),,,1,WTH_GRP_ACT_SLAB,1
宽度(W<2000mm),,,1,WTH_GRP_ACT_PLT,1
宽度(W<900mm),,,2,WTH_GRP_ACT_CRL,2
宽度(W<930mm),,,1,WTH_GRP_ACT_HRL,1
宽度(W<980mm),,,1,WTH_GRP_ACT_SLAB,1
宽度偏差,폭허용차,,1,QLT_SZSHP_TOL_CD,1
宽度定尺（长度范围定尺）,,,1,ORD_SIZE_TY,1
宽度方向,폭방향으로 시편채취,,1,MECH_SMP_SPCMN_DIR,1
宽度方向采样,폭방향으로 시편채취,,22,BEND_SMP_SPCMN_DIR,22
宽度窄,,,1,APPR_DEF_CD,1
宽度窄,,Width Under,4,APPR_DEF_CD,2
宽窄印,,Wide and narrow mark,1,APPR_DEF_CD,1
宽窄印,,coating cross striation,1,APPR_DEF_CD,1
密度,,,1,CHEM_CD,1
密度（20℃）,,,1,CHEM_CD,1
密集细线状钝化辊印,,Dense linear passivation roller imprint,1,APPR_DEF_CD,1
对角线的两角部位,,,29,BEND_SMP_WTH_LOC,29
对象,,,1,TARGET_FL,1
射线探伤,,,1,UST_MTH_CD,1
小于,,,1,YIELD_STRG_RELA_CD,1
小块,,Minerals.Dolomite,1,ITEM_SPEC,1
小块,,Minerals.Limestone,1,ITEM_SPEC,1
小时,,,1,UOM_CD,1
小球团（铝粒）,,Non Ferro Metals.Aluminium,1,ITEM_SPEC,1
小类,,,1,USING_LEVEL,1
小纵裂,,,1,APPR_DEF_CD,1
尘,,Dust,1,PLAN_DETAIL,1
尘,먼지,,1,ITEM_SPEC,1
尺寸不合,성분이상,,1,CLAIM_OCR_CAUSE_CD,1
尺寸形状偏差,치수형상허용차,,1,NATL_TOL_SPEC_TY,1
尺寸缺陷,Size결함,,1,APPR_DEF_CD1,1
尾部,,,1,MECH_SMP_LTH_LOC,1
展宽比基准,폭출값,,1,PLT_DGN_STD,1
山东省,,,1,PROVINCE_CD,1
山东省东营市,,,1,CITY_CD,1
山东省临沂市,,,1,CITY_CD,1
山东省威海市,,,1,CITY_CD,1
山东省德州市,,,1,CITY_CD,1
山东省日照市,,,1,CITY_CD,1
山东省日照市东港区临钢路1号,,"No. 1, Lingang Road, Donggang District, Rizhao City, Shandong Province, P.R.China",1,MTC_REMARK_ADDRESS,1
山东省枣庄市,,,1,CITY_CD,1
山东省泰安市,,,1,CITY_CD,1
山东省济南市,,,1,CITY_CD,1
山东省济宁市,,,1,CITY_CD,1
山东省淄博市,,,1,CITY_CD,1
山东省滨州市,,,1,CITY_CD,1
山东省潍坊市,,,1,CITY_CD,1
山东省烟台市,,,1,CITY_CD,1
山东省聊城市,,,1,CITY_CD,1
山东省菏泽市,,,1,CITY_CD,1
山东省青岛市,,,1,CITY_CD,1
山东钢铁集团日照有限公司,,,1,DEPT_CD,1
山东钢铁集团日照有限公司人力资源部编制定员科,,,1,DEPT_CD,1
山峰裂,,,1,APPR_DEF_CD,1
山西省,,,1,PROVINCE_CD,1
山西省临汾市,,,1,CITY_CD,1
山西省吕梁市,,,1,CITY_CD,1
山西省大同市,,,1,CITY_CD,1
山西省太原市,,,1,CITY_CD,1
山西省忻州市,,,1,CITY_CD,1
山西省晋中市,,,1,CITY_CD,1
山西省晋城市,,,1,CITY_CD,1
山西省朔州市,,,1,CITY_CD,1
山西省运城市,,,1,CITY_CD,1
山西省长治市,,,1,CITY_CD,1
山西省阳泉市,,,1,CITY_CD,1
岚山港,,"Lanshan Port, China",1,STATION_CD,1
岚山港3,,,1,PORT_ALIAS,1
岚山站,,,1,ARR_STATION,1
岚山站1,,,1,ARR_STATION,1
岚桥港,,"Lanqiao Port, China",1,STATION_CD,1
岚桥港4,,,1,PORT_ALIAS,1
工业合成盐酸,,,1,CHEM_CD,1
工业盐,,,1,CHEM_CD,1
工业硫酸,,,1,CHEM_CD,1
工业碳酸钠,,,1,CHEM_CD,1
工序其他,공정기타,,1,ABNR_REASON_CD,1
工序计划等待,공정계획 투입대기,,1,ORD_PROG_STS,1
工序计划编制中（材料设计完成）,공정계획 투입하여 계획편성중이거나 재료설계완료,,1,ORD_PROG_STS,1
工序设计MISS,공정설계MISS,,1,ABNR_REASON_CD,1
工程管理部,,,1,DEPT_CD,1
工程管理部土建结构管理区域师,,,1,POSITION_CD,1
已保存,,,1,SQM_STATE,1
已出炉,,,1,CH_OR_DIS,1
已删除,,,1,DATA_STATE,1
已发布,,,3,SQM_STATE,3
已喷印,,,1,MARK_YN,1
已在线修磨,,,1,GRIND_YN,1
已处置,,,1,DISPOSE_STATUS,1
已完成,,,1,RTN_INQ_TY1,1
已审核,,,1,SCH_PLAN_STATUS_CD,1
已接收,,,1,ACCEPT_YN,1
已提交,,,1,SCH_PLAN_STATUS_CD,1
已撤回,,,1,STATUS_LOV,1
已申请,,,2,RTN_INQ_TY,2
已确认,,,3,BEFOR_STATUS_LOV,3
已结束,,,1,IS_END,1
已计划，等待运行,,,1,JOB_STATUS_LOV,1
巴西块矿,,,1,BF_RETURN_FINES_RATE,1
市场部党委书记,,,1,POSITION_CD,1
市场部副产品销售区域师,,,1,POSITION_CD,1
市场部副部长,,,1,POSITION_CD,1
市场部机械设备及备件采购业务主管,,,1,POSITION_CD,1
市场部机械设备及备件采购业务经理,,,1,POSITION_CD,1
市场部部长,,,1,POSITION_CD,1
布料系统,,,1,SCH_PLAN_PROJ_CD,1
布氏硬度,,,1,HARD_KIND,1
布袋除尘,,,1,SCH_PLAN_PROJ_CD,1
带焊缝,,dezincification,1,APPR_DEF_CD,1
常规,,,1,SMP_STATUS,1
常规 + 最大模拟焊后热处理,,,1,SMP_STATUS,1
常规 + 最小模拟焊后热处理,,,1,SMP_STATUS,1
常规 + 模拟焊后热处理,,,1,SMP_STATUS,1
常规 + 模拟焊后热处理 + 最大模拟焊后热处理,,,1,SMP_STATUS,1
常规 + 模拟焊后热处理 + 最大模拟焊后热处理 + 最小模拟焊后热处理,,,1,SMP_STATUS,1
常规 + 模拟焊后热处理 + 最小模拟焊后热处理,,,1,SMP_STATUS,1
常规委托,,,1,CHEM_REQ_TYPE,1
常规轧制,,,1,PLT_CR_CD,1
干渣,용선슬래그(냉선-대),,1,ITEM_SPEC,1
干点（101 325Pa）,,,1,CHEM_CD,1
干熄焦+余热发电,,,1,SCH_PLAN_PROJ_CD,1
干熄焦作业区化学分析工循环气体分析,,,1,POSITION_CD,1
干熄焦作业区干熄焦工干熄焦主控操作,,,1,POSITION_CD,1
干熄焦作业区干熄焦工熄焦设备巡检,,,1,POSITION_CD,1
干熄焦发电,,,1,SCH_PROC_MATE,1
干熄焦除尘灰-中小颗粒,CDQ중소입자,,1,ITEM_SPEC,1
干熄焦除尘灰-微颗粒,CDQ미세입자,,1,ITEM_SPEC,1
平均粒度（MM）,,,1,CHEM_CD,1
平整,,,1,CLASSSIFICATION,1
平整勒印,,Flat mark,1,APPR_DEF_CD,1
平整液斑迹,,Flat liquid stains,1,APPR_DEF_CD,1
平整黄膜,,Smooth yellow membrane,1,APPR_DEF_CD,1
平方米,,,1,UOM_CD,1
平行于轧制方向,,,1,ROUGH_DIR,1
平轧,,,1,ROLL_WAY,1
年,,,1,CYCLE_FL,1
年计划,,,1,INDICATOR_SOURCE,1
广东省,,,1,PROVINCE_CD,1
广东省东莞市,,,1,CITY_CD,1
广东省中山市,,,1,CITY_CD,1
广东省云浮市,,,1,CITY_CD,1
广东省佛山市,,,1,CITY_CD,1
广东省广州市,,,1,CITY_CD,1
广东省惠州市,,,1,CITY_CD,1
广东省揭阳市,,,1,CITY_CD,1
广东省梅州市,,,1,CITY_CD,1
广东省汕头市,,,1,CITY_CD,1
广东省汕尾市,,,1,CITY_CD,1
广东省江门市,,,1,CITY_CD,1
广东省河源市,,,1,CITY_CD,1
广东省深圳市,,,1,CITY_CD,1
广东省清远市,,,1,CITY_CD,1
广东省湛江市,,,1,CITY_CD,1
广东省潮州市,,,1,CITY_CD,1
广东省珠海市,,,1,CITY_CD,1
广东省肇庆市,,,1,CITY_CD,1
广东省茂名市,,,1,CITY_CD,1
广东省阳江市,,,1,CITY_CD,1
广东省韶关市,,,1,CITY_CD,1
广西壮族自治区,,,1,PROVINCE_CD,1
广西壮族自治区北海市,,,1,CITY_CD,1
广西壮族自治区南宁市,,,1,CITY_CD,1
广西壮族自治区崇左市,,,1,CITY_CD,1
广西壮族自治区来宾市,,,1,CITY_CD,1
广西壮族自治区柳州市,,,1,CITY_CD,1
广西壮族自治区桂林市,,,1,CITY_CD,1
广西壮族自治区梧州市,,,1,CITY_CD,1
广西壮族自治区河池市,,,1,CITY_CD,1
广西壮族自治区玉林市,,,1,CITY_CD,1
广西壮族自治区百色市,,,1,CITY_CD,1
广西壮族自治区贵港市,,,1,CITY_CD,1
广西壮族自治区贺州市,,,1,CITY_CD,1
广西壮族自治区钦州市,,,1,CITY_CD,1
广西壮族自治区防城港市,,,1,CITY_CD,1
库存调整申请,재고조정요청,,1,ABNR_REASON_CD,1
废卷,폐 롤,,1,PLAN_DETAIL,1
废坯,,,1,PLAN_DETAIL,1
废板,폐 판,,1,PLAN_DETAIL,1
废钢,,,2,MTRL_TYPE,2
废钢,,Scrap,1,HOLD_ACTION_CD,1
废铁类-test1,,,1,ITEM_SPEC,1
废铁类-test2,,,1,ITEM_SPEC,1
废阳极,폐 애노드,,1,PLAN_DETAIL,1
建筑业(Construction),,,1,ORD_USAGE_GRP1,1
建筑结构用钢,,,2,ORD_USAGE_GRP2,2
开,,,1,SQM_START_END,1
开始,착수,,1,RM_UNLOAD_PROG_TY,1
异物压入,,,1,APPR_DEF_CD,1
异物压入,,urity pressed in,2,APPR_DEF_CD,1
异议换货,크레임반입,,1,STOC_SALES_TY,1
异议调查,,,1,RTN_PROC_REASON_CD,1
异金属夹杂,,wedge,1,APPR_DEF_CD,1
张正涛,,,1,DRIVER_NM,1
张红军,,,1,DRIVER_NM,1
弯曲,,Bending,1,APPR_DEF_CD,1
弯曲试验,,,2,MECH_TEST_ITEM_CD,2
弹筒发热量,,,1,CHEM_CD,1
弹簧钢板,,,1,ITEM_LTY,1
强制判合格,,,1,CHEM_JDG_STATE,1
强度无关,,,1,YIELD_STRG_RELA_CD,1
形状缺陷,형상결함,,1,APPR_DEF_CD1,1
彩板,,,1,ITEM_LTY,1
待处理品,,,1,SURF_GRD_CR,1
微粉化验室,,,1,SMP_TRANS_TY,1
微观不平度十点高度(Rz),,Rz,1,ROUGH_KIND,1
心型卷,,heart-shaped coil,1,APPR_DEF_CD,1
急峻度,,,1,QLT_SZSHP_TOL_CD,1
性能不合,재질이상,,1,CLAIM_OCR_CAUSE_CD,1
性能不合挽救取样短尺,,,1,APPR_DEF_CD,1
性能判定,,,1,LOG_FUNC_TY,1
性能实绩,,,1,LOG_FUNC_TY,1
性能试验,,,77,ANTIFNG_WGT_GRT_CD,77
性能试验+性能判定,,,77,ANTIFNG_WGT_GRT_CD,77
性能试验+性能判定+质保书发行,,,77,ANTIFNG_WGT_GRT_CD,77
性能试验+质保书发行,,,77,ANTIFNG_WGT_GRT_CD,77
总成本,,,2,CHARTS_FIELD_LOV,2
总氯,,,1,CHEM_CD,1
总硫,,,1,CHEM_CD,1
总经理,,,1,POSITION_CD,1
悬浮硫,,,1,CHEM_CD,1
成分不合,고객불만,,1,CLAIM_OCR_CAUSE_CD,1
成分二次合,,,1,CHEM_JDG_STATE,1
成分分析试验,,,1,QLT_PHYTST_CD,1
成分未登记,성분미입력成分未登记,,1,PROD_TOT_UNJDG_CAU_TY,1
成品产出,,,1,SCR_INDICATOR_CATEGORY,1
成品库,,,1,STORE_CD,1
成品水份,,,2,CHEM_CD,1
成本发布,,,1,PERMISSION_TYPE_LOV,1
成本录入,,,1,PERMISSION_TYPE_LOV,1
成本撤回,,,1,PERMISSION_TYPE_LOV,1
成本生成,,,1,PERMISSION_TYPE_LOV,1
成本管理,,,1,BIZ_CHAIN_CD,1
成本虚拟库,,,1,INVENTORY_CODE_B2010,1
所有值（0<厚度<9999）,,,1,THK_GRP_PLAN_SLAB,1
扁卷,,flat coil,3,APPR_DEF_CD,1
执行中,,,1,JOB_STATUS_LOV,1
执行企业标准产品比率,기업표준수행제품비율,,1,ANAL_TY,1
执行失败,,,1,JOB_STATUS_LOV,1
执行完成,,,1,JOB_STATUS_LOV,1
执行董事,,,1,POSITION_CD,1
扩孔测试极限扩孔率单个实绩1,,,1,MECH_TEST_ITEM_CD,1
扩孔测试极限扩孔率单个实绩2,,,1,MECH_TEST_ITEM_CD,1
扩孔测试极限扩孔率单个实绩3,,,1,MECH_TEST_ITEM_CD,1
扩孔测试极限扩孔直径平均值,,,1,MECH_TEST_ITEM_CD,1
扩孔测试极限扩孔直径最大值,,,1,MECH_TEST_ITEM_CD,1
扩孔测试极限扩孔直径最小值,,,1,MECH_TEST_ITEM_CD,1
扩孔试验,,,1,QLT_PHYTST_CD,1
扩孔试验极限扩孔率平均,,,1,MECH_TEST_ITEM_CD,1
批号,,LOT_NO,1,SQM_SEARCH_TEXT,1
技术协议,기술협의,,1,NATL_SPEC_ORG_CD,1
技术研究,,,1,CHEM_REQ_PURPOSE_TY,1
抓料机,,Entry,1,IR_CHE_IMPT_ISS_TY,1
投入,,,1,ITEM_TYPE_LOV,1
投入产出撤回,,,1,PERMISSION_TYPE_LOV,1
投入产出确认,,,1,PERMISSION_TYPE_LOV,1
投入产出获取,,,1,JOB_TYPE_LOV,1
投入量,,input,1,IR_CHE_IO_TY,1
投料,,,1,YD_JL_MTL_TRANS_TYPES,1
投料退回,,,1,YD_JL_MTL_TRANS_TYPES,1
投用,,,1,PLT_COOL_CD,1
抗剪强度τ实绩,,,1,MECH_TEST_ITEM_CD,1
抗压强度,,,1,CHEM_CD,1
抗氢致开裂试验,,,1,QLT_PHYTST_CD,1
折叠,,,2,APPR_DEF_CD,2
折叠,,Fold,2,APPR_DEF_CD,2
折扣与加价,,,1,PRICE_CALC_CD,1
折痕,,wrinkle,1,APPR_DEF_CD,1
折皱,,Wrinkle,1,APPR_DEF_CD,1
折迭,,enfold,1,APPR_DEF_CD,1
报废,폐기,,1,ROLL_PROG_CD,1
拉伸试验,,,1,QLT_PHYTST_CD,1
拉伸试验EL(伸长率),,,1,MECH_TEST_ITEM_CD,1
拉伸试验N0实绩,,,1,MECH_TEST_ITEM_CD,1
拉伸试验N45实绩,,,1,MECH_TEST_ITEM_CD,1
拉伸试验N90实绩,,,1,MECH_TEST_ITEM_CD,1
拉伸试验RA(断面收缩率),,,1,MECH_TEST_ITEM_CD,1
拉伸试验Rt0.5/Rm实绩,,,3,MECH_TEST_ITEM_CD,1
拉伸试验Rt1.5/Rt0.5实绩,,,3,MECH_TEST_ITEM_CD,1
拉伸试验Rt2.0/Rt1.0实绩,,,3,MECH_TEST_ITEM_CD,1
拉伸试验Rt5.0/Rt1.0实绩,,,3,MECH_TEST_ITEM_CD,1
拉伸试验TS(抗拉强度),,,3,MECH_TEST_ITEM_CD,1
拉伸试验YP/TS实绩,,,3,MECH_TEST_ITEM_CD,1
拉伸试验YP代码(抗服_屈服强度),,,3,MECH_TEST_ITEM_CD,1
拉伸试验YR(屈服比),,,1,MECH_TEST_ITEM_CD,1
拉伸试验r0实绩,,,1,MECH_TEST_ITEM_CD,1
拉伸试验r45实绩,,,1,MECH_TEST_ITEM_CD,1
拉伸试验r90实绩,,,1,MECH_TEST_ITEM_CD,1
拉伸试验加工硬化指数n实绩,,,1,MECH_TEST_ITEM_CD,1
拉伸试验均匀伸长率实绩,,,3,MECH_TEST_ITEM_CD,1
拉伸试验均匀延伸率(uEL),,,1,MECH_TEST_ITEM_CD,1
拉伸试验塑性应变比r实绩值,,,1,MECH_TEST_ITEM_CD,1
拉伸试验断面收缩率实绩,,,3,MECH_TEST_ITEM_CD,1
拉伸试验消应力处理_保温时间实绩,,,2,MECH_TEST_ITEM_CD,1
拉伸试验消应力处理_保温温度实绩,,,2,MECH_TEST_ITEM_CD,1
拉伸追加试验1,,,1,QLT_PHYTST_CD,1
拉伸追加试验2,,,1,QLT_PHYTST_CD,1
拉抻测试断后伸长率实绩,,,4,MECH_TEST_ITEM_CD,1
拉矫纹/吕德斯带,,Straightening lines,1,APPR_DEF_CD,1
拦焦车系统,,,1,SCH_PLAN_PROJ_CD,1
指令待机,,At making new plan heat,1,PLAN_HEAT_STS_CD,1
指定,,,1,ORD_COAT_WGT_CD,1
指定范围,,,3,OIL_LEVEL,3
按全长,전장당,,1,QLT_TOL_CAMBER_UNT_TY,1
按班次,,,1,GET_IH_TYPE,1
挥发氨,,,1,CHEM_CD,1
振痕,,oscillation mark,3,APPR_DEF_CD,1
挽救,,,1,HTM_WORK_TY,1
挽救（切割豁口）,,,1,HOLD_RSN_CD1,1
损坏,,,1,RTN_PROC_REASON_CD,1
换货,제품대환불,,1,CLAIM_REWARD_TY,1
换货+现金补偿,불만종결,,1,CLAIM_REWARD_TY,1
捣鼓,,,1,SCH_PLAN_PROJ_CD,1
排焦,,C/S,1,MEASUREING_SIDE_TY,1
探伤,,,3,EXTRA_PRICE_ITEM,3
探伤不合,,,2,APPR_DEF_CD,2
探伤缺陷切除宽度不合,,,1,APPR_DEF_CD,1
探伤缺陷切除改尺,,,1,APPR_DEF_CD,1
探伤缺陷切除长度不合,,,1,APPR_DEF_CD,1
接头,,joint,1,APPR_DEF_CD,1
接收,"인수,Receipt",,1,ROLL_PROG_CD,1
接收,접수완료,,1,CLAIM_STS_CD,1
接收申请,,,1,STS_CD,1
接收质量设计邀请,,Receipt Qality Design Request,1,QLT_DSN_STS,1
控冷,,,1,TSL_STRESS_COOL_CD,1
推力轴承,,Thrust bearing,1,BRG_TY,1
推焦,,P/S,1,MEASUREING_SIDE_TY,1
措施,,,1,CHR_ASGN_HOLD_MTL_YN,1
提交,,,1,DATA_STATE,1
提供,,,1,PHOTO_PROVIDE,1
提货单取消,,,1,DORD_STS,1
提货单生成,,,1,DORD_STS,1
提货单确认,,,1,DORD_STS,1
撤销,,,1,CLAIM_REWARD_TY,1
擦伤,,abrasion,1,APPR_DEF_CD,1
擦划伤,,Scratch,2,APPR_DEF_CD,2
支,,,1,UOM_CD,1
收单,,,1,SITE_KND,1
收货,,,1,SITE_KND,1
故障,,,1,STOP_TYPE,1
数值范围,,,1,JDGE_TYPE,1
数据研究所,,,1,DEPT_CD,1
数采,,,1,BIZ_CHAIN_CD,1
数量偏差,수량기준 허용차,,1,ORD_QTY_TOL_TY,1
料棚,,,1,SCH_PLAN_PROJ_CD,1
斜坡形,,Flate,1,ROLL_SHP_CD,1
斜楔|tw-td| : 两边厚度差异,Wedge |tw-td| : 양쪽두께차이,,1,QLT_SZSHP_TOL_CD,1
斜纹,,Twill,1,APPR_DEF_CD,1
新增,,,1,PROC_TP,1
新建,,,4,DATA_STATE,4
新疆维吾尔自治区,,,1,PROVINCE_CD,1
新疆维吾尔自治区乌鲁木齐市,,,1,CITY_CD,1
新疆维吾尔自治区伊犁哈萨克自治州,,,1,CITY_CD,1
新疆维吾尔自治区克孜勒苏柯尔克孜自治州,,,1,CITY_CD,1
新疆维吾尔自治区克拉玛依市,,,1,CITY_CD,1
新疆维吾尔自治区博尔塔拉蒙古自治州,,,1,CITY_CD,1
新疆维吾尔自治区吐鲁番市,,,1,CITY_CD,1
新疆维吾尔自治区和田地区,,,1,CITY_CD,1
新疆维吾尔自治区哈密市,,,1,CITY_CD,1
新疆维吾尔自治区喀什地区,,,1,CITY_CD,1
新疆维吾尔自治区塔城地区,,,1,CITY_CD,1
新疆维吾尔自治区巴音郭楞蒙古自治州,,,1,CITY_CD,1
新疆维吾尔自治区新疆维吾尔自治区五家渠市,,,1,CITY_CD,1
新疆维吾尔自治区新疆维吾尔自治区北屯市,,,1,CITY_CD,1
新疆维吾尔自治区新疆维吾尔自治区双河市,,,1,CITY_CD,1
新疆维吾尔自治区新疆维吾尔自治区可克达拉市,,,1,CITY_CD,1
新疆维吾尔自治区新疆维吾尔自治区图木舒克市,,,1,CITY_CD,1
新疆维吾尔自治区新疆维吾尔自治区新星市,,,1,CITY_CD,1
新疆维吾尔自治区新疆维吾尔自治区昆玉市,,,1,CITY_CD,1
新疆维吾尔自治区新疆维吾尔自治区石河子市,,,1,CITY_CD,1
新疆维吾尔自治区新疆维吾尔自治区胡杨河市,,,1,CITY_CD,1
新疆维吾尔自治区新疆维吾尔自治区铁门关市,,,1,CITY_CD,1
新疆维吾尔自治区新疆维吾尔自治区阿拉尔市,,,1,CITY_CD,1
新疆维吾尔自治区昌吉回族自治州,,,1,CITY_CD,1
新疆维吾尔自治区阿克苏地区,,,1,CITY_CD,1
新疆维吾尔自治区阿勒泰地区,,,1,CITY_CD,1
方坯,,,1,SLAB_TYPE,1
无,,,1,CREDIT_LMT_YN,1
无款排产（款到发货）,무상생산주문(대금지불후출하),,1,PAY_MTH_CD,1
无水氨-不含蒸氨浓氨水,무수암모니아(증류암모니아불포함),,2,ITEM_SPEC,2
无水氨-含蒸氨浓氨水,무수암모니아(증류암모니아포함),,2,ITEM_SPEC,2
无涂油,,No oil,1,APPR_DEF_CD,1
无涂油,무도유,,1,ANTRST_OIL_KIND,1
无烟煤,,,1,LOCATOR_CODE,1
无纵肋,,,1,SQM_RETAIN_REASON,1
无要求,,,3,CHEM_LVL3_CD,3
无钝化,,No passivation,1,APPR_DEF_CD,1
无铬耐指纹钝化(AF5),,,1,PSTREAT_CD,1
无铬钝化(C5),,,1,PSTREAT_CD,1
无铬附着量上表面实绩,,,2,MECH_TEST_ITEM_CD,1
日,,,2,CYCLE_FL,2
日,,DAY,1,DAY_MONTH,1
日,,Day,1,CYCLE_PERIOD,1
日实际,,,1,INDICATOR_SOURCE,1
日实际修正前,,,1,INDICATOR_SOURCE,1
日成本生成,,,1,JOB_TYPE_LOV,1
日照三运,,,1,TRANSCOMPANYCODE,1
日照公司企业文化部/党群工作部/工会,,,1,DEPT_CD,1
日照公司党委办公室/办公室,,,1,DEPT_CD,1
日照公司党委组织部/人力资源部,,,1,DEPT_CD,1
日照公司公益事业部,,,1,DEPT_CD,1
日照公司厚板部1,,,1,DEPT_CD,1
日照公司厚板部4,,,1,DEPT_CD,1
日照公司厚板部4安全生产室TEST,,,1,DEPT_CD,1
日照公司厚板部4技术质量室,,,1,DEPT_CD,1
日照公司厚板部4技术质量室TEST,,,1,DEPT_CD,1
日照公司厚板部4设备管理室,,,1,DEPT_CD,1
日照公司厚板部综合管理室,,,1,DEPT_CD,1
日照公司安保部,,,1,DEPT_CD,1
日照公司山钢贸易公司,,,1,DEPT_CD,1
日照公司工程管理部,,,1,DEPT_CD,1
日照公司测试666,,,1,DEPT_CD,1
日照公司测试作业区测试666,,,1,DEPT_CD,1
日照公司炼钢部,,,1,DEPT_CD,1
日照公司炼钢部安全生产室,,,1,DEPT_CD,1
日照公司炼钢部技术质量室,,,1,DEPT_CD,1
日照公司炼钢部生产保障作业区,,,1,DEPT_CD,1
日照公司炼钢部第一炼钢作业区,,,1,DEPT_CD,1
日照公司炼钢部第一连铸作业区,,,1,DEPT_CD,1
日照公司炼钢部第二炼钢作业区,,,1,DEPT_CD,1
日照公司炼钢部第二连铸作业区,,,1,DEPT_CD,1
日照公司炼钢部精炼作业区,,,1,DEPT_CD,1
日照公司炼钢部综合管理室,,,1,DEPT_CD,1
日照公司炼钢部行车作业区,,,1,DEPT_CD,1
日照公司炼钢部设备管理室,,,1,DEPT_CD,1
日照公司炼钢部运行保障作业区,,,1,DEPT_CD,1
日照公司炼铁部,,,1,DEPT_CD,1
日照公司炼铁部1号高炉作业区,,,1,DEPT_CD,1
日照公司炼铁部2号高炉作业区,,,1,DEPT_CD,1
日照公司炼铁部原料作业区,,,1,DEPT_CD,1
日照公司炼铁部安全生产室,,,1,DEPT_CD,1
日照公司炼铁部技术质量室,,,1,DEPT_CD,1
日照公司炼铁部烧结作业区,,,1,DEPT_CD,1
日照公司炼铁部球团作业区,,,1,DEPT_CD,1
日照公司炼铁部生产保障作业区,,,1,DEPT_CD,1
日照公司炼铁部综合管理室,,,1,DEPT_CD,1
日照公司炼铁部设备管理室,,,1,DEPT_CD,1
日照公司炼铁部运行保障作业区,,,1,DEPT_CD,1
日照公司炼铁部铸铁作业区,,,1,DEPT_CD,1
日照公司烧结部,,,1,DEPT_CD,1
日照公司热轧部,,,1,DEPT_CD,1
日照公司热轧部安全生产室,,,1,DEPT_CD,1
日照公司热轧部技术质量室,,,1,DEPT_CD,1
日照公司热轧部综合管理室,,,1,DEPT_CD,1
日照公司热轧部设备管理室,,,1,DEPT_CD,1
日照公司焦化部,,,1,DEPT_CD,1
日照公司焦化部LNG作业区,,,1,DEPT_CD,1
日照公司焦化部安全生产室,,,1,DEPT_CD,1
日照公司焦化部干熄焦作业区,,,1,DEPT_CD,1
日照公司焦化部技术质量室,,,1,DEPT_CD,1
日照公司焦化部煤气净化作业区,,,1,DEPT_CD,1
日照公司焦化部煤焦作业区,,,1,DEPT_CD,1
日照公司焦化部综合管理室,,,1,DEPT_CD,1
日照公司焦化部设备管理室,,,1,DEPT_CD,1
日照公司焦化部运行保障作业区,,,1,DEPT_CD,1
日照公司纪委/监察部,,,1,DEPT_CD,1
日照公司股份销售公司,,,1,DEPT_CD,1
日照公司装备材料部,,,1,DEPT_CD,1
日照公司规划运营部,,,1,DEPT_CD,1
日照公司财务部,,,1,DEPT_CD,1
日照公司采购部,,,1,DEPT_CD,1
日照港,,"Rizhao Port, China",1,STATION_CD,1
日统计,,,1,SIS_SEARCH_TYPE,1
日计划,,,1,INDICATOR_SOURCE,1
时应辉,,,1,DRIVER_NM,1
时效冲击1测试单值实绩1,,,1,MECH_TEST_ITEM_CD,1
时效冲击1测试单值实绩2,,,1,MECH_TEST_ITEM_CD,1
时效冲击1测试单值实绩3,,,1,MECH_TEST_ITEM_CD,1
时效冲击1测试平均值实绩,,,1,MECH_TEST_ITEM_CD,1
时效冲击1试样侧膨胀值单值实绩1,,,1,MECH_TEST_ITEM_CD,1
时效冲击1试样侧膨胀值单值实绩2,,,1,MECH_TEST_ITEM_CD,1
时效冲击1试样侧膨胀值单值实绩3,,,1,MECH_TEST_ITEM_CD,1
时效冲击1试样侧膨胀值平均值实绩1,,,1,MECH_TEST_ITEM_CD,1
时效冲击2测试单值实绩1,,,1,MECH_TEST_ITEM_CD,1
时效冲击2测试单值实绩2,,,1,MECH_TEST_ITEM_CD,1
时效冲击2测试单值实绩3,,,1,MECH_TEST_ITEM_CD,1
时效冲击2测试平均值实绩,,,1,MECH_TEST_ITEM_CD,1
时效冲击2试样侧膨胀值单值实绩1,,,1,MECH_TEST_ITEM_CD,1
时效冲击2试样侧膨胀值单值实绩2,,,1,MECH_TEST_ITEM_CD,1
时效冲击2试样侧膨胀值单值实绩3,,,1,MECH_TEST_ITEM_CD,1
时效冲击2试样侧膨胀值平均值实绩1,,,1,MECH_TEST_ITEM_CD,1
时效冲击3测试单值实绩1,,,1,MECH_TEST_ITEM_CD,1
时效冲击3测试单值实绩2,,,1,MECH_TEST_ITEM_CD,1
时效冲击3测试单值实绩3,,,1,MECH_TEST_ITEM_CD,1
时效冲击3测试平均值实绩,,,1,MECH_TEST_ITEM_CD,1
时效冲击3试样侧膨胀值单值实绩1,,,1,MECH_TEST_ITEM_CD,1
时效冲击3试样侧膨胀值单值实绩2,,,1,MECH_TEST_ITEM_CD,1
时效冲击3试样侧膨胀值单值实绩3,,,1,MECH_TEST_ITEM_CD,1
时效冲击3试样侧膨胀值平均值实绩1,,,1,MECH_TEST_ITEM_CD,1
时效冲击4测试单值实绩1,,,1,MECH_TEST_ITEM_CD,1
时效冲击4测试单值实绩2,,,1,MECH_TEST_ITEM_CD,1
时效冲击4测试单值实绩3,,,1,MECH_TEST_ITEM_CD,1
时效冲击4测试平均值实绩,,,1,MECH_TEST_ITEM_CD,1
时效冲击4试样侧膨胀值单值实绩1,,,1,MECH_TEST_ITEM_CD,1
时效冲击4试样侧膨胀值单值实绩2,,,1,MECH_TEST_ITEM_CD,1
时效冲击4试样侧膨胀值单值实绩3,,,1,MECH_TEST_ITEM_CD,1
时效冲击4试样侧膨胀值平均值实绩1,,,1,MECH_TEST_ITEM_CD,1
时效冲击5测试单值实绩1,,,1,MECH_TEST_ITEM_CD,1
时效冲击5测试单值实绩2,,,1,MECH_TEST_ITEM_CD,1
时效冲击5测试单值实绩3,,,1,MECH_TEST_ITEM_CD,1
时效冲击5测试平均值实绩,,,1,MECH_TEST_ITEM_CD,1
时效冲击5试样侧膨胀值单值实绩1,,,1,MECH_TEST_ITEM_CD,1
时效冲击5试样侧膨胀值单值实绩2,,,1,MECH_TEST_ITEM_CD,1
时效冲击5试样侧膨胀值单值实绩3,,,1,MECH_TEST_ITEM_CD,1
时效冲击5试样侧膨胀值平均值实绩1,,,1,MECH_TEST_ITEM_CD,1
时效拉伸测试屈服强度实绩,,,1,MECH_TEST_ITEM_CD,1
时效拉伸测试抗拉强度实绩,,,1,MECH_TEST_ITEM_CD,1
时效拉伸试验均匀伸长率实绩,,,1,MECH_TEST_ITEM_CD,1
时效拉伸试验屈强比Rt0.5/Rm实绩,,,1,MECH_TEST_ITEM_CD,1
时效拉伸试验屈强比Rt1.5/Rt0.5实绩,,,1,MECH_TEST_ITEM_CD,1
时效拉伸试验屈强比Rt2.0/Rt1.0实绩,,,1,MECH_TEST_ITEM_CD,1
时效拉伸试验屈强比Rt5.0/Rt1.0实绩,,,1,MECH_TEST_ITEM_CD,1
时效拉伸试验屈强比YP/TS实绩,,,1,MECH_TEST_ITEM_CD,1
时效拉伸试验断面收缩率实绩,,,1,MECH_TEST_ITEM_CD,1
时效检验,,,1,QLT_PHYTST_CD,1
星裂纹,,,1,APPR_DEF_CD,1
星裂纹,,Star crack,1,APPR_DEF_CD,1
是,,,12,DE_P_YN,12
是,,YES,1,USE_YN,1
显微维氏硬度,,,1,HARD_KIND,1
显微金相Banded structure等级上限实绩,,,1,MECH_TEST_ITEM_CD,1
显微金相Widmanstatten structure等级,,,1,MECH_TEST_ITEM_CD,1
显微金相austenite晶粒度,,,1,MECH_TEST_ITEM_CD,1
显微金相夹杂物等级上限实绩,,,1,MECH_TEST_ITEM_CD,1
显微金相硅铁体晶粒度,,,1,MECH_TEST_ITEM_CD,1
显微金相硅铁体混晶占有率实绩,,,1,MECH_TEST_ITEM_CD,1
显微金相硅铁体混晶晶粒度实绩,,,1,MECH_TEST_ITEM_CD,1
显微金相脱碳层上限实绩,,,1,MECH_TEST_ITEM_CD,1
普包(酸洗 冷硬 连退 镀锌),,,1,PACK_MTH_CD,1
普板,,,1,ITEM_LTY,1
普碳坯,,,1,MATERIAL_CD,1
普通(热轧),,,1,PACK_MTH_CD,1
"普通,0.6μm＜Ra≤1.9μm,不镀锌",,,1,SURF_TREAT_CD,1
"普通,0.6μm＜Ra≤1.9μm,小锌花",,,1,SURF_TREAT_CD,1
"普通,0.6μm＜Ra≤1.9μm,正常锌花",,,1,SURF_TREAT_CD,1
"普通,0.6μm＜Ra≤1.9μm,零锌花",,,1,SURF_TREAT_CD,1
普通产品,,,1,MTC_REMARK_DEFAULT,1
普通印球,,,1,MATERIAL_CD,1
普通船板系列,,,1,PLT_SPEC_GROUP_CD,1
普通钢,,,1,PLAN_MECH,1
普通锌,,Non Ferro Metals.Zinc,1,ITEM_SPEC,1
普铁,,,1,SIS_YT_PT,1
智能物流L2,,SLS(Packing) L2,1,SYS_MODULE_CD,1
曲率k,,,1,SPRBCK_CD,1
曲线图,,,1,CHARTS_TYPE,1
更换现货,,,1,CLAIM_REQ_HNL_CD,1
最大模拟焊HIC试验CLR 全体平均实绩,,,1,MECH_TEST_ITEM_CD,1
最大模拟焊HIC试验CLR 平均1实绩,,,1,MECH_TEST_ITEM_CD,1
最大模拟焊HIC试验CLR 平均2实绩,,,1,MECH_TEST_ITEM_CD,1
最大模拟焊HIC试验CLR 平均3实绩,,,1,MECH_TEST_ITEM_CD,1
最大模拟焊HIC试验CLR 试样1实绩1,,,1,MECH_TEST_ITEM_CD,1
最大模拟焊HIC试验CLR 试样1实绩2,,,1,MECH_TEST_ITEM_CD,1
最大模拟焊HIC试验CLR 试样1实绩3,,,1,MECH_TEST_ITEM_CD,1
最大模拟焊HIC试验CLR 试样2实绩1,,,1,MECH_TEST_ITEM_CD,1
最大模拟焊HIC试验CLR 试样2实绩2,,,1,MECH_TEST_ITEM_CD,1
最大模拟焊HIC试验CLR 试样2实绩3,,,1,MECH_TEST_ITEM_CD,1
最大模拟焊HIC试验CLR 试样3实绩1,,,1,MECH_TEST_ITEM_CD,1
最大模拟焊HIC试验CLR 试样3实绩2,,,1,MECH_TEST_ITEM_CD,1
最大模拟焊HIC试验CLR 试样3实绩3,,,1,MECH_TEST_ITEM_CD,1
最大模拟焊HIC试验CSR 全体平均实绩,,,1,MECH_TEST_ITEM_CD,1
最大模拟焊HIC试验CSR 平均1实绩,,,1,MECH_TEST_ITEM_CD,1
最大模拟焊HIC试验CSR 平均2实绩,,,1,MECH_TEST_ITEM_CD,1
最大模拟焊HIC试验CSR 平均3实绩,,,1,MECH_TEST_ITEM_CD,1
最大模拟焊HIC试验CSR 试样1实绩1,,,1,MECH_TEST_ITEM_CD,1
最大模拟焊HIC试验CSR 试样1实绩2,,,1,MECH_TEST_ITEM_CD,1
最大模拟焊HIC试验CSR 试样1实绩3,,,1,MECH_TEST_ITEM_CD,1
最大模拟焊HIC试验CSR 试样2实绩1,,,1,MECH_TEST_ITEM_CD,1
最大模拟焊HIC试验CSR 试样2实绩2,,,1,MECH_TEST_ITEM_CD,1
最大模拟焊HIC试验CSR 试样2实绩3,,,1,MECH_TEST_ITEM_CD,1
最大模拟焊HIC试验CSR 试样3实绩1,,,1,MECH_TEST_ITEM_CD,1
最大模拟焊HIC试验CSR 试样3实绩2,,,1,MECH_TEST_ITEM_CD,1
最大模拟焊HIC试验CSR 试样3实绩3,,,1,MECH_TEST_ITEM_CD,1
最大模拟焊HIC试验CTR 全体平均实绩,,,1,MECH_TEST_ITEM_CD,1
最大模拟焊HIC试验CTR 平均1实绩,,,1,MECH_TEST_ITEM_CD,1
最大模拟焊HIC试验CTR 平均2实绩,,,1,MECH_TEST_ITEM_CD,1
最大模拟焊HIC试验CTR 平均3实绩,,,1,MECH_TEST_ITEM_CD,1
最大模拟焊HIC试验CTR 试样1实绩1,,,1,MECH_TEST_ITEM_CD,1
最大模拟焊HIC试验CTR 试样1实绩2,,,1,MECH_TEST_ITEM_CD,1
最大模拟焊HIC试验CTR 试样1实绩3,,,1,MECH_TEST_ITEM_CD,1
最大模拟焊HIC试验CTR 试样2实绩1,,,1,MECH_TEST_ITEM_CD,1
最大模拟焊HIC试验CTR 试样2实绩2,,,1,MECH_TEST_ITEM_CD,1
最大模拟焊HIC试验CTR 试样2实绩3,,,1,MECH_TEST_ITEM_CD,1
最大模拟焊HIC试验CTR 试样3实绩1,,,1,MECH_TEST_ITEM_CD,1
最大模拟焊HIC试验CTR 试样3实绩2,,,1,MECH_TEST_ITEM_CD,1
最大模拟焊HIC试验CTR 试样3实绩3,,,1,MECH_TEST_ITEM_CD,1
最大模拟焊SSCC测试应力实绩,,,1,MECH_TEST_ITEM_CD,1
最大模拟焊Z向拉伸断面收缩率单值实绩,,,3,MECH_TEST_ITEM_CD,1
最大模拟焊Z向拉伸断面收缩率平均值实绩,,,1,MECH_TEST_ITEM_CD,1
最大模拟焊Z向拉伸试验屈服强度实绩,,,1,MECH_TEST_ITEM_CD,1
最大模拟焊Z向拉伸试验抗拉强度实绩,,,1,MECH_TEST_ITEM_CD,1
最大模拟焊Z向拉伸试验断后伸长率实绩,,,1,MECH_TEST_ITEM_CD,1
最大模拟焊冲击功实绩,,,5,MECH_TEST_ITEM_CD,1
最大模拟焊冲击试样侧膨胀值单值实绩1,,,5,MECH_TEST_ITEM_CD,1
最大模拟焊冲击试样侧膨胀值单值实绩2,,,5,MECH_TEST_ITEM_CD,1
最大模拟焊冲击试样侧膨胀值单值实绩3,,,5,MECH_TEST_ITEM_CD,1
最大模拟焊冲击试样侧膨胀值平均值实绩,,,5,MECH_TEST_ITEM_CD,1
最大模拟焊冲击试验单个实绩1,,,5,MECH_TEST_ITEM_CD,1
最大模拟焊冲击试验单个实绩2,,,5,MECH_TEST_ITEM_CD,1
最大模拟焊冲击试验单个实绩3,,,5,MECH_TEST_ITEM_CD,1
最大模拟焊冲击试验眼神断面率实绩,,,5,MECH_TEST_ITEM_CD,1
最大模拟焊冲击试验眼神断面率实绩1,,,5,MECH_TEST_ITEM_CD,1
最大模拟焊冲击试验眼神断面率实绩2,,,5,MECH_TEST_ITEM_CD,1
最大模拟焊冲击试验眼神断面率实绩3,,,5,MECH_TEST_ITEM_CD,1
最大模拟焊后热处理,,,1,SMP_STATUS,1
最大模拟焊后热处理 + 最小模拟焊后热处理,,,1,SMP_STATUS,1
最大模拟焊弯曲试验,,,1,MECH_TEST_ITEM_CD,1
最大模拟焊拉伸试验Rt0.5/Rm实绩,,,3,MECH_TEST_ITEM_CD,1
最大模拟焊拉伸试验Rt1.5/Rt0.5实绩,,,3,MECH_TEST_ITEM_CD,1
最大模拟焊拉伸试验Rt2.0/Rt1.0实绩,,,3,MECH_TEST_ITEM_CD,1
最大模拟焊拉伸试验Rt5.0/Rt1.0实绩,,,3,MECH_TEST_ITEM_CD,1
最大模拟焊拉伸试验TS(抗拉强度),,,3,MECH_TEST_ITEM_CD,1
最大模拟焊拉伸试验YP/TS实绩,,,3,MECH_TEST_ITEM_CD,1
最大模拟焊拉伸试验YP代码(抗服_屈服强度),,,3,MECH_TEST_ITEM_CD,1
最大模拟焊拉伸试验均匀伸长率实绩,,,3,MECH_TEST_ITEM_CD,1
最大模拟焊拉伸试验断面收缩率实绩,,,3,MECH_TEST_ITEM_CD,1
最大模拟焊拉伸试验消应力处理_保温时间实绩,,,2,MECH_TEST_ITEM_CD,1
最大模拟焊拉伸试验消应力处理_保温温度实绩,,,2,MECH_TEST_ITEM_CD,1
最大模拟焊拉抻测试断后伸长率实绩,,,3,MECH_TEST_ITEM_CD,1
最大模拟焊显微金相Banded structure等级上限实绩,,,1,MECH_TEST_ITEM_CD,1
最大模拟焊显微金相austenite晶粒度,,,1,MECH_TEST_ITEM_CD,1
最大模拟焊显微金相硅铁体晶粒度,,,1,MECH_TEST_ITEM_CD,1
最大模拟焊硬度单值实绩1,,,1,MECH_TEST_ITEM_CD,1
最大模拟焊硬度单值实绩2,,,1,MECH_TEST_ITEM_CD,1
最大模拟焊硬度单值实绩3,,,1,MECH_TEST_ITEM_CD,1
最大模拟焊硬度平均值实绩1,,,1,MECH_TEST_ITEM_CD,1
最大模拟焊硬度平均值实绩2,,,1,MECH_TEST_ITEM_CD,1
最大模拟焊硬度平均值实绩3,,,1,MECH_TEST_ITEM_CD,1
最大模拟焊金相测试基相的体积分数实绩,,,1,MECH_TEST_ITEM_CD,1
最大模拟焊高温拉伸试验EL,,,1,MECH_TEST_ITEM_CD,1
最大模拟焊高温拉伸试验RA,,,1,MECH_TEST_ITEM_CD,1
最大模拟焊高温拉伸试验TS,,,1,MECH_TEST_ITEM_CD,1
最大模拟焊高温拉伸试验YP,,,1,MECH_TEST_ITEM_CD,1
最小模拟焊HIC试验CLR 全体平均实绩,,,1,MECH_TEST_ITEM_CD,1
最小模拟焊HIC试验CLR 平均1实绩,,,1,MECH_TEST_ITEM_CD,1
最小模拟焊HIC试验CLR 平均2实绩,,,1,MECH_TEST_ITEM_CD,1
最小模拟焊HIC试验CLR 平均3实绩,,,1,MECH_TEST_ITEM_CD,1
最小模拟焊HIC试验CLR 试样1实绩1,,,1,MECH_TEST_ITEM_CD,1
最小模拟焊HIC试验CLR 试样1实绩2,,,1,MECH_TEST_ITEM_CD,1
最小模拟焊HIC试验CLR 试样1实绩3,,,1,MECH_TEST_ITEM_CD,1
最小模拟焊HIC试验CLR 试样2实绩1,,,1,MECH_TEST_ITEM_CD,1
最小模拟焊HIC试验CLR 试样2实绩2,,,1,MECH_TEST_ITEM_CD,1
最小模拟焊HIC试验CLR 试样2实绩3,,,1,MECH_TEST_ITEM_CD,1
最小模拟焊HIC试验CLR 试样3实绩1,,,1,MECH_TEST_ITEM_CD,1
最小模拟焊HIC试验CLR 试样3实绩2,,,1,MECH_TEST_ITEM_CD,1
最小模拟焊HIC试验CLR 试样3实绩3,,,1,MECH_TEST_ITEM_CD,1
最小模拟焊HIC试验CSR 全体平均实绩,,,1,MECH_TEST_ITEM_CD,1
最小模拟焊HIC试验CSR 平均1实绩,,,1,MECH_TEST_ITEM_CD,1
最小模拟焊HIC试验CSR 平均2实绩,,,1,MECH_TEST_ITEM_CD,1
最小模拟焊HIC试验CSR 平均3实绩,,,1,MECH_TEST_ITEM_CD,1
最小模拟焊HIC试验CSR 试样1实绩1,,,1,MECH_TEST_ITEM_CD,1
最小模拟焊HIC试验CSR 试样1实绩2,,,1,MECH_TEST_ITEM_CD,1
最小模拟焊HIC试验CSR 试样1实绩3,,,1,MECH_TEST_ITEM_CD,1
最小模拟焊HIC试验CSR 试样2实绩1,,,1,MECH_TEST_ITEM_CD,1
最小模拟焊HIC试验CSR 试样2实绩2,,,1,MECH_TEST_ITEM_CD,1
最小模拟焊HIC试验CSR 试样2实绩3,,,1,MECH_TEST_ITEM_CD,1
最小模拟焊HIC试验CSR 试样3实绩1,,,1,MECH_TEST_ITEM_CD,1
最小模拟焊HIC试验CSR 试样3实绩2,,,1,MECH_TEST_ITEM_CD,1
最小模拟焊HIC试验CSR 试样3实绩3,,,1,MECH_TEST_ITEM_CD,1
最小模拟焊HIC试验CTR 全体平均实绩,,,1,MECH_TEST_ITEM_CD,1
最小模拟焊HIC试验CTR 平均1实绩,,,1,MECH_TEST_ITEM_CD,1
最小模拟焊HIC试验CTR 平均2实绩,,,1,MECH_TEST_ITEM_CD,1
最小模拟焊HIC试验CTR 平均3实绩,,,1,MECH_TEST_ITEM_CD,1
最小模拟焊HIC试验CTR 试样1实绩1,,,1,MECH_TEST_ITEM_CD,1
最小模拟焊HIC试验CTR 试样1实绩2,,,1,MECH_TEST_ITEM_CD,1
最小模拟焊HIC试验CTR 试样1实绩3,,,1,MECH_TEST_ITEM_CD,1
最小模拟焊HIC试验CTR 试样2实绩1,,,1,MECH_TEST_ITEM_CD,1
最小模拟焊HIC试验CTR 试样2实绩2,,,1,MECH_TEST_ITEM_CD,1
最小模拟焊HIC试验CTR 试样2实绩3,,,1,MECH_TEST_ITEM_CD,1
最小模拟焊HIC试验CTR 试样3实绩1,,,1,MECH_TEST_ITEM_CD,1
最小模拟焊HIC试验CTR 试样3实绩2,,,1,MECH_TEST_ITEM_CD,1
最小模拟焊HIC试验CTR 试样3实绩3,,,1,MECH_TEST_ITEM_CD,1
最小模拟焊SSCC测试应力实绩,,,1,MECH_TEST_ITEM_CD,1
最小模拟焊Z向拉伸断面收缩率单值实绩,,,3,MECH_TEST_ITEM_CD,1
最小模拟焊Z向拉伸断面收缩率平均值实绩,,,1,MECH_TEST_ITEM_CD,1
最小模拟焊Z向拉伸试验屈服强度实绩,,,1,MECH_TEST_ITEM_CD,1
最小模拟焊Z向拉伸试验抗拉强度实绩,,,1,MECH_TEST_ITEM_CD,1
最小模拟焊Z向拉伸试验断后伸长率实绩,,,1,MECH_TEST_ITEM_CD,1
最小模拟焊冲击功实绩,,,5,MECH_TEST_ITEM_CD,1
最小模拟焊冲击试样侧膨胀值单值实绩1,,,5,MECH_TEST_ITEM_CD,1
最小模拟焊冲击试样侧膨胀值单值实绩2,,,5,MECH_TEST_ITEM_CD,1
最小模拟焊冲击试样侧膨胀值单值实绩3,,,5,MECH_TEST_ITEM_CD,1
最小模拟焊冲击试样侧膨胀值平均值实绩,,,5,MECH_TEST_ITEM_CD,1
最小模拟焊冲击试验单个实绩1,,,5,MECH_TEST_ITEM_CD,1
最小模拟焊冲击试验单个实绩2,,,5,MECH_TEST_ITEM_CD,1
最小模拟焊冲击试验单个实绩3,,,5,MECH_TEST_ITEM_CD,1
最小模拟焊冲击试验眼神断面率实绩,,,5,MECH_TEST_ITEM_CD,1
最小模拟焊冲击试验眼神断面率实绩1,,,5,MECH_TEST_ITEM_CD,1
最小模拟焊冲击试验眼神断面率实绩2,,,5,MECH_TEST_ITEM_CD,1
最小模拟焊冲击试验眼神断面率实绩3,,,5,MECH_TEST_ITEM_CD,1
最小模拟焊后热处理,,,1,SMP_STATUS,1
最小模拟焊弯曲试验,,,1,MECH_TEST_ITEM_CD,1
最小模拟焊拉伸试验Rt0.5/Rm实绩,,,3,MECH_TEST_ITEM_CD,1
最小模拟焊拉伸试验Rt1.5/Rt0.5实绩,,,3,MECH_TEST_ITEM_CD,1
最小模拟焊拉伸试验Rt2.0/Rt1.0实绩,,,3,MECH_TEST_ITEM_CD,1
最小模拟焊拉伸试验Rt5.0/Rt1.0实绩,,,3,MECH_TEST_ITEM_CD,1
最小模拟焊拉伸试验TS(抗拉强度),,,3,MECH_TEST_ITEM_CD,1
最小模拟焊拉伸试验YP/TS实绩,,,3,MECH_TEST_ITEM_CD,1
最小模拟焊拉伸试验YP代码(抗服_屈服强度),,,3,MECH_TEST_ITEM_CD,1
最小模拟焊拉伸试验均匀伸长率实绩,,,3,MECH_TEST_ITEM_CD,1
最小模拟焊拉伸试验断面收缩率实绩,,,3,MECH_TEST_ITEM_CD,1
最小模拟焊拉伸试验消应力处理_保温时间实绩,,,2,MECH_TEST_ITEM_CD,1
最小模拟焊拉伸试验消应力处理_保温温度实绩,,,2,MECH_TEST_ITEM_CD,1
最小模拟焊拉抻测试断后伸长率实绩,,,3,MECH_TEST_ITEM_CD,1
最小模拟焊显微金相Banded structure等级上限实绩,,,1,MECH_TEST_ITEM_CD,1
最小模拟焊显微金相austenite晶粒度,,,1,MECH_TEST_ITEM_CD,1
最小模拟焊显微金相硅铁体晶粒度,,,1,MECH_TEST_ITEM_CD,1
最小模拟焊硬度单值实绩1,,,1,MECH_TEST_ITEM_CD,1
最小模拟焊硬度单值实绩2,,,1,MECH_TEST_ITEM_CD,1
最小模拟焊硬度单值实绩3,,,1,MECH_TEST_ITEM_CD,1
最小模拟焊硬度平均值实绩1,,,1,MECH_TEST_ITEM_CD,1
最小模拟焊硬度平均值实绩2,,,1,MECH_TEST_ITEM_CD,1
最小模拟焊硬度平均值实绩3,,,1,MECH_TEST_ITEM_CD,1
最小模拟焊金相测试基相的体积分数实绩,,,1,MECH_TEST_ITEM_CD,1
最小模拟焊高温拉伸试验EL,,,1,MECH_TEST_ITEM_CD,1
最小模拟焊高温拉伸试验RA,,,1,MECH_TEST_ITEM_CD,1
最小模拟焊高温拉伸试验TS,,,1,MECH_TEST_ITEM_CD,1
最小模拟焊高温拉伸试验YP,,,1,MECH_TEST_ITEM_CD,1
最终产品,,,1,ITEM_TYPE_LOV,1
最终值,,,1,SOURCE_TYPE_LOV,1
月,,,3,CYCLE_FL,3
月,,MONTH,1,DAY_MONTH,1
月,,Month,1,CYCLE_PERIOD,1
月实际修正前,,,1,INDICATOR_SOURCE,1
月牙弯,,Crescent bends,1,APPR_DEF_CD,1
月累计,,,1,INDICATOR_SOURCE,1
月统计,,,1,SIS_SEARCH_TYPE,1
月计划,,,1,INDICATOR_SOURCE,1
有,,,1,CREDIT_LMT_YN,1
有效果状态,,,1,LES_STAUS,1
有无使用Tension Leveller拉矫机,,no use of TL,1,CGL_TL_USE_TY,1
有无使用Tension Leveller拉矫机,,use TL with target elongation,1,CGL_TL_USE_TY,1
期初库存,,,1,IMPORT_TYPE_LOV,1
期货厚板订单,,,1,ORD_TY,1
期货板坯订单,,,1,ORD_TY,1
未保存,,,1,SQM_STATE,1
未光整,,Not smooth,1,APPR_DEF_CD,1
未出炉,,,1,CH_OR_DIS,1
未判定,,NULL,1,UST_GRD,1
未发布,,,2,SQM_STATE,2
未喷印,,,1,MARK_YN,1
未在线修磨,,,1,GRIND_YN,1
未处置,,,1,DISPOSE_STATUS,1
未完成,,,2,APPR_JDG_YN,2
未平整,,buckling,1,APPR_DEF_CD,1
未指定,,,17,CAST_DIFF_STL_MIX_TY,17
未接收,,,1,ACCEPT_YN,1
未措施,,,1,CHR_ASGN_HOLD_MTL_YN,1
未确定,,,1,MTC_CFM_TY,1
未确认,,,2,CAP_CONFIRM,2
未结束,,,1,IS_END,1
未输入Gas成分,,,1,HEAT_JUDG,1
未输入成分,,,1,HEAT_JUDG,1
本处理,,,1,RH_PROC_PTRN,1
机械制造产业(Machinery),,,1,ORD_USAGE_GRP1,1
机清条纹,,stripe,1,APPR_DEF_CD,1
李俊,,,1,DRIVER_NM,1
李星,,,1,DRIVER_NM,1
材料试验,,,1,SMP_TP,1
材质判定,,,1,JDG_REQ_GRD,1
杜应兵,,,1,DRIVER_NM,1
条,,Non Ferro Metals.Aluminium,1,ITEM_SPEC,1
条件疲劳强度实绩,,,1,MECH_TEST_ITEM_CD,1
杨凯,,,1,DRIVER_NM,1
杯凸试验,,,1,MECH_TEST_ITEM_CD,1
杯突IE实绩,,,1,MECH_TEST_ITEM_CD,1
松卷,,open coiling,2,APPR_DEF_CD,1
板,판재류,,1,QLT_PROD_SHP_YP,1
板坯,,,4,PROD_CD,4
板坯,,Slab,1,MTRL_SHP_TP,1
板坯中间库,,,1,YD_GR_TP,1
板坯号,,,1,SEARCH_MTRL_NO,1
板坯成分,,Slab Reject,1,ABNR_REASON_CD,1
板坯数据与实物不符,,,1,REJ_RSN,1
板坯数据与实物不符,정보-실물불일치,,1,SPR_RJT_CAUSE_CD,1
板坯未生产,Slab 미생산,,1,ABNR_REASON_CD,1
板坯精整处理结束,Slab정정마감처리됨,,1,CUT_SLAB_PROG_CD,1
板坯质量缺陷,,,1,REJ_RSN,1
板普通钢,판특수강,,1,ITEM_SPEC,1
板材检测中心,판재검사센타,,1,ANALYSIS PLACE CODE,1
板材检验室取制样工毛坯下料、备样,,,1,POSITION_CD,1
板材检验室试样加工工冷弯加工及检验,,,1,POSITION_CD,1
板材检验室试样加工工拉伸加工及检验,,,1,POSITION_CD,1
板特殊钢,판특수강,,1,ITEM_SPEC,1
板状,,,1,TSL_SMP_CD,1
极轻涂油,,,1,OIL_LEVEL,1
极重涂油,,,1,OIL_LEVEL,1
查询错误,,,1,JOB_STATUS_LOV,1
柱图,,,1,CHARTS_TYPE,1
标准,,Iron Ore.Pellet,1,ITEM_SPEC,1
标准交付期,,,1,CAL_TYPE_CD,1
标记异常,,,1,RTN_PROC_REASON_CD,1
标识修正,,,1,HOLD_RSN_CD1,1
核电钢,,,2,ORD_USAGE_GRP2,2
根,,,1,UOM_CD,1
桥梁用钢,,,2,ORD_USAGE_GRP2,2
检修,,,2,SIS_STOP_CD,2
检查机关,,,1,EXTRA_PRICE_ITEM,1
检验不判定,,,1,QLT_CHEM_GRT_CD,1
检验判定,,,1,QLT_CHEM_GRT_CD,1
棒A,,,1,SWR_FAC_CD,1
棒B,,,1,SWR_FAC_CD,1
棒材,,,5,FAC_CD,5
棒材,열연,,1,APPR_DEF_CD2,1
"棒材,房屋",,,1,ORD_USAGE,1
"棒材,桥梁",,,1,ORD_USAGE,1
"棒材,道路",,,1,ORD_USAGE,1
棒材A线,,,1,FAC_CD,1
棒材B线,,,1,FAC_CD,1
棒状,,,1,TSL_SMP_CD,1
楔形,,Wedge,1,APPR_DEF_CD,1
模具未准备,Mold 미준비,,1,ABNR_REASON_CD,1
模拟焊HIC试验CLR 全体平均实绩,,,1,MECH_TEST_ITEM_CD,1
模拟焊HIC试验CLR 平均1实绩,,,1,MECH_TEST_ITEM_CD,1
模拟焊HIC试验CLR 平均2实绩,,,1,MECH_TEST_ITEM_CD,1
模拟焊HIC试验CLR 平均3实绩,,,1,MECH_TEST_ITEM_CD,1
模拟焊HIC试验CLR 试样1实绩1,,,1,MECH_TEST_ITEM_CD,1
模拟焊HIC试验CLR 试样1实绩2,,,1,MECH_TEST_ITEM_CD,1
模拟焊HIC试验CLR 试样1实绩3,,,1,MECH_TEST_ITEM_CD,1
模拟焊HIC试验CLR 试样2实绩1,,,1,MECH_TEST_ITEM_CD,1
模拟焊HIC试验CLR 试样2实绩2,,,1,MECH_TEST_ITEM_CD,1
模拟焊HIC试验CLR 试样2实绩3,,,1,MECH_TEST_ITEM_CD,1
模拟焊HIC试验CLR 试样3实绩1,,,1,MECH_TEST_ITEM_CD,1
模拟焊HIC试验CLR 试样3实绩2,,,1,MECH_TEST_ITEM_CD,1
模拟焊HIC试验CLR 试样3实绩3,,,1,MECH_TEST_ITEM_CD,1
模拟焊HIC试验CSR 全体平均实绩,,,1,MECH_TEST_ITEM_CD,1
模拟焊HIC试验CSR 平均1实绩,,,1,MECH_TEST_ITEM_CD,1
模拟焊HIC试验CSR 平均2实绩,,,1,MECH_TEST_ITEM_CD,1
模拟焊HIC试验CSR 平均3实绩,,,1,MECH_TEST_ITEM_CD,1
模拟焊HIC试验CSR 试样1实绩1,,,1,MECH_TEST_ITEM_CD,1
模拟焊HIC试验CSR 试样1实绩2,,,1,MECH_TEST_ITEM_CD,1
模拟焊HIC试验CSR 试样1实绩3,,,1,MECH_TEST_ITEM_CD,1
模拟焊HIC试验CSR 试样2实绩1,,,1,MECH_TEST_ITEM_CD,1
模拟焊HIC试验CSR 试样2实绩2,,,1,MECH_TEST_ITEM_CD,1
模拟焊HIC试验CSR 试样2实绩3,,,1,MECH_TEST_ITEM_CD,1
模拟焊HIC试验CSR 试样3实绩1,,,1,MECH_TEST_ITEM_CD,1
模拟焊HIC试验CSR 试样3实绩2,,,1,MECH_TEST_ITEM_CD,1
模拟焊HIC试验CSR 试样3实绩3,,,1,MECH_TEST_ITEM_CD,1
模拟焊HIC试验CTR 全体平均实绩,,,1,MECH_TEST_ITEM_CD,1
模拟焊HIC试验CTR 平均1实绩,,,1,MECH_TEST_ITEM_CD,1
模拟焊HIC试验CTR 平均2实绩,,,1,MECH_TEST_ITEM_CD,1
模拟焊HIC试验CTR 平均3实绩,,,1,MECH_TEST_ITEM_CD,1
模拟焊HIC试验CTR 试样1实绩1,,,1,MECH_TEST_ITEM_CD,1
模拟焊HIC试验CTR 试样1实绩2,,,1,MECH_TEST_ITEM_CD,1
模拟焊HIC试验CTR 试样1实绩3,,,1,MECH_TEST_ITEM_CD,1
模拟焊HIC试验CTR 试样2实绩1,,,1,MECH_TEST_ITEM_CD,1
模拟焊HIC试验CTR 试样2实绩2,,,1,MECH_TEST_ITEM_CD,1
模拟焊HIC试验CTR 试样2实绩3,,,1,MECH_TEST_ITEM_CD,1
模拟焊HIC试验CTR 试样3实绩1,,,1,MECH_TEST_ITEM_CD,1
模拟焊HIC试验CTR 试样3实绩2,,,1,MECH_TEST_ITEM_CD,1
模拟焊HIC试验CTR 试样3实绩3,,,1,MECH_TEST_ITEM_CD,1
模拟焊SSCC测试应力实绩,,,1,MECH_TEST_ITEM_CD,1
模拟焊Z向拉伸断面收缩率单值实绩,,,3,MECH_TEST_ITEM_CD,1
模拟焊Z向拉伸断面收缩率平均值实绩,,,1,MECH_TEST_ITEM_CD,1
模拟焊Z向拉伸试验屈服强度实绩,,,1,MECH_TEST_ITEM_CD,1
模拟焊Z向拉伸试验抗拉强度实绩,,,1,MECH_TEST_ITEM_CD,1
模拟焊Z向拉伸试验断后伸长率实绩,,,1,MECH_TEST_ITEM_CD,1
模拟焊冲击功实绩,,,5,MECH_TEST_ITEM_CD,1
模拟焊冲击试样侧膨胀值单值实绩1,,,5,MECH_TEST_ITEM_CD,1
模拟焊冲击试样侧膨胀值单值实绩2,,,5,MECH_TEST_ITEM_CD,1
模拟焊冲击试样侧膨胀值单值实绩3,,,5,MECH_TEST_ITEM_CD,1
模拟焊冲击试样侧膨胀值平均值实绩,,,5,MECH_TEST_ITEM_CD,1
模拟焊冲击试验单个实绩1,,,5,MECH_TEST_ITEM_CD,1
模拟焊冲击试验单个实绩2,,,5,MECH_TEST_ITEM_CD,1
模拟焊冲击试验单个实绩3,,,5,MECH_TEST_ITEM_CD,1
模拟焊冲击试验眼神断面率实绩,,,5,MECH_TEST_ITEM_CD,1
模拟焊冲击试验眼神断面率实绩1,,,5,MECH_TEST_ITEM_CD,1
模拟焊冲击试验眼神断面率实绩2,,,5,MECH_TEST_ITEM_CD,1
模拟焊冲击试验眼神断面率实绩3,,,5,MECH_TEST_ITEM_CD,1
模拟焊后热处理,,,2,QLT_PHYTST_CD,2
模拟焊后热处理 + 最大模拟焊后热处理,,,1,SMP_STATUS,1
模拟焊后热处理 + 最大模拟焊后热处理 + 最小模拟焊后热处理,,,1,SMP_STATUS,1
模拟焊后热处理 + 最小模拟焊后热处理,,,1,SMP_STATUS,1
模拟焊弯曲试验,,,1,MECH_TEST_ITEM_CD,1
模拟焊拉伸试验Rt0.5/Rm实绩,,,3,MECH_TEST_ITEM_CD,1
模拟焊拉伸试验Rt1.5/Rt0.5实绩,,,3,MECH_TEST_ITEM_CD,1
模拟焊拉伸试验Rt2.0/Rt1.0实绩,,,3,MECH_TEST_ITEM_CD,1
模拟焊拉伸试验Rt5.0/Rt1.0实绩,,,3,MECH_TEST_ITEM_CD,1
模拟焊拉伸试验TS(抗拉强度),,,3,MECH_TEST_ITEM_CD,1
模拟焊拉伸试验YP/TS实绩,,,3,MECH_TEST_ITEM_CD,1
模拟焊拉伸试验YP代码(抗服_屈服强度),,,3,MECH_TEST_ITEM_CD,1
模拟焊拉伸试验均匀伸长率实绩,,,3,MECH_TEST_ITEM_CD,1
模拟焊拉伸试验断面收缩率实绩,,,3,MECH_TEST_ITEM_CD,1
模拟焊拉伸试验消应力处理_保温时间实绩,,,2,MECH_TEST_ITEM_CD,1
模拟焊拉伸试验消应力处理_保温温度实绩,,,2,MECH_TEST_ITEM_CD,1
模拟焊拉抻测试断后伸长率实绩,,,3,MECH_TEST_ITEM_CD,1
模拟焊显微金相Banded structure等级上限实绩,,,1,MECH_TEST_ITEM_CD,1
模拟焊显微金相austenite晶粒度,,,1,MECH_TEST_ITEM_CD,1
模拟焊显微金相硅铁体晶粒度,,,1,MECH_TEST_ITEM_CD,1
模拟焊硬度单值实绩1,,,1,MECH_TEST_ITEM_CD,1
模拟焊硬度单值实绩2,,,1,MECH_TEST_ITEM_CD,1
模拟焊硬度单值实绩3,,,1,MECH_TEST_ITEM_CD,1
模拟焊硬度平均值实绩1,,,1,MECH_TEST_ITEM_CD,1
模拟焊硬度平均值实绩2,,,1,MECH_TEST_ITEM_CD,1
模拟焊硬度平均值实绩3,,,1,MECH_TEST_ITEM_CD,1
模拟焊金相测试基相的体积分数实绩,,,1,MECH_TEST_ITEM_CD,1
模拟焊高温拉伸试验EL,,,1,MECH_TEST_ITEM_CD,1
模拟焊高温拉伸试验RA,,,1,MECH_TEST_ITEM_CD,1
模拟焊高温拉伸试验TS,,,1,MECH_TEST_ITEM_CD,1
模拟焊高温拉伸试验YP,,,1,MECH_TEST_ITEM_CD,1
横向 Horizontal,폭방향으로 시편채취,,1,IMPACT_SMP_SPCMN_DIR,1
横向0°,,,1,PLT_HM_MARK_MOD,1
横向Horizontal,폭방향으로 시편채취,,5,BH_SMP_SPCMN_DIR,5
横向方向采样,폭방향으로 시편채취,,1,COAT_ATTH_SMP_SPCMN_DIR,1
横向条纹,,Horizontal stripes,1,APPR_DEF_CD,1
横折印,,Horizontal folding,1,APPR_DEF_CD,1
横裂,,,1,APPR_DEF_CD,1
横裂,,Horizontal Crack,2,APPR_DEF_CD,1
橘皮,,Orange peel,2,APPR_DEF_CD,1
欠酸洗,,Insufficient pickling,1,APPR_DEF_CD,1
正偏差控制目标厚度,,,1,ORD_THK_TOL_CD,1
正常,,NO urgent Order,1,URGENT_FL,1
正常,정상,,1,TRNSF_REASON_CD,1
正常产品库存充当(挑选),정상제품재고충당(선별),,1,STOC_SALES_TY,1
正常产品库存充当(未挑选),정상제품재고충당,,1,STOC_SALES_TY,1
正常判定,,,1,JDG_TY,1
正常控轧,,,1,CONT_ROLL_PAT,1
正常轧制,,,1,RJT_NO_FG,1
正弦振动,,,1,MOLD_OSCIL_TY,1
正弯90°,,,1,BEND_CD,1
正火,,,1,HTM_MTH_CD,1
正火,노멀라이징,,1,PLT_HEATING_CD,1
正火 + 回火,,,1,HTM_MTH_CD,1
正火+回火,,,1,HTM_WORK_TY,1
正火+回火,노멀라이징+역화,,1,PLT_HEATING_CD,1
段正国,,,1,DRIVER_NM,1
母板(Mother Plate),모판(Mother Plate),,1,PLT_TY,1
母板宽度组合设计,날판폭 조합설계,,1,PLT_DGN_STD,1
每1.5M,1.5M당,,1,QLT_TOL_CAMBER_UNT_TY,1
每10M,10M당,,1,QLT_TOL_CAMBER_UNT_TY,1
每1M,1M당,,1,QLT_TOL_CAMBER_UNT_TY,1
每20Feet,20Feet당,,1,QLT_TOL_CAMBER_UNT_TY,1
每2M,2M당,,1,QLT_TOL_CAMBER_UNT_TY,1
每5分钟,,,1,GET_IH_TYPE,1
每6Feet,6Feet당,,1,QLT_TOL_CAMBER_UNT_TY,1
每6M,6M당,,1,QLT_TOL_CAMBER_UNT_TY,1
每8Feet,8Feet당,,1,QLT_TOL_CAMBER_UNT_TY,1
每一小时,,,1,GET_IH_TYPE,1
每两周,,,1,UOM_CD,1
每两小时,,,1,GET_IH_TYPE,1
每半年,,,1,UOM_CD,1
每卷为1批,,,28,BEND_SMP_CND,28
每周,,,1,UOM_CD,1
每季,,,1,UOM_CD,1
每小时,,,1,INDICATOR_SOURCE,1
每年,,,1,UOM_CD,1
每成品张,,,1,MECH_SMP_CND,1
每批2支，单批超过60吨，每增加40吨或不足40吨的余数增加一个拉伸试样,"'동일 heat,동일 패호,동일 압연상테,동일 두깨,매lot 60톤 이하;1개 코일＞30t시 2개 코일  1lot",,1,TSL_SMP_CND,1
每日,,,1,UOM_CD,1
每月,,,1,UOM_CD,1
每班次,,,1,INDICATOR_SOURCE,1
每班次,,SHIFT,1,DAY_MONTH,1
每轧制张,,,1,MECH_SMP_CND,1
比表面积,,,1,CHEM_CD,1
毛刺,,Durrs,1,APPR_DEF_CD,1
毛刺,,grey coating,2,APPR_DEF_CD,1
毛边,,,1,ORD_SIZE_TY,1
毛重,,Loaded Weighing Only,1,TRK_SCALE_TY,1
毛重 -> 皮重,,Loaded Weighing -> Vacant Weighing,1,TRK_SCALE_TY,1
"毛面,0.60 ≤ Ra ≤ 1.90,不镀锌",,,1,SURF_TREAT_CD,1
"毛面,0.60 ≤ Ra ≤ 1.90,小锌花",,,1,SURF_TREAT_CD,1
"毛面,0.60 ≤ Ra ≤ 1.90,正常锌花",,,1,SURF_TREAT_CD,1
"毛面,0.60 ≤ Ra ≤ 1.90,零锌花",,,1,SURF_TREAT_CD,1
"毛面,0.70 ≤ Ra ≤ 1.30,不镀锌",,,1,SURF_TREAT_CD,1
"毛面,0.70 ≤ Ra ≤ 1.30,小锌花",,,1,SURF_TREAT_CD,1
"毛面,0.70 ≤ Ra ≤ 1.30,正常锌花",,,1,SURF_TREAT_CD,1
"毛面,0.70 ≤ Ra ≤ 1.30,零锌花",,,1,SURF_TREAT_CD,1
"毛面,0.70 ≤ Ra ≤ 1.80,不镀锌",,,1,SURF_TREAT_CD,1
"毛面,0.70 ≤ Ra ≤ 1.80,小锌花",,,1,SURF_TREAT_CD,1
"毛面,0.70 ≤ Ra ≤ 1.80,正常锌花",,,1,SURF_TREAT_CD,1
"毛面,0.70 ≤ Ra ≤ 1.80,零锌花",,,1,SURF_TREAT_CD,1
"毛面,1.00 ≤ Ra ≤ 1.80,不镀锌",,,1,SURF_TREAT_CD,1
"毛面,1.00 ≤ Ra ≤ 1.80,小锌花",,,1,SURF_TREAT_CD,1
"毛面,1.00 ≤ Ra ≤ 1.80,正常锌花",,,1,SURF_TREAT_CD,1
"毛面,1.00 ≤ Ra ≤ 1.80,零锌花",,,1,SURF_TREAT_CD,1
毫升,,,1,UOM_CD,1
毫米,,,1,UOM_CD,1
气刀条纹,,Air knife stripes,1,APPR_DEF_CD,1
气态氧,기체산소,,2,ITEM_SPEC,2
气泡,,,2,APPR_DEF_CD,2
气泡,,bubble,3,APPR_DEF_CD,2
气煤,,,1,ITEM_SPEC,1
气肥煤,,,1,ITEM_SPEC,1
氢渗透性试验,,,1,QLT_PHYTST_CD,1
氢渗透试验,,,1,MECH_TEST_ITEM_CD,1
氧化色,,Oxidation color,1,APPR_DEF_CD,1
氧化钙,,Other Raw Materials.Desulfurization,1,ITEM_SPEC,1
氧化钙（高品级）,,Other Raw Materials.Desulfurization,1,ITEM_SPEC,1
氧化铁皮,,Metallics.etc.,1,ITEM_SPEC,1
氧化铁皮,산화 스케일,,2,ITEM_SPEC,2
氧化铁皮(氧化铁片),,scale,3,APPR_DEF_CD,2
氧化铁皮压入,,,1,APPR_DEF_CD,1
氧化铝,,Other Raw Materials.Flux,1,ITEM_SPEC,1
氧化铝夹渣,,oil stain,1,APPR_DEF_CD,1
氧气,,,1,SCH_PROC_MATE,1
氨含量（饱和器前）,,,1,CHEM_CD,1
氨含量（饱和器后）,,,1,CHEM_CD,1
氨水浓度,,,1,CHEM_CD,1
氮含量（干基）,,,2,CHEM_CD,1
氮气,,,1,SCH_PROC_MATE,1
氯离子,,,1,CHEM_CD,1
水,,,1,HH_MEDIUM_TYPE,1
水-测试1,,,1,ITEM_SPEC,1
水处理,,,1,SCH_PLAN_PROJ_CD,1
水处理作业区化学分析工水质检验,,,1,POSITION_CD,1
水处理作业区设备维检工污水设备巡检,,,1,POSITION_CD,1
水处理系统,,,1,SCH_PLAN_PROJ_CD,1
水渣,용선슬래그(냉선-소),,1,ITEM_SPEC,1
水渣作业,,,1,SIS_FAC_CD1,1
水渣微粉,,,3,PROC_CD,3
水渣微粉1#,,,1,SIT_FUR_NO,1
水渣微粉2#,,,1,SIT_FUR_NO,1
水渣微粉成品库,,,2,SUBINVENTORY_CODE,2
水渣水份,,,1,CHEM_CD,1
水路(河流),,,1,TRNSF_MTH_CD,1
水路(海洋),,,1,TRNSF_MTH_CD,1
水陆联运,,,1,TRNSF_MTH_CD,1
江苏省,,,1,PROVINCE_CD,1
江苏省南京市,,,1,CITY_CD,1
江苏省南通市,,,1,CITY_CD,1
江苏省宿迁市,,,1,CITY_CD,1
江苏省常州市,,,1,CITY_CD,1
江苏省徐州市,,,1,CITY_CD,1
江苏省扬州市,,,1,CITY_CD,1
江苏省无锡市,,,1,CITY_CD,1
江苏省泰州市,,,1,CITY_CD,1
江苏省淮安市,,,1,CITY_CD,1
江苏省盐城市,,,1,CITY_CD,1
江苏省苏州市,,,1,CITY_CD,1
江苏省连云港市,,,1,CITY_CD,1
江苏省镇江市,,,1,CITY_CD,1
江西省,,,1,PROVINCE_CD,1
江西省上饶市,,,1,CITY_CD,1
江西省九江市,,,1,CITY_CD,1
江西省南昌市,,,1,CITY_CD,1
江西省吉安市,,,1,CITY_CD,1
江西省宜春市,,,1,CITY_CD,1
江西省抚州市,,,1,CITY_CD,1
江西省新余市,,,1,CITY_CD,1
江西省景德镇市,,,1,CITY_CD,1
江西省萍乡市,,,1,CITY_CD,1
江西省赣州市,,,1,CITY_CD,1
江西省鹰潭市,,,1,CITY_CD,1
汽车,,,2,RM_MOVE_TY,2
汽车,,Truck,1,CAR_KIND,1
汽车产业(Automobile),,,1,ORD_USAGE_GRP1,1
汽车用钢,,,2,ORD_USAGE_GRP2,2
汽车用钢,자동차용강/汽车用钢,,1,DEPT_CD,1
沉没辊辊印,,Roll Mark,1,APPR_DEF_CD,1
河北省,,,1,PROVINCE_CD,1
河北省保定市,,,1,CITY_CD,1
河北省唐山市,,,1,CITY_CD,1
河北省廊坊市,,,1,CITY_CD,1
河北省张家口市,,,1,CITY_CD,1
河北省承德市,,,1,CITY_CD,1
河北省沧州市,,,1,CITY_CD,1
河北省石家庄市,,,1,CITY_CD,1
河北省秦皇岛市,,,1,CITY_CD,1
河北省衡水市,,,1,CITY_CD,1
河北省邢台市,,,1,CITY_CD,1
河北省邯郸市,,,1,CITY_CD,1
河南省,,,1,PROVINCE_CD,1
河南省三门峡市,,,1,CITY_CD,1
河南省信阳市,,,1,CITY_CD,1
河南省南阳市,,,1,CITY_CD,1
河南省周口市,,,1,CITY_CD,1
河南省商丘市,,,1,CITY_CD,1
河南省安阳市,,,1,CITY_CD,1
河南省平顶山市,,,1,CITY_CD,1
河南省开封市,,,1,CITY_CD,1
河南省新乡市,,,1,CITY_CD,1
河南省河南省济源市,,,1,CITY_CD,1
河南省洛阳市,,,1,CITY_CD,1
河南省漯河市,,,1,CITY_CD,1
河南省濮阳市,,,1,CITY_CD,1
河南省焦作市,,,1,CITY_CD,1
河南省许昌市,,,1,CITY_CD,1
河南省郑州市,,,1,CITY_CD,1
河南省驻马店市,,,1,CITY_CD,1
河南省鹤壁市,,,1,CITY_CD,1
油,,,1,HH_MEDIUM_TYPE,1
油斑,,Oil spots,2,APPR_DEF_CD,1
油污,,,1,APPR_DEF_CD,1
油污,,oil stain,1,APPR_DEF_CD,1
油膜轴承,,Oil Film bearing,1,BRG_TY,1
泡沫扎抑制剂,,Other Raw Materials.Flux,1,ITEM_SPEC,1
波纹度检测,,,1,QLT_PHYTST_CD,1
波纹度检测实绩(Wa),,,1,MECH_TEST_ITEM_CD,1
波纹度检测实绩(Wa08),,,1,MECH_TEST_ITEM_CD,1
波纹度检测实绩(Wca),,,1,MECH_TEST_ITEM_CD,1
波纹度检测实绩(Wsa),,,1,MECH_TEST_ITEM_CD,1
波纹度检测最大值实绩(Wa08max),,,1,MECH_TEST_ITEM_CD,1
波纹度检测最大值实绩(Wamax),,,1,MECH_TEST_ITEM_CD,1
波纹度检测最大值实绩(Wcamax),,,1,MECH_TEST_ITEM_CD,1
波纹度检测最大值实绩(Wsamax),,,1,MECH_TEST_ITEM_CD,1
洁净度检测,,,1,QLT_PHYTST_CD,1
洁净度试验1,,,1,MECH_TEST_ITEM_CD,1
洁净度试验2,,,1,MECH_TEST_ITEM_CD,1
洁净度试验3,,,1,MECH_TEST_ITEM_CD,1
洛氏硬度,,,1,HARD_KIND,1
活性度,,,2,CHEM_CD,2
活性指数（28d）,,,1,CHEM_CD,1
活性指数（7d）,,,1,CHEM_CD,1
流动度比,,,1,CHEM_CD,1
浊度,,,1,CHEM_CD,1
济钢鲍德,,,1,TRANSCOMPANYCODE,1
浓度,,,1,CHEM_CD,1
浙江省,,,1,PROVINCE_CD,1
浙江省丽水市,,,1,CITY_CD,1
浙江省台州市,,,1,CITY_CD,1
浙江省嘉兴市,,,1,CITY_CD,1
浙江省宁波市,,,1,CITY_CD,1
浙江省杭州市,,,1,CITY_CD,1
浙江省温州市,,,1,CITY_CD,1
浙江省湖州市,,,1,CITY_CD,1
浙江省绍兴市,,,1,CITY_CD,1
浙江省舟山市,,,1,CITY_CD,1
浙江省衢州市,,,1,CITY_CD,1
浙江省金华市,,,1,CITY_CD,1
浪形,,Wave shape,2,APPR_DEF_CD,1
海南省,,,1,PROVINCE_CD,1
海南省三亚市,,,1,CITY_CD,1
海南省三沙市,,,1,CITY_CD,1
海南省儋州市,,,1,CITY_CD,1
海南省海南省万宁市,,,1,CITY_CD,1
海南省海南省东方市,,,1,CITY_CD,1
海南省海南省临高县,,,1,CITY_CD,1
海南省海南省乐东黎族自治县,,,1,CITY_CD,1
海南省海南省五指山市,,,1,CITY_CD,1
海南省海南省保亭黎族苗族自治县,,,1,CITY_CD,1
海南省海南省定安县,,,1,CITY_CD,1
海南省海南省屯昌县,,,1,CITY_CD,1
海南省海南省文昌市,,,1,CITY_CD,1
海南省海南省昌江黎族自治县,,,1,CITY_CD,1
海南省海南省澄迈县,,,1,CITY_CD,1
海南省海南省琼中黎族苗族自治县,,,1,CITY_CD,1
海南省海南省琼海市,,,1,CITY_CD,1
海南省海南省白沙黎族自治县,,,1,CITY_CD,1
海南省海南省陵水黎族自治县,,,1,CITY_CD,1
海南省海口市,,,1,CITY_CD,1
海工用钢,,,1,ORD_USAGE_GRP2,1
海工造船业(Shipbuilding),,,1,ORD_USAGE_GRP1,1
海河联运,,,1,TRNSF_MTH_CD,1
涂层剂,,Other Raw Materials.Coating,1,ITEM_SPEC,1
涂料压入,,,1,APPR_DEF_CD,1
涂油,도유,,1,PSTREAT_GRP_CD,1
"涂油,耐指纹","도유,내지문",,1,PSTREAT_GRP_CD,1
"涂油,钝化","도유,둔화",,1,PSTREAT_GRP_CD,1
"涂油,钝化,耐指纹","도유,둔화,내지문",,1,PSTREAT_GRP_CD,1
涂油量测定,,,1,QLT_PHYTST_CD,1
消息,,,1,LOG_TY,1
消耗,,,1,RM_INOUT_FL,1
消耗量,,,2,CHARTS_FIELD_LOV,2
消防,,,1,POSITION_CD,1
液化天然气(焦化产),,,2,ITEM_SPEC,2
液氧,액체산소,,2,ITEM_SPEC,2
液氮,액체질소,,2,ITEM_SPEC,2
液碱浓度,,,1,CHEM_CD,1
淬火,,,2,HTM_MTH_CD,2
淬火,담금질,,1,PLT_HEATING_CD,1
淬火+回火,,,1,HTM_WORK_TY,1
淬透性指数_JHRC硬度-距离实绩,,,1,MECH_TEST_ITEM_CD,1
淬透性指数_JHRC硬度实绩,,,1,MECH_TEST_ITEM_CD,1
淬透性指数_JHV硬度-距离实绩,,,1,MECH_TEST_ITEM_CD,1
淬透性指数_JHV硬度实绩,,,1,MECH_TEST_ITEM_CD,1
淬透性检验,,,1,QLT_PHYTST_CD,1
混料系统,,,1,SCH_PLAN_PROJ_CD,1
混晶,,Mixed crystal,2,APPR_DEF_CD,1
清洗液残留,,Residual washing liquid,1,APPR_DEF_CD,1
清洗黑印,,Clean the black mark,1,APPR_DEF_CD,1
渣钢,탄소강지금,,1,PLAN_DETAIL,1
港澳台地区,,,2,REGION_CD,2
游离酸,,,1,CHEM_CD,1
游离酸（H₂SO₄）含量,,,1,CHEM_CD,1
湖北省,,,1,PROVINCE_CD,1
湖北省十堰市,,,1,CITY_CD,1
湖北省咸宁市,,,1,CITY_CD,1
湖北省孝感市,,,1,CITY_CD,1
湖北省宜昌市,,,1,CITY_CD,1
湖北省恩施土家族苗族自治州,,,1,CITY_CD,1
湖北省武汉市,,,1,CITY_CD,1
湖北省湖北省仙桃市,,,1,CITY_CD,1
湖北省湖北省天门市,,,1,CITY_CD,1
湖北省湖北省潜江市,,,1,CITY_CD,1
湖北省湖北省神农架林区,,,1,CITY_CD,1
湖北省荆州市,,,1,CITY_CD,1
湖北省荆门市,,,1,CITY_CD,1
湖北省襄阳市,,,1,CITY_CD,1
湖北省鄂州市,,,1,CITY_CD,1
湖北省随州市,,,1,CITY_CD,1
湖北省黄冈市,,,1,CITY_CD,1
湖北省黄石市,,,1,CITY_CD,1
湖南省,,,1,PROVINCE_CD,1
湖南省娄底市,,,1,CITY_CD,1
湖南省岳阳市,,,1,CITY_CD,1
湖南省常德市,,,1,CITY_CD,1
湖南省张家界市,,,1,CITY_CD,1
湖南省怀化市,,,1,CITY_CD,1
湖南省株洲市,,,1,CITY_CD,1
湖南省永州市,,,1,CITY_CD,1
湖南省湘潭市,,,1,CITY_CD,1
湖南省湘西土家族苗族自治州,,,1,CITY_CD,1
湖南省益阳市,,,1,CITY_CD,1
湖南省衡阳市,,,1,CITY_CD,1
湖南省邵阳市,,,1,CITY_CD,1
湖南省郴州市,,,1,CITY_CD,1
湖南省长沙市,,,1,CITY_CD,1
湿平整斑,,Wet flat spot,1,APPR_DEF_CD,1
湿息焦系统,,,1,SCH_PLAN_PROJ_CD,1
溢出边,,Overflow edge,3,APPR_DEF_CD,1
溴价,,,1,CHEM_CD,1
溶剂,,,2,SIN_MATERIAL_CLASS,2
滑板 （slide gate）,,,1,SLAG_STOP_MTH,1
澳块（RTX）,,,1,MATERIAL_CD,1
澳块（sp10）,,,1,MATERIAL_CD,1
澳块（纽曼）,,,1,MATERIAL_CD,1
澳门特别行政区,,,2,CITY_CD,2
火切,,,1,APP_DEF_PROC_SPR,1
火切,화염절단,,1,APPR_FIN_MTH_CD,1
火切垛,,,1,SLAB_STACK_CD,1
火切挽救（剪切缺陷）,,,1,HOLD_RSN_CD1,1
火切挽救（尺寸）,,,1,HOLD_RSN_CD1,1
火切挽救（黑线）,,,1,HOLD_RSN_CD1,1
火焰切割,가스절단,,1,CUT_MTH_CD,1
火焰切割,화염절단,,1,SPR_PROC_CD,1
火焰清理作业待机,Scarfing작업대기,,1,CUT_SLAB_PROG_CD,1
火焰清理实绩登录完了,Scarfing실적등록완료,,1,CUT_SLAB_PROG_CD,1
火车,,,1,TRANSTYPE,1
炉前剔除,,,1,REJECT_CD,1
炉前的铁样,용선탈류전,,1,CHEM_LVL3_CD,1
炉卷,,Steckel,1,ROUTING_CD,1
炉卷中间废品,,,1,ITEM_SPEC,1
炉卷作业区专用机床工轧辊磨床,,,1,POSITION_CD,1
炉卷切割渣,,Base Metal/Scrap.CarbonSteel Scrap,1,ITEM_SPEC,1
炉卷库,,,1,INVENTORY_CD,1
炉卷废板,,,1,ITEM_SPEC,1
炉卷普通钢中间废品,,,1,ITEM_SPEC,1
炉卷普通钢废板,,Dross.Waste Plate,1,ITEM_SPEC,1
炉卷板头,Steckel절단고철A,,1,ITEM_SPEC,1
炉卷板尾,,,1,ITEM_SPEC,1
炉卷板边,Steckel절단고철B,,1,ITEM_SPEC,1
炉卷氧化铁皮,Skectel산화스케일,,1,ITEM_SPEC,1
炉卷热处理废板,,,1,ITEM_SPEC,1
炉卷特殊钢中间废品,,,1,ITEM_SPEC,1
炉卷特殊钢废板,,Dross.Waste Plate,1,ITEM_SPEC,1
炉卷精整,,,1,ROUTING_NO,1
炉卷轧钢,,,1,ROUTING_NO,1
炉壳钢板,,,1,ITEM_LTY,1
炉头钢,,,1,REJ_RSN,1
炉窑系统,,,1,SCH_PLAN_PROJ_CD,1
炉辊辊印,,Roll Mark,1,APPR_DEF_CD,1
点火系统,,,1,SCH_PLAN_PROJ_CD,1
点片状氧化铁皮,,Point flake iron oxide,2,APPR_DEF_CD,1
炼焦作业区炼焦工上升管,,,1,POSITION_CD,1
炼焦作业区炼焦工单调维护,,,1,POSITION_CD,1
炼焦作业区焦炉调温工交换机兼测温,,,1,POSITION_CD,1
炼焦作业区焦炉调温工调火及铁件,,,1,POSITION_CD,1
炼焦作业区筑炉瓦工热修瓦工,,,1,POSITION_CD,1
炼焦除尘灰,코킹,,1,ITEM_SPEC,1
炼钢,,,10,APP_DEF_PROC_SPR,10
炼钢,제강,,1,APPR_DEF_CD2,1
炼钢+厚板,,,1,YD_PLT_TP,1
炼钢-炼钢,Steel Making(Steel)_제강-제강,,1,RM_USAGE_TY,1
炼钢-连铸,제강-연주,,1,APPR_DEF_CD2,1
炼钢一次除尘灰,제강EP 먼지,,1,ITEM_SPEC,1
炼钢事业部,,,1,DUTY_DEP,1
炼钢仓库,제강창고,,1,WIP_INV_CD,1
炼钢作业,,,1,ERP_LOC_GRP,1
炼钢其他,제강 기타,,1,ABNR_REASON_CD,1
炼钢内控钢种,,,1,MFC_STD_TY,1
炼钢制造标准,,,1,MFC_STD_TY,1
炼钢副产物仓库,,,1,MOVE_STORE,1
炼钢副原料不足,부 원료 부족,,1,ABNR_REASON_CD,1
炼钢化学成分改判率,제강화학성분개판율,,1,ANAL_TY,1
炼钢天车异常,제강Crane이상,,1,ABNR_REASON_CD,1
炼钢库,,,1,INVENTORY_CD,1
炼钢废钢库,,,1,SYD_YARD_NAME_LOV,1
炼钢成分不合,제강성분불합격,,1,SPR_RJT_CAUSE_CD,1
炼钢成分异常,제강 성분이상,,1,ABNR_REASON_CD,1
炼钢成本,,,2,JOB_COST_TYPE,2
炼钢投料仓库,,,1,MOVE_STORE,1
炼钢提前出钢,제강 선 출장,,1,ABNR_REASON_CD,1
炼钢现场调整申请,제강 현장 조정요청,,1,ABNR_REASON_CD,1
炼钢生石灰,,Minerals.Limestone,1,ITEM_SPEC,1
炼钢石灰石库,,,1,SYD_YARD_NAME_LOV,1
炼钢研究所,,,1,DEPT_CD,1
炼钢自产废钢,제강고철,,1,ITEM_SPEC,1
炼铁,,,5,AREA_CODE,5
炼铁-冷铁,Iron Making(Cold Iron)_제선-냉선,,1,RM_USAGE_TY,1
炼铁-烧结,Iron Making(Sintered Ore)_제선-소결,,1,RM_USAGE_TY,1
炼铁-球团,Iron Making(Pellet)_제선-Pellet,,1,RM_USAGE_TY,1
炼铁-铁水,Iron Making(Pig Iron)_제선-용선,,1,RM_USAGE_TY,1
炼铁1号高炉,,,1,PROC_CD_SMM_PLA,1
炼铁2号高炉,,,1,PROC_CD_SMM_PLA,1
炼铁作业,,,1,ERP_LOC_GRP,1
炼铁原料仓库,,,1,MOVE_STORE,1
炼铁喷煤原料库,,,1,SUBINVENTORY_CODE,1
炼铁库,,,1,INVENTORY_CD,1
炼铁生石灰,,Minerals.Limestone,1,ITEM_SPEC,1
炼铁粉,,Minerals.Dolomite,1,ITEM_SPEC,1
炼铁粉,,Minerals.Limestone,1,ITEM_SPEC,1
炼铁部一号高炉作业区业务副经理,,,1,POSITION_CD,1
炼铁高品位生石灰,,Minerals.Limestone,1,ITEM_SPEC,1
烘烤硬化值测定试验,,,1,QLT_PHYTST_CD,1
烘烤硬化试验,,,1,MECH_TEST_ITEM_CD,1
烟煤,,,1,LOCATOR_CODE,1
烧矢量,,,1,CHEM_CD,1
烧结,,,8,AREA_CODE,8
烧结,,Sinter,1,IR_CHE_DATA_FILE_TY,1
烧结,소결,,2,ITEM_SPEC,2
烧结1,소결,,1,PROC_CD_ERP,1
烧结作业区烧结原料工成品筛分,,,1,POSITION_CD,1
烧结作业区烧结原料工燃料破碎,,,1,POSITION_CD,1
烧结作业区烧结工梭式布料,,,1,POSITION_CD,1
烧结作业区烧结工烧结主控操作,,,1,POSITION_CD,1
烧结作业区烧结工看火,,,1,POSITION_CD,1
烧结作业区烧结配料工配料矿槽,,,1,POSITION_CD,1
烧结作业区烧结配料工铺底料矿槽,,,1,POSITION_CD,1
烧结作业区除尘工机头工艺电除尘,,,1,POSITION_CD,1
烧结副产品库,,,1,MOVE_STORE,1
烧结半成品仓库,,,1,MOVE_STORE,1
烧结无烟煤,,,1,ITEM_SPEC,1
烧结机,,,1,SCH_PLAN_PROJ_CD,1
烧结机头除尘灰,소결 먼지,,1,ITEM_SPEC,1
烧结生石灰,,Minerals.Limestone,1,ITEM_SPEC,1
烧结矿,,,3,SCH_PROC_MATE,2
烧结返矿,고로공정발생소결반광,,2,ITEM_SPEC,2
烧结配料,,Buy Prod,1,RMAT_MAJ_KIND_TY,1
热分段板(Hot Div Plate),열분할판(Hot Div Plate),,1,PLT_TY,1
热分段板(Hot Div Plate) Cut,,,1,CS_CUT_TP,1
热划伤,,Scratch,1,APPR_DEF_CD,1
热处理,,,3,APP_DEF_PROC_SPR,3
热处理,열처리,,1,SPR_PROC_CD,1
热处理(R1),,,1,PLAN_MECH,1
热处理(R2),,,1,PLAN_MECH,1
热处理(R3),,,1,PLAN_MECH,1
热处理+探伤,,,1,PLT_DIR_CD,1
热处理_回火,열처리_역화,,1,APPR_FIN_MTH_CD,1
热处理_正火,열처리_Normal,,1,APPR_FIN_MTH_CD,1
热处理_淬火,열처리_담금질,,1,APPR_FIN_MTH_CD,1
热处理作业区域,열처리작업구역,,1,PLT_WORK_ZONE_CD,1
热处理原料库,,,1,BUND_RSN,1
热处理方式,,,1,EXTRA_PRICE_ITEM,1
热处理炉号 #1,,,1,HTM_NO,1
热处理炉号 #2,,,1,HTM_NO,1
热处理炉号 #3,,,1,HTM_NO,1
热处理炉号 #4,,,1,HTM_NO,1
热处理组吊,,,1,BUND_TY,1
热水,,,2,ITEM_SPEC,2
热测,,,1,SQM_TEST_T,1
热瓢曲,,buckling,1,APPR_DEF_CD,1
热轧,,,4,APP_DEF_PROC_SPR,4
热轧,,API(yp)55,1,PLAN_MECH,1
热轧,,API(yp≤55),1,PLAN_MECH,1
热轧+炼钢,,,1,APP_DEF_PROC_SPR,1
热轧+生产保障,,,1,APP_DEF_PROC_SPR,1
热轧+设备,,,1,APP_DEF_PROC_SPR,1
热轧/精整仓库,열연/정정창고,,1,WIP_INV_CD,1
热轧D/C异常,열연D/C이상,,1,ABNR_REASON_CD,1
热轧Slab仓库,,,1,MOVE_STORE,1
热轧Slab仓库,열연Slab창고,,1,WIP_INV_CD,1
热轧不检验冷轧不检验,,,1,PPL_MECH_FL,1
热轧不检验冷轧检验,,,1,PPL_MECH_FL,1
热轧产品研究所,,,1,DEPT_CD,1
热轧作业,,,1,ERP_LOC_GRP,1
热轧作业区专用机床工轧辊机床,,,1,POSITION_CD,1
热轧作业区轧钢加热工出钢,,,1,POSITION_CD,1
热轧作业区轧钢加热工加热炉,,,1,POSITION_CD,1
热轧其他,열연기타,,1,ABNR_REASON_CD,1
热轧加热炉,,HR RHF,1,PROC_CD_ERP,1
热轧包装,,,1,ROUTING_NO,1
热轧包装,,HC Packing,2,PROC_CD,2
热轧卷,열연코일,,1,MTRL_SHP_TP,1
热轧卷板,,,1,MARK_PROD_NM,1
热轧取样板,,,1,ITEM_SPEC,1
热轧合金卷板,,,1,MARK_PROD_NM,1
热轧合金酸洗卷板,,,1,MARK_PROD_NM,1
热轧合金钢板,,,1,MARK_PROD_NM,1
热轧天车设备异常,열연 Crane설비이상,,1,ABNR_REASON_CD,1
热轧山水画,,Hot rolling landscape painting,1,APPR_DEF_CD,1
热轧平整区钢卷秤,,,1,DMS_SCALE_CD,1
热轧库,,,1,INVENTORY_CD,1
热轧废钢,열연고철,,1,ITEM_SPEC,1
热轧态,,,1,PLT_DIR_CD,1
热轧成品库钢卷秤,,,1,DMS_SCALE_CD,1
热轧普通钢,열연일반강,,1,ITEM_SPEC,1
热轧检验冷轧不检验,,,1,PPL_MECH_FL,1
热轧检验冷轧检验,,,1,PPL_MECH_FL,1
热轧氧化铁皮,열연산화스케일,,1,ITEM_SPEC,1
热轧特殊钢,열연특수강,,1,ITEM_SPEC,1
热轧精整,,,1,ROUTING_NO,1
热轧精整,,SPM,1,PROC_CD_ERP,1
热轧精整不实施,열연정정미지정,,1,HRL_FINISH_YN,1
热轧精整实施,열연정징지정,,1,HRL_FINISH_YN,1
热轧纵向条纹,,Lateral Bending,1,APPR_DEF_CD,1
热轧计划停休延迟,열연 계획휴지지연,,1,ABNR_REASON_CD,1
热轧质量,,MPPS,1,SYS_MODULE_CD,1
热轧轧制,,HRM,1,PROC_CD_ERP,1
热轧轧制设备异常,열연압연설비이상,,1,ABNR_REASON_CD,1
热轧运输车钢卷秤1重,,,1,DMS_SCALE_CD,1
热轧运输车钢卷秤2轻,,,1,DMS_SCALE_CD,1
热轧部运行保障作业区,,,1,DEPT_CD,1
热轧酸洗卷板,,,1,MARK_PROD_NM,1
热轧钢卷库/冷轧原料库/PPL成品库,,YMS#2 L2,1,SYS_MODULE_CD,1
热轧钢板,,,1,MARK_PROD_NM,1
热轧高强钢,,,2,ORD_USAGE_GRP2,2
热连轧中间废板,,,1,ITEM_SPEC,1
热连轧废卷,,,1,ITEM_SPEC,1
热连轧普通钢中间废板,,,1,ITEM_SPEC,1
热连轧特殊钢中间废板,,,1,ITEM_SPEC,1
热镀锌,,,1,ROUTING_NO,1
热镀锌,,CGL,1,PROC_CD_ERP,1
热镀锌卷板,,,1,MARK_PROD_NM,1
热镀锌用锌合金锭,,Non Ferro Metals.Zinc,1,ITEM_SPEC,1
热镀锌用锌调整锭,,Non Ferro Metals.Zinc,1,ITEM_SPEC,1
热风机系统,,,1,SCH_PLAN_PROJ_CD,1
焊缝,,Welds,1,APPR_DEF_CD,1
焦化,,,7,AREA_CODE,7
焦化,,Coke,1,IR_CHE_DATA_FILE_TY,1
焦化-焦炭,Coking(Coke)_화성-코크스,,1,RM_USAGE_TY,1
焦化产焦丁,소형코크스,,2,ITEM_SPEC,2
焦化副产物仓库,,,1,MOVE_STORE,1
焦化半成品仓库,,,1,MOVE_STORE,1
焦化原料库,,,1,MOVE_STORE,1
焦化实验室,코크스시험실,,1,ANALYSIS PLACE CODE,1
焦化库,,,1,INVENTORY_CD,1
焦化部运行保障作业区,,,1,DEPT_CD,1
焦化部运行保障作业区电气点检维护,,,1,POSITION_CD,1
焦末（<25mm）,,,1,CHEM_CD,1
焦油,,,2,SCH_PROC_MATE,1
焦油,타르,,2,ITEM_SPEC,2
焦油渣,타르유찌꺼기,,2,ITEM_SPEC,2
焦炉,,,1,ROUTING_NO,1
"焦炉1,2",코크스,,1,PROC_CD_ERP,1
焦炉煤气,,,1,ITEM_SPEC,1
焦炉煤气柜,,,1,SCH_PLAN_PROJ_CD,1
焦炭,,,3,SCH_PROC_MATE,2
焦炭,코크스,,2,ITEM_SPEC,2
焦炭-测试1,,,1,ITEM_SPEC,1
焦炭粒度规格,,,5,CHEM_CD,1
焦粉,,,1,ITEM_SPEC,1
焦耳,,,1,UOM_CD,1
煤,,Coal,1,RMAT_MAJ_KIND_TY,1
煤气中焦油含量,,,1,CHEM_CD,1
煤气净化作业区冷凝鼓风机工冷凝、电捕、鼓风机,,,1,POSITION_CD,1
煤气净化作业区煤气工煤气净化主控操作,,,1,POSITION_CD,1
煤气净化作业区硫铵工无水氨、脱硫及再生,,,1,POSITION_CD,1
煤气净化作业区蒸馏工（含洗涤）终冷、粗苯蒸馏,,,1,POSITION_CD,1
煤炭,,Coal,1,RM_SHIP_DIS_ITEM_TP_TY,1
煤炭-一般煤,Coal(General Coal)_석탄-일반탄,,1,RM_USAGE_TY,1
煤炭-喷吹煤,Coal(PCI Coal)_석탄-PCI탄,,1,RM_USAGE_TY,1
煤炭-无烟煤,Coal(Anthracite Coal )_석탄-무연탄,,1,RM_USAGE_TY,1
煤炭-有烟煤,Coal(Fat Coal)_석탄-유연탄,,1,RM_USAGE_TY,1
煤炭-气煤,Coal(Gas Coal)_석탄-가스용탄,,1,RM_USAGE_TY,1
煤炭-焦炭块,Coal(Coke)_석탄-코크스,,1,RM_USAGE_TY,1
煤炭-焦煤,Coal(Coking Coal)_석탄-점결탄,,1,RM_USAGE_TY,1
煤炭-瘦煤,Coal(Meager Lean Coal)_석탄-조악탄,,1,RM_USAGE_TY,1
煤炭.动力煤,,Coal for Power,1,CHEM_LVL2_CD,1
煤炭.喷吹煤,,Coal for PCI,1,CHEM_LVL2_CD,1
煤炭.炼焦煤,,Coal for Coke,1,CHEM_LVL2_CD,1
煤炭.烧结用煤,,Coal for Sinter,1,CHEM_LVL2_CD,1
煤炭.焦炭,,Coke,1,CHEM_LVL2_CD,1
煤饼,,Minerals.Fluorite,1,ITEM_SPEC,1
熔剂,,,1,SCR_INDICATOR_CATEGORY,1
燃料,,,2,SIN_MATERIAL_CLASS,2
燃料投入,,,1,MATERIAL_TYPE,1
燃气作业区发电工TRT与并网运行,,,1,POSITION_CD,1
燃气作业区发电工煤气净化兼干法除尘,,,1,POSITION_CD,1
燃气作业区煤气防护工气体防护与热力气体巡检维护,,,1,POSITION_CD,1
牌号,,,1,STOCK_TY,1
牌号+规格,,,1,STOCK_TY,1
牌号+规格+批次,,,1,STOCK_TY,1
物性不合,,,1,APPR_DEF_CD,1
物料价格,,,1,IMPORT_TYPE_LOV,1
物理实验室,,,1,CHEM_REQ_PURPOSE,1
物理检测室,,,1,CHEM_REQ_PURPOSE,1
特厚板UST,,,1,PROC_CD_ERP,1
特厚板作业区域,특후판작업구역,,1,PLT_WORK_ZONE_CD,1
特厚板火焰切割,,,1,PROC_CD_ERP,1
特厚板焊接,특후판 Slab용접,,1,SPR_PROC_CD,1
特殊(热轧),,,1,PACK_MTH_CD,1
特种合金,,Non Ferro Metals.spec metal,1,CHEM_LVL2_CD,1
特种合金.中碳铬铁FeCr55C1.0,,,1,CHEM_LVL3_CD,1
特种合金.中碳铬铁FeCr55C2.0,,,1,CHEM_LVL3_CD,1
特种合金.低碳铬铁FeCr55C0.25CrⅡSiⅡPⅠSⅡ,,,1,CHEM_LVL3_CD,1
特种合金.电解镍Ni9996,,,1,CHEM_LVL3_CD,1
特种合金.硼铁FeB18C0.5-A,,,1,CHEM_LVL3_CD,1
特种合金.磷铁FeP24,,,1,CHEM_LVL3_CD,1
特种合金.金属锰JMn97-B,,,1,CHEM_LVL3_CD,1
特种合金.钒氮合金VN12,,,1,CHEM_LVL3_CD,1
特种合金.钒氮合金VN16,,,1,CHEM_LVL3_CD,1
特种合金.钒铁FeV50-A,,,1,CHEM_LVL3_CD,1
特种合金.钛铁FeTi30-A,,,1,CHEM_LVL3_CD,1
特种合金.钛铁FeTi30-B,,,1,CHEM_LVL3_CD,1
特种合金.钛铁FeTi70-A,,,1,CHEM_LVL3_CD,1
特种合金.钼铁FeMo60-B,,,1,CHEM_LVL3_CD,1
特种合金.铌砂 FeNb60-B,,,1,CHEM_LVL3_CD,1
特种合金.铌铁 FeNb60-B,,,1,CHEM_LVL3_CD,1
特种合金.铜粒T3,,,1,CHEM_LVL3_CD,1
特种合金.阴极铜Cu-CATH-2,,,1,CHEM_LVL3_CD,1
特种合金.高碳铬铁FeCr55C10.0CrⅡSiⅡPⅠSⅠ,,,1,CHEM_LVL3_CD,1
王新龙,,,1,DRIVER_NM,1
环保监测中心,환경보호검측센타,,1,ANALYSIS PLACE CODE,1
环冷机,,,2,SCH_PLAN_PROJ_CD,1
环境管理室化学分析工水质检测,,,1,POSITION_CD,1
环境管理室环境监测工在线监测,,,1,POSITION_CD,1
现款价（承兑贴息）,현금가 - 어음할인료,,1,PAY_TERMS,1
现货厚板订单,,,1,ORD_TY,1
现货板坯订单,,,1,ORD_TY,1
现货补偿,,,1,CLAIM_REQ_HNL_CD,1
现货订单合格品处理,,,1,APPR_DEF_CD,1
现货订单外1级处理,,,1,APPR_DEF_CD,1
现金补偿,,,1,CLAIM_REQ_HNL_CD,1
现金补偿,현금보상,,1,CLAIM_REWARD_TY,1
球冲试验,,,1,COAT_ATTH_CD,1
球团,,,8,AREA_CODE,8
球团,,Non Ferro Metals.Aluminium,1,ITEM_SPEC,1
球团,,PELLET,1,PROC_CD_ERP,1
球团,,Pellet,3,IR_CHE_DATA_FILE_TY,3
球团作业区竖窑工布料、链篦机、回转窑操作,,,1,POSITION_CD,1
球团作业区造球工造球,,,1,POSITION_CD,1
球团副产品库,,,1,MOVE_STORE,1
球团半成品库,,,1,MOVE_STORE,1
球团矿,,,1,SCH_PROC_MATE,1
理论重量,,Net Calculation Weight,1,WGT_DCN_MTH_CD,1
理论重量,,Theoretical weight,1,WGT_DECISION_MTH,1
瓢曲,,,1,APPR_DEF_CD,1
瓢曲,,Buckling,2,APPR_DEF_CD,1
瓢曲待矫,,,1,HOLD_RSN_CD1,1
瓶,,,1,UOM_CD,1
甘肃省,,,1,PROVINCE_CD,1
甘肃省临夏回族自治州,,,1,CITY_CD,1
甘肃省兰州市,,,1,CITY_CD,1
甘肃省嘉峪关市,,,1,CITY_CD,1
甘肃省天水市,,,1,CITY_CD,1
甘肃省定西市,,,1,CITY_CD,1
甘肃省平凉市,,,1,CITY_CD,1
甘肃省庆阳市,,,1,CITY_CD,1
甘肃省张掖市,,,1,CITY_CD,1
甘肃省武威市,,,1,CITY_CD,1
甘肃省甘南藏族自治州,,,1,CITY_CD,1
甘肃省白银市,,,1,CITY_CD,1
甘肃省酒泉市,,,1,CITY_CD,1
甘肃省金昌市,,,1,CITY_CD,1
甘肃省陇南市,,,1,CITY_CD,1
生/过烧率,,,1,CHEM_CD,1
生产,,,2,SIN_STOP_CD,2
生产中,,In Processing,1,ORD_STS,1
生产中,작업지시 편성하여 생산관제에 제공한 상태(최조 작업지시시 변경됨),,1,ORD_PROG_STS,1
生产保障,,,1,APP_DEF_PROC_SPR,1
生产保障作业区专用机床工磨床,,,1,POSITION_CD,1
生产保障作业区探伤工探伤兼轧辊管理,,,1,POSITION_CD,1
生产保障作业区污水处理工废水处理,,,1,POSITION_CD,1
生产保障作业区炼铁原料工槽上卸料,,,1,POSITION_CD,1
生产保障作业区煤气工煤气回收,,,1,POSITION_CD,1
生产保障作业区煤粉工喷煤,,,1,POSITION_CD,1
生产保障作业区铁水预处理工受铁/脱硫主控操作,,,1,POSITION_CD,1
生产保障作业区除尘工一次除尘操作,,,1,POSITION_CD,1
生产准备作业区,,,1,SMS_SUB_UNITS,1
生产替代产品中,대체제생산중,,1,CLAIM_STS_CD,1
生产结束,,,1,ORD_STS,1
生产结束,생산종결된상태로 제강작업지시 대상 제외,,1,ORD_PROG_STS,1
生产过程,,,1,CHEM_REQ_PURPOSE_TY,1
生成,,,2,PARTS_STS,2
生效,,,1,EVENT_STATUS,1
生石灰,,Minerals.Limestone,1,ITEM_SPEC,1
生石灰,생석회,,2,ITEM_SPEC,2
生铁合格率,생철합격율,,1,ANAL_TY,1
用水,,,1,WAT_TP,1
甲,,,1,GROUP_CD,1
甲班,,,5,CLASS_LOV,5
甲组,,,1,SHIFT_GRP,1
甲苯不溶物（无水基）,,,1,CHEM_CD,1
申请,,Request for MTC Edit,1,MTC_STS_CD,1
电仪作业区,,,1,SMS_SUB_UNITS,1
电力维护作业区电力维检工电力维检,,,1,POSITION_CD,1
电力能源产业（Powerindustry）,,,1,ORD_USAGE_GRP1,1
电器,,,1,SIN_STOP_CD,1
电子电器产业,,,1,ORD_USAGE_GRP1,1
电导率,,,1,CHEM_CD,1
电解镍Ni9996,,,1,ITEM_SPEC,1
男,,,1,USER_SEX,1
男,,Male,1,GENDER_CD,1
疲劳寿命实绩,,,1,MECH_TEST_ITEM_CD,1
疲劳测试温度,,,1,FATIG_TEMP,1
疲劳试验,,,1,QLT_PHYTST_CD,1
疲劳试验温度实绩,,,1,MECH_TEST_ITEM_CD,1
疲劳试验频率实绩,,,1,MECH_TEST_ITEM_CD,1
瘦煤,,,1,ITEM_SPEC,1
白亮带,,Width Over,1,APPR_DEF_CD,1
白斑,,White spot,1,APPR_DEF_CD,1
白灰,,,2,PROC_CD,2
白灰窑,,,3,PROC_CD_SMM_PLA,3
白点,,slackening coil,1,APPR_DEF_CD,1
白班,,,3,SFT_NO,3
白班,,Works Group,1,OPS_FT_SHT,1
白边,,White border,1,APPR_DEF_CD,1
百分比,,,1,UOM_CD_EG,1
百分比(%),페센트(%),,2,QLT_TOL_MAX_FOMULA,2
皮下夹渣,,subsurface inclusion,1,APPR_DEF_CD,1
皮下气泡,,Too little oil,1,APPR_DEF_CD,1
皮下裂纹,,Too much oil,1,APPR_DEF_CD,1
皮带,,,2,RM_MOVE_TY,2
皮带系统,,,1,SCH_PLAN_PROJ_CD,1
皮重,,,1,CHEM_CD,1
皮重,,Vacant Weighing Only,1,TRK_SCALE_TY,1
皮重 -> 毛重,,Vacant Weighing -> Loaded Weighing,1,TRK_SCALE_TY,1
盐酸浓度,,,1,CHEM_CD,1
盐雾测试缺陷等级,,,1,MECH_TEST_ITEM_CD,1
盘入,,,1,TRANSACTION_TYPE_ID,1
盘出,,,1,TRANSACTION_TYPE_ID,1
盘圆,,,1,MATERIAL_CD,1
盘点,,,2,YD_JL_MTL_TRANS_TYPES,1
直供,,,1,SALES_CHNL_CD,1
直径偏差,,,1,QLT_SZSHP_TOL_CD,1
直接入库,직입고,,1,RTN_RLS_CD,1
直接还原铁,,Metallics.Scrap,1,ITEM_SPEC,1
直送,,Direct Hot Coil Rolling,1,HCR_FL,1
瞬时值,,,1,VAR_TP,1
短尺,,,1,APPR_DEF_CD,1
短尺,,short length,4,APPR_DEF_CD,2
短途(日照周边),,duantu,1,LOC_CD,1
石墨转,,Other Raw Materials.Recarburizer,1,ITEM_SPEC,1
石料,,,2,SCH_PROC_CD,2
石油化工产业（Petroleum）,,,1,ORD_USAGE_GRP1,1
矿槽炉顶,,,1,SCH_PLAN_PROJ_CD,1
矿渣/铁块-渣钢,Base Metal/Scrap(CarbonSteel BaseMetal)_지금/Scrap-탄소강지금,,1,RM_USAGE_TY,1
矿渣/铁块-碳素钢废料,Base Metal/Scrap(CarbonSteel Scrap)_지금/Scrap-탄소강Scrap,,1,RM_USAGE_TY,1
矿渣微粉,,,1,SCH_PLAN_PROJ_CD,1
研磨,"연마,Grinding",,1,ROLL_PROG_CD,1
硅酸盐夹杂,,The third iron oxide skin press,1,APPR_DEF_CD,1
硅铁FeSi75-A,,,1,ITEM_SPEC,1
硅铁FeSi75-B,,,1,ITEM_SPEC,1
硅铁包芯线,,,1,ITEM_SPEC,1
硌痕,,Dent mark,2,APPR_DEF_CD,1
硫代硫酸铵,,,1,CHEM_CD,1
硫化物应力腐蚀开裂试验,,SSCC,1,QLT_PHYTST_CD,1
硫印测试,,,1,S_PRINT_KIND,1
硫印测试实绩,,,1,MECH_TEST_ITEM_CD,1
硫印试验,,,1,QLT_PHYTST_CD,1
硫氰酸铵,,,1,CHEM_CD,1
硫磺,유황,,2,ITEM_SPEC,2
硫酸铵,,,1,CHEM_CD,1
硫酸（烧结入油库）,,,1,CHEM_CD,1
硫铵,,,2,SCH_PROC_MATE,1
硬 度,,,1,CHEM_CD,1
硬度单值实绩1,,,1,MECH_TEST_ITEM_CD,1
硬度单值实绩2,,,1,MECH_TEST_ITEM_CD,1
硬度单值实绩3,,,1,MECH_TEST_ITEM_CD,1
硬度平均值实绩,,,1,MECH_TEST_ITEM_CD,1
硬度试验,,,2,MECH_TEST_ITEM_CD,2
硬度试验1,,,1,MECH_TEST_ITEM_CD,1
硬度试验2,,,1,MECH_TEST_ITEM_CD,1
硬度试验3,,,1,MECH_TEST_ITEM_CD,1
硬质材(Full Hard),경질재(Full Hard),,1,TEMP_GRADE_CD,1
硬钢产业(High-Carbon),,,1,ORD_USAGE_GRP1,1
确定,,MTC Print Waiting,1,MTC_CFM_TY,1
确定,,Waiting for MTC Print,1,MTC_STS_CD,1
确定指令,,Working PDI,2,CAP_PDI_FL,2
确认,,,2,ENERGY_STATE,2
确认事实,,,1,CLAIM_REQ_HNL_CD,1
确认取消,,Wating for Delivery Date Calculation,1,ORD_STS,1
硼铁FeB18C0.5-A,,,1,ITEM_SPEC,1
碎铁,용선슬래그(괴),,1,ITEM_SPEC,1
碱度,,,1,CHEM_CD,1
碳偏析评定,,,1,QLT_PHYTST_CD,1
碳包芯线,,Other Raw Materials.Recarburizer,1,ITEM_SPEC,1
碳化稻壳,,Other Raw Materials.Flux,1,ITEM_SPEC,1
碳素优碳钢,,,2,ORD_USAGE_GRP2,2
碳素结构钢,,,1,STEEL_TYPE,1
碳素钢废料,탄소강스크랩,,1,PLAN_DETAIL,1
碳结板,,,1,ITEM_LTY,1
碳酸钙,,Other Raw Materials.Desulfurization,1,ITEM_SPEC,1
碳镁球,,Other Raw Materials.Flux,1,ITEM_SPEC,1
磁粉探伤,,,1,UST_MTH_CD,1
磨边轧机架,,SHR,1,ROLL_STAND_TY,1
磷偏析测试,,,1,QLT_PHYTST_CD,1
磷印测试,,P_Print,1,QLT_PHYTST_CD,1
磷酸盐附着量上表面实绩,,,1,MECH_TEST_ITEM_CD,1
磷酸盐附着量下表面实绩,,,1,MECH_TEST_ITEM_CD,1
磷铁FeP24,,,1,ITEM_SPEC,1
福建省,,,1,PROVINCE_CD,1
福建省三明市,,,1,CITY_CD,1
福建省南平市,,,1,CITY_CD,1
福建省厦门市,,,1,CITY_CD,1
福建省宁德市,,,1,CITY_CD,1
福建省泉州市,,,1,CITY_CD,1
福建省漳州市,,,1,CITY_CD,1
福建省福州市,,,1,CITY_CD,1
福建省莆田市,,,1,CITY_CD,1
福建省龙岩市,,,1,CITY_CD,1
离线探伤,Offline탐상,,1,APPR_FIN_MTH_CD,1
科技质量中心板材检验室业务经理,,,1,POSITION_CD,1
科技质量中心纪委副书记,,,1,POSITION_CD,1
科研规划室,,,1,DEPT_CD,1
秒,,,1,UOM_CD,1
租赁车辆,,Lease Vehicle,1,CAR_OWNER_TY,1
称重及挂标等待,열연압연이송대기,,1,PROG_CD,1
空垛位,,,1,LOC_SEARCH_TY,1
空气冷却air cooling,,,1,CC_CB_COOL_TY,1
立方厘米,,,1,UOM_CD,1
立方米,,,1,UOM_CD,1
立方米/千瓦时,,m³/kW.h,1,UOM_CD_EG,1
立方米/吨,,m³/t,1,UOM_CD_EG,1
立方米/立方米,,m³/m³,1,UOM_CD_EG,1
端面漏镀,,Galvanized end face missing,1,APPR_DEF_CD,1
第一个原因,,,1,RJT_CAUSE_CD,1
第一次精炼结束时样,1차 정련과정의 시료,,2,CHEM_LVL4_CD,1
第一次精炼结束时样,1차 정련완료시의 시료,,5,CHEM_LVL4_CD,1
第一次精炼过程样,1차 정련과정의 시료,,3,CHEM_LVL4_CD,1
第一炼钢作业区炼钢工摇炉,,,1,POSITION_CD,1
第一炼钢作业区炼钢工炉前兼氧枪清理,,,1,POSITION_CD,1
第一炼钢作业区炼钢工炉长,,,1,POSITION_CD,1
第一炼钢作业区炼钢工炼钢主控操作,,,1,POSITION_CD,1
第一连铸作业区坯库管理钢坯管理、输送操作、质检、指吊,,,1,POSITION_CD,1
第一连铸作业区连铸工中间包浇铸,,,1,POSITION_CD,1
第一连铸作业区连铸工切割出坯操作,,,1,POSITION_CD,1
第一连铸作业区连铸工机长,,,1,POSITION_CD,1
第一连铸作业区连铸工连铸主控操作,,,1,POSITION_CD,1
第二个原因,,,1,RJT_CAUSE_CD,1
第二次精炼结束时样,2차 정련과정의 시료,,2,CHEM_LVL4_CD,1
第二次精炼结束时样,2차 정련완료시의 시료,,5,CHEM_LVL4_CD,1
第二次精炼过程样,2차 정련과정의 시료,,3,CHEM_LVL4_CD,1
等待,,,1,HEAT_JUDG,1
等待复验结果,,,1,SMP_PROG_CD,1
等待接收,접수대기,,1,CLAIM_STS_CD,1
等待支付中,보상지불대기중,,1,CLAIM_STS_CD,1
筛分指数(-5mm),,,1,CHEM_CD,1
简体中文,,,1,LANG_CD,1
简包1(酸洗 冷硬),,,1,PACK_MTH_CD,1
简包塑(冷轧 镀锌),,,1,PACK_MTH_CD,1
简包塑(酸洗 冷硬 连退 镀锌),,,1,PACK_MTH_CD,1
简包钢(酸洗 冷硬 连退 镀锌),,,1,PACK_MTH_CD,1
管状皮带,,,1,SCH_PLAN_PROJ_CD,1
管线用钢,,,2,ORD_USAGE_GRP2,2
米,,,1,UOM_CD,1
粉,,Minerals.Limestone,1,ITEM_SPEC,1
粉,,Minerals.Silica,1,ITEM_SPEC,1
粉,,Minerals.bentonite,1,ITEM_SPEC,1
粉矿,,Minerals.Mangan Ore,1,ITEM_SPEC,1
粉矿,,Minerals.Serpentine,1,ITEM_SPEC,1
粉重,,,1,CHEM_CD,1
粉铁比,,,1,CHEM_CD,1
粒度,,,1,CHEM_CD,1
粗晶,,Coarse grain,1,APPR_DEF_CD,1
"粗糙,Ra＞1.6μm,不镀锌",,,1,SURF_TREAT_CD,1
"粗糙,Ra＞1.6μm,小锌花",,,1,SURF_TREAT_CD,1
"粗糙,Ra＞1.6μm,正常锌花",,,1,SURF_TREAT_CD,1
"粗糙,Ra＞1.6μm,零锌花",,,1,SURF_TREAT_CD,1
粗糙度不合,,Roughness unqualified,2,APPR_DEF_CD,1
粗系,,,1,NON_METAL_KIND_CD,1
粗系+细系,,,1,NON_METAL_KIND_CD,1
粗苯,,,2,SCH_PROC_MATE,1
粗苯,조벤젠,,2,ITEM_SPEC,2
粗轧,,Roughing Mill,1,PM_RJT_LOC_CD,1
粗轧机架1,,SHR,1,ROLL_STAND_TY,1
粗轧机架2,,SHR,1,ROLL_STAND_TY,1
粗锌渣（直径＞0.5mm）,,big slag particle,1,APPR_DEF_CD,1
粘度(E25),,,1,CHEM_CD,1
粘度(E50),,,1,CHEM_CD,1
精包(酸洗 冷硬 连退 镀锌),,,1,PACK_MTH_CD,1
精整,,,3,APP_DEF_PROC_SPR,3
"精整(Off-Line,CPL)","정정(Off-Line,CPL)",,1,SPR_PROC_CD,1
精整(剪切On-Line),정정(전단On-Line),,1,SPR_PROC_CD,1
精整+生产保障,,,1,APP_DEF_PROC_SPR,1
精整+设备,,,1,APP_DEF_PROC_SPR,1
精整成品库,,,1,BUND_RSN,1
精整组吊,,,1,BUND_TY,1
精炼作业中,,"At receipt working result(SMS), laddle departure to CC",1,PLAN_HEAT_STS_CD,1
精炼作业区精炼工LF主控,,,1,POSITION_CD,1
精炼作业区精炼工LF炉前辅助,,,1,POSITION_CD,1
精炼作业区精炼工LF炉长,,,1,POSITION_CD,1
精炼作业区精炼工RH炉长,,,1,POSITION_CD,1
精炼生石灰,,Minerals.Limestone,1,ITEM_SPEC,1
精炼用萤石,,Minerals.Fluorite,1,ITEM_SPEC,1
精炼结束样,정련 완료시,,15,CHEM_LVL3_CD,1
精炼过程样,정련중의 시료,,15,CHEM_LVL3_CD,1
精轧,,Finishing Mill,1,PM_RJT_LOC_CD,1
精轧机架1,,"SHR,SPM",1,ROLL_STAND_TY,1
精轧机架2,,SHR,1,ROLL_STAND_TY,1
精轧机架3,,SHR,1,ROLL_STAND_TY,1
精轧机架4,,SHR,1,ROLL_STAND_TY,1
精轧机架5,,SHR,1,ROLL_STAND_TY,1
精轧机架6,,SHR,1,ROLL_STAND_TY,1
精轧机架7,,SHR,1,ROLL_STAND_TY,1
紧急,,Urgent Order,1,URGENT_FL,1
紧急生产替代,긴급생산대체,,1,ABNR_REASON_CD,1
累计值,,,2,INDICATOR_SOURCE,2
累计单价,,,1,SOURCE_TYPE_LOV,1
累计单位成本,,,1,SOURCE_TYPE_LOV,1
累计总成本,,,1,SOURCE_TYPE_LOV,1
累计消耗,,,1,SOURCE_TYPE_LOV,1
红送网裂,,,1,APPR_DEF_CD,1
红锈,,,1,APPR_DEF_CD,1
红锈,,Red rust,1,APPR_DEF_CD,1
纤维断面率1单值实绩1,,,1,MECH_TEST_ITEM_CD,1
纤维断面率1单值实绩2,,,1,MECH_TEST_ITEM_CD,1
纤维断面率1单值实绩3,,,1,MECH_TEST_ITEM_CD,1
纤维断面率1平均值实绩,,,1,MECH_TEST_ITEM_CD,1
纤维断面率2单值实绩1,,,1,MECH_TEST_ITEM_CD,1
纤维断面率2单值实绩2,,,1,MECH_TEST_ITEM_CD,1
纤维断面率2单值实绩3,,,1,MECH_TEST_ITEM_CD,1
纤维断面率2平均值实绩,,,1,MECH_TEST_ITEM_CD,1
纤维断面率3单值实绩1,,,1,MECH_TEST_ITEM_CD,1
纤维断面率3单值实绩2,,,1,MECH_TEST_ITEM_CD,1
纤维断面率3单值实绩3,,,1,MECH_TEST_ITEM_CD,1
纤维断面率3平均值实绩,,,1,MECH_TEST_ITEM_CD,1
纤维断面率4单值实绩1,,,1,MECH_TEST_ITEM_CD,1
纤维断面率4单值实绩2,,,1,MECH_TEST_ITEM_CD,1
纤维断面率4单值实绩3,,,1,MECH_TEST_ITEM_CD,1
纤维断面率4平均值实绩,,,1,MECH_TEST_ITEM_CD,1
纤维断面率5单值实绩1,,,1,MECH_TEST_ITEM_CD,1
纤维断面率5单值实绩2,,,1,MECH_TEST_ITEM_CD,1
纤维断面率5单值实绩3,,,1,MECH_TEST_ITEM_CD,1
纤维断面率5平均值实绩,,,1,MECH_TEST_ITEM_CD,1
纪委稽查,,,1,CHEM_REQ_PURPOSE_TY,1
纯水,,,1,ITEM_SPEC,1
纯碱脱硫剂,,Other Raw Materials.Desulfurization,1,ITEM_SPEC,1
纯钙包芯线,,Non Ferro Metals.Wire,1,ITEM_SPEC,1
纵向180°,,,1,PLT_HM_MARK_MOD,1
纵向Longitudinal,길이방향으로 시편채취,,6,BH_SMP_SPCMN_DIR,6
纵向亮线,,Vertical bright line,1,APPR_DEF_CD,1
纵向方向采样,길이방향으로 시편채취,,1,COAT_ATTH_SMP_SPCMN_DIR,1
纵向辊印,,Vertical Roll Mark,1,APPR_DEF_CD,1
纵裂,,Crack,1,APPR_DEF_GRP,1
纵裂,,Vertical Crack,2,APPR_DEF_CD,1
线,,Non Ferro Metals.Wire,1,ITEM_SPEC,1
线A,,,1,SWR_FAC_CD,1
线B,,,1,SWR_FAC_CD,1
线材,,,5,FAC_CD,5
线材,냉연,,1,APPR_DEF_CD2,1
"线材,房屋",,,1,ORD_USAGE,1
"线材,桥梁",,,1,ORD_USAGE,1
"线材,道路",,,1,ORD_USAGE,1
线材A线,,,1,FAC_CD,1
线材B线,,,1,FAC_CD,1
线状氧化铁皮,,Linear iron oxide,2,APPR_DEF_CD,1
线（铝线）,,Non Ferro Metals.Aluminium,1,ITEM_SPEC,1
组合锌,,Non Ferro Metals.Zinc,1,ITEM_SPEC,1
组批,,,1,LOG_FUNC_TY,1
组批未采样,,,1,SMP_PROG_CD,1
组装,"조립완료,End Assemble",,1,ROLL_PROG_CD,1
细度,,,1,CHEM_CD,1
细系,,,1,NON_METAL_KIND_CD,1
细锌渣（直径≤0.5mm）,,small slag particle,1,APPR_DEF_CD,1
经销,,,1,SALES_CHNL_CD,1
结晶点,,,1,CHEM_CD,1
结束,,,2,STS_CD,2
结束异常（返送）,,At receipt Heat Return(SCH),1,PLAN_HEAT_STS_CD,1
结构用钢,구조용강/结构用钢,,1,DEPT_CD,1
结疤,,,2,APPR_DEF_CD,2
结疤,,scar,3,APPR_DEF_CD,1
维修,,under repair,1,CAR_STS,1
维修作业区,,,1,SMS_SUB_UNITS,1
维氏硬度,,,1,HARD_KIND,1
综合判定,,,1,LOG_FUNC_TY,1
综合判定保留,,,1,PROG_CD,1
综合判定日,,,1,SEARCH_CONDITION_DATE,1
综合判定等待,,,1,PROG_CD,1
综合混匀料,,,1,MATERIAL_CD,1
综合管理室,,,2,DEPT_CD,1
综合自产白灰,,,1,XIANGMU_MC,1
缓冷坑Slow cooling pit,,,1,CC_CB_COOL_TY,1
编制,,MTC Editing Finished,1,MTC_STS_CD,1
编制中,,,1,SCH_PLAN_STATUS_CD,1
编码,,,1,PARTS_TY,1
编码+供应商,,,1,PARTS_TY,1
编码+供应商+批次,,,1,PARTS_TY,1
缩孔,,,1,SQM_RETAIN_REASON,1
缩孔,,Thick Over,1,APPR_DEF_CD,1
缩孔,,shrinkage cavity,1,APPR_DEF_CD,1
缺号,,,1,SMP_UNGTH_CAU_TY,1
罐车,,Tank Lorry,1,CAR_KIND,1
网纹,,crazing,1,APPR_DEF_CD,1
罗伊山块,,,1,BF_RETURN_FINES_RATE,1
羽痕/平整纹,,feather,1,APPR_DEF_CD,1
翘皮,,,1,APPR_DEF_CD,1
翘皮,,tilt,2,APPR_DEF_CD,1
翻斗车,,Dump,1,CAR_KIND,1
翻皮,,zigzag Edge,1,APPR_DEF_CD,1
老挝块,,,1,BF_RETURN_FINES_RATE,1
耐候耐蚀钢,,,2,ORD_USAGE_GRP2,2
耐候钢板,,,1,ITEM_LTY,1
耐指纹,내지문,,1,PSTREAT_GRP_CD,1
耐指纹膜测量试验,,,1,QLT_PHYTST_CD,1
耐热钢板,,,1,ITEM_LTY,1
耐磨钢,,,2,ORD_USAGE_GRP2,2
耐磨钢板,,,1,ITEM_LTY,1
耳子,,,1,SQM_RETAIN_REASON,1
肖氏硬度,,,1,HARD_KIND,1
肥煤,,,1,ITEM_SPEC,1
胡仁伟,,,1,DRIVER_NM,1
能源,,,2,MTRL_TYPE,2
能源产出,,,1,SCR_INDICATOR_CATEGORY,1
能源动力,,,1,SCH_PROC_CD,1
能源投入,,,1,SCR_INDICATOR_CATEGORY,1
能源环保中心主任,,,1,POSITION_CD,1
能源环保中心发电作业区,,,1,DEPT_CD,1
能源环保中心水处理作业区,,,1,DEPT_CD,1
能源环保中心燃气作业区,,,1,DEPT_CD,1
能源环保中心环境管理室,,,1,DEPT_CD,1
能源环保中心电力维护作业区,,,1,DEPT_CD,1
能源管控室调度员热力与水务运管,,,1,POSITION_CD,1
能源管控室调度员电力运管,,,1,POSITION_CD,1
能源造船用钢,에너지조선용강/能源造船用钢,,1,DEPT_CD,1
脱方,,,1,SQM_RETAIN_REASON,1
脱方,,Out of squareness,1,APPR_DEF_CD,1
脱氧剂,,Other Raw Materials.Flux,1,ITEM_SPEC,1
脱硫1#机,,,2,PROC_CD_TL,2
脱硫2#机,,,2,PROC_CD_TL,2
脱硫脱硝系统,,,3,SCH_PLAN_PROJ_CD,1
脱磷剂,,Other Raw Materials.Dephosphorizing,1,ITEM_SPEC,1
脱磷转炉再吹炼的样,탈린전로 재취련시,,4,CHEM_LVL3_CD,1
脱磷转炉吹炼终点时的样,탈린전로 취련종결시,,4,CHEM_LVL3_CD,1
脱脂改善防锈油,탈지개선방청유,,1,ANTRST_OIL_KIND,1
脱锌,,dezincification,1,APPR_DEF_CD,1
膨胀容,,,1,CHEM_CD,1
自产烧结矿,,,1,MATERIAL_CD,1
自产球团,,,1,MATERIAL_CD,1
自产球团物理 规格,,,3,CHEM_CD,1
自产球返率,,,1,BF_RETURN_FINES_RATE,1
自产硫酸浓度（吸收）,,,1,CHEM_CD,1
自产硫酸浓度（干燥）,,,1,CHEM_CD,1
自产硫酸浓度（稀酸）,,,1,CHEM_CD,1
自产轻烧白云石,,,1,XIANGMU_MC,1
自动更新,,Auto,1,AUTO_REFRESH,1
自开（auto）,,,1,CC_LADLE_STR_TY,1
自提,,,1,DELV_COND_CD,1
自用,,,1,PROD_TY,1
自用坯,,,1,APPR_JDG_GRD,1
自用坯,자체용,,1,PROD_TOT_JDG_GRD,1
航空,,,1,TRNSF_MTH_CD,1
船,,,1,UOM_CD,1
船体用钢,,,2,ORD_USAGE_GRP2,2
船板钢产品,,,1,MTC_REMARK_DEFAULT,1
船级协会检查(1个机构),,,1,INSP_AGENCY_TY,1
船级协会检查(2个机构),,,1,INSP_AGENCY_TY,1
船级协会检查(3个机构),,,1,INSP_AGENCY_TY,1
船运,,,1,TRANSTYPE,1
良好,,,1,BOTTOM_STAT,1
色差,,Color difference,2,APPR_DEF_CD,1
芯粉米重,,,1,CHEM_CD,1
芯粉质量,,,1,CHEM_CD,1
芯铁比,,,1,CHEM_CD,1
花斑,,,1,APPR_DEF_CD,1
花纹板,,,1,ITEM_LTY,1
苯的含量,,,1,CHEM_CD,1
莱钢汽运,,,1,TRANSCOMPANYCODE,1
萘含量（无水基）,,,1,CHEM_CD,1
营销,,,1,APP_DEF_PROC_SPR,1
落地区域,추출구역,,1,PLT_WORK_ZONE_CD,1
落地烧结矿,,,1,MATERIAL_CD,1
落锤撕裂试验,,,1,QLT_PHYTST_CD,1
蒸汽,,,1,PLAN_DETAIL,1
蜂窝气泡,,Fold,1,APPR_DEF_CD,1
螺纹钢,,,1,SWR_STEEL_GRADE,1
行业标准,항업표준,,1,NATL_SPEC_ORG_CD,1
行车作业区天车工（起重机驾驶员）炼钢380/80t铸造起重机,,,1,POSITION_CD,1
行车作业区天车工（起重机驾驶员）连铸160吨铸造起重机等操作,,,1,POSITION_CD,1
补偿处理中,보상처리중,,1,CLAIM_STS_CD,1
表观密度,,,1,CHEM_CD,1
表面凹陷,,surface dimple,1,APPR_DEF_CD,1
表面分层,,Surface stratification,1,APPR_DEF_CD,1
表面处理产业(Gilding),,,1,ORD_USAGE_GRP1,1
表面处理剂,,Other Raw Materials.Post Treatment,1,ITEM_SPEC,1
表面夹渣,,surface inclusions,1,APPR_DEF_CD,1
表面平均粗糙度(Ra),,Ra,1,ROUGH_KIND,1
表面待查,,,1,HOLD_RSN_CD1,1
表面微裂纹,,Surface microcracks,4,APPR_DEF_CD,2
表面检查等待,열연압연중간검사대기,,1,PROG_CD,1
表面横裂纹,,Surface Horizontal Crack,1,APPR_DEF_CD,1
表面漏镀,,Surface galvanized missing,1,APPR_DEF_CD,1
表面粗糙度PRC,,,1,MECH_TEST_ITEM_CD,1
表面粗糙度RA,,,1,MECH_TEST_ITEM_CD,1
表面粗糙度RMAX,,,1,MECH_TEST_ITEM_CD,1
表面粗糙度最大值(Rmax),,Rmax,1,ROUGH_KIND,1
表面粗糙度检测,,,1,QLT_PHYTST_CD,1
表面纵裂纹,,Surface Horizontal Crack,1,APPR_DEF_CD,1
表面缺陷,표면결함,,1,APPR_DEF_CD1,1
表面脏污,,The surface is dirty,1,APPR_DEF_CD,1
表面质量不合,,surface quality  question,1,HOLD_RSN_CD,1
裂纹,,,1,SQM_RETAIN_REASON,1
裂纹,출하요인,,1,CLAIM_OCR_CAUSE_CD,1
装炉,,charge,1,FCE_CHARGE_FL,1
装煤车系统,,,1,SCH_PLAN_PROJ_CD,1
装车中,,,1,DORD_STS,1
装车等待,,Loading Waite,1,TRANS_PROG_STS,1
裸包(酸洗 冷硬),,,1,PACK_MTH_CD,1
褶皱,,Fold,1,APPR_DEF_CD,1
西北,,,2,REGION_CD,2
西南,,,2,REGION_CD,2
西库,,,1,SLAB_YARD_CD_SWR,1
西库1,,,1,SLAB_STACK_CD_SWR,1
西库10,,,1,SLAB_STACK_CD_SWR,1
西库2,,,1,SLAB_STACK_CD_SWR,1
西库3,,,1,SLAB_STACK_CD_SWR,1
西库4,,,1,SLAB_STACK_CD_SWR,1
西库5,,,1,SLAB_STACK_CD_SWR,1
西库6,,,1,SLAB_STACK_CD_SWR,1
西库7,,,1,SLAB_STACK_CD_SWR,1
西库8,,,1,SLAB_STACK_CD_SWR,1
西库9,,,1,SLAB_STACK_CD_SWR,1
西枪,,,1,OXY_LANCE_NO,1
西藏自治区,,,1,PROVINCE_CD,1
西藏自治区山南市,,,1,CITY_CD,1
西藏自治区拉萨市,,,1,CITY_CD,1
西藏自治区日喀则市,,,1,CITY_CD,1
西藏自治区昌都市,,,1,CITY_CD,1
西藏自治区林芝市,,,1,CITY_CD,1
西藏自治区那曲市,,,1,CITY_CD,1
西藏自治区阿里地区,,,1,CITY_CD,1
规律条纹,,Regular stripes,2,APPR_DEF_CD,1
规格变更,,,1,JDG_HOLD_ACTION_GRD,1
规格相同,,,1,LOC_SEARCH_TY,1
角裂,,corner crack,1,APPR_DEF_CD,1
角部裂纹,,Thick Over,1,APPR_DEF_CD,1
计划,,,2,SCHB_STEEL_PLAN_BACK,2
计划停机,,Plan Stoppage,1,EQUIP_STOP_CD,1
计划检修,,Maintenance Plan,1,STOP_CAUSE_CD,1
计划返送,,Plan Heat Return,1,PLAN_HEAT_STS_CD,1
计重方式,,,1,EXTRA_PRICE_ITEM,1
计量称 (#2) 等待,,Scaling (#2) Waite,1,TRANS_PROG_STS,1
计量称(#1) 等待,,Scaling (#1) Waite,1,TRANS_PROG_STS,1
订单/质量,,,1,SCHB_STEEL_PLAN_BACK,1
订单/质量其他,주문/품질 기타,,1,ABNR_REASON_CD,1
订单以外 1级,주문외1급,,1,STOC_SALES_TY,1
订单以外 2级,주문외2급,,1,STOC_SALES_TY,1
订单保存,,Order Save,1,ORD_STS,1
订单取消,,Order Cancel,1,QLT_DSN_STS,1
订单取消,,Order Cancelation,1,ORD_STS,1
订单取消,주문관리에서 주문을 취소한 상태,,1,ORD_PROG_STS,1
订单号,,ORD_NO,1,SQM_SEARCH_TEXT,1
订单外1级,,,3,APPR_JDG_GRD,3
订单外1级,주문외1급,,1,PROD_TOT_JDG_GRD,1
订单外2（外观）,주문외2급(외관),,1,PROD_TOT_JDG_GRD,1
订单外2（性能）,주문외2급(물리),,1,PROD_TOT_JDG_GRD,1
订单外2（成分）,,,1,PROD_TOT_JDG_GRD,1
订单外一级,,,1,APPRD_GRD,1
订单标准_ITEM要求,주문품질_Item요청,,1,QLT_SYS_BIZ,1
订单标准_产品成分,주문품질_제품성분설계,,1,QLT_SYS_BIZ,1
订单标准_炼钢成分,주문품질_제강성분설계,,1,QLT_SYS_BIZ,1
订单标准_设计错误,주문품질_설계오류,,1,QLT_SYS_BIZ,1
订单用途,,,1,EXTRA_PRICE_ITEM,1
订单相同,,,1,LOC_SEARCH_TY,1
订单确认等待,,Wating for Order Confirm (Delivery Date End),1,ORD_STS,1
订单确认（申请质量设计）,,Order Confirm (Request Quality Design),1,ORD_STS,1
订单结束,,Order Completion,1,ORD_STS,1
订单结束,주문관리에서 주문을 종료한 상태,,1,ORD_PROG_STS,1
订单质量 Main,품질설계 Main,,1,QLT_SYS_BIZ,1
订单质量_共同,주문품질_공통설계,,1,QLT_SYS_BIZ,1
订单质量_冷轧制造标准,주문품질_냉연제조표준설계,,1,QLT_SYS_BIZ,1
订单质量_外观形状等级,주문품질_외관형산등급설계,,1,QLT_SYS_BIZ,1
订单质量_尺寸形状允许偏差,주문품질_치수형상 허용차설계,,1,QLT_SYS_BIZ,1
订单质量_棒材制造标准,,,1,QLT_SYS_BIZ,1
订单质量_炼钢内控钢种,주문품질_제강사내강종설계,,1,QLT_SYS_BIZ,1
订单质量_热轧制造标准,주문품질_열연제조표준설계,,1,QLT_SYS_BIZ,1
订单质量_物性厚板,주문품질_열연PO물성설계,,1,QLT_SYS_BIZ,1
订单质量_物性线材,주문품질_냉연물성설계,,1,QLT_SYS_BIZ,1
订单质量_线材制造标准,,,1,QLT_SYS_BIZ,1
订单质量_质量信息,주문품질_품질메시지설계,,1,QLT_SYS_BIZ,1
订单量,,,1,EXTRA_PRICE_ITEM,1
订金订货,계약금주문,,1,PAY_MTH_CD,1
认证审核,,,1,CHEM_REQ_PURPOSE_TY,1
设备,,,3,APP_DEF_PROC_SPR,3
设备异常,설비이상,,1,TRNSF_REASON_CD,1
设备故障,,Equipment Failure,1,STOP_CAUSE_CD,1
设备管理部,,,1,DEPT_CD,1
设计成分异常,설계성분이상,,1,ABNR_REASON_CD,1
设计管理部设计管理业务经理,,,1,POSITION_CD,1
设计管理部部长,,,1,POSITION_CD,1
设计项目遗漏,설계항목누락,,1,ABNR_REASON_CD,1
试样交接日期,,,1,SEARCH_KEY1,1
试样入库,,,1,SMP_PROG_CD,1
试样号,,SMP_NO,1,SQM_SEARCH_TEXT,1
试样已接收,,,1,SMP_PROG_CD,1
试样已采,,,1,SMP_PROG_CD,1
试样长度300mm,,,1,MECH_SMP_SPCMN_SZ,1
试样长度400mm,,,1,MECH_SMP_SPCMN_SZ,1
试样长度500mm,,,1,MECH_SMP_SPCMN_SZ,1
试水,,,1,WAT_TP,1
试验判定等待,열연압연시험판정대기,,1,PROG_CD,1
询单受理登记,,,1,INQ_STS_CD,1
询单完毕,,,1,INQ_STS_CD,1
询单接收完毕,,,1,INQ_STS_CD,1
调制标准(软质),,CS,1,DIFF_TEMP_GRD_CD,1
调制标准（软质）,표준조질(연질),,1,TEMP_GRADE_CD,1
调查中,조사중,,1,CLAIM_STS_CD,1
调试,,,1,STOP_CAUSE_CD,1
调质,,,1,HTM_WORK_TY,1
调配,,Allocation,1,HOLD_ACTION_CD,1
负偏差控制目标厚度,,,1,ORD_THK_TOL_CD,1
财务部部长,,,1,POSITION_CD,1
财务部预算与费用管理业务经理,,,1,POSITION_CD,1
货物补偿,현품교환,,1,CLAIM_REWARD_TY,1
货运,,Cargo,1,CAR_KIND,1
质保书,,,1,LOG_FUNC_TY,1
质保书申请号,,MTC_REQ_NO,1,SQM_SEARCH_TEXT,1
质保书编号,,MTC_NO,1,SQM_SEARCH_TEXT,1
质量分析,,,1,CHEM_REQ_PURPOSE_TY,1
质量抽查,,,1,CHEM_REQ_PURPOSE_TY,1
质量改善,,,1,CLAIM_REQ_HNL_CD,1
质量管理,,,1,ERP_LOC_GRP,1
质量管理室质量检查工轧钢质量检查,,,1,POSITION_CD,1
质量管理室质量检查工铁钢质量检查,,,1,POSITION_CD,1
质量设计异常,품질설계이상,,1,ABNR_REASON_CD,1
质量设计确定等待,품질설계 후 확정대기 상태,,1,ORD_PROG_STS,1
质量设计确认,,Quality Design Confirm,1,QLT_DSN_STS,1
质量设计确认等待,,Item Confirm,1,QLT_DSN_STS,1
质量设计等待,품질관리에 품질설계 요청한 상태,,1,ORD_PROG_STS,1
质量设计遗漏,품질설계누락,,1,ABNR_REASON_CD,1
贫瘦煤,,,1,ITEM_SPEC,1
贵州省,,,1,PROVINCE_CD,1
贵州省六盘水市,,,1,CITY_CD,1
贵州省安顺市,,,1,CITY_CD,1
贵州省毕节市,,,1,CITY_CD,1
贵州省贵阳市,,,1,CITY_CD,1
贵州省遵义市,,,1,CITY_CD,1
贵州省铜仁市,,,1,CITY_CD,1
贵州省黔东南苗族侗族自治州,,,1,CITY_CD,1
贵州省黔南布依族苗族自治州,,,1,CITY_CD,1
贵州省黔西南布依族苗族自治州,,,1,CITY_CD,1
赤铁粉,,Iron Ore.Hematite Powder,1,ITEM_SPEC,1
起筋,,From the tendons,1,APPR_DEF_CD,1
超低碳保护渣,,,1,MOLD_POWDER_TY,1
超低碳钢,,,1,PLAN_MECH,1
超低碳钢振动曲线,,,1,MOLD_OSCIL_TY,1
超厚,,,1,APPR_DEF_CD,1
超厚,,Thick Over,2,APPR_DEF_CD,2
超声波探伤,,,1,UST_MTH_CD,1
超宽,,Width Over,2,APPR_DEF_CD,2
超宽,,Width Under,1,APPR_DEF_CD,1
车,,,1,UOM_CD,1
轧制,압연,,1,SPR_PROC_CD,1
轧制作业等待,열연압연작업대기,,1,PROG_CD,1
轧制入库等待,열연압연입고대기,,1,PROG_CD,1
轧制板(Rolling Plate),압연판(Rolling Plate),,1,PLT_TY,1
轧制翘皮,,Rolling tilt,1,APPR_DEF_CD,1
轧制计划变更,,Coil rolling plan change,1,HOLD_RSN_CD,1
轧制计划编制等待,,,1,PROG_CD,1
轧勒印,,Engraved,1,APPR_DEF_CD,1
轧废,,,1,RJT_NO_FG,1
轧机车间,,,1,PARTS_DEPT,1
轧线原因,,,1,REJ_RSN,1
轧线原因,압연라인이상,,1,SPR_RJT_CAUSE_CD,1
轧钢,,,1,SCH_PLAN_UNIT_CD,1
轧钢事业部,,,1,DUTY_DEP,1
轧钢入口保留,열연압연입측보류,,1,PROG_CD,1
轧钢误操作,,,1,SMP_UNGTH_CAU_TY,1
轧钢返回,,,1,SLAB_STACK_CD,1
轨道,,,1,RM_MOVE_TY,1
转入,,,1,YD_JL_MTL_TRANS_TYPES,1
转出,,,1,YD_JL_MTL_TRANS_TYPES,1
转出退回,,,1,YD_JL_MTL_TRANS_TYPES,1
转炉,,,4,BD_MAT_CLASS,4
转炉,,1 BOF,1,CHEM_LVL2_CD,1
转炉1,1제강전로 + MC No,,1,PROC_CD_ERP,1
转炉2,1제강전로 + MC No,,1,PROC_CD_ERP,1
转炉主吹炼结束时的样,전로 메인취련 완료후,,3,CHEM_LVL3_CD,1
转炉作业中,,"At receipt working result(SMS), actual heat no. is not null(SMS_HEAT)",1,PLAN_HEAT_STS_CD,1
转炉作业区,,,1,SMS_SUB_UNITS,1
转炉作业等待,,,1,PROG_CD,1
转炉作业结束,,"At receipt working result(SMS), actual heat no. is not null(SMS_HEAT)",1,PLAN_HEAT_STS_CD,1
转炉后吹结束时的样,전로 후취련 완료시,,4,CHEM_LVL3_CD,1
转炉吹炼时的样,,,1,CHEM_LVL3_CD,1
转炉吹炼终点时的样,전로 취련 종결시,,6,CHEM_LVL3_CD,1
转炉吹炼结束时的渣样,전로 취련 종결시,,1,CHEM_LVL3_CD,1
转炉样,,,1,CHEM_LVL3_CD,1
转炉渣,,,2,CHEM_BIZ_CD,2
转炉渣,전로 슬래그A,,1,ITEM_SPEC,1
转炉渣钢,전로공정발생,,1,ITEM_SPEC,1
转炉煤气,,,1,ITEM_SPEC,1
转炉煤气柜,,,1,SCH_PLAN_PROJ_CD,1
转炉系统,,,1,SCH_PLAN_PROJ_CD,1
转炉钢水,,,1,CHEM_BIZ_CD,1
转连退、镀锌订单,,Order no change,1,HOLD_RSN_CD,1
转鼓强度(+6.3mm),,,2,CHEM_CD,2
轮廓最大高度(Ry),,Ry,1,ROUGH_KIND,1
软钢产业(Low-Carbon),,,1,ORD_USAGE_GRP1,1
轻处理,,,1,RH_PROC_PTRN,1
轻涂油,,,1,OIL_LEVEL,1
轻烧,,Minerals.Dolomite,1,ITEM_SPEC,1
较差,,,1,BOTTOM_STAT,1
辅助材料.自产自用材.钢板钢带,,,1,ITEM_MTY,1
辅助材料投入,,,1,MATERIAL_TYPE,1
辅料投入,,,1,SCR_INDICATOR_CATEGORY,1
辅料采购,,Sub-material Purchase,1,TRANS_TY,1
辊印,,,1,APPR_DEF_CD,1
辊印,,Roll Mark,4,APPR_DEF_CD,2
辊花及进刀纹,,Roller and feed stripes,1,APPR_DEF_CD,1
边厚,,Edge Thick Over,1,APPR_DEF_CD,1
边折印,,Edge folding,1,APPR_DEF_CD,1
边折印,,slag spot,1,APPR_DEF_CD,1
边损,,Edge loss,1,APPR_DEF_CD,1
边浪,,,1,APPR_DEF_CD,1
边浪,,Edge wave,1,APPR_DEF_CD,1
边浪浪形（侧波）,외곡H (외측변파),,1,QLT_SZSHP_TOL_CD,1
边裂,,,1,APPR_DEF_CD,1
边裂,,side crack,3,APPR_DEF_CD,1
边部山峰裂,,,1,APPR_DEF_CD,1
边部折叠,,,1,APPR_DEF_CD,1
边部清理,,,1,CC_CB_REPAIR_TY,1
边部纵裂纹,,,1,APPR_DEF_CD,1
边部线状缺陷,,Edge line defects,1,APPR_DEF_CD,1
边部细线,,Edge thin lines,4,APPR_DEF_CD,2
边部翘皮,,Side tilt,1,APPR_DEF_CD,1
边部黑线,,,1,APPR_DEF_CD,1
辽宁省,,,1,PROVINCE_CD,1
辽宁省丹东市,,,1,CITY_CD,1
辽宁省大连市,,,1,CITY_CD,1
辽宁省抚顺市,,,1,CITY_CD,1
辽宁省朝阳市,,,1,CITY_CD,1
辽宁省本溪市,,,1,CITY_CD,1
辽宁省沈阳市,,,1,CITY_CD,1
辽宁省盘锦市,,,1,CITY_CD,1
辽宁省营口市,,,1,CITY_CD,1
辽宁省葫芦岛市,,,1,CITY_CD,1
辽宁省辽阳市,,,1,CITY_CD,1
辽宁省铁岭市,,,1,CITY_CD,1
辽宁省锦州市,,,1,CITY_CD,1
辽宁省阜新市,,,1,CITY_CD,1
辽宁省鞍山市,,,1,CITY_CD,1
过跨车,,,1,CLASSSIFICATION,1
过酸洗,,Excessive pickling,1,APPR_DEF_CD,1
运行保障作业区设备维检工炼钢设备机械点检维护,,,1,POSITION_CD,1
运行保障作业区设备维检工炼钢设备电气点检维护,,,1,POSITION_CD,1
运行保障作业区设备维检工焦化机械点检维护,,,1,POSITION_CD,1
运行保障作业区设备维检工焦化电气点检维护,,,1,POSITION_CD,1
运行保障作业区设备维检工连铸设备机械点检维护,,,1,POSITION_CD,1
运行保障作业区设备维检工连铸设备电气点检维护,,,1,POSITION_CD,1
运行完成，job未完成,,,1,JOB_STATUS_LOV,1
运输中,,transportation order,1,TRANS_REQ_STS,1
运输事故,,Transportation Accidents,1,RTN_PROD_REASON_CD,1
运输公司车辆,,Transfer Company Vehicle,1,CAR_OWNER_TY,1
运输取消,,Transportation Cancelation,1,TRANS_PROG_STS,1
运输完成,,,1,TRANS_PROG_STS,1
运输完成,,transportation Completion,1,TRANS_REQ_STS,1
运输完成等待,,transportation order,1,TRANS_REQ_STS,1
运输指令等待,,Vehicle Assign,1,TRANS_REQ_STS,1
运输方式,,,1,EXTRA_PRICE_ITEM,1
运输等待,,,1,PROG_CD,1
运输装备产业(Transportation),,,1,ORD_USAGE_GRP1,1
近表面,,,2,HARD_SMP_LOC,2
进厂原料仓库,,,1,MOVE_STORE,1
进口焦煤,,,1,ITEM_SPEC,1
进口铁精粉,,Iron Ore.Iron Powder,1,ITEM_SPEC,1
进程管理,,,1,ERP_LOC_GRP,1
连续退火,,,1,ROUTING_NO,1
连续退火1,,1CAL,1,PROC_CD_ERP,1
连续退火2,,2CAL,1,PROC_CD_ERP,1
连续镀锌线,,CGL,1,PROC_CD_F,1
连退,,,1,PROD_STATUS,1
连退作业区冷轧板平整工连退出口操作,,,1,POSITION_CD,1
连退作业区冷轧板平整工连退平整操作,,,1,POSITION_CD,1
连铸,,,2,ROUTING_NO,2
连铸,,1 CC,1,CHEM_LVL2_CD,1
连铸1,1제강연주MC + MC No,,1,PROC_CD_ERP,1
连铸2,1제강연주MC + MC No,,1,PROC_CD_ERP,1
连铸Slab仓库,,,1,MOVE_STORE,1
连铸Slab仓库,연주Slab창고,,1,WIP_INV_CD,1
连铸作业中,,"At receipt working result(SMS), Ladle Pouring Start to CC",1,PLAN_HEAT_STS_CD,1
连铸其他,연주기타,,1,ABNR_REASON_CD,1
连铸包装,,,2,PROC_CD_ERP,2
连铸原因,연주Breeding,,1,ABNR_REASON_CD,1
连铸坯,,,2,PROC_GRP,2
连铸坯综合合格率,연주slab종합합격율,,1,ANAL_TY,1
连铸天车异常,연주 Crane이상,,1,ABNR_REASON_CD,1
连铸头尾坯,,,1,ITEM_SPEC,1
连铸废坯,,,1,ITEM_SPEC,1
连铸板坯,,,1,MARK_PROD_NM,1
连铸板坯库/热轧板坯库,,YMS#1 L2,1,SYS_MODULE_CD,1
连铸氧化铁皮,연주산화스케일,,1,ITEM_SPEC,1
连铸渣钢,연주공정발생,,1,ITEM_SPEC,1
连铸现场调整申请,연주 현장 조정요청,,1,ABNR_REASON_CD,1
连铸突发情况,연주Break Out,,1,ABNR_REASON_CD,1
连铸精整,,,1,ROUTING_NO,1
连铸精整,1제강연주정정,,1,PROC_CD_ERP,1
连铸系统,,,1,SCH_PLAN_PROJ_CD,1
连铸设备异常,연주설비이상,,1,ABNR_REASON_CD,1
连铸调宽设备异常,연주 폭 가변 설비이상,,1,ABNR_REASON_CD,1
连铸附属设备异常,연주부대설비이상,,1,ABNR_REASON_CD,1
连铸（生产）,,,1,SMS_SUB_UNITS,1
连铸（维修）,,,1,SMS_SUB_UNITS,1
退库取消,,,1,RTN_PROC_PROG,1
退库完成,,,1,RTN_PROC_PROG,1
退库申请,,,1,RTN_PROC_PROG,1
退库确认,,,1,RTN_PROC_PROG,1
退火,,,1,HTM_MTH_CD,1
退火,담금질+역화,,1,PLT_HEATING_CD,1
退火状态（最软质）,소둔상태(최연질),,1,TEMP_GRADE_CD,1
退货,,,1,DORD_TY,1
退货,현품보상,,1,CLAIM_REWARD_TY,1
退货+现金补偿,거절,,1,CLAIM_REWARD_TY,1
退货状态(最软质),,CA,1,DIFF_TEMP_GRD_CD,1
送轧,,,2,SLAB_DIR_DEST_FL,2
适用按全长的计算公式,전장당 계산식 적용,,1,QLT_TOL_CAMBER_UNT_TY,1
选择,,,1,TARGET_FL,1
选择日期,,Stop,1,AUTO_REFRESH,1
通用,,,1,USAGE_GRP2_CD,1
通过,,,2,INQ_REVIEW_RSLT_FL_TOT,2
通过,,Pass,1,HOLD_ACTION_CD,1
造渣剂,,Other Raw Materials.Flux,1,ITEM_SPEC,1
造渣料,,,1,MTRL_TYPE,1
造球机,,,1,SCH_PLAN_PROJ_CD,1
郑伟,,,1,DRIVER_NM,1
郑昌宇,,,1,DRIVER_NM,1
部门测试,,,1,DEPT_CD,1
部门测试2,,,1,DEPT_CD,1
郭宗彪,,,1,DRIVER_NM,1
郭慧,,,1,DRIVER_NM,1
配料机,,,1,SCH_PLAN_PROJ_CD,1
配料系统,,,2,SCH_PLAN_PROJ_CD,1
配车等待,,Transportation Request entry,1,TRANS_REQ_STS,1
酸性缓冲溶液,,,1,SSCC_SOLUTION_KIND,1
酸洗,,,3,CLASSSIFICATION,3
酸洗,,PPL,1,PROC_CD_ERP,1
酸洗包装,,,1,ROUTING_NO,1
酸洗包装1,,PO Packing,2,PROC_CD,2
酸洗包装2,,PO Packing (Manual),1,PROC_CD_ERP,1
酸洗包装（人工）,,PO Packing (Manual),1,PROC_CD,1
酸洗比色,,,1,CHEM_CD,1
酸洗线,,PPL,1,PROC_CD_F,1
酸轧,,,3,CLASSSIFICATION,3
酸轧,,PLTCM,1,PROC_CD_ERP,1
酸轧作业区冷轧板酸轧工剪切操作、表面检查,,,1,POSITION_CD,1
酸轧包装,,,1,ROUTING_NO,1
酸轧包装,,FH Packing (Manual),1,PROC_CD_ERP,1
酸轧包装（人工）,,FH Packing (Manual),1,PROC_CD,1
酸轧线,,PLTCM,1,PROC_CD_F,1
采取上部,,,28,BEND_SMP_LTH_LOC,28
采取上部和下部,,,28,BEND_SMP_LTH_LOC,28
采取上部和中间部分,,,28,BEND_SMP_LTH_LOC,28
采取上部和中间部分和下部,,,28,BEND_SMP_LTH_LOC,28
采取下部,,,28,BEND_SMP_LTH_LOC,28
采取中间部分,,,28,BEND_SMP_LTH_LOC,28
采取头部,,,1,MECH_SMP_LTH_LOC,1
采取头部和中间部分,,,1,MECH_SMP_LTH_LOC,1
采取头部和中间部分和尾部,,,1,MECH_SMP_LTH_LOC,1
采取头部和尾部,,,1,MECH_SMP_LTH_LOC,1
采购业务,,,1,MTL_TRANS_TYPES,1
采购入库,,,1,YD_JL_MTL_TRANS_TYPES,1
采购入库退回,,,1,YD_JL_MTL_TRANS_TYPES,1
重力除尘,,,1,SCH_PLAN_PROJ_CD,1
重卷拉矫,평정(Leveling),,1,CRL_FINISH_FL,1
重卷拉矫线,,RCTL,1,PROC_CD_F,1
重卷检查,검사(Recoiling),,1,CRL_FINISH_FL,1
重庆市,,,2,CITY_CD,2
重接,,Re-connect,1,APPR_DEF_CD,1
重涂油S,,,1,OIL_LEVEL,1
重涂油（普板）,,,1,OIL_LEVEL,1
重涂油（锌板）,,,1,OIL_LEVEL,1
重皮,,double skin,1,APPR_DEF_CD,1
重量不合,,Weight Fail,1,APPR_DEF_CD,1
重量偏差,중량기준 허용차,,1,ORD_QTY_TOL_TY,1
重量百分比偏差,주문량에 대한 백분율 허용차,,1,ORD_QTY_TOL_TY,1
金属制品产业,,,1,ORD_USAGE_GRP1,1
金属锰JMn97-B,,,1,ITEM_SPEC,1
金相实验,,,1,CHEM_REQ_PURPOSE,1
金相显微组织测定,,,1,QLT_PHYTST_CD,1
金相测试基相的体积分数实绩,,,1,MECH_TEST_ITEM_CD,1
金相测试晶粒度级别实绩,,,1,MECH_TEST_ITEM_CD,1
金蝶,,,1,MATERIAL_SOURCE_TYPE_LOV,1
金长青,,,1,DRIVER_NM,1
针孔气泡,,pinhole bubble,1,APPR_DEF_CD,1
钒氮合金VN12,,,1,ITEM_SPEC,1
钒氮合金VN16,,,1,ITEM_SPEC,1
钒铁FeV50-A,,,1,ITEM_SPEC,1
钙芯米重,,,1,CHEM_CD,1
钙芯质量,,,1,CHEM_CD,1
钙铁比,,,1,CHEM_CD,1
钛铁FeTi30-A,,,1,ITEM_SPEC,1
钛铁FeTi30-B,,,1,ITEM_SPEC,1
钛铁FeTi70-A,,,1,ITEM_SPEC,1
钛铁包芯线,,Non Ferro Metals.Wire,1,ITEM_SPEC,1
钝化,둔화,,1,PSTREAT_GRP_CD,1
"钝化,耐指纹","둔화,내지문",,1,PSTREAT_GRP_CD,1
钝化不均,,Passivation is uneven,1,APPR_DEF_CD,1
钝化斑,,Passivation spot,1,APPR_DEF_CD,1
钝化膜涂覆不均,,The passivation film is unevenly coated,2,APPR_DEF_CD,1
钝化边,,Passivation edge,1,APPR_DEF_CD,1
钢卷质量问题,,Coil quality question,1,HOLD_RSN_CD,1
钢坯,,,3,FAC_CD,3
"钢坯,其它",,,1,ORD_USAGE,1
"钢坯,再轧制中厚板",,,1,ORD_USAGE,1
"钢坯,再轧制棒材",,,1,ORD_USAGE,1
"钢坯,再轧制线材",,,1,ORD_USAGE,1
钢坯充当等待,,,1,PROG_CD,1
钢坯判定保留,,,1,PROG_CD,1
钢坯废钢处理完毕,,,1,PROG_CD,1
钢坯成品库,,,1,YD_GR_TP,1
钢坯检查等待,,,1,PROG_CD,1
钢坯精整作业等待,,,1,PROG_CD,1
钢坯精整结束等待,,,1,PROG_CD,1
钢坯退库措施等待,,,1,PROG_CD,1
钢带厚度,,,1,CHEM_CD,1
钢带质量,,,1,CHEM_CD,1
钢带重量,,,1,CHEM_CD,1
钢材判定,,,1,JDG_REQ_GRD,1
钢材异议,,,1,CHEM_REQ_PURPOSE_TY,1
钢材等级品率,강재등급품율,,1,ANAL_TY,1
钢板(Plate),후판(Plate),,1,PLT_TY,1
钢格板,,,1,ITEM_LTY,1
钢水,,,1,CHEM_SMP_CD_BIG,1
钢渣,제강슬래그,,1,PLAN_DETAIL,1
钢种变更（替代）,,,1,QLT_TRK_ABNR_ACTION_CD,1
钢罐,,Metallics.Scrap,1,ITEM_SPEC,1
钢铁研究院,,,1,DEPT_CD,1
钢铁研究院中厚板产品研究所党支部书记,,,1,POSITION_CD,1
钼铁FeMo60-B,,,1,ITEM_SPEC,1
铁,철,,1,ITEM_SPEC,1
铁前成本,,,1,USER_BATCH_LOV,1
铁前研究所,,,1,DEPT_CD,1
铁合金-特殊合金铁,Ferro Alloys(Special alloy iron)_합금철-특수합금철,,1,RM_USAGE_TY,1
铁合金-硅铁,Ferro Alloys(Fe-Si)_합금철-Fe-Si,,1,RM_USAGE_TY,1
铁合金-硅锰,Ferro Alloys(Si-Mn)_합금철-Si-Mn,,1,RM_USAGE_TY,1
铁合金-锰铁,Ferro Alloys(Fe-Mn)_합금철-Fe-Mn,,1,RM_USAGE_TY,1
铁合金.,비철금속,,1,RM_SHIP_DIS_ITEM_TP_TY,1
铁合金.硅铁,,Non Ferro Metals.silica,1,CHEM_LVL2_CD,1
铁合金.锰硅合金,,Non Ferro Metals.mang_silica mix,1,CHEM_LVL2_CD,1
铁合金.锰铁,,Non Ferro Metals.mangan,1,CHEM_LVL2_CD,1
铁料,,,2,SIN_MATERIAL_CLASS,2
铁比例,,,1,CHEM_CD,1
铁水,,,4,CHEM_SMP_CD_BIG,3
铁水,,1 KR,1,CHEM_LVL2_CD,1
铁水,용선,,2,ITEM_SPEC,2
铁水不足,용선부족,,1,ABNR_REASON_CD,1
铁水样,,,1,CHEM_LVL3_CD,1
铁水脱硫前的铁样,용선탈류전,,3,CHEM_LVL3_CD,1
铁水脱硫后的铁样,용선탈류후,,4,CHEM_LVL3_CD,1
铁水车,,,1,TRANSTYPE,1
铁渣,제선슬래그,,1,PLAN_DETAIL,1
铁皮质量,,,1,CHEM_CD,1
铁皮重,,,1,CHEM_CD,1
铁矿ROM,,Iron Ore.Lump,1,ITEM_SPEC,1
铁矿石,,Iron Ore,1,RMAT_MAJ_KIND_TY,1
铁矿石,철광석,,1,RM_SHIP_DIS_ITEM_TP_TY,1
铁矿石-块矿,Iron Ore(Lump)_철광석-괴광,,1,RM_USAGE_TY,1
铁矿石-球团,Iron Ore(Pellet)_철광석-펠렛,,1,RM_USAGE_TY,1
铁矿石-粉矿,Iron Ore(Fine)_철광석-분광,,1,RM_USAGE_TY,1
铁矿石-赤铁粉,Iron Ore(Hematite Powder)_철광석-적철분,,1,RM_USAGE_TY,1
铁矿石-铁精粉,Iron Ore(Iron Powder)_철광석-철정분,,1,RM_USAGE_TY,1
铁矿石.块矿,,Iron Ore.Lump,1,CHEM_LVL2_CD,1
铁矿石.球团,,Iron Ore.Pellet,1,CHEM_LVL2_CD,1
铁矿石.粉矿,,Iron Ore.Fine,1,CHEM_LVL2_CD,1
铁矿石.赤铁粉,,Iron Ore.Hematite Powder,1,CHEM_LVL2_CD,1
铁矿石.铁精粉,,Iron Ore.Iron Powder,1,CHEM_LVL2_CD,1
铁精粉-111-美钢联球团,,,1,ITEM_SPEC,1
铁路,,,1,TRNSF_MTH_CD,1
铁运最大长度基准,철송최대폭길이,,1,PLT_DGN_STD,1
铅锡,납-주석,,1,ITEM_SPEC,1
铌砂 FeNb60-B,,,1,ITEM_SPEC,1
铌铁 FeNb60-B,,,1,ITEM_SPEC,1
铜粒T3,,,1,ITEM_SPEC,1
铝比例,,,1,CHEM_CD,1
铝皮质量,,,1,CHEM_CD,1
铝皮重,,,1,CHEM_CD,1
铝铁比,,,1,CHEM_CD,1
铝锰铁,,,1,ITEM_SPEC,1
铬酸盐捕捉量上表面实绩,,,1,MECH_TEST_ITEM_CD,1
铬酸盐捕捉量下表面实绩,,,1,MECH_TEST_ITEM_CD,1
银行存款,현금수납（支票收款）,,1,COLLECTION_TY,1
银行承兑汇票,은행인수어음,,1,COLLECTION_TY,1
银行承兑（大）,,,1,COLLECTION_SUB_TY,1
银行承兑（大）价（免贴息）,은행인수(대)가 - 어음할인료면제,,1,PAY_TERMS,1
银行承兑（小）,,,1,COLLECTION_SUB_TY,1
银行承兑（小）价（免贴息）,은행인수(소)가 - 어음할인료면제,,1,PAY_TERMS,1
铸块,,Non Ferro Metals.Aluminium,1,ITEM_SPEC,1
铸坯,주편,,1,MTRL_SHP_TP,1
铸坯精整渣,연주주편정정스크랩,,1,ITEM_SPEC,1
铸机,,,1,SMS_PROC_CD,1
铸机剪切等待,,,1,PROG_CD,1
铸机浇余,연주공정발생잔탕,,1,ITEM_SPEC,1
铸铁,,Cold Iron,1,IR_CHE_DATA_FILE_TY,1
铸铁作业区冲渣工冲渣粒化转鼓操作,,,1,POSITION_CD,1
铸铁包装,,,2,PROC_CD_ERP,2
铸铁机,,,4,PROC_CD_COST,3
铸铁机,주물기,,1,ROUTING_CD,1
铸铁机,주선기,,1,PROC_CD_ERP,1
链篦机,,,1,SCH_PLAN_PROJ_CD,1
销售,,,1,DORD_TY,1
销售业务,,,1,MTL_TRANS_TYPES,1
销售出库,,,1,YD_JL_MTL_TRANS_TYPES,1
销售出库退回,,,1,YD_JL_MTL_TRANS_TYPES,1
销售等待,,,1,PROG_CD,1
销售额,,,1,PROJ_TY,1
销量,,,1,PROJ_TY,1
锅炉系统,,,1,SCH_PLAN_PROJ_CD,1
锈斑,,Rust,1,APPR_DEF_CD,1
锌,아연,,1,ITEM_SPEC,1
锌层厚度不合,,Thick Fail,1,APPR_DEF_CD,1
锌层总量(100≤T<120g),도금량(100~120g),,1,COAT_WGT_GRP_CD,1
锌层总量(120≤T<150g),도금량(120~150g),,1,COAT_WGT_GRP_CD,1
锌层总量(150≤T<180g),도금량(150~180g),,1,COAT_WGT_GRP_CD,1
锌层总量(180≤T<230g),도금량(180~230g),,1,COAT_WGT_GRP_CD,1
锌层总量(230≤T<280g),도금량(230~280g),,1,COAT_WGT_GRP_CD,1
锌层总量(280≤T<330g),도금량(280~330g),,1,COAT_WGT_GRP_CD,1
锌层总量(330≤T<380g),도금량(330~380g),,1,COAT_WGT_GRP_CD,1
锌层总量(380≤T<450g),도금량(380~450g),,1,COAT_WGT_GRP_CD,1
锌层总量(450g≤T),도금량(450g≤),,1,COAT_WGT_GRP_CD,1
锌层总量(60≤T<80g),도금량(60~80g),,1,COAT_WGT_GRP_CD,1
锌层总量(80≤T<100g),도금량(80~100g),,1,COAT_WGT_GRP_CD,1
锌层总量(T<60g),도금량(<60g),,1,COAT_WGT_GRP_CD,1
锌层附着力差,,Poor adhesion of zinc layer,1,APPR_DEF_CD,1
锌层附着性测试等级,,,1,MECH_TEST_ITEM_CD,1
锌层附着性测试试验,,,1,QLT_PHYTST_CD,1
锌流纹,,Zinc flow stripe,1,APPR_DEF_CD,1
锌渣,재생아연,,2,ITEM_SPEC,2
锌灰,,Zinc ash,1,APPR_DEF_CD,1
锌球,,Non Ferro Metals.Zinc,1,ITEM_SPEC,1
错层,Hi-Sopt(??) (코일 측면이 나온것 들어간것이 있게 감기는 것),,1,QLT_SZSHP_TOL_CD,1
错误,,,1,LOG_TY,1
错辊,,,1,SQM_RETAIN_REASON,1
锡,주석,,1,ITEM_SPEC,1
锭型偏析,,,1,MACRO_TEST,1
锰硅包芯线,,,1,ITEM_SPEC,1
锰硅合金FeMn68Si18,,,1,ITEM_SPEC,1
镀前划伤,,Scratch before galvanizing,2,APPR_DEF_CD,1
镀后划伤,,Scratch after galvanizing,1,APPR_DEF_CD,1
镀锌,,,1,PROD_STATUS,1
镀锌层质量1上下和,,,1,MECH_TEST_ITEM_CD,1
镀锌层质量2上下和,,,1,MECH_TEST_ITEM_CD,1
镀锌层质量3上下和,,,1,MECH_TEST_ITEM_CD,1
镀锌层质量上下平均,,,1,MECH_TEST_ITEM_CD,1
镀锌层质量上表面1,,,1,MECH_TEST_ITEM_CD,1
镀锌层质量上表面2,,,2,MECH_TEST_ITEM_CD,1
镀锌层质量上表面平均,,,1,MECH_TEST_ITEM_CD,1
镀锌层质量下表面1,,,1,MECH_TEST_ITEM_CD,1
镀锌层质量下表面2,,,1,MECH_TEST_ITEM_CD,1
镀锌层质量下表面3,,,1,MECH_TEST_ITEM_CD,1
镀锌层质量下表面平均,,,1,MECH_TEST_ITEM_CD,1
镀锌层质量试验,,,1,QLT_PHYTST_CD,1
镀锌板,,,1,ITEM_LTY,1
镀锌量100,,,1,ORD_COAT_WGT_CD,1
镀锌量120,,,1,ORD_COAT_WGT_CD,1
镀锌量140,,,1,ORD_COAT_WGT_CD,1
镀锌量150,,,1,ORD_COAT_WGT_CD,1
镀锌量180,,,2,ORD_COAT_WGT_CD,1
镀锌量200,,,1,ORD_COAT_WGT_CD,1
镀锌量220,,,1,ORD_COAT_WGT_CD,1
镀锌量225,,,1,ORD_COAT_WGT_CD,1
镀锌量250,,,1,ORD_COAT_WGT_CD,1
镀锌量275,,,1,ORD_COAT_WGT_CD,1
镀锌量30/40,,,1,ORD_COAT_WGT_CD,1
镀锌量350,,,1,ORD_COAT_WGT_CD,1
镀锌量40/100,,,1,ORD_COAT_WGT_CD,1
镀锌量450,,,1,ORD_COAT_WGT_CD,1
镀锌量60,,,1,ORD_COAT_WGT_CD,1
镀锌量600,,,1,ORD_COAT_WGT_CD,1
镀锌量80,,,1,ORD_COAT_WGT_CD,1
镀锌量90,,,1,ORD_COAT_WGT_CD,1
镁脱硫剂,,Other Raw Materials.Desulfurization,1,ITEM_SPEC,1
镇定剂,,Other Raw Materials.Flux,1,ITEM_SPEC,1
镍,니켈,,1,ITEM_SPEC,1
镰刀弯,,,1,APPR_DEF_CD,1
镰刀弯,,Sickle bend,3,APPR_DEF_CD,1
镰刀弯,Camber 만곡도(직선도) : 코일길이방향과 직선과의 편차,,1,QLT_SZSHP_TOL_CD,1
长宽定尺（长宽双定尺）,,,1,ORD_SIZE_TY,1
长尺,,Length Over,4,APPR_DEF_CD,2
"长度 ≥250, 宽度 ≥35",,,27,BEND_SMP_SPCMN_SZ,27
长度FT 设计重量有效值基准,길이FT설계중량유효값,,1,PLT_DGN_STD,1
长度偏差,길이허용차,,1,QLT_SZSHP_TOL_CD,1
长度定尺（宽度范围定尺）,,,1,ORD_SIZE_TY,1
长度方向,길이방향으로 시편채취,,1,MECH_SMP_SPCMN_DIR,1
长度方向采样,길이방향으로 시편채취,,22,BEND_SMP_SPCMN_DIR,22
长治北,,,2,DEP_STATION,2
长治北1,,,1,DEP_STATION,1
长途,,changtu,1,LOC_CD,1
门槛应力,,,1,SSCC_STRESS_TY,1
阴极铜Cu-CATH-2,,,1,ITEM_SPEC,1
陕西省,,,1,PROVINCE_CD,1
陕西省咸阳市,,,1,CITY_CD,1
陕西省商洛市,,,1,CITY_CD,1
陕西省安康市,,,1,CITY_CD,1
陕西省宝鸡市,,,1,CITY_CD,1
陕西省延安市,,,1,CITY_CD,1
陕西省榆林市,,,1,CITY_CD,1
陕西省汉中市,,,1,CITY_CD,1
陕西省渭南市,,,1,CITY_CD,1
陕西省西安市,,,1,CITY_CD,1
陕西省铜川市,,,1,CITY_CD,1
除氧的氮气、硫化氢气体、氯化钠、冰乙酸和蒸馏水或去离子水,,,1,HIC_SOLUTION_KIND,1
除氧的氮气、硫化氢气体和人工海水,,,1,HIC_SOLUTION_KIND,1
除磷,,,1,DESCMODE,1
隆起/梗印,,uplift,1,APPR_DEF_CD,1
随炉冷却,,,1,TSL_STRESS_COOL_CD,1
需要,접안,,1,RM_UNLOAD_PROG_TY,1
需要质保书,,YES,1,MTC_MSU_CD,1
青海省,,,1,PROVINCE_CD,1
青海省果洛藏族自治州,,,1,CITY_CD,1
青海省海东市,,,1,CITY_CD,1
青海省海北藏族自治州,,,1,CITY_CD,1
青海省海南藏族自治州,,,1,CITY_CD,1
青海省海西蒙古族藏族自治州,,,1,CITY_CD,1
青海省玉树藏族自治州,,,1,CITY_CD,1
青海省西宁市,,,1,CITY_CD,1
青海省黄南藏族自治州,,,1,CITY_CD,1
非定尺（长宽范围定尺）,,,1,ORD_SIZE_TY,1
非客户,,,1,ISCUSTOMER,1
非常规委托,,,1,CHEM_REQ_TYPE,1
非正弦振动,,,1,MOLD_OSCIL_TY,1
非自动,,,1,GET_IH_TYPE,1
非船级协会(1个机构)及船级协会(1个机构)检查,,,1,INSP_AGENCY_TY,1
非船级协会检查(1个机构),,,1,INSP_AGENCY_TY,1
非船级协会检查(2个机构),,,1,INSP_AGENCY_TY,1
非金属夹杂物,,Secondary iron oxide skin press,1,APPR_DEF_CD,1
非金属夹杂物A+B+C+D1实绩,,,1,MECH_TEST_ITEM_CD,1
非金属夹杂物A+B+C+D实绩,,,1,MECH_TEST_ITEM_CD,1
非金属夹杂物A1类实绩,,,1,MECH_TEST_ITEM_CD,1
非金属夹杂物A类实绩,,,1,MECH_TEST_ITEM_CD,1
非金属夹杂物B1类实绩,,,1,MECH_TEST_ITEM_CD,1
非金属夹杂物B类实绩,,,1,MECH_TEST_ITEM_CD,1
非金属夹杂物C1类实绩,,,1,MECH_TEST_ITEM_CD,1
非金属夹杂物C类实绩,,,1,MECH_TEST_ITEM_CD,1
非金属夹杂物D1类实绩,,,1,MECH_TEST_ITEM_CD,1
非金属夹杂物Ds类实绩,,,1,MECH_TEST_ITEM_CD,1
非金属夹杂物D类实绩,,,1,MECH_TEST_ITEM_CD,1
非金属夹杂物检测,,,1,QLT_PHYTST_CD,1
非铁类金属-其它金属,Non Ferro Metals(etc)_비철금속-기타금속,,1,RM_USAGE_TY,1
非铁类金属-线类,Non Ferro Metals(Wire)_비철금속-WIRE류,,1,RM_USAGE_TY,1
非铁类金属-铝类,Non Ferro Metals(Aluminium)_비철금속-AL류,,1,RM_USAGE_TY,1
非铁类金属-锌类,Non Ferro Metals(Zinc)_비철금속-ZN류,,1,RM_USAGE_TY,1
非铁类金属.其它金属,,Non Ferro Metals.etc.,1,CHEM_LVL2_CD,1
非铁类金属.线类,,Non Ferro Metals.Wire,1,CHEM_LVL2_CD,1
非铁类金属.铝类,,Non Ferro Metals.Aluminium,1,CHEM_LVL2_CD,1
非铁类金属.锌类,,Non Ferro Metals.Zinc,1,CHEM_LVL2_CD,1
面部翘皮,,Surface tilt,1,APPR_DEF_CD,1
韩家洋,,,1,DRIVER_NM,1
预付全款,선불100%주문,,1,PAY_MTH_CD,1
预付款比例,,,1,EXTRA_PRICE_ITEM,1
预决算部,,,1,DEPT_CD,1
预定指令,,Planned PDI,2,CAP_PDI_FL,2
预测厚板订单,,,1,ORD_TY,1
预测板坯订单,,,1,ORD_TY,1
预计入港,입항예정,,1,RM_UNLOAD_PROG_TY,1
预配料系统,,,1,SCH_PLAN_PROJ_CD,1
预防性维修,,Preventive Stoppage,1,EQUIP_STOP_CD,1
颜色（铂-钴）,,,1,CHEM_CD,1
风电用钢,,,2,ORD_USAGE_GRP2,2
风电系列,,,1,PLT_SPEC_GROUP_CD,1
飞剪,,Crank Shear Knife,1,KNIFE_TY,1
饱和硫化氢酸性水溶液,,,1,SSCC_SOLUTION_KIND,1
饱和蒸汽发电烧结余热发电,,,1,SCH_PROC_MATE,1
香港特别行政区,,,2,CITY_CD,2
马蜂窝裂,,,1,APPR_DEF_CD,1
高位发热量,,,1,CHEM_CD,1
"高光面,0.15 ≤ Ra ≤ 0.30,不镀锌",,,1,SURF_TREAT_CD,1
"高光面,0.15 ≤ Ra ≤ 0.30,小锌花",,,1,SURF_TREAT_CD,1
"高光面,0.15 ≤ Ra ≤ 0.30,正常锌花",,,1,SURF_TREAT_CD,1
"高光面,0.15 ≤ Ra ≤ 0.30,零锌花",,,1,SURF_TREAT_CD,1
"高光面,0.20 ≤Ra ≤ 0.40,不镀锌",,,1,SURF_TREAT_CD,1
"高光面,0.20 ≤Ra ≤ 0.40,小锌花",,,1,SURF_TREAT_CD,1
"高光面,0.20 ≤Ra ≤ 0.40,正常锌花",,,1,SURF_TREAT_CD,1
"高光面,0.20 ≤Ra ≤ 0.40,零锌花",,,1,SURF_TREAT_CD,1
"高光面,0.25 ≤ Ra ≤ 0.45,不镀锌",,,1,SURF_TREAT_CD,1
"高光面,0.25 ≤ Ra ≤ 0.45,小锌花",,,1,SURF_TREAT_CD,1
"高光面,0.25 ≤ Ra ≤ 0.45,正常锌花",,,1,SURF_TREAT_CD,1
"高光面,0.25 ≤ Ra ≤ 0.45,零锌花",,,1,SURF_TREAT_CD,1
"高光面,0.27 ≤ Ra ≤ 0.42,不镀锌",,,1,SURF_TREAT_CD,1
"高光面,0.27 ≤ Ra ≤ 0.42,小锌花",,,1,SURF_TREAT_CD,1
"高光面,0.27 ≤ Ra ≤ 0.42,正常锌花",,,1,SURF_TREAT_CD,1
"高光面,0.27 ≤ Ra ≤ 0.42,零锌花",,,1,SURF_TREAT_CD,1
"高光面,0.30 ≤ Ra ≤ 0.50,不镀锌",,,1,SURF_TREAT_CD,1
"高光面,0.30 ≤ Ra ≤ 0.50,小锌花",,,1,SURF_TREAT_CD,1
"高光面,0.30 ≤ Ra ≤ 0.50,正常锌花",,,1,SURF_TREAT_CD,1
"高光面,0.30 ≤ Ra ≤ 0.50,零锌花",,,1,SURF_TREAT_CD,1
"高光面,0.30 ≤ Ra ≤ 0.60,不镀锌",,,1,SURF_TREAT_CD,1
"高光面,0.30 ≤ Ra ≤ 0.60,小锌花",,,1,SURF_TREAT_CD,1
"高光面,0.30 ≤ Ra ≤ 0.60,正常锌花",,,1,SURF_TREAT_CD,1
"高光面,0.30 ≤ Ra ≤ 0.60,零锌花",,,1,SURF_TREAT_CD,1
"高光面,0.38 ≤ Ra ≤ 0.58,不镀锌",,,1,SURF_TREAT_CD,1
"高光面,0.38 ≤ Ra ≤ 0.58,小锌花",,,1,SURF_TREAT_CD,1
"高光面,0.38 ≤ Ra ≤ 0.58,正常锌花",,,1,SURF_TREAT_CD,1
"高光面,0.38 ≤ Ra ≤ 0.58,零锌花",,,1,SURF_TREAT_CD,1
"高光面,Ra ≤ 0.15,不镀锌",,,1,SURF_TREAT_CD,1
"高光面,Ra ≤ 0.15,小锌花",,,1,SURF_TREAT_CD,1
"高光面,Ra ≤ 0.15,正常锌花",,,1,SURF_TREAT_CD,1
"高光面,Ra ≤ 0.15,零锌花",,,1,SURF_TREAT_CD,1
"高光面,Ra ≤0.10,不镀锌",,,1,SURF_TREAT_CD,1
"高光面,Ra ≤0.10,小锌花",,,1,SURF_TREAT_CD,1
"高光面,Ra ≤0.10,正常锌花",,,1,SURF_TREAT_CD,1
"高光面,Ra ≤0.10,零锌花",,,1,SURF_TREAT_CD,1
高压水枪印,,High pressure water gun mark,1,APPR_DEF_CD,1
高压蒸汽,,,1,ITEM_SPEC,1
高品位中块,,Minerals.Limestone,1,ITEM_SPEC,1
高品位小块,,Minerals.Limestone,1,ITEM_SPEC,1
高品位粉,,Minerals.Limestone,1,ITEM_SPEC,1
高平直度,,,1,PLT_DIR_CD,1
高强度,,Iron Ore.Pellet,1,ITEM_SPEC,1
高强度结构钢,,,1,STEEL_TYPE,1
高强系列,,,1,PLT_SPEC_GROUP_CD,1
高强船板系列,,,1,PLT_SPEC_GROUP_CD,1
高润滑防锈油,고윤활방청유,,1,ANTRST_OIL_KIND,1
高温拉伸测试温度,,,1,HIGH_TEMP_TSL_TEMP,1
高温拉伸试验,,,1,QLT_PHYTST_CD,1
高温拉伸试验EL,,,1,MECH_TEST_ITEM_CD,1
高温拉伸试验RA,,,1,MECH_TEST_ITEM_CD,1
高温拉伸试验TS,,,1,MECH_TEST_ITEM_CD,1
高温拉伸试验YP,,,1,MECH_TEST_ITEM_CD,1
高炉,,,4,PROC_CD,4
高炉,,B/F,1,IR_CHE_DATA_FILE_TY,1
高炉1,1고로,,1,PROC_CD_ERP,1
高炉2,2고로,,1,PROC_CD_ERP,1
高炉CokeBin EP 尘,고로CokeBin EP 먼지,,1,ITEM_SPEC,1
高炉EP尘,고로 EP 먼지,,1,ITEM_SPEC,1
高炉产焦丁,,,1,PLAN_DETAIL,1
高炉产焦丁,,Dross.Iron Making,1,ITEM_SPEC,1
高炉产焦丁,고로회수코크스,,2,ITEM_SPEC,2
高炉副产物仓库,,,1,MOVE_STORE,1
高炉半成品仓库,,,1,MOVE_STORE,1
高炉工序返焦粉,,,1,PLAN_DETAIL,1
高炉工序返焦粉,,Dross.Iron Making,1,ITEM_SPEC,1
高炉干法除尘尘,고로 건식 먼지,,1,ITEM_SPEC,1
高炉旋风除尘尘,고로 먼지,,1,ITEM_SPEC,1
高炉铁水,,,1,CHEM_BIZ_CD,1
高硫原煤,,,1,ITEM_SPEC,1
高硫焦煤,,,1,ITEM_SPEC,1
高硫肥煤,,,1,ITEM_SPEC,1
高碱溶剂,,Other Raw Materials.Flux,1,ITEM_SPEC,1
高碳钢,,,1,PLAN_MECH,1
高碳钢保护渣,,,1,MOLD_POWDER_TY,1
高碳钢振动曲线,,,1,MOLD_OSCIL_TY,1
高碳铬铁FeCr55C10.0CrⅡSiⅡPⅠSⅠ,,,1,ITEM_SPEC,1
高碳锰铁FeMn68,,,1,ITEM_SPEC,1
高级钢,,Metallics.Scrap,1,ITEM_SPEC,1
高表面,,,1,PLT_DIR_CD,1
高速钢,,HSS,1,ROLL_MTRL,1
高铁低铝（低硅）,,Iron Ore.Fine,1,ITEM_SPEC,1
高铁低铝（高硅）,,Iron Ore.Fine,1,ITEM_SPEC,1
高铁高铝,,Iron Ore.Fine,1,ITEM_SPEC,1
高铬钢-共昌,,HCRS,1,ROLL_MTRL,1
高铬铁-共昌,,CS3,1,ROLL_MTRL,1
高铬铁-邢机,,HCrⅡ,1,ROLL_MTRL,1
魏昌学,,,1,DRIVER_NM,1
麻坑/酸洗坑,,Pickling pits,1,APPR_DEF_CD,1
麻点,,,1,APPR_DEF_CD,1
麻点,,Pitting,2,APPR_DEF_CD,1
黏度（E₈₀）,,,1,CHEM_CD,1
黑斑/蓝斑/黄斑/油过烧,,Dark spots,1,APPR_DEF_CD,1
黑龙江省,,,1,PROVINCE_CD,1
黑龙江省七台河市,,,1,CITY_CD,1
黑龙江省伊春市,,,1,CITY_CD,1
黑龙江省佳木斯市,,,1,CITY_CD,1
黑龙江省双鸭山市,,,1,CITY_CD,1
黑龙江省哈尔滨市,,,1,CITY_CD,1
黑龙江省大兴安岭地区,,,1,CITY_CD,1
黑龙江省大庆市,,,1,CITY_CD,1
黑龙江省牡丹江市,,,1,CITY_CD,1
黑龙江省绥化市,,,1,CITY_CD,1
黑龙江省鸡西市,,,1,CITY_CD,1
黑龙江省鹤岗市,,,1,CITY_CD,1
黑龙江省黑河市,,,1,CITY_CD,1
黑龙江省齐齐哈尔市,,,1,CITY_CD,1
鼓肚,,Bulging,2,APPR_DEF_CD,1
龙增钢,,,1,DRIVER_NM,1
龚大菊,,,1,DRIVER_NM,1
,,#1 Pit,1,PIT_NO,1
,,#1CPL,1,COIL_PAK_EQU_NM,1
,,#1CPL In Packing LIne,1,COIL_PAK_EQUIP_NM,1
,,#1CPL LINE,1,CCOIL_PAK_EQU_NM,1
,,#2 Pit,1,PIT_NO,1
,,#2CPL,1,COIL_PAK_EQU_NM,1
,,#2CPL In Packing LIne,1,COIL_PAK_EQUIP_NM,1
,,#2CPL LINE,1,CCOIL_PAK_EQU_NM,1
,,#3CPL,1,COIL_PAK_EQU_NM,1
,,#3CPL In Packing LIne,1,COIL_PAK_EQUIP_NM,1
,,#3CPL LINE,1,CCOIL_PAK_EQU_NM,1
,,((2601*V06)+(388*V14)+(120*V15)+(149*V02)+(1728*V04)-(729*V06*V14)-(910*V14*V04)-(3339*V06*V06))/100,1,CE,1
,,(10P+5Sb+4Sn+As)/100,1,QLT_CHEM_FOMULA,1
,,(Boom) Brake repair,1,YD_STOP_CD,1
,,(Boom) Motor repair,1,YD_STOP_CD,1
,,(Boom) Other equipment repair,1,YD_STOP_CD,1
,,(Boom) Panel electrical equipment repair,1,YD_STOP_CD,1
,,(Boom) Post limit switch repair,1,YD_STOP_CD,1
,,(Boom) Reducer repair,1,YD_STOP_CD,1
,,(Boom) Wire rope replacement,1,YD_STOP_CD,1
,,(Case1)W/P Full Return,1,RTN_CC_END_TY,1
,,(Case2)W/P All Scrap,1,RTN_CC_END_TY,1
,,"(Case3)CC Full Return(No Scrap,Slab)",1,RTN_CC_END_TY,1
,,(Case4)CC All Scrap,1,RTN_CC_END_TY,1
,,(Case5)CC Return(+Slab),1,RTN_CC_END_TY,1
,,(Case6)CC Scrap+Slab,1,RTN_CC_END_TY,1
,,"(Case7)CC Return(+Scrap,Slab)",1,RTN_CC_END_TY,1
,,(Driving) Controller breakdown,1,YD_STOP_CD,1
,,(Driving) Motor breakdown,1,YD_STOP_CD,1
,,(Driving) Other breakdown,1,YD_STOP_CD,1
,,(Driving) Reducer overhaul,1,YD_STOP_CD,1
,,(Driving) Shaft breakage,1,YD_STOP_CD,1
,,(Driving) Trolley breakdown,1,YD_STOP_CD,1
,,(Driving) Wheel centering,1,YD_STOP_CD,1
,,(Driving) Wheel replacement,1,YD_STOP_CD,1
,,(Hoist) Brake breakdown,1,YD_STOP_CD,1
,,(Hoist) Brake repair,1,YD_STOP_CD,1
,,(Hoist) Controller breakdown,1,YD_STOP_CD,1
,,(Hoist) Hook beam repair,1,YD_STOP_CD,1
,,(Hoist) Motor repair,1,YD_STOP_CD,1
,,(Hoist) N.F.B breakdown,1,YD_STOP_CD,1
,,(Hoist) Other Breakdown,1,YD_STOP_CD,1
,,(Hoist) Panel electrical equipment repair,1,YD_STOP_CD,1
,,(Hoist) Reducer overhaul,1,YD_STOP_CD,1
,,(Hoist) Reducer repair,1,YD_STOP_CD,1
,,(Hoist) Rotary breakdown,1,YD_STOP_CD,1
,,(Hoist) Sheave repair,1,YD_STOP_CD,1
,,(Hoist) Wire rope replacement,1,YD_STOP_CD,1
,,(Lifter) Cable break,1,YD_STOP_CD,1
,,(Lifter) Motor breakdown,1,YD_STOP_CD,1
,,(Lifter) Other breakdown,1,YD_STOP_CD,1
,,(Lifter) Sensor breakdown,1,YD_STOP_CD,1
,,(Lifter) Touch bar breakdown,1,YD_STOP_CD,1
,,(Luffing) Balance weight repair,1,YD_STOP_CD,1
,,(Luffing) Hydraulic cylinder repair,1,YD_STOP_CD,1
,,(Luffing) Motor repair,1,YD_STOP_CD,1
,,(Luffing) Other equipment repair,1,YD_STOP_CD,1
,,(Luffing) Panel electrical equipment repair,1,YD_STOP_CD,1
,,(Luffing) Reducer repair,1,YD_STOP_CD,1
,,(NB-Ta)/C,1,QLT_CHEM_FOMULA,1
,,(Si+Mn)×(P+Sn) ×10000,1,QLT_CHEM_FOMULA,1
,,(Slewing) Motor repair,1,YD_STOP_CD,1
,,(Slewing) Other equipment repair,1,YD_STOP_CD,1
,,(Slewing) Panel electrical equipment repair,1,YD_STOP_CD,1
,,(Slewing) Reducer repair,1,YD_STOP_CD,1
,,(Slewing) Wheel repair,1,YD_STOP_CD,1
,,(Test)Abnormal Grade,1,RTN_REASON_CD,1
,,(Test)Delay Tapping,1,RTN_REASON_CD,1
,,(Test)Equipment Trouble,1,RTN_REASON_CD,1
,,(Test)Routing Change,1,RTN_REASON_CD,1
,,(Ti+NB)/(C+N),1,QLT_CHEM_FOMULA,1
,,(Ti+NB+Zr)/(C+N),1,QLT_CHEM_FOMULA,1
,,(Transverse) Brake breakdown,1,YD_STOP_CD,1
,,(Transverse) Cable break,1,YD_STOP_CD,1
,,(Transverse) Conveyor breakaway,1,YD_STOP_CD,1
,,(Transverse) Motor breakdown,1,YD_STOP_CD,1
,,(Transverse) Other Breakdown,1,YD_STOP_CD,1
,,(Transverse) Reducer overhaul,1,YD_STOP_CD,1
,,(Transverse) Wheel centering,1,YD_STOP_CD,1
,,(Transverse) Wheel replacement,1,YD_STOP_CD,1
,,(Travelling) Brake repair,1,YD_STOP_CD,1
,,(Travelling) Driving wheel repair,1,YD_STOP_CD,1
,,(Travelling) Motor repair,1,YD_STOP_CD,1
,,(Travelling) Other equipment repair,1,YD_STOP_CD,1
,,(Travelling) Panel electrical equipment repair,1,YD_STOP_CD,1
,,(Travelling) Rail clamp repair,1,YD_STOP_CD,1
,,(Travelling) Real cable repair,1,YD_STOP_CD,1
,,(Travelling) Reducer repair,1,YD_STOP_CD,1
,,(Traversing) Brake repair,1,YD_STOP_CD,1
,,(Traversing) Curtain cable repair,1,YD_STOP_CD,1
,,(Traversing) Motor repair,1,YD_STOP_CD,1
,,(Traversing) Other equipment repair,1,YD_STOP_CD,1
,,(Traversing) Panel electrical equipment repair,1,YD_STOP_CD,1
,,(Traversing) Reducer repair,1,YD_STOP_CD,1
,,(Traversing) Wheel repair,1,YD_STOP_CD,1
,,(UI) Darkness,1,SCR_THEME,1
,,(UI) Le-Frog,1,SCR_THEME,1
,,(UI) Lightness,1,SCR_THEME,1
,,(UI) Overcast,1,SCR_THEME,1
,,(UI) Redmond,1,SCR_THEME,1
,,(UI) Smoothness,1,SCR_THEME,1
,,(UI) Start,1,SCR_THEME,1
,,(UI) Sunny,1,SCR_THEME,1
,,(V05/V25)*FLOOR(V05+0.99849),1,CE,1
,,(blank),5,COUNTRY_CD,1
,,0.01+(FLOOR(V05+0.997500)*FLOOR(0.000449/V25)),1,CE,1
,,0.4 < t <= 0.6,1,THK_GRP_CRL,1
,,0.50 ≤ Ra ≤ 1.00,1,ROUGH_CD,1
,,0.6 < t <= 0.8,1,THK_GRP_CRL,1
,,0.60 ≤ Ra ≤ 1.30,1,ROUGH_CD,1
,,0.60 ≤ Ra ≤ 1.6,1,ROUGH_CD,1
,,0.60 ≤ Ra ≤ 1.90,1,ROUGH_CD,1
,,0.8 < t <= 1.0,1,THK_GRP_CRL,1
,,0~20 gurantee,1,ASSUR_COND,1
,,1 B/F Plant,4,CHEM_LVL2_CD,1
,,1 Battery,1,BATTERY_TY,1
,,1 COKE,2,CHEM_LVL2_CD,1
,,1 Coke Plant,1,CHEM_LVL2_CD,1
,,1 Hour,1,TREND_CYCLE,1
,,1 Minute,2,CM_CYCLE,2
,,1 Pellet Plant,2,CHEM_LVL2_CD,1
,,1 Sinter Plant,4,CHEM_LVL2_CD,1
,,1 Tank,1,PLTCM_LN,1
,,1 hour,1,CM_CYCLE,1
,,1 min,1,YD_AUTO_TY,1
,,1#CC,1,CHEM_LVL2_CD,1
,,1#LF,4,CHEM_LVL2_CD,2
,,1#RH,2,CHEM_LVL2_CD,1
,,1#VD,1,PROC_SMS,1
,,1+2 Battery,1,BATTERY_TY,1
,,"1,2CAL",1,QLT_FPROC_CACGL_TY,1
,,1.0 < t <= 1.2,1,THK_GRP_CRL,1
,,1.2 < t <= 1.6,1,THK_GRP_CRL,1
,,1.6 < t <= 2.0,1,THK_GRP_CRL,1
,,10 Minutes,1,CM_CYCLE,1
,,10 min,1,YD_AUTO_TY,1
,,10-20min,1,SECOND_RFN_TIME_TY,1
,,100%(Default),1,PLAN_UI_TIME_RATE,1
,,100mm*420mm,1,MECH_SMP_SPCMN_SZ,1
,,10Kg,1,RM_PAK_TY,1
,,11-15min,1,RH_TREAT_TIME_TY,1
,,1100 < w <= 1300,1,WTH_GRP_CRL,1
,,11min-15min,1,RH_DEGAS_TIME_TY,1
,,12 Hour,1,TREND_CYCLE,1
,,1300 < w <= 1500,1,WTH_GRP_CRL,1
,,1500 < w <= 1700,1,WTH_GRP_CRL,1
,,16-20min,1,RH_TREAT_TIME_TY,1
,,160CrNiMo,1,ROLL_MTRL,1
,,1700 < w,1,WTH_GRP_CRL,1
,,1A,2,OPER_SHIFT,2
,,1B,2,OPER_SHIFT,2
,,1C,1,OPER_SHIFT,1
,,1CAL,3,CAPA_PROC_CD,3
,,"1CC , 1MOLD",1,CHEM_LVL3_CD,1
,,"1CC , 2MOLD",1,CHEM_LVL3_CD,1
,,1D,1,OPER_SHIFT,1
,,1Hole,1,BF_PIGIR_TAP_HOLE_TY,1
,,1PPL,1,QLT_FPROC_PCMPOL_TY,1
,,1Plant,1,FAC_CD,1
,,1RCL,2,PROC_CD,2
,,1st,1,MARKING_LINE,1
,,1st Treatment,1,CHEM_LVL4_CD,1
,,2 B/F Plant,1,CHEM_LVL2_CD,1
,,2 Battery,1,BATTERY_TY,1
,,2 Tank,1,PLTCM_LN,1
,,2#CC,2,CHEM_LVL2_CD,1
,,2#LF,3,CHEM_LVL2_CD,1
,,2#RH,3,CHEM_LVL2_CD,1
,,2.0 < t,1,THK_GRP_CRL,1
,,21-30min,1,SECOND_RFN_TIME_TY,1
,,24 Hour,1,TREND_CYCLE,1
,,26.01Cu+3.88Ni+1.20Cr+1.49Si+17.28P-7.29CuNi-9.10NiP-33.39Cu＾2,1,QLT_CHEM_FOMULA,1
,,2A,1,OPER_SHIFT,1
,,2B,1,OPER_SHIFT,1
,,2C,1,OPER_SHIFT,1
,,2CAL,3,CAPA_PROC_CD,3
,,"2CC , 1MOLD",1,CHEM_LVL3_CD,1
,,"2CC , 2MOLD",1,CHEM_LVL3_CD,1
,,2CGL,1,GTH_PROC_CD,1
,,2D,1,OPER_SHIFT,1
,,2H,1,DIFF_TEMP_GRD_CD,1
,,2Hole,1,BF_PIGIR_TAP_HOLE_TY,1
,,2PLTCM,1,QLT_FPROC_PCMPOL_TY,1
,,2Plant,1,FAC_CD,1
,,2RCL,2,GTH_PROC_CD,2
,,2RCTL,1,QLT_FPROC_CRFN_TY,1
,,2nd,1,MARKING_LINE,1
,,2nd Cooling Pattern,1,CC_OPC_CD,1
,,2nd Refining Code,1,ORD_PRI_ITEM_CD,1
,,2nd Treatment,1,CHEM_LVL4_CD,1
,,3 Tank,1,PLTCM_LN,1
,,3 min,1,YD_AUTO_TY,1
,,3 miter full scarfing at Header,1,SCARF_TY,1
,,3 miter full scarfing at Tail,1,SCARF_TY,1
,,3#CC,2,CHEM_LVL2_CD,1
,,3#RH,3,CHEM_LVL2_CD,1
,,30 Minutes,1,CM_CYCLE,1
,,30 min,1,YD_AUTO_TY,1
,,300mm,1,TSL_SMP_SPCMN_SZ,1
,,31-40min,1,SECOND_RFN_TIME_TY,1
,,3A,1,OPER_SHIFT,1
,,3B,1,OPER_SHIFT,1
,,3C,1,OPER_SHIFT,1
,,"3CC , 1MOLD",1,CHEM_LVL3_CD,1
,,3CGL,1,QLT_FPROC_CACGL_TY,1
,,3D,1,OPER_SHIFT,1
,,3Hole,1,BF_PIGIR_TAP_HOLE_TY,1
,,3Plant,1,FAC_CD,1
,,3RCL,1,QLT_FPROC_CRFN_TY,1
,,3th,1,MARKING_LINE,1
,,4 hours,1,CM_CYCLE,1
,,4#CC,2,CHEM_LVL2_CD,1
,,400-600ppm,1,SMS_END_O2_CONT_TY,1
,,400mm,1,TSL_SMP_SPCMN_SZ,1
,,41-50min,1,SECOND_RFN_TIME_TY,1
,,"4CC , 1MOLD",1,CHEM_LVL3_CD,1
,,4H,1,DIFF_TEMP_GRD_CD,1
,,4Hole,1,BF_PIGIR_TAP_HOLE_TY,1
,,5 Minutes,1,CM_CYCLE,1
,,5 min,1,YD_AUTO_TY,1
,,5#CC,2,CHEM_LVL2_CD,1
,,5-7min,1,SMS_TAP_TIME_TY,1
,,500mm,1,TSL_SMP_SPCMN_SZ,1
,,508 mm,1,COIL_IN_DIA,1
,,508mm,1,ORD_IN_DIA,1
,,51-60min,1,SECOND_RFN_TIME_TY,1
,,"5CC , 1MOLD",1,CHEM_LVL3_CD,1
,,6-10min,1,RH_DEGAS_TIME_TY,1
,,610 mm,1,COIL_IN_DIA,1
,,610mm,1,ORD_IN_DIA,1
,,"7207 1200 (C<0,25%)",1,NCM_CD,1
,,"7207 2000 (C≥0,25%)",1,NCM_CD,1
,,7224 9000 (Alloyed),1,NCM_CD,1
,,762 mm,1,COIL_IN_DIA,1
,,762mm,1,ORD_IN_DIA,1
,,8 hours,1,CM_CYCLE,1
,,80mm*400mm,1,MECH_SMP_SPCMN_SZ,1
,,80mm*420mm,1,MECH_SMP_SPCMN_SZ,1
,,8H,1,DIFF_TEMP_GRD_CD,1
,,900 < w <= 1100,1,WTH_GRP_CRL,1
,,>= 10 min,1,SECOND_RFN_TM_CD,1
,,>= 15 min,1,SECOND_RFN_TM_CD,1
,,>= 20 min,1,SECOND_RFN_TM_CD,1
,,>= 25 min,1,SECOND_RFN_TM_CD,1
,,A,9,BEND_ANGLE,9
,,A+B+C+D,1,MGRPHY_INCLD_TY,1
,,A+C,1,MGRPHY_INCLD_TY,1
,,"A, B",1,CUST_STR_TY,1
,,A.P,2,TD_CST_OB_RPR_CAU_TY,2
,,A1,1,SLAB_STACK_CD,1
,,A100,3,HIGH_TEMP_TSL_EL_CD,3
,,A2,1,SLAB_STACK_CD,1
,,A200,3,HIGH_TEMP_TSL_EL_CD,3
,,A3,2,PAPER_SIZE,2
,,A4,2,PAPER_SIZE,2
,,A5,1,PAPER_SIZE,1
,,A50,3,HIGH_TEMP_TSL_EL_CD,3
,,A50.8,1,TSL_CT_EX_RA_CD,1
,,A80,3,HIGH_TEMP_TSL_EL_CD,3
,,AA,1,IR_CHE_DEST_NAM,1
,,ABNORMAL ROUGHNESS,1,ROLL_GRIND_RSN_TY,1
,,ABNT,1,SPEC_ORG,1
,,ABS,1,INSP_AGENCY_CD,1
,,ACC,1,PLT_COOL_CD,1
,,ACC+DQ,1,PLT_COOL_CD,1
,,ACC+DQ+OSC,1,PLT_COOL_CD,1
,,ACC+OSC,1,PLT_COOL_CD,1
,,ACC+UFC,1,PLT_COOL_CD,1
,,ACC+UFC+OSC,1,PLT_COOL_CD,1
,,AD User,2,LOGIN_CERT_TYPE,2
,,ADP,1,CURRENCY_CD,1
,,AED,1,CURRENCY_CD,1
,,AF,1,IR_CHE_DEST_NAM,1
,,AFA,1,CURRENCY_CD,1
,,AFN,1,CURRENCY_CD,1
,,AG,1,IR_CHE_DEST_NAM,1
,,AK,1,IR_CHE_DEST_NAM,1
,,AK Steel,1,SPEC_ORG,1
,,AL-MG,1,LD_REFRACTORY_TY,1
,,ALL,4,CURRENCY_CD,4
,,"ALL(1,2,3 RCL)",1,QLT_FPROC_CRFN_TY,1
,,ALinsol,2,CHEM_CD,2
,,AMD,1,CURRENCY_CD,1
,,ANG,1,CURRENCY_CD,1
,,AOA,1,CURRENCY_CD,1
,,AOK,1,CURRENCY_CD,1
,,AON,1,CURRENCY_CD,1
,,AP,1,IR_CHE_DEST_NAM,1
,,API,1,INQ_CATE_CD,1
,,API Coil Hot Rolling (Slab -> Coil Hot Rolled),1,USAGE_LVL1_CD,1
,,API Plate (Slab -> Plate),1,USAGE_LVL1_CD,1
,,ARA,1,CURRENCY_CD,1
,,ARS,1,CURRENCY_CD,1
,,ASE(B),1,CTOD_SMP_TY,1
,,ASME SA435/SA435M-17,1,UST_STD_CD,1
,,ASME SA578/A578M-17_LEVEL A,1,UST_STD_CD,1
,,ASME SA578/A578M-17_LEVEL B,1,UST_STD_CD,1
,,ASME SA578/A578M-17_LEVEL C,1,UST_STD_CD,1
,,ASTM A435/A435M-17,1,UST_STD_CD,1
,,ASTM A578/A578M-17_LEVEL A,1,UST_STD_CD,1
,,ASTM A578/A578M-17_LEVEL B,1,UST_STD_CD,1
,,ASTM A578/A578M-17_LEVEL C,1,UST_STD_CD,1
,,ASTM475,1,UST_LEVEL,1
,,ASTM578,1,UST_LEVEL,1
,,ATS,1,CURRENCY_CD,1
,,AUD,1,CURRENCY_CD,1
,,AUTO MOBILE,5,USAGE_LVL2_CD,1
,,AWG,1,CURRENCY_CD,1
,,AZM,1,CURRENCY_CD,1
,,AZN,1,CURRENCY_CD,1
,,A_K,1,SCH_PRE_PROCESS_CODE,1
,,Abnormal,1,YD_MTRL_TY,1
,,Abnormal Bogie,1,TLC_SKIM_STS,1
,,Abnormal Location,1,YD_ABNR_TY,1
,,Abnormal Marking,1,PROD_RTN_CD,1
,,Abnormal Material Status,1,YD_ABNR_TY,1
,,Abnormal Tilting,1,TLC_SKIM_STS,1
,,Abnormal galvanizing,1,PROD_RTN_CD,1
,,Abnormal recoiling,1,PROD_RTN_CD,1
,,Abnormal surface,1,PROD_RTN_CD,1
,,Accepted,1,REQ_STS,1
,,Actual,2,MONI_HEAT_STS,2
,,Actual Item,1,ITEM_KIND,1
,,Actual Slab,1,SLAB_TY,1
,,Ad,1,CHEM_CD,1
,,Ae,2,HIGH_TEMP_TSL_EL_CD,2
,,Afghanistan,1,COUNTRY_CD,1
,,After De-skull Skimming,1,TLC_SKIM_TY,1
,,After Empty Skimming,1,TLC_SKIM_TY,1
,,After Treatment,1,CHEM_LVL4_CD,1
,,Ag,2,HIGH_TEMP_TSL_EL_CD,2
,,Agt,2,HIGH_TEMP_TSL_EL_CD,2
,,Air Cooling,1,TD_C_MTD_TY,1
,,Al,1,CHEM_CD,1
,,Al Killed,1,DEOXIDATION_CD,1
,,Al2O3,2,CHEM_CD,2
,,Al2O3 (Hi-Alumina),1,LD_REFRACTORY_TY,1
,,Albania,1,COUNTRY_CD,1
,,Algeria,1,COUNTRY_CD,1
,,All,2,DEST_TY,2
,,All Use,1,HRL_FINISH_MILL_TY,1
,,Allocation,2,ALLOC_TY,2
,,Alloy Steel Type,1,CC_OPC_CD,1
,,Alloy steel for forging,1,USAGE_LVL2_CD,1
,,Als,1,CHEM_CD,1
,,Alsol,2,CHEM_CD,2
,,Al₂O₃,2,CHEM_CD,2
,,Amer.Virgin Is.,1,COUNTRY_CD,1
,,American Bureau of Shipping,1,SPEC_ORG,1
,,American Petroleum Institute,1,SPEC_ORG,1
,,American Society for Testing and Materials,1,SPEC_ORG,1
,,Ammonium Pursulfate Method,1,MECH_METOD,1
,,Andorran,1,COUNTRY_CD,1
,,Android,1,SCR_THEME,1
,,Angola,1,COUNTRY_CD,1
,,Anguilla,1,COUNTRY_CD,1
,,Antarctica,1,COUNTRY_CD,1
,,Antigua/Barbuda,1,COUNTRY_CD,1
,,Appearance Defect,1,NON_ANAL_RSN_CD,1
,,Approval,1,RTN_SLAB_PROG,1
,,Archived,1,EVENT_TY,1
,,Arctic,1,SCR_THEME,1
,,Argentina,1,COUNTRY_CD,1
,,Armenia,1,COUNTRY_CD,1
,,Arrival,2,TLC_EVENT_CD,2
,,Arrival Schedule,1,RM_INST_TY,1
,,Arrival for Loading,1,YD_TCAR_SCH_STS,1
,,Arrival for Unloading,1,YD_TCAR_SCH_STS,1
,,Aruba,1,COUNTRY_CD,1
,,As,5,CHEM_CD,3
,,As+ Sn +Sb+ Pb+ Bi,1,QLT_CHEM_FOMULA,1
,,Asc,1,SORT_TY,1
,,Assurance,1,STD_TYPE,1
,,At,2,HIGH_TEMP_TSL_EL_CD,2
,,Attention,1,ORD_DLVR_DT_STATUS,1
,,Attribute,1,GLOSSARY_TY,1
,,Australia,1,COUNTRY_CD,1
,,Austria,1,COUNTRY_CD,1
,,Auto,3,ORD_RELEASE_TY,3
,,Auto Order Production end,1,PROD_END_FL,1
,,AutoStartStop Pattern,1,CC_OPC_CD,1
,,Available,2,YD_BED_STS,2
,,Azerbaijan,1,COUNTRY_CD,1
,,B,9,CHEM_CD,7
,,B/F,1,PROC_CD_CHECKBOX,1
,,B1,1,SLAB_STACK_CD,1
,,B10,1,SLAB_STACK_CD,1
,,B2,1,SLAB_STACK_CD,1
,,B3,2,PAPER_SIZE,2
,,B4,2,PAPER_SIZE,2
,,B5,2,PAPER_SIZE,2
,,B6,1,SLAB_STACK_CD,1
,,B7,1,SLAB_STACK_CD,1
,,B8,1,SLAB_STACK_CD,1
,,B9,1,SLAB_STACK_CD,1
,,BAM,1,CURRENCY_CD,1
,,BAP,3,CHEM_LVL3_CD,2
,,BAP Arrival,1,MTRL_TRK_CD,1
,,BAP Departure,1,MTRL_TRK_CD,1
,,BAP End,1,MTRL_TRK_CD,1
,,BAP Start,1,MTRL_TRK_CD,1
,,BAP1,1,CHEM_LVL3_CD,1
,,BAP2,1,CHEM_LVL3_CD,1
,,BAY1,1,SLAB_DEST_FUR,1
,,BAY1-1,1,CAR_STOP_POSIT,1
,,BAY2,2,SLAB_DEST_CCM,2
,,BAY2-2,1,CAR_STOP_POSIT,1
,,BAY3,2,SLAB_DEST_CCM,2
,,BAY3-1,1,CAR_STOP_POSIT,1
,,BAY3-2,1,CAR_STOP_POSIT,1
,,BAY4-1,1,CAR_STOP_POSIT,1
,,BAY4-2,1,CAR_STOP_POSIT,1
,,BAY5-1,1,CAR_STOP_POSIT,1
,,BB,1,CHEM_LVL3_CD,1
,,BBD,1,CURRENCY_CD,1
,,BDT,1,CURRENCY_CD,1
,,BEF,1,CURRENCY_CD,1
,,BENDING,1,ROLL_GRIND_RSN_TY,1
,,BENT,1,ROLL_GRIND_RSN_TY,1
,,BETWEEN,2,EXTRA_CHECK_METHOD,2
,,BF #1,1,STOP_OCC_EQUIP_LOC_CD,1
,,BF Coal,1,IR_CHE_FRMAT_TY,1
,,BF Coke,1,IR_CHE_FRMAT_TY,1
,,BF Dust,1,CHEM_LVL1_CD,1
,,BF L2,1,SYS_MODULE_CD,1
,,BF Ore,1,IR_CHE_FRMAT_TY,1
,,BF Remain,1,TLC_PI_WGT_STS,1
,,BF Sub Ore,1,IR_CHE_FRMAT_TY,1
,,BFG Gas Line,1,STOP_COMPONENT_CD,1
,,BFG Line,1,STOP_COMPONENT_CD,1
,,BGL,1,CURRENCY_CD,1
,,BGN,1,CURRENCY_CD,1
,,BHD,1,CURRENCY_CD,1
,,BIF,1,CURRENCY_CD,1
,,BILLET PROCESS,1,CUST_SLAB_PROC_TY,1
,,BLOW HOLE,1,SLAB_DEF_CD,1
,,BMD,1,CURRENCY_CD,1
,,BND,1,CURRENCY_CD,1
,,BOB,1,CURRENCY_CD,1
,,BOF,2,PLAN_PROC_CD,2
,,BOF #1,1,STOP_OCC_EQUIP_LOC_CD,1
,,BOF #2,1,STOP_OCC_EQUIP_LOC_CD,1
,,BOF Arrival,1,MTRL_TRK_CD,1
,,BOF Blowing End,3,MTRL_TRK_CD,2
,,BOF Blowing Start,1,MTRL_TRK_CD,1
,,BOF Blowing start,2,OPER_TRK_CD,1
,,BOF Charge end,2,OPER_TRK_CD,1
,,BOF Charging,1,MTRL_TRK_CD,1
,,BOF Departure,2,MTRL_TRK_CD,2
,,BOF Departure(DE-P),1,SMS_PROG_CD,1
,,BOF End,1,SMS_PROG_CD,1
,,BOF Scrap Yard,1,LOAD_PLC_CD,1
,,BOF Tapping End,1,MTRL_TRK_CD,1
,,BOF Tapping Start,1,MTRL_TRK_CD,1
,,BOF Tapping end,2,OPER_TRK_CD,1
,,BOF Tapping start,2,OPER_TRK_CD,1
,,BOF Wait,1,SMS_PROG_CD,1
,,BOF Wait(DE-P),1,SMS_PROG_CD,1
,,BOF#1 L2,1,SYS_MODULE_CD,1
,,BOF#2 L2,1,SYS_MODULE_CD,1
,,BOF#3 L2,1,SYS_MODULE_CD,1
,,BOF#4 L2,1,SYS_MODULE_CD,1
,,BOF1,2,TIME_PLAN_PROC_MC_CD,2
,,BOF2,1,TIME_PLAN_PROC_MC_CD_P,1
,,BOF3,1,TIME_PLAN_PROC_MC_CD_P,1
,,BOILER CONTAINER HAVING PRESSURE,4,USAGE_LVL2_CD,1
,,BOV,1,CURRENCY_CD,1
,,BR,1,SIM_BF_CH_CNG_DESC_TP,1
,,BRC,1,CURRENCY_CD,1
,,BREAKS,1,SLAB_DEF_CD,1
,,BRIDGE,4,USAGE_LVL2_CD,1
,,BRL,1,CURRENCY_CD,1
,,BSD,1,CURRENCY_CD,1
,,BTN,1,CURRENCY_CD,1
,,BUK,1,CURRENCY_CD,1
,,BV,1,INSP_AGENCY_CD,1
,,BWP,1,CURRENCY_CD,1
,,BYB,1,CURRENCY_CD,1
,,BYR,1,CURRENCY_CD,1
,,BZD,1,CURRENCY_CD,1
,,B_K,1,SCH_PRE_PROCESS_CODE,1
,,BaO,1,CHEM_CD,1
,,Backup,1,YD_LIFT_DN_TY,1
,,Backup Roll,1,ROLL_TY,1
,,Bad,1,TD_STAT_TY,1
,,Bag,1,RM_PAK_TY,1
,,Bahamas,1,COUNTRY_CD,1
,,Bahrain,1,COUNTRY_CD,1
,,Balance for heat Making,1,ORD_PROG_QTY_CD,1
,,Bangladesh,1,COUNTRY_CD,1
,,Barbados,1,COUNTRY_CD,1
,,Bars for General Structural,1,USAGE_LVL2_CD,1
,,Bars for Machine structural,1,USAGE_LVL2_CD,1
,,Base move,1,YD_MOVE_TY,1
,,Basicity,1,SIM_BF_CH_CNG_DESC_TP,1
,,Batch,1,PGM_TY,1
,,Bay 1,1,YD_BAY_CD,1
,,Bay 2,1,YD_BAY_CD,1
,,Bay 3,1,YD_BAY_CD,1
,,Bay 4,1,YD_BAY_CD,1
,,Bay 5,1,YD_BAY_CD,1
,,Bay2 - 1,1,CAR_STOP_POSIT,1
,,Be Over,2,PROD_STS,2
,,Bed_Code,1,SHR_CONDITION_KEY,1
,,Before De-skull Skimming,1,TLC_SKIM_TY,1
,,Before Treatment,1,CHEM_LVL4_CD,1
,,Belarus,1,COUNTRY_CD,1
,,Belgium,1,COUNTRY_CD,1
,,Belize,1,COUNTRY_CD,1
,,Below Weight,1,NON_ANAL_RSN_CD,1
,,Bend,1,RM_PAK_TY,1
,,Benin,1,COUNTRY_CD,1
,,Bermuda,1,COUNTRY_CD,1
,,Bhutan,1,COUNTRY_CD,1
,,Bi,4,CHEM_CD,3
,,Bi+B+N+P+S,1,QLT_CHEM_FOMULA,1
,,Bi+B+N+P+S+Ti,1,QLT_CHEM_FOMULA,1
,,Bi+P+S,1,QLT_CHEM_FOMULA,1
,,Bi+Pb,1,QLT_CHEM_FOMULA,1
,,Bi+Pb+P+S,1,QLT_CHEM_FOMULA,1
,,Billet for General Arc. Welding Rod,1,USAGE_LVL2_CD,1
,,Billet for cold forging,1,USAGE_LVL2_CD,1
,,Billet for high steel wire rod,1,USAGE_LVL2_CD,1
,,Billet for special arc.welding rod,1,USAGE_LVL2_CD,1
,,Billet for wire rod,1,USAGE_LVL2_CD,1
,,Billet fot Piano wire rod,1,USAGE_LVL2_CD,1
,,Bins System,1,STOP_COMPONENT_CD,1
,,Black,1,SCR_THEME,1
,,Blackberry,1,SCR_THEME,1
,,Blank Space,2,MARKING_CHARS,2
,,Blast,1,SIM_PROC_CD_BIN,1
,,Blast Furnace,1,EQUIP_FACIL_CD,1
,,Blast Furnace Pig Iron,1,CHEM_LVL1_CD,1
,,Blast Furnace Production,1,KPI_INDEX_CD,1
,,Blast Furnace Slag,1,CHEM_LVL1_CD,1
,,Bleeders,1,STOP_COMPONENT_CD,1
,,Bleeding,1,BO_OCC_REASON_CD,1
,,Blend Ore Consumption,2,KPI_INDEX_CD,1
,,Blending,2,PROC_CD,2
,,Blending Consumption reducing  Sulphur,1,KPI_INDEX_CD,1
,,Blending Consumption reducing Sulphur,1,KPI_INDEX_CD,1
,,Blending Ore,1,CHEM_LVL1_CD,1
,,Blow Hole,1,RTN_CAU_CD,1
,,Blower,1,STOP_SYSTEM_CD,1
,,Blowing,4,CHEM_LVL4_CD,1
,,Blowing End,2,SMS_PROG_CD,1
,,Blowing End(DE-P),1,SMS_PROG_CD,1
,,Blowing Start(DE-P),1,SMS_PROG_CD,1
,,Blue,1,COUNTRY_CD,1
,,Bolivia,1,COUNTRY_CD,1
,,"Bonaire, Saba",1,COUNTRY_CD,1
,,Bootstrap,1,SCR_THEME,1
,,Bosnia-Herz.,1,COUNTRY_CD,1
,,Both,1,USER_TY,1
,,Both surface,1,DEFECT_LOC,1
,,Botswana,1,COUNTRY_CD,1
,,Bottom,4,DEFECT_LOC,4
,,Bouvet Islands,1,COUNTRY_CD,1
,,Bower motor,1,STOP_COMPONENT_CD,1
,,Brand,1,BRAND_ITEM,1
,,Brazil,1,COUNTRY_CD,1
,,Brazil Vessel Co.,1,SHIP_CMP_CD,1
,,Break-Out,1,BO_OCC_REASON_CD,1
,,BreakOut,1,RTN_CAU_CD,1
,,Breakdown,1,YD_EQUIP_STS,1
,,Bright,1,ROLL_PRCS_TY,1
,,Bright Finishing1,1,SURF_TREAT_CD,1
,,Bright Finishing2,1,SURF_TREAT_CD,1
,,Bring(Bring Quantity Confirm),1,TRK_PROG_STS,1
,,Brit.Ind.Oc.Ter,1,COUNTRY_CD,1
,,Brit.Virgin Is.,1,COUNTRY_CD,1
,,Brunei Daruss.,1,COUNTRY_CD,1
,,Bujang,1,POSITION_CD,1
,,Bulgaria,1,COUNTRY_CD,1
,,Bulk,1,RM_PAK_TY,1
,,Bund_No,1,SHR_CONDITION_KEY,1
,,Burkina Faso,1,COUNTRY_CD,1
,,Burma,1,COUNTRY_CD,1
,,Burundi,1,COUNTRY_CD,1
,,Busan. Korea,1,DISP_DEST_CD,1
,,By Product,1,INVOICE_SALE_TY,1
,,By each 3 heat,1,SMP_LOT_CD,1
,,By each 5 heat,1,SMP_LOT_CD,1
,,By each heat,1,SMP_LOT_CD,1
,,By each sequence,1,SMP_LOT_CD,1
,,C,9,CHEM_CD,7
,,C + Mn/10,1,QLT_CHEM_FOMULA,1
,,C + Mn/3,1,QLT_CHEM_FOMULA,1
,,C + Mn/6,1,QLT_CHEM_FOMULA,1
,,C + Mn/6  + (Ni+Cu)/15 + (Cr+Mo+V)/5,1,QLT_CHEM_FOMULA,1
,,C + Mn/6  + Cr/10 + Mo/50 + V/10 + Ni/20 + Cu/40,1,QLT_CHEM_FOMULA,1
,,C + Mn/6  + Si/24,1,QLT_CHEM_FOMULA,1
,,C + Mn/6  + Si/24  + Ni/40 + Mo/4 + V/14,1,QLT_CHEM_FOMULA,1
,,C + Mn/6  + Si/24 + Cr/5 + V/14,1,QLT_CHEM_FOMULA,1
,,C + Mn/6  + Si/24 + Cr/5 + V/14 + Ni/40,1,QLT_CHEM_FOMULA,1
,,C + Mn/6  + Si/24 + Cr/5 + V/14 + Ni/40 + Mo/4,1,QLT_CHEM_FOMULA,1
,,C + Si/30 + (Mn + Cu + Cr) / 20 + Ni/60 + Mo/15 + V/10 + 5*B,1,QLT_CHEM_FOMULA,1
,,C(T),1,CTOD_SMP_TY,1
,,C+(Mn+Mo)/10+(Cr+Cu)/20+Ni/40,1,QLT_CHEM_FOMULA,1
,,C+0.155(Cr+Mo)+0.14(Mn+V)+0.11Si+0.045(Ni+Cu),1,QLT_CHEM_FOMULA,1
,,C+Mn/6+Si/24+Ni/15+Cr/5+Mo/4+Cu/13+P/2,1,QLT_CHEM_FOMULA,1
,,C+Mn/6+Si/24+Ni/40+Cr/5+Mo/4+V/14,1,QLT_CHEM_FOMULA,1
,,C+N,1,QLT_CHEM_FOMULA,1
,,C+Nb/7.75,1,QLT_CHEM_FOMULA,1
,,C-Eq,1,QLT_CHEM_CD,1
,,C-Nb/7.75,1,QLT_CHEM_FOMULA,1
,,C.Casting Wait,1,SMS_PROG_CD,1
,,C/T Falling off,1,TLC_RPR_TY,1
,,C0.5,1,CC_CB_SEG,1
,,C1,1,CHEM_CD,1
,,C1.0,1,CC_CB_SEG,1
,,C1.5,1,CC_CB_SEG,1
,,C2.0,1,CC_CB_SEG,1
,,C2.5,1,CC_CB_SEG,1
,,C45+Normalization,1,CCK_PROT_PLT_MTRL,1
,,CAD,1,CURRENCY_CD,1
,,CAL,1,PLAN_PROC_CD,1
,,CAL L2,1,SYS_MODULE_CD,1
,,CAL2 L2,1,SYS_MODULE_CD,1
,,CALL MARK,1,SLAB_DEF_CD,1
,,CANCER,1,INST_STS,1
,,CAR,1,COUNTRY_CD,1
,,CAS,1,SECOND_RFN_PROC_TY,1
,,CAS+LF,1,SECOND_RFN_PROC_TY,1
,,CAS+LF+RH,1,SECOND_RFN_PROC_TY,1
,,CAS+RH,1,SECOND_RFN_PROC_TY,1
,,CAS+RH+LF,1,SECOND_RFN_PROC_TY,1
,,CAS-OB & Powder Injection & Bottom BB Only,1,BAP_PROC_PTRN,1
,,CAS-OB & Powder Injection & Top + Bottom BB,1,BAP_PROC_PTRN,1
,,CAS-OB & Powder Injection & Top BB Only,1,BAP_PROC_PTRN,1
,,CAS-OB & Wire Feeding & Bottom BB Only,1,BAP_PROC_PTRN,1
,,CAS-OB & Wire Feeding & Top + Bottom BB,1,BAP_PROC_PTRN,1
,,CAS-OB & Wire Feeding & Top BB Only,1,BAP_PROC_PTRN,1
,,CAST,1,YD_H_TP,1
,,CASTING DOUBLE,1,SLAB_DEF_CD,1
,,CC,5,CHEM_LVL3_CD,3
,,CC Production,1,KPI_INDEX_CD,1
,,CC#1 L2,1,SYS_MODULE_CD,1
,,CC#2 L2,1,SYS_MODULE_CD,1
,,CC#3 L2,1,SYS_MODULE_CD,1
,,CC#4 L2,1,SYS_MODULE_CD,1
,,CC#5 L2,1,SYS_MODULE_CD,1
,,CC1,2,TIME_PLAN_PROC_MC_CD,2
,,CC2,2,TIME_PLAN_PROC_MC_CD,2
,,CC3,2,TIME_PLAN_PROC_MC_CD,2
,,CCM Slab Yard Production,1,KPI_INDEX_CD,1
,,CCM1,2,CCM_NO,2
,,CCM2,1,CCM_NO,1
,,CCM3,1,CCM_NO,1
,,CCM4,2,CCM_NO,2
,,CCM5,1,CCM_NO,1
,,CCR,1,QLT_HCR_TY,1
,,CCS,1,INSP_AGENCY_CD,1
,,CDF,1,CURRENCY_CD,1
,,CENTRAL CRACK,1,SLAB_DEF_CD,1
,,CEQ,5,CHEM_CD,4
,,CEQ-1(%),2,CHEM_CD,2
,,CEQ-AWS(%),1,CHEM_CD,1
,,CEQ-EXP(%),2,CHEM_CD,2
,,CEQ-JIS(%),1,CHEM_CD,1
,,CET(%),1,CHEM_CD,1
,,CEV,2,CHEM_CD,2
,,CEV-IIW(%),1,CHEM_CD,1
,,CGL,3,CAPA_PROC_CD,3
,,CGL L2,1,SYS_MODULE_CD,1
,,CHANGE OF WIDTH,1,SLAB_DEF_CD,1
,,CHARGE,1,SLAB_DEST_FUR,1
,,CHE,1,CURRENCY_CD,1
,,CHF,1,CURRENCY_CD,1
,,CHUL,1,HR_ROLL_DGN_FL,1
,,CHW,1,CURRENCY_CD,1
,,CLF,1,CURRENCY_CD,1
,,CLOB,1,DATA_TY,1
,,CLP,1,CURRENCY_CD,1
,,CNB,1,RE_BLW_REASON_TY,1
,,CO1,1,PROC_CODE,1
,,CO2,1,PROC_CODE,1
,,COG Line,1,STOP_COMPONENT_CD,1
,,COKE MIX,1,SYS_MODULE_CD,1
,,COLD ROLLING PROCESS,1,CUST_SLAB_PROC_TY,1
,,COMPANHIA SIDERURGICA NACIONAL,1,CONSIGN_CD,1
,,CONCAVITY,1,SLAB_DEF_CD,1
,,CONTRUCTION & MACHINARY INDUSTRY,4,USAGE_LVL2_CD,1
,,CONVEXITY,1,SLAB_DEF_CD,1
,,COP,1,CURRENCY_CD,1
,,CORNER CRACKS,1,SLAB_DEF_CD,1
,,CORTEC,1,ANTRST_OIL_KIND,1
,,COU,1,CURRENCY_CD,1
,,CRACK,1,ROLL_GRIND_RSN_TY,1
,,CRC,1,CURRENCY_CD,1
,,CRI,1,CHEM_CD,1
,,CSK,1,CURRENCY_CD,1
,,CSOL,1,MECH_TEST_ITEM_CD,1
,,CSP,1,INSP_AGENCY_CD,1
,,CSR,1,CHEM_CD,1
,,CUC,1,CURRENCY_CD,1
,,CUP,1,CURRENCY_CD,1
,,CURVING,1,SLAB_DEF_CD,1
,,CVC plus,1,GRIND_TY,1
,,CVC plus higher order,1,GRIND_TY,1
,,CVE,1,CURRENCY_CD,1
,,CYP,1,CURRENCY_CD,1
,,CZK,1,CURRENCY_CD,1
,,C_K,1,SCH_PRE_PROCESS_CODE,1
,,Ca,4,CHEM_CD,3
,,Ca/S,1,QLT_CHEM_FOMULA,1
,,CaCO₃,1,CHEM_CD,1
,,CaF2,1,CHEM_CD,1
,,CaF₂,1,CHEM_CD,1
,,CaO,3,CHEM_CD,2
,,CaO/SiO2,2,CHEM_CD,1
,,Caging Charge,1,STOP_COMPONENT_CD,1
,,Camber,1,RTN_CAU_CD,1
,,Camber Std.,1,QLT_TOL_UNT_TY,1
,,Cambodia,1,COUNTRY_CD,1
,,Cameroon,1,COUNTRY_CD,1
,,Canada,1,COUNTRY_CD,1
,,Cancel,6,ERP_PROC_TY,6
,,Cancel Entry,1,CAR_ENTRY_FL,1
,,Cancel Entry Gate,1,CAR_PROG,1
,,Cancel Order,1,YD_CRN_SCH_STS,1
,,Cancel Vehicle Loading Lot,1,CAR_LOAD_STS,1
,,Cancel Work,1,YD_SCH_REQ_STS,1
,,Canceled,2,EVENT_TY,2
,,Cancelled Assign,1,CAR_ASGN_FL,1
,,Cancelled Car Assign,2,CAR_ASGN_STS,1
,,Cancelled Invoice,1,INVOICE_STS,1
,,Cancelled Return Order,1,RORD_STS,1
,,Cancer,1,SLAB_SCARF_END_TY,1
,,Cant Preparation （order num）,1,ORD_MDF_REASON_CD,1
,,Cant Preparation （order size）,1,ORD_MDF_REASON_CD,1
,,Cape Verde,1,COUNTRY_CD,1
,,Car Entry,1,CAR_ENTRY_FL,1
,,Car Stop Position,1,YD_BED_TY,1
,,Carbone steel for forging,1,USAGE_LVL2_CD,1
,,Cast  Scrap Yard,1,LOAD_PLC_CD,1
,,Cast House,1,STOP_SYSTEM_CD,1
,,Cast No info Change,1,PLAN_HEAT_CHG_TY,1
,,Caster,1,QLTY_TRK_PROC_CD,1
,,Casting,1,ABNR_REASON_GRP,1
,,Casting End,3,MTRL_TRK_CD,2
,,Casting Start,2,MTRL_TRK_CD,2
,,Casting end,1,OPER_TRK_CD,1
,,Casting start,1,OPER_TRK_CD,1
,,Cayman Islands,1,COUNTRY_CD,1
,,Ca²⁺,1,CHEM_CD,1
,,CdO,1,CHEM_CD,1
,,Ce,2,CHEM_CD,2
,,Ch/Day,1,OPER_STD_TY,1
,,Chad,1,COUNTRY_CD,1
,,Chajang,1,POSITION_CD,1
,,Charging Calculation,1,SIM_BF_CH_CNG_DESC_TP,1
,,Charging Coal,1,CHEM_LVL1_CD,1
,,Charging End,1,SMS_PROG_CD,1
,,Charging End(DE-P),1,SMS_PROG_CD,1
,,Charging Start,1,SMS_PROG_CD,1
,,Charging Start(DE-P),1,SMS_PROG_CD,1
,,Chart VTD Gas Type,1,SMS_OPC_CD,1
,,Chemical Abnormal - Internal,1,QLTY_TRK_CD,1
,,Chemical Abnormal - Spec.,1,QLTY_TRK_CD,1
,,Chemical Abnormal - Target,1,QLTY_TRK_CD,1
,,Chemical Composition,1,QLTY_TRK_PROC_CD,1
,,Chile,1,COUNTRY_CD,1
,,China,1,COUNTRY_CD,1
,,China (Yuan),1,CURRENCY_CD,1
,,Christmas Islnd,1,COUNTRY_CD,1
,,Civil Engineering & Construction,1,USAGE_LVL2_CD,1
,,Cl-,1,CHEM_CD,1
,,Claim Investigation,1,PROD_RTN_CD,1
,,Classic,1,SCR_THEME,1
,,Click,1,MENU_ACTION,1
,,Cluster,1,RTN_CAU_CD,1
,,Co,4,CHEM_CD,3
,,Coal,3,CHEM_LVL1_CD,3
,,Coal Injection,1,STOP_SYSTEM_CD,1
,,Coating Work,1,TLC_RPR_STS,1
,,Coconut Islands,1,COUNTRY_CD,1
,,Code,1,QUERY_TY,1
,,Code Value,1,MULTI_LANG_TY,1
,,Coil Cold Rolling (Slab -> Coil Cold Rolled),1,USAGE_LVL1_CD,1
,,Coil Hot Rolling (Slab -> Coil Hot Rolled),1,USAGE_LVL1_CD,1
,,Coil-No err,1,REJ_OCC_REA_CD,1
,,Coil_No,1,SHR_CONDITION_KEY,1
,,Coke,2,PROC_CD_CHECKBOX,2
,,Coke Base,1,SIM_BF_CH_CNG_DESC_TP,1
,,Coke Dust,1,CHEM_LVL1_CD,1
,,Coke L2,1,SYS_MODULE_CD,1
,,Coke Production,1,KPI_INDEX_CD,1
,,Coke previous B/F,1,CHEM_LVL1_CD,1
,,Cokes,1,EQUIP_FACIL_CD,1
,,Cokes(KG),1,OPER_STD_TY,1
,,Cold Air Line,1,STOP_COMPONENT_CD,1
,,Cold Coil,1,SOURCE_CD,1
,,Cold Rolling,2,ABNR_REASON_GRP,2
,,Colombia,1,COUNTRY_CD,1
,,Combust. System,1,STOP_COMPONENT_CD,1
,,Comment,1,SMS_OPC_CD,1
,,Common,2,BIZ_CHAIN_CD,2
,,Common Biz,1,ENV_TY,1
,,Communication error,1,YD_STOP_CD,1
,,Comoros,1,COUNTRY_CD,1
,,Complete,1,RTN_PROD_STS,1
,,Complete Cold Rolling,1,PLAN_STS,1
,,Complete Customer Forecast,1,PLAN_STS,1
,,Complete Hot Rolling,1,PLAN_STS,1
,,Complete Iron Making,1,PLAN_STS,1
,,Complete Order Taking Plan,1,PLAN_STS,1
,,Complete Plan,1,PLAN_STS,1
,,Complete Plate,1,PLAN_STS,1
,,Complete Prod. Plan,1,PLAN_STS,1
,,Complete Sales Plan,1,PLAN_STS,1
,,Complete Sales Plan. Customer,1,PLAN_STS,1
,,Complete Sales Plan. Department,1,PLAN_STS,1
,,Complete Steel Making,1,PLAN_STS,1
,,Completed,1,BF_LAD_RCV_STS_TY,1
,,Completed Return,1,RORD_STS,1
,,Completion,2,BF_TAP_TM_TY,2
,,Compound Steel,1,CCK_PROT_PLT_MTRL,1
,,Conditioning,1,ORIGIN_CD,1
,,Confirm,1,MSG_TY,1
,,Confirmed,1,EVENT_TY,1
,,Confirmed Assign,1,CAR_ASGN_FL,1
,,Confirmed Car Assign,1,CAR_ASGN_STS,1
,,Confirmed Return Order,1,RORD_STS,1
,,Consutruction,1,TLC_RPR_STS,1
,,Consutruction Wait,1,TLC_RPR_STS,1
,,Continuous Casting,1,EQUIP_FACIL_CD,1
,,Continuous Casting Yield,1,KPI_INDEX_CD,1
,,Control system,1,STOP_COMPONENT_CD,1
,,Conventional/cylind. Crown,1,GRIND_TY,1
,,Converter(Furnace),1,QLTY_TRK_PROC_CD,1
,,Cook Islands,1,COUNTRY_CD,1
,,Cooling,1,TLC_SKIM_TY2,1
,,Cooling Area Warehousing,1,TLC_RPR_STS,1
,,Cooling Complete Y/N,1,YD_MAP_TY,1
,,Cooling Moldst Pattern,1,CC_OPC_CD,1
,,Cooling Status in Line,1,REJ_OCC_REA_CD,1
,,Cooling System,2,STOP_COMPONENT_CD,1
,,Cooling Warehousing,1,TLC_RPR_TY,1
,,Cooling system,1,STOP_COMPONENT_CD,1
,,Cormer Crack,1,RTN_CAU_CD,1
,,Corner round scarfing,1,SCARF_TY,1
,,Corporate,1,EXCHANGE_TY,1
,,Corrective Maintenance,1,STOP_RATING_CD,1
,,Cost,1,DEPT_CD,1
,,Costa Rica,1,COUNTRY_CD,1
,,Cote d'Ivoire,1,COUNTRY_CD,1
,,Cr,5,CHEM_CD,3
,,Cr+B,1,QLT_CHEM_FOMULA,1
,,Cr+B+Mo+Ti,1,QLT_CHEM_FOMULA,1
,,Cr+B+Ti+V,1,QLT_CHEM_FOMULA,1
,,Cr+Cu+2Mo+10V+7Nb+5Ti-2,1,QLT_CHEM_FOMULA,1
,,Cr+Mo,1,QLT_CHEM_FOMULA,1
,,Cr+Mo+Ti+B+N,1,QLT_CHEM_FOMULA,1
,,Cr+Mo+V+B+N,1,QLT_CHEM_FOMULA,1
,,Cr+Mo+V+N,1,QLT_CHEM_FOMULA,1
,,Cr+Mo+V+Ti+B+N,1,QLT_CHEM_FOMULA,1
,,Cr+N,1,QLT_CHEM_FOMULA,1
,,Cr+NB,1,QLT_CHEM_FOMULA,1
,,Cr+Ni+Mo+NB+Ti+N+H,1,QLT_CHEM_FOMULA,1
,,Cr2O3,1,CHEM_CD,1
,,Crane 11,1,YD_CRN_NO,1
,,Crane 12,1,YD_CRN_NO,1
,,Crane 21,1,YD_CRN_NO,1
,,Crane 22,1,YD_CRN_NO,1
,,Crane 31,1,YD_CRN_NO,1
,,Crane 32,1,YD_CRN_NO,1
,,Crane 41,1,YD_CRN_NO,1
,,Crane 42,1,YD_CRN_NO,1
,,Crane 51,1,YD_CRN_NO,1
,,Crane 52,1,YD_CRN_NO,1
,,Crane Facility Err,1,REJ_OCC_REA_CD,1
,,Create,1,ERP_PROC_TY,1
,,Create Order,1,YD_CRN_SCH_STS,1
,,Create Schedule,1,YD_SCH_REQ_STS,1
,,Create Vehicle Loading Lot,2,CAR_LOAD_STS,2
,,Created Assign,1,CAR_ASGN_FL,1
,,Created Invoice,2,INVOICE_STS,2
,,Created Return Order,1,RORD_STS,1
,,Croatia,1,COUNTRY_CD,1
,,Cross Mc DE-P/C,1,BOF_BALANCE_TY,1
,,Crown,1,TOL_CD,1
,,Cu,5,CHEM_CD,3
,,Cu+Cr,1,QLT_CHEM_FOMULA,1
,,Cu+Cr+NB,1,QLT_CHEM_FOMULA,1
,,Cu+N,1,QLT_CHEM_FOMULA,1
,,Cu+NB,1,QLT_CHEM_FOMULA,1
,,Cu+Ni,1,QLT_CHEM_FOMULA,1
,,Cu+Ni+Ca,1,QLT_CHEM_FOMULA,1
,,Cu+Ni+Cr,1,QLT_CHEM_FOMULA,1
,,Cu+Ni+Cr+B,1,QLT_CHEM_FOMULA,1
,,Cu+Ni+Cr+Mo+Ti+B,1,QLT_CHEM_FOMULA,1
,,Cu+Ni+Cr+Mo+V+NB+B+Ti,1,QLT_CHEM_FOMULA,1
,,Cu+Ni+Cr+Mo+V+Ti,1,QLT_CHEM_FOMULA,1
,,Cu+Ni+Cr+Mo+V+Ti+B,1,QLT_CHEM_FOMULA,1
,,Cu+Ni+Cr+NB,1,QLT_CHEM_FOMULA,1
,,Cu+Ni+Cr+NB+P,1,QLT_CHEM_FOMULA,1
,,Cu+Ni+Cr+V+N,1,QLT_CHEM_FOMULA,1
,,Cu+Ni+Cr+V+NB+Ti,1,QLT_CHEM_FOMULA,1
,,Cu+Ni+Mo+V,1,QLT_CHEM_FOMULA,1
,,Cu+Ni+Mo+V+Ti,1,QLT_CHEM_FOMULA,1
,,Cu+Ni+NB,1,QLT_CHEM_FOMULA,1
,,Cu+Ni+NB+V+Ti,1,QLT_CHEM_FOMULA,1
,,Cu+Ni+V+Ti,1,QLT_CHEM_FOMULA,1
,,Cu+Ni+V+Ti+B,1,QLT_CHEM_FOMULA,1
,,Cu+P+Ti,1,QLT_CHEM_FOMULA,1
,,Cu+Ti+Ni,1,QLT_CHEM_FOMULA,1
,,Cu+Ti+P,1,QLT_CHEM_FOMULA,1
,,Cu+V,1,QLT_CHEM_FOMULA,1
,,Cu+V+Cr,1,QLT_CHEM_FOMULA,1
,,Cuba,1,COUNTRY_CD,1
,,Curaçao,1,COUNTRY_CD,1
,,Customer,1,STD_TYPE,1
,,Customer Cancel Request,1,ORD_MDF_REASON_CD,1
,,Customer Change,1,PROD_RTN_CD,1
,,Customer Credit Status,1,ORD_MDF_REASON_CD,1
,,Customer Free Text,6,MARKING_CHARS,2
,,Customer Heat Number,2,MARKING_CHARS,2
,,Customer Material,2,MARKING_CHARS,2
,,Customer Modification Request,1,ORD_MDF_REASON_CD,1
,,Customer Name,2,MARKING_CHARS,2
,,Customer Slab Number,2,MARKING_CHARS,2
,,Customer Strand Number,2,MARKING_CHARS,2
,,Cut,1,MECH_STS,1
,,Cut Length,1,SUBDIV_TY,1
,,Cut Sampling again,1,PROD_RTN_CD,1
,,Cutting,1,SLAB_INSP_RSLT_CD,1
,,Cutting End,3,MTRL_TRK_CD,2
,,Cutting Extrusion,1,USAGE_LVL3_CD,1
,,Cutting Forge,1,USAGE_LVL3_CD,1
,,Cutting Required,1,QLTY_TRK_TREAT_CD,1
,,Cutting Start,3,MTRL_TRK_CD,3
,,Cutting and longitudinal Rolling,1,USAGE_LVL3_CD,1
,,Cyclone Sistem,1,STOP_COMPONENT_CD,1
,,Cyprus,1,COUNTRY_CD,1
,,Czech Republic,1,COUNTRY_CD,1
,,D,2,CREW,2
,,DAMAGE,1,PROD_RTN_CD,1
,,DB,1,TC_TRANS_TY,1
,,DC,4,CHEM_LVL3_CD,4
,,DDMMYYYY,1,DATE_FORM,1
,,DECK,1,CHEM_LVL4_CD,1
,,DEM,1,CURRENCY_CD,1
,,DHCR,1,QLT_HCR_TY,1
,,DIRTY SLAB,1,SLAB_DEF_CD,1
,,DISCARD,1,GRIND_STS,1
,,DISRT2 (Bay 1),1,SLAB_PLAN_DEST,1
,,DISRT3 (Bay 2),1,SLAB_PLAN_DEST,1
,,DJF,1,CURRENCY_CD,1
,,DKK,1,CURRENCY_CD,1
,,"DMY(Day,Month,Year)",1,FMT_DATE,1
,,DNV,1,INSP_AGENCY_CD,1
,,DOLOMITE (MgO),1,LD_REFRACTORY_TY,1
,,DONGKUK STEEL,1,CONSIGN_CD,1
,,DOP,1,CURRENCY_CD,1
,,DOSA,1,ANTRST_OIL_KIND,1
,,DP,1,CHEM_LVL3_CD,1
,,DQ,1,PLT_COOL_CD,1
,,DQ+OSC,1,PLT_COOL_CD,1
,,DRUM,1,USAGE_LVL2_CD,1
,,DULL MARK MISS,1,ROLL_GRIND_RSN_TY,1
,,DULL WORK MISS,1,ROLL_GRIND_RSN_TY,1
,,DZD,1,CURRENCY_CD,1
,,Daeri,1,POSITION_CD,1
,,Dark,1,SCR_THEME,1
,,Darkblue,1,SCR_THEME,1
,,Data Entry error,2,ORD_MDF_REASON_CD,1
,,Data Reference,1,QLTY_TRK_TREAT_CD,1
,,Database,1,ITEM_FL,1
,,Date,1,DATA_TY,1
,,Day,2,CM_CYCLE,2
,,De-Allocation,1,ALLOC_TY,1
,,De-P,1,KR_PROC_PTRN,1
,,De-P + De-S,1,KR_PROC_PTRN,1
,,De-Phosporization Yes or No,1,ORD_PRI_ITEM_CD,1
,,De-S,1,KR_PROC_PTRN,1
,,De-S + Inclusion Control,1,SECOND_RFN_PURP_CD,1
,,De-Si,1,KR_PROC_PTRN,1
,,De-Slagging,1,INPUT_AREA_CD,1
,,De-skull Impossible,1,TLC_SKULL_ELI_YN,1
,,De-skull Possible,1,TLC_SKULL_ELI_YN,1
,,Deallocation,1,SPL_CAU_CD,1
,,Decide Price at Invoice,1,PRICE_DCN_CD,1
,,Decide Price at Order Entry,1,PRICE_DCN_CD,1
,,Decrease,1,YD_CRN_DRV_TY,1
,,Defect,1,UST_RSLT,1
,,Delayed,1,ORD_DLVR_DT_STATUS,1
,,Delayed Order Status,1,ORDER_FORECAST_DT_FLAG,1
,,Delete,2,CHANGE_TY,2
,,Deleted,1,EVENT_TY,1
,,Delivered(De-Arrange),1,TLC_TRK_CD,1
,,Dem. Rep. Congo,1,COUNTRY_CD,1
,,Denmark,1,COUNTRY_CD,1
,,Department,1,DEST_TY,1
,,Departure,2,TLC_EVENT_CD,2
,,Departure for Loading,1,YD_TCAR_SCH_STS,1
,,Departure for Unloading,1,YD_TCAR_SCH_STS,1
,,Dephosphorizated heats,1,KPI_INDEX_CD,1
,,Desc,1,SORT_TY,1
,,Design End,1,DEV_STS,1
,,Design Error,2,DSN_ERR_TY,2
,,Design Start,1,DEV_STS,1
,,Design Success,1,ORD_DSN_STS,1
,,Dev. End,1,DEV_STS,1
,,Dev. Start,1,DEV_STS,1
,,Different Steel Type,1,CC_OPC_CD,1
,,Dimension,1,SLAB_DEF_GRP,1
,,Direct,1,RESULT_TYPE,1
,,Direct to BF,1,TLC_AB_TY,1
,,Disabled,3,YD_BED_ACTIVE_STS,3
,,Discharg System,1,STOP_COMPONENT_CD,1
,,Discharge Quantity,1,KPI_INDEX_CD,1
,,Dispatch,2,PROD_END_REASON_CD,2
,,Dispatch Complete,1,CAR_LOAD_STS,1
,,Dispatch End,1,OS_MDF_REASON_CD,1
,,Dispatch Hold,1,ORD_CAN_END_FL,1
,,Dispatch Hold Release,1,ORD_CAN_END_FL,1
,,Dispatch Order,2,INVOICE_SOURCE,2
,,Dispatch Order Wait,1,YD_MTRL_TY,1
,,Dispatch Request Date,1,ORD_PRI_ITEM_CD,1
,,Dispatch Reserved,1,MTRL_TRK_CD,1
,,Dispatch Wait,1,YD_MTRL_TY,1
,,Dispatched,3,MTRL_TRK_CD,3
,,Distribuition Chute,1,STOP_COMPONENT_CD,1
,,Divide product again,1,PROD_RTN_CD,1
,,Djibouti,1,COUNTRY_CD,1
,,Domestic,1,ORD_CLASS_CD,1
,,Domestic Local (ZPE),1,ORD_CLASS_CD,1
,,Domestic Sales team,1,DEPT_CD,1
,,Dominica,1,COUNTRY_CD,1
,,Dominican Rep.,1,COUNTRY_CD,1
,,Dord_No,1,SHR_CONDITION_KEY,1
,,Double Tapping BOF,1,KPI_INDEX_CD,1
,,Down,1,SCR_UP_DOWN,1
,,Down Grade,1,SLAB_INSP_RSLT_CD,1
,,Down Grade required,1,QLTY_TRK_TREAT_CD,1
,,Drive,1,ROLL_LOC_TY,1
,,Driving position can not be measured,1,YD_STOP_CD,1
,,Drum,1,RM_PAK_TY,1
,,Duble Click,1,MENU_ACTION,1
,,Dull,1,ROLL_PRCS_TY,1
,,Dull Finishing1,1,SURF_TREAT_CD,1
,,Dummy Bar  inserting end,1,OPER_TRK_CD,1
,,Dummy Bar  inserting start,1,OPER_TRK_CD,1
,,Dummy Bar Insertion End,1,MTRL_TRK_CD,1
,,Dummy Bar Insertion Start,1,MTRL_TRK_CD,1
,,Dummy move,1,YD_MOVE_TY,1
,,Duplicate Location,1,YD_ABNR_TY,1
,,Duplicate Material No,1,YD_ABNR_TY,1
,,E1,1,SLAB_STACK_CD,1
,,E2,1,SLAB_STACK_CD,1
,,ECS,1,CURRENCY_CD,1
,,ECV,1,CURRENCY_CD,1
,,EDGE CRACK,1,SLAB_DEF_CD,1
,,EDT,1,ROLL_PRCS_TY,1
,,EEK,1,CURRENCY_CD,1
,,EGP,1,CURRENCY_CD,1
,,EI,1,CHEM_CD,1
,,ELECTRIC ARC ROD,4,USAGE_LVL2_CD,1
,,EMLA Pattern,1,CC_OPC_CD,1
,,EMPTINESS,1,SLAB_DEF_CD,1
,,EMS Frequence (+),1,QLTY_TRK_CD,1
,,EMS Frequence (-),1,QLTY_TRK_CD,1
,,EMS Pattern,1,CC_OPC_CD,1
,,EMS Reference Current Value,1,CC_OPC_CD,1
,,EMS Reference Frequency,1,CC_OPC_CD,1
,,EMS Standard Electric Current Value,1,CC_OPC_CD,1
,,END,1,INST_STS,1
,,EQUIPMENT MARK,1,SLAB_DEF_CD,1
,,ERN,1,CURRENCY_CD,1
,,ES 3205002,1,LOAD_PLC_CD,1
,,ESB,1,CURRENCY_CD,1
,,ESB-ERP,1,SYS_MODULE_CD,1
,,ESB-MCS,1,SYS_MODULE_CD,1
,,ESB-MDM,1,SYS_MODULE_CD,1
,,ESP,1,CURRENCY_CD,1
,,ETB,1,CURRENCY_CD,1
,,ETC,1,SIM_BF_CH_CNG_DESC_TP,1
,,EXCESS THICKNESS,1,SLAB_DEF_CD,1
,,Early Sampling,1,NON_ANAL_RSN_CD,1
,,East Timor,2,COUNTRY_CD,1
,,Ecuador,1,COUNTRY_CD,1
,,Edge Crack,2,RTN_CAU_CD,1
,,Edge Roll,1,ROLL_TY,1
,,Edge scarfing,1,SCARF_TY,1
,,Edge+Side Full Scarfing scarfing,1,SCARF_TY,1
,,Edging Mill,1,RLG_MILL_TY,1
,,Edward Vehicle Co,1,CAR_CMP_CD,1
,,Egypt,1,COUNTRY_CD,1
,,El Salvador,1,COUNTRY_CD,1
,,Electric System,1,STOP_COMPONENT_CD,1
,,Electrical Maintenance / Automation,1,STOP_RESONSIBLE_CD,1
,,Element,1,INF_ATTR_TY,1
,,Emergency Stop,1,EQUIP_STOP_CD,1
,,Empty,1,TLC_PI_WGT_STS,1
,,End,4,DEV_STS,4
,,End Carborn Target,1,SMS_OPC_CD,1
,,End Oxygen Target,1,SMS_OPC_CD,1
,,End Phosphorus Target,1,SMS_OPC_CD,1
,,End SAL Target,1,SMS_OPC_CD,1
,,Energyblue,1,SCR_THEME,1
,,Energyblue-Custom,1,SCR_THEME,1
,,English,2,DEF_LANG,2
,,Enrichment O2,1,STOP_COMPONENT_CD,1
,,Enter Value,1,MECH_STS,1
,,Entered Car Assign,1,CAR_ASGN_STS,1
,,Environmental Control,1,STOP_COMPONENT_CD,1
,,Equalization/ Reliev,1,STOP_COMPONENT_CD,1
,,Equatorial Guin,1,COUNTRY_CD,1
,,Equipment,1,YD_BED_TY,1
,,Equipment rationalization,1,YD_STOP_CD,1
,,Eritrea,1,COUNTRY_CD,1
,,Error,2,INF_TC_STS,2
,,Estimated Time for cooling,1,ORD_DLVR_DT_LEAD,1
,,Estimated Time for dispatch procedure,1,ORD_DLVR_DT_LEAD,1
,,Estimated Time for produce,1,ORD_DLVR_DT_LEAD,1
,,Estonia,1,COUNTRY_CD,1
,,Etc,5,RE_BLW_REASON_TY,5
,,Ethiopia,1,COUNTRY_CD,1
,,Europe (EURO),1,CURRENCY_CD,1
,,European Committee For Standarlization,1,SPEC_ORG,1
,,European Union,1,COUNTRY_CD,1
,,Event,2,CM_CYCLE,2
,,Export  Direct,1,ORD_CLASS_CD,1
,,Export Local(No Tax),1,ORD_CLASS_CD,1
,,F,3,CHEM_CD,3
,,F7 Dummy,1,HRL_FINISH_MILL_TY,1
,,FAIL,1,PROD_CHEM_ANAL_TY,1
,,FCad,1,CHEM_CD,1
,,FCd,1,CHEM_CD,1
,,FH,1,DIFF_TEMP_GRD_CD,1
,,FIM,1,CURRENCY_CD,1
,,FJD,1,CURRENCY_CD,1
,,FKP,1,CURRENCY_CD,1
,,FM,3,HRM_RJT_POS,3
,,FM Delivery,2,RJT_POS,2
,,FM Entry(RM Delivery),2,RJT_POS,2
,,FOULING OF FILINGS,1,SLAB_DEF_CD,1
,,FRF,1,CURRENCY_CD,1
,,FRONT CRACKCHINK,1,SLAB_DEF_CD,1
,,Face Convexity,1,TOL_CD,1
,,Fail,5,DIMEN_GRD,5
,,Failed,1,BATCH_RESULT,1
,,Failure,1,SUCC_ERR_CD,1
,,Falkland Islnds,1,COUNTRY_CD,1
,,Faroe Islands,1,COUNTRY_CD,1
,,Fault,1,OTH_DISCARD_RSN_TY,1
,,Fe,3,CHEM_CD,2
,,FeO,3,CHEM_CD,2
,,Ferroalloys,1,CHEM_LVL1_CD,1
,,Fiji,1,COUNTRY_CD,1
,,Final EMS Electric Current,1,CC_OPC_CD,1
,,Final EMS Electric Current Value,1,CC_OPC_CD,1
,,Final EMS Frequency,2,CC_OPC_CD,1
,,Final EMS Pattern,1,CC_OPC_CD,1
,,Final Judgement,1,SPL_REASON_CD,1
,,Final Judgment End,1,MTRL_TRK_CD,1
,,Final Location move,1,YD_MOVE_TY,1
,,Final Separate move,1,YD_MOVE_TY,1
,,Fine Coke System,1,STOP_COMPONENT_CD,1
,,Fine Ore System,1,STOP_COMPONENT_CD,1
,,Finish,2,MECH_ABNR_ACTION_YN,2
,,Finish Cutting End,1,SMS_PROG_CD,1
,,Finish Cutting Wait,1,SMS_PROG_CD,1
,,Finish(Not Produce),1,PLAN_SLAB_STS_CD,1
,,Finish(Product),4,PLAN_COIL_STS_CD,4
,,Finish(Reject),3,PLAN_COIL_STS_CD,3
,,Finish(Supply),1,PLAN_SPM_STS_CD,1
,,Finished,1,REQ_STS,1
,,Finishing Mill,1,RLG_MILL_TY,1
,,Finland,1,COUNTRY_CD,1
,,Flat,1,SCR_THEME,1
,,Flux Consumption,1,KPI_INDEX_CD,1
,,Force Completetion,1,ORD_MDF_REASON_CD,1
,,Force Order Production end,1,PROD_END_FL,1
,,Forced Cooling,1,TLC_RPR_STS,1
,,Forecast,1,MONI_HEAT_STS2,1
,,Form,1,SLAB_DEF_GRP,1
,,Format,1,ENV_TY,1
,,France,1,COUNTRY_CD,1
,,Frenc.Polynesia,1,COUNTRY_CD,1
,,French Guayana,1,COUNTRY_CD,1
,,French S.Territ,1,COUNTRY_CD,1
,,Fresh,1,SCR_THEME,1
,,Front Skimming Field,1,TLC_SKIM_FIELD_TY,1
,,Fuel rate,1,KPI_INDEX_CD,1
,,FuelRatio Coordination,1,SIM_BF_CH_CNG_DESC_TP,1
,,Full,1,TLC_PI_WGT_STS,1
,,Full Scarfing + Antioxidant Spread,1,SCARF_TY,1
,,Full scarfing + Corner round scarfing,1,SCARF_TY,1
,,Full surface scarfing (one time),1,SCARF_TY,1
,,Full surface scarfing (twice),1,SCARF_TY,1
,,Furnace Charge,1,KPI_INDEX_CD,1
,,Furniture,1,USAGE_LVL2_CD,1
,,G,1,CHEM_CD,1
,,GA Defect ETC,1,APPR_DEF_GRP,1
,,GALVANIZING PROCESS,1,CUST_SLAB_PROC_TY,1
,,GB GA Reason ETC,1,APPR_DEF_GRP,1
,,GB GB Reason ETC,1,APPR_DEF_GRP,1
,,GB/T 2970-2016_I,1,UST_STD_CD,1
,,GB/T 2970-2016_II,1,UST_STD_CD,1
,,GB/T 2970-2016_III,1,UST_STD_CD,1
,,GBP,1,CURRENCY_CD,1
,,GEK,1,CURRENCY_CD,1
,,GEL,1,CURRENCY_CD,1
,,GHC,1,CURRENCY_CD,1
,,GHS,1,CURRENCY_CD,1
,,GI & Powder Injection & Bottom BB Only,1,BAP_PROC_PTRN,1
,,GI & Powder Injection & Top + Bottom BB,1,BAP_PROC_PTRN,1
,,GI & Powder Injection & Top BB Only,1,BAP_PROC_PTRN,1
,,GI & Wire Feeding & Bottom BB Only,1,BAP_PROC_PTRN,1
,,GI & Wire Feeding & Top + Bottom BB,1,BAP_PROC_PTRN,1
,,GI & Wire Feeding & Top BB Only,1,BAP_PROC_PTRN,1
,,GI PREMELT POT #1,2,GLPOT_TP,2
,,GI PREMELT POT #2,2,GLPOT_TP,2
,,GI and Powder Injection and Bottom BB Only,1,LF_PROC_PTRN,1
,,GI and Powder Injection and Top + Bottom BB,1,LF_PROC_PTRN,1
,,GI and Powder Injection and Top BB Only,1,LF_PROC_PTRN,1
,,GI and Wire Feeding and Bottom BB Only,1,LF_PROC_PTRN,1
,,GI and Wire Feeding and Top + Bottom BB,1,LF_PROC_PTRN,1
,,GI and Wire Feeding and Top BB Only,1,LF_PROC_PTRN,1
,,GIANT TANK,4,USAGE_LVL2_CD,1
,,GIP,1,CURRENCY_CD,1
,,GJ,1,BYPROD_UOM_CD,1
,,GMD,1,CURRENCY_CD,1
,,GNF,1,CURRENCY_CD,1
,,GRD,1,CURRENCY_CD,1
,,GRINDING CHARTING,1,ROLL_GRIND_RSN_TY,1
,,GRINDING SCRATCH,1,ROLL_GRIND_RSN_TY,1
,,GRIPPING,1,SLAB_DEF_CD,1
,,GTQ,1,CURRENCY_CD,1
,,GWP,1,CURRENCY_CD,1
,,GYD,1,CURRENCY_CD,1
,,Gabon,1,COUNTRY_CD,1
,,Gambia,1,COUNTRY_CD,1
,,Gas Cleaning,1,STOP_SYSTEM_CD,1
,,General Structural for Machine structural,1,USAGE_LVL2_CD,1
,,Georgia,1,COUNTRY_CD,1
,,Germany,1,COUNTRY_CD,1
,,Ghana,1,COUNTRY_CD,1
,,Gibraltar,1,COUNTRY_CD,1
,,Glacier,1,SCR_THEME,1
,,Glue Service,1,BATCH_TYPE,1
,,Goajang,1,POSITION_CD,1
,,Gone,1,MTRL_TRK_CD,1
,,Good,1,TD_STAT_TY,1
,,Grade Down,1,UST_RSLT,1
,,Greece,1,COUNTRY_CD,1
,,Greenland,1,COUNTRY_CD,1
,,Grenada,1,COUNTRY_CD,1
,,Group,2,DATA_TY,2
,,Group Element,1,INF_ATTR_TY,1
,,Guadeloupe,1,COUNTRY_CD,1
,,Guam,1,COUNTRY_CD,1
,,Guatemala,1,COUNTRY_CD,1
,,Guernsey,1,COUNTRY_CD,1
,,Guinea,1,COUNTRY_CD,1
,,Guinea-Bissau,1,COUNTRY_CD,1
,,Guyana,1,COUNTRY_CD,1
,,H,5,CHEM_CD,4
,,H2O,1,CHEM_CD,1
,,HCR,1,QLT_HCR_TY,1
,,HEAD_CENTER,1,MARKING_POSITION,1
,,HEAD_LEFT,1,MARKING_POSITION,1
,,HEAD_RIGHT,1,MARKING_POSITION,1
,,HEAVY PLATE PROCESS,1,CUST_SLAB_PROC_TY,1
,,HKD,1,CURRENCY_CD,1
,,HMR Yield,1,KPI_INDEX_CD,1
,,HMR(Hot Metal Rate)(%),1,OPER_STD_TY,1
,,"HMS(Hour,Minute,Second)",1,FMT_TIME,1
,,HNL,1,CURRENCY_CD,1
,,HOLD,1,QLTY_TRK_TREAT_CD,1
,,HOT ROLLER,1,SLAB_PLAN_DEST_PLAN,1
,,HOT ROLLING PROCESS,1,CUST_SLAB_PROC_TY,1
,,HR,1,DEPT_CD,1
,,HR L2,1,SYS_MODULE_CD,1
,,HRB400E,1,STEEL_GRADE,1
,,HRD,1,CURRENCY_CD,1
,,HRK,1,CURRENCY_CD,1
,,HRL Packing,1,ROUTING_CD,1
,,HRM,1,PROC_CD,1
,,HSLA or Alloyed Steel,1,INQ_CATE_CD,1
,,HTG,1,CURRENCY_CD,1
,,HUF,1,CURRENCY_CD,1
,,HYUN,1,HR_ROLL_DGN_FL,1
,,Haiti,1,COUNTRY_CD,1
,,Half Year,1,CM_CYCLE,1
,,Harbor,1,ORIGIN_CD,1
,,Head Crop Cut,2,CS_CUT_TP,2
,,Head Crop Cutting,1,FC_CUT_TP,1
,,Heard/McDon.Isl,1,COUNTRY_CD,1
,,Heat,1,MTRL_SHP_TP,1
,,Heat Grade Diversion,1,PLAN_HEAT_CHG_TY,1
,,Heat No,1,SMP_CONDITION_KEY,1
,,Heat Number,2,MARKING_CHARS,2
,,Heat Return,1,PLAN_HEAT_CHG_TY,1
,,Heat info Change,1,PLAN_HEAT_CHG_TY,1
,,Heat_No,1,SHR_CONDITION_KEY,1
,,Heavy RH,1,SECOND_RFN_MAN_CD,1
,,Height position detection error,1,YD_STOP_CD,1
,,Herkules 1,1,ROLL_GRIND_MC_NO,1
,,Herkules 2,1,ROLL_GRIND_MC_NO,1
,,High Carbon,1,INQ_CATE_CD,1
,,High-Contrast,1,SCR_THEME,1
,,Hold,1,SLAB_INSP_RSLT_CD,1
,,Hold No,1,HOLD_YN,1
,,Hold Order,1,YD_CRN_SCH_STS,1
,,Hold Work,1,YD_SCH_REQ_STS,1
,,Hold Yes,1,HOLD_YN,1
,,Honduras,1,COUNTRY_CD,1
,,Hong Kong,1,COUNTRY_CD,1
,,Hoppers,1,STOP_COMPONENT_CD,1
,,Hot Air Line,1,STOP_COMPONENT_CD,1
,,Hot Coil,1,SOURCE_CD,1
,,Hot Finishing,1,PLAN_PROC_CD,1
,,Hot Rolling,4,ABNR_REASON_GRP,4
,,Hot Stoves,1,STOP_SYSTEM_CD,1
,,Hot Stoves 1,1,STOP_COMPONENT_CD,1
,,Hot Stoves 2,1,STOP_COMPONENT_CD,1
,,Hot Stoves 3,1,STOP_COMPONENT_CD,1
,,Hungary,1,COUNTRY_CD,1
,,Hydrochloric Acid Method,1,MECH_METOD,1
,,Hz,1,UNIT_CD,1
,,H₂O,2,CHEM_CD,1
,,IBQN,1,INSP_AGENCY_CD,1
,,IDR,1,CURRENCY_CD,1
,,IEP,1,CURRENCY_CD,1
,,ILS,1,CURRENCY_CD,1
,,IN,1,RULE_COND_OPTR,1
,,INCORRECT SCARFING,1,SLAB_DEF_CD,1
,,INR,1,CURRENCY_CD,1
,,INST,1,INST_STS,1
,,IQD,1,CURRENCY_CD,1
,,IRR,1,CURRENCY_CD,1
,,IRREGULAR CUT,1,SLAB_DEF_CD,1
,,ISK,1,CURRENCY_CD,1
,,ITL,1,CURRENCY_CD,1
,,Iceland,1,COUNTRY_CD,1
,,In Proc.(BOF ~ LF/RH),1,PLAN_SLAB_STS_CD,1
,,In Proc.(CC~),1,PLAN_SLAB_STS_CD,1
,,In Proc.(Furnace~),1,PLAN_ROLL_STS_CD,1
,,In Proc.(Hot Coil),1,PLAN_ROLL_STS_CD,1
,,In Processing,2,PROD_STS,2
,,In Scheduling,6,PLAN_COIL_STS_CD,6
,,In use,3,YD_BED_STS,3
,,In/Out Dia Error,1,REJ_OCC_REA_CD,1
,,Inbound,2,YD_SCH_TY,2
,,"Inchon Port, Korea",1,STATION_CD,1
,,Inclusion Control,1,SECOND_RFN_PURP_CD,1
,,Incomplete Data,1,INQ_ACCEPT_RSLT,1
,,Incorrect Packing Method,1,PROD_RTN_CD,1
,,Incorrect Product Out Dia,1,PROD_RTN_CD,1
,,Incorrect SIZE/WT,1,PROD_RTN_CD,1
,,Increase,1,YD_CRN_DRV_TY,1
,,Increased Ore,1,SIM_BF_CH_CNG_DESC_TP,1
,,India,1,COUNTRY_CD,1
,,Indonesia,1,COUNTRY_CD,1
,,Information,1,MSG_TY,1
,,Information Err,1,REJ_OCC_REA_CD,1
,,Infra,1,DEPT_CD,1
,,Initialize Plan,2,PLAN_STS,1
,,Initialized,2,BF_LAD_RCV_STS_TY,2
,,Initiation,1,BF_TAP_TM_TY,1
,,Injection System,1,STOP_COMPONENT_CD,1
,,Inner,1,TLC_SKIM_TY2,1
,,Inner Base Metal,1,TLC_SKIM_STS,1
,,Inner Skull,1,TLC_AB_TY,1
,,Insert,1,CHANGE_TY,1
,,Inspect the product again,1,PROD_RTN_CD,1
,,Inspection,1,YD_MTRL_TY,1
,,Inspection Dissolution,1,TLC_RPR_STS,1
,,Inspection End,1,MTRL_TRK_CD,1
,,Insufficient customer money,1,ORD_MDF_REASON_CD,1
,,Interface,1,PGM_TY,1
,,Interfaced Invoice,1,INVOICE_STS,1
,,Intermediate Roll,1,ROLL_TY,1
,,Internal,1,STD_TYPE,1
,,Internal Logistics,1,ORIGIN_CD,1
,,Internal Transport,1,EQUIP_FACIL_CD,1
,,Internal Transportation,1,SYS_MODULE_CD,1
,,Internal only,1,CAR_USAGE,1
,,International Sales Team,1,DEPT_CD,1
,,"Intocast0.01% ≤C ≤0.07%, V:1.31~",1,MLD_FLUX_CD,1
,,"Intocast0.01% ≤C ≤0.07%, V:1.71~",1,MLD_FLUX_CD,1
,,"Intocast0.08% ≤C ≤0.16%, V:1.31~",1,MLD_FLUX_CD,1
,,"Intocast0.17% ≤C ≤0.29%, V:1.31~",1,MLD_FLUX_CD,1
,,"Intocast0.8% ≤C ≤0.15%, V:1.71~",1,MLD_FLUX_CD,1
,,"IntocastBillet, C>0.30%",1,MLD_FLUX_CD,1
,,"IntocastBloom, C>0.20%",1,MLD_FLUX_CD,1
,,"IntocastC:0.01~0.07%,V:1.21~1.50",1,MLD_FLUX_CD,1
,,"IntocastC:0.01~0.07%,V:1.51~1.75 , C:0.18~0.69%",1,MLD_FLUX_CD,1
,,"IntocastC:0.08~0.17%,V:1.21~1.50",1,MLD_FLUX_CD,1
,,"IntocastC:0.08~0.17%,V>1.51",1,MLD_FLUX_CD,1
,,"IntocastC<0.01%, V:1.21~1.50",1,MLD_FLUX_CD,1
,,"IntocastC<0.01%, V:1.31~",1,MLD_FLUX_CD,1
,,"IntocastC<0.01%, V:1.51~1.75",1,MLD_FLUX_CD,1
,,Invalid Size,1,RTN_SLAB_REASON_CD,1
,,Invisible,1,YD_BED_ACTIVE_STS,1
,,Invoice,1,PREPAYMENT_ASGN_TY,1
,,Iran,1,COUNTRY_CD,1
,,Iraq,1,COUNTRY_CD,1
,,Ireland,1,COUNTRY_CD,1
,,Iron Ore,3,CHEM_LVL1_CD,3
,,Isle of Man,1,COUNTRY_CD,1
,,Israel,1,COUNTRY_CD,1
,,Issue Ladle,1,TLC_RPR_STS,1
,,Issue Possible,1,TLC_RPR_STS,1
,,Issueed,1,REQ_STS,1
,,Italy,1,COUNTRY_CD,1
,,Item,2,BRAND_ITEM,2
,,J,1,UNIT_CD,1
,,JMD,1,CURRENCY_CD,1
,,JOD,1,CURRENCY_CD,1
,,Jamaica,1,COUNTRY_CD,1
,,Japan,1,COUNTRY_CD,1
,,Japan (Yen),1,CURRENCY_CD,1
,,Japanese Standard,1,SPEC_ORG,1
,,Jersey,1,COUNTRY_CD,1
,,Jordan,1,COUNTRY_CD,1
,,Juvencio Vehicle Co,1,CAR_CMP_CD,1
,,K,1,CHEM_CD,1
,,K2O,1,CHEM_CD,1
,,KES,1,CURRENCY_CD,1
,,KG,1,GTP_UNIT_CD,1
,,KGS,1,CURRENCY_CD,1
,,KHR,1,CURRENCY_CD,1
,,KMF,1,CURRENCY_CD,1
,,KPW,1,CURRENCY_CD,1
,,KR,5,CHEM_LVL3_CD,5
,,KR #1 Production,1,KPI_INDEX_CD,1
,,KR #2 Production,1,KPI_INDEX_CD,1
,,KR 1#,1,STOP_OCC_EQUIP_LOC_CD,1
,,KR 2#,1,STOP_OCC_EQUIP_LOC_CD,1
,,KR Arrival,3,MTRL_TRK_CD,3
,,KR Departure,3,MTRL_TRK_CD,3
,,KR End,3,MTRL_TRK_CD,3
,,KR Start,3,MTRL_TRK_CD,3
,,KR#1 L2,1,SYS_MODULE_CD,1
,,KR#2 L2,1,SYS_MODULE_CD,1
,,KR#3 L2,1,SYS_MODULE_CD,1
,,KU2,2,IMPACT_CREAK_CD,2
,,KU8,2,IMPACT_CREAK_CD,2
,,KV2,2,IMPACT_CREAK_CD,2
,,KV8,2,IMPACT_CREAK_CD,2
,,KWD,1,CURRENCY_CD,1
,,KYD,1,CURRENCY_CD,1
,,KZT,1,CURRENCY_CD,1
,,"Kamogawa0.01% ≤C ≤0.07%, V:1.31~",1,MLD_FLUX_CD,1
,,"Kamogawa0.01% ≤C ≤0.07%, V:1.71~",1,MLD_FLUX_CD,1
,,"Kamogawa0.08% ≤C ≤0.16%, V:1.31~",1,MLD_FLUX_CD,1
,,"Kamogawa0.17% ≤C ≤0.29%, V:1.31~",1,MLD_FLUX_CD,1
,,"Kamogawa0.8% ≤C ≤0.15%, V:1.71~",1,MLD_FLUX_CD,1
,,"KamogawaBillet, C>0.30%",1,MLD_FLUX_CD,1
,,"KamogawaBloom, C>0.20%",1,MLD_FLUX_CD,1
,,"KamogawaC:0.01~0.07%,V:1.21~1.50",1,MLD_FLUX_CD,1
,,"KamogawaC:0.01~0.07%,V:1.51~1.75 , C:0.18~0.69%",1,MLD_FLUX_CD,1
,,"KamogawaC:0.08~0.17%,V:1.21~1.50",1,MLD_FLUX_CD,1
,,"KamogawaC:0.08~0.17%,V>1.51",1,MLD_FLUX_CD,1
,,"KamogawaC<0.01%, V:1.21~1.50",1,MLD_FLUX_CD,1
,,"KamogawaC<0.01%, V:1.31~",1,MLD_FLUX_CD,1
,,"KamogawaC<0.01%, V:1.51~1.75",1,MLD_FLUX_CD,1
,,Kazakhstan,1,COUNTRY_CD,1
,,Kenya,1,COUNTRY_CD,1
,,Kg,1,BYPROD_UOM_CD,1
,,Kiribati,1,COUNTRY_CD,1
,,Korea (Won),1,CURRENCY_CD,1
,,Korea Vessel Co.,1,SHIP_CMP_CD,1
,,Korean Standard,1,SPEC_ORG,1
,,Kuwait,1,COUNTRY_CD,1
,,Kyrgyzstan,1,COUNTRY_CD,1
,,K₂O,1,CHEM_CD,1
,,LACK OF LENGHT,1,SLAB_DEF_CD,1
,,LACK OF THICKNESS,1,SLAB_DEF_CD,1
,,LACK OF WEIGHT,1,SLAB_DEF_CD,1
,,LACK OF WIDTH,1,SLAB_DEF_CD,1
,,LAK,1,CURRENCY_CD,1
,,LARGE SURFACE CAMBER,1,SLAB_DEF_CD,1
,,LATERAL CRACK,1,SLAB_DEF_CD,1
,,LBP,1,CURRENCY_CD,1
,,LBS (1 LB    454 Gram ),1,PACK_PROD_WGT_CNT_TY,1
,,LCD malfunction,1,YD_STOP_CD,1
,,LD,2,CHEM_LVL3_CD,1
,,LEFT_BOTTOM,1,MARKING_POSITION,1
,,LEFT_CENTER,1,MARKING_POSITION,1
,,LEFT_HEADER,1,MARKING_POSITION,1
,,LF,12,CHEM_LVL3_CD,10
,,LF #1,1,STOP_OCC_EQUIP_LOC_CD,1
,,LF Arrival,3,MTRL_TRK_CD,3
,,LF Departure,3,MTRL_TRK_CD,3
,,LF End,3,MTRL_TRK_CD,3
,,LF Gas Type,1,SMS_OPC_CD,1
,,LF L2,2,SYS_MODULE_CD,1
,,LF Start,3,MTRL_TRK_CD,3
,,LF Wait,1,SMS_PROG_CD,1
,,LF and Powder Injection and Bottom BB Only,1,LF_PROC_PTRN,1
,,LF and Powder Injection and Top + Bottom BB,1,LF_PROC_PTRN,1
,,LF and Powder Injection and Top BB Only,1,LF_PROC_PTRN,1
,,LF and Wire Feeding and Bottom BB Only,1,LF_PROC_PTRN,1
,,LF and Wire Feeding and Top + Bottom BB,1,LF_PROC_PTRN,1
,,LF and Wire Feeding and Top BB Only,1,LF_PROC_PTRN,1
,,LF+RH,3,SECOND_RFN_MAN_CD,3
,,"LF,VD",1,SECOND_RFN_CD,1
,,LF/RH  Scrap Yard,1,LOAD_PLC_CD,1
,,LF1,2,TIME_PLAN_PROC_MC_CD,2
,,LF2,1,TIME_PLAN_PROC_MC_CD_P,1
,,LIMS L2,1,SYS_MODULE_CD,1
,,LKR,1,CURRENCY_CD,1
,,LMC Insturction Code,1,CC_OPC_CD,1
,,LMS L2(Ladle),1,SYS_MODULE_CD,1
,,LONGITUDINAL CRACK,1,SLAB_DEF_CD,1
,,LONGITUDINAL DEPRESSION,1,SLAB_DEF_CD,1
,,LR,1,INSP_AGENCY_CD,1
,,LRD,1,CURRENCY_CD,1
,,LSL,1,CURRENCY_CD,1
,,LTL,1,CURRENCY_CD,1
,,LUC,1,CURRENCY_CD,1
,,LUF,1,CURRENCY_CD,1
,,LUL,1,CURRENCY_CD,1
,,LVL,1,CURRENCY_CD,1
,,LVR,1,CURRENCY_CD,1
,,LYD,1,CURRENCY_CD,1
,,Label,1,ITEM_FL,1
,,Ladle,1,QLTY_TRK_PROC_CD,1
,,Ladle Arrival,1,SMS_PROG_CD,1
,,Ladle Arrival(T.P),1,OPER_TRK_CD,1
,,Ladle Arrival(W.P),1,OPER_TRK_CD,1
,,Ladle Departure,3,MTRL_TRK_CD,3
,,Ladle Exchange ShroudNozzle Min Depth,1,CC_OPC_CD,1
,,Ladle Furnace,1,QLTY_TRK_PROC_CD,1
,,Ladle Pouring end,1,OPER_TRK_CD,1
,,Ladle Pouring start,1,OPER_TRK_CD,1
,,Ladle Puring End,1,SMS_PROG_CD,1
,,Ladle Puring Start,1,SMS_PROG_CD,1
,,Ladle Target Work Time,1,SMS_OPC_CD,1
,,Ladle W.P Arrival,1,MTRL_TRK_CD,1
,,LanShan Ship,1,TRS_METHOD_CD,1
,,Landscape,1,PAPER_DIRECT,1
,,Language,1,ENV_TY,1
,,Laos,1,COUNTRY_CD,1
,,Large OutFlow,1,TD_MOIST_OTFLOW_TY,1
,,Large Stoppage,1,TLC_RPR_TY,1
,,Latvia,1,COUNTRY_CD,1
,,Layout,1,ENV_TY,1
,,Ld,1,MGRPHY_MTLGRP_TY,1
,,Leave(De-Arrange),1,TLC_EVENT_CD,1
,,Lebanon,1,COUNTRY_CD,1
,,Length,1,ROLL_CTRL_TY,1
,,Length Error,1,ENT_DIV_OCC_REA_CD,1
,,Length Tolerance,1,TOL_CD,1
,,Lesotho,1,COUNTRY_CD,1
,,Liberia,1,COUNTRY_CD,1
,,Libya,1,COUNTRY_CD,1
,,Liechtenstein,1,COUNTRY_CD,1
,,Lift-down Complete,1,YD_CRN_SCH_STS,1
,,Lift-up Complete,1,YD_CRN_SCH_STS,1
,,Light,1,SCR_THEME,1
,,Light RH,1,SECOND_RFN_MAN_CD,1
,,Line Facility Err,1,REJ_OCC_REA_CD,1
,,Line assign Error of PDI,1,REJ_OCC_REA_CD,1
,,Lithuania,1,COUNTRY_CD,1
,,Load Complete,3,CAR_LOAD_STS,3
,,Load cell malfunction,1,YD_STOP_CD,1
,,Local,1,ORD_RCPT_TY,1
,,Location Change,1,YD_WORK_RSLT_TY,1
,,Location Missing,1,YD_ABNR_TY,1
,,Location not clear,1,REJ_OCC_REA_CD,1
,,Long Sample,1,SMPING_TY,1
,,"Long Ton    (1 Ton = 1,016 Kg)",1,PACK_PROD_WGT_CNT_TY,1
,,Long term product,1,PROD_RTN_CD,1
,,Loose,1,EXP_PACK_MTH_CD,1
,,Low,1,SEVERITY_CD,1
,,Low Carbon,1,INQ_CATE_CD,1
,,Lower expansion,1,STOP_COMPONENT_CD,1
,,Lowering,1,STOP_COMPONENT_CD,1
,,Luminosity Defect,1,NON_ANAL_RSN_CD,1
,,Lump Coke System,1,STOP_COMPONENT_CD,1
,,Lump Ore System,1,STOP_COMPONENT_CD,1
,,Luxembourg,1,COUNTRY_CD,1
,,M,2,MGRPHY_MTLGRP_TY,2
,,M.S,1,CHEM_CD,1
,,M/C #1,1,STOP_OCC_EQUIP_LOC_CD,1
,,M/C #2,1,STOP_OCC_EQUIP_LOC_CD,1
,,M10,1,CHEM_CD,1
,,M40,1,CHEM_CD,1
,,MAD,1,CURRENCY_CD,1
,,MARINE CONSTRUCTION,4,USAGE_LVL2_CD,1
,,MCK(NutCoke),1,SIM_BF_CH_CNG_DESC_TP,1
,,MDL,1,CURRENCY_CD,1
,,"MDY(Month,Day,Year)",1,FMT_DATE,1
,,MES,1,DAO_SERVICE_CD,1
,,MES User,2,LOGIN_CERT_TYPE,2
,,MFe,1,CHEM_CD,1
,,MGA,1,CURRENCY_CD,1
,,MGF,1,CURRENCY_CD,1
,,MILL,1,YD_H_TP,1
,,MKD,1,CURRENCY_CD,1
,,MLCJ,1,QLT_TRK_CD,1
,,MMI Down,1,EQUIP_STOP_CD,1
,,MMK,1,CURRENCY_CD,1
,,MNT,1,CURRENCY_CD,1
,,MN_CENT_CRACK,1,MECH_CD,1
,,MN_INCLUSION,1,MECH_CD,1
,,MN_SEGREGATION,1,MECH_CD,1
,,MOLD,11,CHEM_LVL4_CD,1
,,MOP,1,CURRENCY_CD,1
,,MRO,1,CURRENCY_CD,1
,,MTL,1,CURRENCY_CD,1
,,MUR,1,CURRENCY_CD,1
,,MVR,1,CURRENCY_CD,1
,,MWK,1,CURRENCY_CD,1
,,MXN,1,CURRENCY_CD,1
,,MXP,1,CURRENCY_CD,1
,,MXV,1,CURRENCY_CD,1
,,MYR,1,CURRENCY_CD,1
,,MZM,1,CURRENCY_CD,1
,,MZN,1,CURRENCY_CD,1
,,Macau,1,COUNTRY_CD,1
,,Macedonia,1,COUNTRY_CD,1
,,Machine,1,SLAB_SCARF_END_TY,1
,,Machine S/F,1,SLAB_SCRAF_END_TY,1
,,Macro Test,1,MECH_GRP,1
,,Mad,1,CHEM_CD,1
,,Madagascar,1,COUNTRY_CD,1
,,Main Belt,1,STOP_COMPONENT_CD,1
,,Main Blowing,2,CHEM_LVL4_CD,1
,,Malawi,1,COUNTRY_CD,1
,,Malaysia,1,COUNTRY_CD,1
,,Maldives,1,COUNTRY_CD,1
,,Mali,1,COUNTRY_CD,1
,,Malta,1,COUNTRY_CD,1
,,Mandatory Check,1,ALLOC_CHK_TY,1
,,Mandatory stacking slabs after 48 hours,1,SLAB_CONTROL_COOLING_CD,1
,,Manual,4,EQUIP_STOP_CD,4
,,Manual Imput,1,STOP_COMPONENT_CD,1
,,Manual Sample,1,SMPING_TY,1
,,Marking finished,1,SLAB_RESULT_TY,1
,,Marshall Islnds,1,COUNTRY_CD,1
,,Martinique,1,COUNTRY_CD,1
,,Master Code,1,MULTI_LANG_TY,1
,,Master Planning,1,SYS_MODULE_CD,1
,,Material Demand Plan,1,PLAN_STS,1
,,Mauretania,1,COUNTRY_CD,1
,,Mauritius,1,COUNTRY_CD,1
,,Mauual,1,ORD_RELEASE_TY,1
,,Max Heat Count in Sequence,1,CC_OPC_CD,1
,,Mayotte,1,COUNTRY_CD,1
,,Mc 1.,2,MC_NO_BOF,2
,,Mc 2.,1,MC_NO_BOF,1
,,Measure weight again,1,PROD_RTN_CD,1
,,Mechanical Components,1,STOP_COMPONENT_CD,1
,,Mechanical Maintenance,1,STOP_RESONSIBLE_CD,1
,,Mechincal Stopage,1,TLC_RPR_TY,1
,,Medium,1,SEVERITY_CD,1
,,Medium Carbon,1,INQ_CATE_CD,1
,,Melting,3,CHEM_LVL4_CD,1
,,Menu,1,MULTI_LANG_TY,1
,,Message,1,MULTI_LANG_TY,1
,,Metallics,1,CHEM_LVL1_CD,1
,,"Metallurgica0.01% ≤C ≤0.07%, V:1.31~",1,MLD_FLUX_CD,1
,,"Metallurgica0.01% ≤C ≤0.07%, V:1.71~",1,MLD_FLUX_CD,1
,,"Metallurgica0.08% ≤C ≤0.16%, V:1.31~",1,MLD_FLUX_CD,1
,,"Metallurgica0.17% ≤C ≤0.29%, V:1.31~",1,MLD_FLUX_CD,1
,,"Metallurgica0.8% ≤C ≤0.15%, V:1.71~",1,MLD_FLUX_CD,1
,,"MetallurgicaBillet, C>0.30%",1,MLD_FLUX_CD,1
,,"MetallurgicaBloom, C>0.20%",1,MLD_FLUX_CD,1
,,"MetallurgicaC:0.01~0.07%,V:1.21~1.50",1,MLD_FLUX_CD,1
,,"MetallurgicaC:0.01~0.07%,V:1.51~1.75 , C:0.18~0.69%",1,MLD_FLUX_CD,1
,,"MetallurgicaC:0.08~0.17%,V:1.21~1.50",1,MLD_FLUX_CD,1
,,"MetallurgicaC:0.08~0.17%,V>1.51",1,MLD_FLUX_CD,1
,,"MetallurgicaC<0.01%, V:1.21~1.50",1,MLD_FLUX_CD,1
,,"MetallurgicaC<0.01%, V:1.31~",1,MLD_FLUX_CD,1
,,"MetallurgicaC<0.01%, V:1.51~1.75",1,MLD_FLUX_CD,1
,,Metric ton,1,PACK_PROD_WGT_CNT_TY,1
,,Metro,1,SCR_THEME,1
,,Metro-Dark,1,SCR_THEME,1
,,Mexico,1,COUNTRY_CD,1
,,Mg,4,CHEM_CD,3
,,MgCr,1,LD_REFRACTORY_TY,1
,,MgO,3,CHEM_CD,2
,,Micronesia,1,COUNTRY_CD,1
,,Middle,2,DEFECT_LOC,2
,,Middle OutFlow,1,TD_MOIST_OTFLOW_TY,1
,,Middle Stoppage,1,TLC_RPR_TY,1
,,Mill Edge,1,EDGE_CD,1
,,Mill Edge (Crop & Tail Cut),1,EDGE_TY,1
,,"Mill Edge (PL,PLTCM trimming)",1,EDGE_TY,1
,,Milling System,1,STOP_COMPONENT_CD,1
,,Minor Outl.Isl.,1,COUNTRY_CD,1
,,Minute,1,DATA_CYCLE,1
,,Miss Roll,1,SMP_UNGTH_CAU_TY,1
,,Mix Air Chamber,1,STOP_COMPONENT_CD,1
,,Mix Gas Line,1,STOP_COMPONENT_CD,1
,,Mixed Surplus,1,SPL_REASON_CD,1
,,Mixtue with Slag,1,NON_ANAL_RSN_CD,1
,,Mixture with Metal,1,NON_ANAL_RSN_CD,1
,,Mixture with foreign matter,1,NON_ANAL_RSN_CD,1
,,Mn,6,CHEM_CD,4
,,Mn+Cr+Mo,1,QLT_CHEM_FOMULA,1
,,Mn/S,1,QLT_CHEM_FOMULA,1
,,Mn/Si,1,QLT_CHEM_FOMULA,1
,,MnO,2,CHEM_CD,1
,,Mo,4,CHEM_CD,3
,,Mobile,1,SCR_THEME,1
,,Modify  Weight limits,1,PROD_RTN_CD,1
,,Modify packing Method,1,PROD_RTN_CD,1
,,Moisture Mix,1,TLC_SKIM_STS,1
,,Mold,1,QLTY_TRK_PROC_CD,1
,,Mold EMS Electric Current,1,CC_OPC_CD,1
,,Mold EMS Frequency,1,CC_OPC_CD,1
,,Mold EMS Pattern,1,CC_OPC_CD,1
,,Mold Entrance Side Cooling Water Temperature Deceleration,1,CC_OPC_CD,1
,,Mold Flux Code,1,CC_OPC_CD,1
,,Mold Fulx Type,1,CC_OPC_CD,1
,,Mold Level Sense Cooling Water Flow,1,CC_OPC_CD,1
,,Mold Long Side Cooling Water Flow,1,CC_OPC_CD,1
,,Mold Over Flow,1,BO_OCC_REASON_CD,1
,,Mold Short Side Cooling Water Flow,1,CC_OPC_CD,1
,,Mold Taper Ratio,1,CC_OPC_CD,1
,,Mold Taper Ratio(More than 300),1,CC_OPC_CD,1
,,Mold Taper Ratio(More than 600),1,CC_OPC_CD,1
,,Mold Taper Ratio(More than 900),1,CC_OPC_CD,1
,,Mold Vibration Pattern,1,CC_OPC_CD,1
,,Mold Vibration Width,1,CC_OPC_CD,1
,,Moldova,1,COUNTRY_CD,1
,,Molten Steel Yield,1,KPI_INDEX_CD,1
,,Monaco,1,COUNTRY_CD,1
,,Mongolia,1,COUNTRY_CD,1
,,Month,2,CM_CYCLE,2
,,Montserrat,1,COUNTRY_CD,1
,,Morocco,1,COUNTRY_CD,1
,,Mother Plate Cut,1,CS_CUT_TP,1
,,Move,2,YD_SCH_TY,2
,,Mozambique,1,COUNTRY_CD,1
,,Mpa,1,UNIT_CD,1
,,Mud Gan,1,STOP_COMPONENT_CD,1
,,Multi Refining Converter,1,DE_P_TY,1
,,N,13,CHEM_CD,12
,,N+S,1,QLT_CHEM_FOMULA,1
,,N.Mariana Islnd,1,COUNTRY_CD,1
,,NAD,1,CURRENCY_CD,1
,,NAPO,1,QLTY_TRK_TREAT_CD,1
,,NATO,1,COUNTRY_CD,1
,,NB+B,1,QLT_CHEM_FOMULA,1
,,NB+C,1,QLT_CHEM_FOMULA,1
,,NB+Ca+Cu+V,1,QLT_CHEM_FOMULA,1
,,NB+Cr+Mo,1,QLT_CHEM_FOMULA,1
,,NB+Cr+Mo+N+Ni+Ca+Cu+Ti+V,1,QLT_CHEM_FOMULA,1
,,NB+Cu,1,QLT_CHEM_FOMULA,1
,,NB+Cu+Ni+Ti,1,QLT_CHEM_FOMULA,1
,,NB+Cu+Ni+Ti+V,1,QLT_CHEM_FOMULA,1
,,NB+Cu+Ni+V,1,QLT_CHEM_FOMULA,1
,,NB+Mo,1,QLT_CHEM_FOMULA,1
,,NB+Mo+Ni,1,QLT_CHEM_FOMULA,1
,,NB+Mo+Ti,1,QLT_CHEM_FOMULA,1
,,NB+N,1,QLT_CHEM_FOMULA,1
,,NB+Ni,1,QLT_CHEM_FOMULA,1
,,NB+Ni+Ca+Ti,1,QLT_CHEM_FOMULA,1
,,NB+S,1,QLT_CHEM_FOMULA,1
,,NB+Si,1,QLT_CHEM_FOMULA,1
,,NB+Ta,1,QLT_CHEM_FOMULA,1
,,NB+Ti,1,QLT_CHEM_FOMULA,1
,,NB+Ti+B+Ca+N,1,QLT_CHEM_FOMULA,1
,,NB+Ti+Cu+Ni+Ca+N,1,QLT_CHEM_FOMULA,1
,,NB+V,1,QLT_CHEM_FOMULA,1
,,NB+V+B+N+Ti,1,QLT_CHEM_FOMULA,1
,,NB+V+Ca+Ti,1,QLT_CHEM_FOMULA,1
,,NB+V+Cr,1,QLT_CHEM_FOMULA,1
,,NB+V+Cu+N,1,QLT_CHEM_FOMULA,1
,,NB+V+Cu+Ni+N,1,QLT_CHEM_FOMULA,1
,,NB+V+Mo,1,QLT_CHEM_FOMULA,1
,,NB+V+Mo+Ti,1,QLT_CHEM_FOMULA,1
,,NB+V+N,1,QLT_CHEM_FOMULA,1
,,NB+V+N+Ti,1,QLT_CHEM_FOMULA,1
,,NB+V+Ti,1,QLT_CHEM_FOMULA,1
,,NB/(C+N),1,QLT_CHEM_FOMULA,1
,,NB/C,1,QLT_CHEM_FOMULA,1
,,NB/T 47013.3-2015_Ⅰ,1,UST_STD_CD,1
,,NB/T 47013.3-2015_Ⅱ,1,UST_STD_CD,1
,,NB/T 47013.3-2015_Ⅲ,1,UST_STD_CD,1
,,NC6.5,1,MATERIAL_SOURCE_TYPE_LOV,1
,,NGN,1,CURRENCY_CD,1
,,NIC,1,CURRENCY_CD,1
,,NIO,1,CURRENCY_CD,1
,,NK,1,INSP_AGENCY_CD,1
,,NLG,1,CURRENCY_CD,1
,,NO,1,ERP_POSTING_YN,1
,,NO#1,1,STR_NO,1
,,NO#2,1,STR_NO,1
,,NOK,1,CURRENCY_CD,1
,,NON SKINPASS,1,SKINPASS_TY,1
,,NONE,1,SLAB_SCARF_END_TY,1
,,NORMALIZING,1,USAGE_LVL4_CD,1
,,NOT CHECK,1,RULE_COND_OPTR,1
,,NOT IN,1,RULE_COND_OPTR,1
,,NOT SAMPLIN CUT,1,SMPING_INST_TP,1
,,NOT USE,4,BRG_STS,4
,,NPR,1,CURRENCY_CD,1
,,NS_CENT_CRACK,1,MECH_CD,1
,,NS_INCLUSION,1,MECH_CD,1
,,NS_SEGREGATION,1,MECH_CD,1
,,NUMBER,1,FILD_TYPE,1
,,NZD,1,CURRENCY_CD,1
,,Na,1,CHEM_CD,1
,,Na2O,1,CHEM_CD,1
,,Namibia,1,COUNTRY_CD,1
,,Natural Cooling,1,TLC_RPR_STS,1
,,Nauru,1,COUNTRY_CD,1
,,Na₂O,1,CHEM_CD,1
,,Nb,4,CHEM_CD,3
,,Nb/C,1,QLT_CHEM_FOMULA,1
,,Near Delay,1,ORD_DLVR_DT_STATUS,1
,,Nepal,1,COUNTRY_CD,1
,,Netherlands,1,COUNTRY_CD,1
,,New Caledonia,1,COUNTRY_CD,1
,,New Zealand,1,COUNTRY_CD,1
,,Ni,5,CHEM_CD,3
,,Ni+B+Mo+Ti+V,1,QLT_CHEM_FOMULA,1
,,Ni+B+Mo+Ti+V+N,1,QLT_CHEM_FOMULA,1
,,Ni+Cr,1,QLT_CHEM_FOMULA,1
,,Ni+Cr+Cu,1,QLT_CHEM_FOMULA,1
,,Ni+Cr+Cu+Mo,1,QLT_CHEM_FOMULA,1
,,Ni+Cr+Cu+Mo+B+Ti+V,1,QLT_CHEM_FOMULA,1
,,Ni+Cr+Cu+Mo+N+Sn,1,QLT_CHEM_FOMULA,1
,,Ni+Cr+Cu+Mo+N+Sn+B,1,QLT_CHEM_FOMULA,1
,,Ni+Cr+Cu+Mo+N+Sn+P,1,QLT_CHEM_FOMULA,1
,,Ni+Cr+Cu+Mo+N+Sn+Ti,1,QLT_CHEM_FOMULA,1
,,Ni+Cr+Cu+Mo+V,1,QLT_CHEM_FOMULA,1
,,Ni+Cr+Cu+N,1,QLT_CHEM_FOMULA,1
,,Ni+Cr+Cu+P,1,QLT_CHEM_FOMULA,1
,,Ni+Cr+Cu+V,1,QLT_CHEM_FOMULA,1
,,Ni+Cr+Mo,1,QLT_CHEM_FOMULA,1
,,Ni+Cr+Mo+B+N+V+Ti,1,QLT_CHEM_FOMULA,1
,,Ni+Cr+Mo+B+NB+Ti+V,1,QLT_CHEM_FOMULA,1
,,Ni+Cr+Mo+Cu+NB,1,QLT_CHEM_FOMULA,1
,,Ni+Cr+Mo+Cu+Sn,1,QLT_CHEM_FOMULA,1
,,Ni+Cr+Mo+N,1,QLT_CHEM_FOMULA,1
,,Ni+Cr+Mo+SN,1,QLT_CHEM_FOMULA,1
,,Ni+Cr+Mo+Ti,1,QLT_CHEM_FOMULA,1
,,Ni+Cr+Mo+V,1,QLT_CHEM_FOMULA,1
,,Ni+Cr+Mo+V+N+O+H,1,QLT_CHEM_FOMULA,1
,,Ni+Cr+N,1,QLT_CHEM_FOMULA,1
,,Ni+Cr+N+V,1,QLT_CHEM_FOMULA,1
,,Ni+Cr+V,1,QLT_CHEM_FOMULA,1
,,Ni+Cu,1,QLT_CHEM_FOMULA,1
,,Ni+Mo+N+V+Ti,1,QLT_CHEM_FOMULA,1
,,Ni+N+Ti,1,QLT_CHEM_FOMULA,1
,,Ni+Ti+B+Cu+Cr,1,QLT_CHEM_FOMULA,1
,,Ni+Ti+Ca,1,QLT_CHEM_FOMULA,1
,,Ni/Cu,1,QLT_CHEM_FOMULA,1
,,Nicaragua,1,COUNTRY_CD,1
,,Niger,1,COUNTRY_CD,1
,,Nigeria,1,COUNTRY_CD,1
,,"Nippon Thermochemical0.01% ≤C ≤0.07%, V:1.31~",1,MLD_FLUX_CD,1
,,"Nippon Thermochemical0.01% ≤C ≤0.07%, V:1.71~",1,MLD_FLUX_CD,1
,,"Nippon Thermochemical0.08% ≤C ≤0.16%, V:1.31~",1,MLD_FLUX_CD,1
,,"Nippon Thermochemical0.17% ≤C ≤0.29%, V:1.31~",1,MLD_FLUX_CD,1
,,"Nippon Thermochemical0.8% ≤C ≤0.15%, V:1.71~",1,MLD_FLUX_CD,1
,,"Nippon ThermochemicalBillet, C>0.30%",1,MLD_FLUX_CD,1
,,"Nippon ThermochemicalBloom, C>0.20%",1,MLD_FLUX_CD,1
,,"Nippon ThermochemicalC:0.01~0.07%,V:1.21~1.50",1,MLD_FLUX_CD,1
,,"Nippon ThermochemicalC:0.01~0.07%,V:1.51~1.75 , C:0.18~0.69%",1,MLD_FLUX_CD,1
,,"Nippon ThermochemicalC:0.08~0.17%,V:1.21~1.50",1,MLD_FLUX_CD,1
,,"Nippon ThermochemicalC:0.08~0.17%,V>1.51",1,MLD_FLUX_CD,1
,,"Nippon ThermochemicalC<0.01%, V:1.21~1.50",1,MLD_FLUX_CD,1
,,"Nippon ThermochemicalC<0.01%, V:1.31~",1,MLD_FLUX_CD,1
,,"Nippon ThermochemicalC<0.01%, V:1.51~1.75",1,MLD_FLUX_CD,1
,,"Nittex0.01% ≤C ≤0.07%, V:1.31~",1,MLD_FLUX_CD,1
,,"Nittex0.01% ≤C ≤0.07%, V:1.71~",1,MLD_FLUX_CD,1
,,"Nittex0.08% ≤C ≤0.16%, V:1.31~",1,MLD_FLUX_CD,1
,,"Nittex0.17% ≤C ≤0.29%, V:1.31~",1,MLD_FLUX_CD,1
,,"Nittex0.8% ≤C ≤0.15%, V:1.71~",1,MLD_FLUX_CD,1
,,"NittexBillet, C>0.30%",1,MLD_FLUX_CD,1
,,"NittexBloom, C>0.20%",1,MLD_FLUX_CD,1
,,"NittexC:0.01~0.07%,V:1.21~1.50",1,MLD_FLUX_CD,1
,,"NittexC:0.01~0.07%,V:1.51~1.75 , C:0.18~0.69%",1,MLD_FLUX_CD,1
,,"NittexC:0.08~0.17%,V:1.21~1.50",1,MLD_FLUX_CD,1
,,"NittexC:0.08~0.17%,V>1.51",1,MLD_FLUX_CD,1
,,"NittexC<0.01%, V:1.21~1.50",1,MLD_FLUX_CD,1
,,"NittexC<0.01%, V:1.31~",1,MLD_FLUX_CD,1
,,"NittexC<0.01%, V:1.51~1.75",1,MLD_FLUX_CD,1
,,Niue,1,COUNTRY_CD,1
,,No,5,FORCE_ALLOC_YN,5
,,No Action,1,USAGE_LVL3_CD,1
,,No good packing,1,PROD_RTN_CD,1
,,No trimming,1,EDGE_TY,1
,,No+Mo,1,QLT_CHEM_FOMULA,1
,,Non Arrival,1,NON_ANAL_RSN_CD,1
,,Non Destructive Testing Required,1,QLTY_TRK_TREAT_CD,1
,,Non S/F,1,SLAB_SCRAF_END_TY,1
,,Non-ferrous Metals,1,CHEM_LVL1_CD,1
,,None,1,SORT_TY,1
,,Norfolk Islands,1,COUNTRY_CD,1
,,Normal,2,ROLL_CHG_RSN_CD,2
,,Normal Life,1,OTH_DISCARD_RSN_TY,1
,,North Korea,1,COUNTRY_CD,1
,,Norway,1,COUNTRY_CD,1
,,Not As per Order,1,SLAB_INSP_RSLT_CD,1
,,Not Check,1,ALLOC_CHK_TY,1
,,Not Finish,1,MECH_ABNR_ACTION_YN,1
,,Not Possible,1,INQ_ACCEPT_RSLT,1
,,Not Sampling Cut,1,SMP_SMPLNG_FG,1
,,Nozzel Usage Code,1,CC_OPC_CD,1
,,Number,1,DATA_TY,1
,,O,5,CHEM_CD,4
,,OK,2,SLAB_INSP_RSLT_CD,2
,,OMR,1,CURRENCY_CD,1
,,ORder Status Hold,1,OS_MDF_REASON_CD,1
,,OSC,1,PLT_COOL_CD,1
,,OSC Mark,1,RTN_CAU_CD,1
,,OSC+UFC,1,PLT_COOL_CD,1
,,OSCILATION MARK,1,SLAB_DEF_CD,1
,,OTHER,2,CCOIL_PAK_EQU_NM,2
,,OTHER SURFACE DEFECTS,1,SLAB_DEF_CD,1
,,OVEN L2,1,SYS_MODULE_CD,1
,,OVERLENGHT,1,SLAB_DEF_CD,1
,,OVERWIDTH,1,SLAB_DEF_CD,1
,,Oder Completetion,1,ORD_MDF_REASON_CD,1
,,Off Grade,2,SLAB_INSP_RSLT_CD,2
,,Off-line,1,YD_EQUIP_WORD_MODE,1
,,Office,1,SCR_THEME,1
,,Oman,1,COUNTRY_CD,1
,,On Time,1,ORD_DLVR_DT_STATUS,1
,,On-line,1,YD_EQUIP_WORD_MODE,1
,,Only BOF#1 DE-P,1,BOF_BALANCE_TY,1
,,Only BOF#2 DE-P,1,BOF_BALANCE_TY,1
,,Operate,2,MONI_DISPLAY_TY,2
,,Operation,1,STOP_RESONSIBLE_CD,1
,,Operation Trouble,1,TD_CST_OB_RPR_CAU_TY,1
,,Operational Stoppage,1,TLC_RPR_TY,1
,,Optimizing Refining Process,1,DE_P_TY,1
,,Optional Check,1,ALLOC_CHK_TY,1
,,Oracel Object,1,RESULT_TYPE,1
,,Oracle PL/SQL,1,BATCH_TYPE,1
,,Orange,2,COUNTRY_CD,2
,,Ord_No,1,SHR_CONDITION_KEY,1
,,Order,2,RM_INSP_STS,2
,,Order & Quality,1,ABNR_REASON_GRP,1
,,Order / Marking,1,SYS_MODULE_CD,1
,,Order Cancel,2,OS_MDF_TY,2
,,Order Change,1,REJ_OCC_REA_CD,1
,,Order Completion,2,OS_MDF_REASON_CD,2
,,Order Confirm Date(ERP),1,ORD_PRI_ITEM_CD,1
,,Order Exchange,1,ALLOC_TY,1
,,Order Flag,1,YD_MAP_TY,1
,,Order Head Modification,1,OS_MDF_REASON_CD,1
,,Order Hold,1,OS_MDF_REASON_CD,1
,,Order Line Modification,1,OS_MDF_REASON_CD,1
,,Order Mapping,1,HEAT_DIVERT_TREAT_TY,1
,,Order Modification,1,OS_MDF_TY,1
,,Order Nomal Conpletion,1,ORD_END_TY,1
,,Order Prog.,1,BIZ_CHAIN_CD,1
,,Ore Base,1,SIM_BF_CH_CNG_DESC_TP,1
,,Ore Kind Type,1,SIM_BF_CH_CNG_DESC_TP,1
,,Ore Ratio,1,SIM_BF_CH_CNG_DESC_TP,1
,,Osaka. Japan,1,DISP_DEST_CD,1
,,Other,1,ENT_DIV_OCC_REA_CD,1
,,Other Mineral,1,CHEM_LVL1_CD,1
,,Other Raw Materials,1,CHEM_LVL1_CD,1
,,Other common,1,YD_STOP_CD,1
,,Other in Information,1,REJ_OCC_REA_CD,1
,,Others,7,STOP_SYSTEM_CD,2
,,Others information,1,PROD_RTN_CD,1
,,Out of Order,1,REJ_OCC_REA_CD,1
,,Out of Order of PDI,1,REJ_OCC_REA_CD,1
,,Out of chemical range heat,1,KPI_INDEX_CD,1
,,Outbound,2,YD_SCH_TY,2
,,Over Roll,1,REJ_OCC_REA_CD,1
,,P,7,CHEM_CD,5
,,P+F,1,MGRPHY_MTLGRP_TY,1
,,P+N,1,QLT_CHEM_FOMULA,1
,,P+N+S,1,QLT_CHEM_FOMULA,1
,,P+Pb,1,QLT_CHEM_FOMULA,1
,,P+Pb+S,1,QLT_CHEM_FOMULA,1
,,P+S,1,QLT_CHEM_FOMULA,1
,,P+Si,1,QLT_CHEM_FOMULA,1
,,P-1,1,NDT_SMP_TY,1
,,P-2,1,NDT_SMP_TY,1
,,P-3,1,NDT_SMP_TY,1
,,P/C Down,1,BO_OCC_REASON_CD,1
,,P/G,1,PROC_CD_CHECKBOX,1
,,P2O5,1,CHEM_CD,1
,,PAB,1,CURRENCY_CD,1
,,PASS,1,PROD_CHEM_ANAL_TY,1
,,PCI Coal Consumption,1,KPI_INDEX_CD,1
,,PCM,5,CAPA_PROC_CD,5
,,PDS,1,CHEM_CD,1
,,PEI,1,CURRENCY_CD,1
,,PEN,1,CURRENCY_CD,1
,,PGK,1,CURRENCY_CD,1
,,PHP,1,CURRENCY_CD,1
,,PI,1,SECOND_RFN_MAN_CD,1
,,PI & Powder Injection & Bottom BB Only,1,BAP_PROC_PTRN,1
,,PI & Powder Injection & Top + Bottom BB,1,BAP_PROC_PTRN,1
,,PI & Powder Injection & Top BB Only,1,BAP_PROC_PTRN,1
,,PI & Wire Feeding & Bottom BB Only,1,BAP_PROC_PTRN,1
,,PI & Wire Feeding & Top + Bottom BB,1,BAP_PROC_PTRN,1
,,PI & Wire Feeding & Top BB Only,1,BAP_PROC_PTRN,1
,,PI Receipt Finished,1,SMS_PROG_CD,1
,,PI Receipt Wait,1,SMS_PROG_CD,1
,,PI and Powder Injection and Bottom BB Only,1,LF_PROC_PTRN,1
,,PI and Powder Injection and Top + Bottom BB,1,LF_PROC_PTRN,1
,,PI and Powder Injection and Top BB Only,1,LF_PROC_PTRN,1
,,PI and Wire Feeding and Bottom BB Only,1,LF_PROC_PTRN,1
,,PI and Wire Feeding and Top + Bottom BB,1,LF_PROC_PTRN,1
,,PI and Wire Feeding and Top BB Only,1,LF_PROC_PTRN,1
,,PIL1,1,SLAB_PLAN_DEST,1
,,PIL2,1,SLAB_PLAN_DEST,1
,,PILT1,1,SLAB_DEST_CCM,1
,,PILT2,1,SLAB_DEST_CCM,1
,,PIPE,5,USAGE_LVL2_CD,1
,,PKR,1,CURRENCY_CD,1
,,PL/TCM,2,PLAN_PROC_CD,2
,,PL/TCM Packing,1,ROUTING_CD,1
,,PLN,1,CURRENCY_CD,1
,,PLTCM,2,GTH_PROC_CD,2
,,PLTCM L2,1,SYS_MODULE_CD,1
,,PLZ,1,CURRENCY_CD,1
,,PNB,1,RE_BLW_REASON_TY,1
,,POSCO,1,CONSIGN_CD,1
,,POSCO ICT,1,REQ_SECTOR,1
,,POSCO Standard,1,SPEC_ORG,1
,,POWDER INCLUSION,1,SLAB_DEF_CD,1
,,PPL,4,CAPA_PROC_CD,4
,,PPL L2,1,SYS_MODULE_CD,1
,,PPL PACKING LINE,1,CCOIL_PAK_EQU_NM,1
,,PPL Packing,1,ROUTING_CD,1
,,PPL Packing Line,1,COIL_PAK_EQUIP_NM,1
,,PQA L2,1,SYS_MODULE_CD,1
,,PROCESS,1,INST_STS,1
,,PSR,1,CHEM_CD,1
,,PTE,1,CURRENCY_CD,1
,,PYG,1,CURRENCY_CD,1
,,P_Print,1,PROD_GRP_MECH_KND,1
,,Packaging Damage,1,RTN_SLAB_REASON_CD,1
,,Pakistan,1,COUNTRY_CD,1
,,Palau,1,COUNTRY_CD,1
,,Palestine,1,COUNTRY_CD,1
,,Pallet,1,RM_PAK_TY,1
,,Panama,1,COUNTRY_CD,1
,,Pap. New Guinea,1,COUNTRY_CD,1
,,Paraguay,1,COUNTRY_CD,1
,,Partial scarfing + Corner round scarfing,1,SCARF_TY,1
,,Pass,5,DIMEN_GRD,5
,,Pb,4,CHEM_CD,3
,,PbO,1,CHEM_CD,1
,,Pcm,2,CHEM_CD,2
,,Pellet,3,PROC_CD_CHECKBOX,3
,,Pellet Consumption,1,KPI_INDEX_CD,1
,,Pellet Dust,1,CHEM_LVL1_CD,1
,,Pellet Ore,1,CHEM_LVL1_CD,1
,,Pellet(KG),1,OPER_STD_TY,1
,,Pending,1,REQ_STS,1
,,Peritectic,1,INQ_CATE_CD,1
,,Peru,1,COUNTRY_CD,1
,,Philippines,1,COUNTRY_CD,1
,,Piece,1,PACK_PROD_WGT_CNT_TY,1
,,Pieces,1,ORD_WGT_CNT_TY,1
,,Pig Iron Consumption,1,KPI_INDEX_CD,1
,,Pig Iron Runner,1,STOP_COMPONENT_CD,1
,,Pin Hole,2,NON_ANAL_RSN_CD,2
,,Pipe,1,RTN_CAU_CD,1
,,Pitcairn Islnds,1,COUNTRY_CD,1
,,Plan,4,MONI_HEAT_STS,4
,,Plan Heat Mapping,1,HEAT_DIVERT_TREAT_TY,1
,,Plan Plate Cutting,2,DS_CUT_TP,2
,,Plan Return,4,PLAN_COIL_STS_CD,4
,,Plan Slab,1,SLAB_TY,1
,,Plan Surplus,1,SPL_REASON_CD,1
,,Planned,1,HEAT_RTN_STS,1
,,Planning,1,ABNR_REASON_GRP,1
,,Planning Item,1,ITEM_KIND,1
,,Planning Stop,1,EQUIP_STOP_CD,1
,,Planning repair,1,YD_STOP_CD,1
,,Plate,2,MTRL_SHP_TP,2
,,Plate (Slab -> Plate),1,USAGE_LVL1_CD,1
,,Plate Finishing,1,ROUTING_CD,1
,,Plate Heat Furnace L2,1,SYS_MODULE_CD,1
,,Plate Heat Treatment L2 #1,1,SYS_MODULE_CD,1
,,Plate Heat Treatment L2 #2,1,SYS_MODULE_CD,1
,,Plate Heat Treatment L2 #3,1,SYS_MODULE_CD,1
,,Plate Heat Treatment L2 #4,1,SYS_MODULE_CD,1
,,Plate Input Rate,1,OPER_STD_TY,1
,,Plate Mill,2,BIZ_CHAIN_CD,2
,,Plate Mill L2,1,SYS_MODULE_CD,1
,,Plate No,2,SHR_CONDITION_KEY,1
,,Plate Rolling,1,ABNR_REASON_GRP,1
,,Plate Shear Line L2,1,SYS_MODULE_CD,1
,,Poland,1,COUNTRY_CD,1
,,Poor Hole,1,TLC_SKIM_STS,1
,,Popup,4,MENU_TYPE,4
,,Port 1,1,SHIP_PORT_CD,1
,,Port 2,1,SHIP_PORT_CD,1
,,Port 3,1,SHIP_PORT_CD,1
,,Portrait,1,PAPER_DIRECT,1
,,Portugal,1,COUNTRY_CD,1
,,Possible,1,INQ_ACCEPT_RSLT,1
,,Possible forced cooling after 12 hours,1,SLAB_CONTROL_COOLING_CD,1
,,Possible forced cooling after 30 hours,1,SLAB_CONTROL_COOLING_CD,1
,,Possible with Restriction,1,INQ_ACCEPT_RSLT,1
,,Post De-S,1,CHEM_LVL4_CD,1
,,Post Slag Required,1,TLC_AB_TY,1
,,Post Treatment,49,CHEM_LVL4_CD,1
,,Post de-P,9,CHEM_LVL4_CD,1
,,"Post de-P,S",4,CHEM_LVL4_CD,1
,,Post de-S,7,CHEM_LVL4_CD,1
,,Post de-Si,4,CHEM_LVL4_CD,1
,,Powder Injection,1,TOP_BB_PROC_PTRN,1
,,Powdered Coke,1,CHEM_LVL1_CD,1
,,Pre De-S,1,CHEM_LVL4_CD,1
,,Pre Treatment,41,CHEM_LVL4_CD,1
,,Preventive,1,EQUIP_STOP_CD,1
,,Preventive Maintenance,1,STOP_RATING_CD,1
,,Process,2,EVENT_TY,2
,,Process Control,1,STOP_SYSTEM_CD,1
,,Process Modification,1,OS_MDF_TY,1
,,Processing,2,MONI_PROC_TY,2
,,Processing Prod. Plan,1,PLAN_STS,1
,,Product,1,INVOICE_SALE_TY,1
,,Product Control Dept's Request,1,REJ_OCC_REA_CD,1
,,Product Yard,1,YD_BED_TY,1
,,Production Capa Plan,1,PLAN_STS,1
,,Production Capacity,1,ORD_DLVR_DT_CPTY,1
,,Production End,1,OS_MDF_REASON_CD,1
,,Products,1,MTRL_SHP_TY,1
,,Products Order,1,TERM_TY,1
,,Prog. Called,1,INF_TC_STS,1
,,Progress,1,SYS_MODULE_CD,1
,,Progress Code,1,YD_MAP_TY,1
,,Progress in Loading,2,CAR_LOAD_STS,2
,,Puerto Rico,1,COUNTRY_CD,1
,,Purchase only,1,CAR_USAGE,1
,,Q235B,1,INCMP_STEEL_GRD,1
,,Q345B,1,INCMP_STEEL_GRD,1
,,QAR,1,CURRENCY_CD,1
,,QUENCHING,1,USAGE_LVL4_CD,1
,,Qatar,1,COUNTRY_CD,1
,,Qtd Slabs Yard#1->Dispatch,1,KPI_INDEX_CD,1
,,Qtd Trucks Yard#1 -> Dispatch,1,KPI_INDEX_CD,1
,,Quality,2,BIZ_CHAIN_CD,2
,,Quality Request,1,ORD_FL_CHANGE_REASON_CD,1
,,Quantity heats LF,1,KPI_INDEX_CD,1
,,Quantity heats RH,1,KPI_INDEX_CD,1
,,Quantity heats double 2nd refine,1,KPI_INDEX_CD,1
,,Quantity of heats BOF#1,1,KPI_INDEX_CD,1
,,Quantity of heats BOF#2,1,KPI_INDEX_CD,1
,,Quarter,1,CM_CYCLE,1
,,Question,1,MSG_TY,1
,,RCL,1,PLAN_PROC_CD,1
,,RCL Mannual Packing Line,1,COIL_PAK_EQUIP_NM,1
,,RCL1,1,PROC_CD_ERP,1
,,RCL1 L2,1,SYS_MODULE_CD,1
,,RCL2,1,PROC_CD_ERP,1
,,RCL2 L2,1,SYS_MODULE_CD,1
,,RCL3 L2,1,SYS_MODULE_CD,1
,,RCTL,2,PROC_CD,2
,,RDI,1,CHEM_CD,1
,,RE,2,CHEM_CD,2
,,REFRACTORY INCRUSTATION,1,SLAB_DEF_CD,1
,,REGULLAR CHANGE,1,ROLL_GRIND_RSN_TY,1
,,RH,10,CHEM_LVL2_CD,8
,,RH #1,1,STOP_OCC_EQUIP_LOC_CD,1
,,RH #2,1,STOP_OCC_EQUIP_LOC_CD,1
,,RH Arrival,3,MTRL_TRK_CD,3
,,RH Departure,3,MTRL_TRK_CD,3
,,RH End,3,MTRL_TRK_CD,3
,,RH Start,3,MTRL_TRK_CD,3
,,RH Treatment Time - Less,1,QLTY_TRK_CD,1
,,RH Wait,1,SMS_PROG_CD,1
,,RH#1 L2,1,SYS_MODULE_CD,1
,,RH#2 L2,1,SYS_MODULE_CD,1
,,RH+LF,1,SECOND_RFN_PROC_TY,1
,,RH+PI,1,SECOND_RFN_MAN_CD,1
,,RHF L2,1,SYS_MODULE_CD,1
,,RIGHT_BOTTOM,1,MARKING_POSITION,1
,,RIGHT_CENTER,1,MARKING_POSITION,1
,,RIGHT_HEADER,1,MARKING_POSITION,1
,,RINA,1,INSP_AGENCY_CD,1
,,RIZHAO,1,REQ_SECTOR,1
,,RM,3,HRM_RJT_POS,3
,,RM / IronMaking,1,SYS_MODULE_CD,1
,,RM Entry,2,RJT_POS,2
,,RM Inspection Complete,1,INSP_STS,1
,,RM Inspection Request,2,INSP_STS,2
,,RMS,1,CHEM_CD,1
,,ROL,1,CURRENCY_CD,1
,,ROLL MARK,1,SLAB_DEF_CD,1
,,ROLL MISSHANDLING,1,ROLL_GRIND_RSN_TY,1
,,ROLL TIRED,1,ROLL_GRIND_RSN_TY,1
,,ROLLED CHARTERING,1,ROLL_GRIND_RSN_TY,1
,,ROLLING ACCIDENT,1,ROLL_GRIND_RSN_TY,1
,,ROLL_DIA_DS,1,ROLL_DIA_DS,1
,,RON,1,CURRENCY_CD,1
,,RP0.2,2,HIGH_TEMP_TSL_YP_TY,2
,,RP0.5,2,HIGH_TEMP_TSL_YP_TY,2
,,RSD,1,CURRENCY_CD,1
,,RUB,1,CURRENCY_CD,1
,,RUR,1,CURRENCY_CD,1
,,RUST,1,ROLL_GRIND_RSN_TY,1
,,RWF,1,CURRENCY_CD,1
,,Ra ≥1.20,1,ROUGH_CD,1
,,Rate(%),1,QTY_TOL_UNIT_CD,1
,,Rationality,1,YD_LIFT_DN_TY,1
,,Raw Material,2,EQUIP_FACIL_CD,2
,,Raw Matetial L2,1,SYS_MODULE_CD,1
,,Ra≤0.6,1,ROUGH_CD,1
,,Re Treatment,16,CHEM_LVL4_CD,1
,,Re-TimeSch,1,PLAN_HEAT_CHG_TY,1
,,ReBlowing,1,CHEM_LVL4_CD,1
,,ReH,2,HIGH_TEMP_TSL_YP_TY,2
,,ReL,2,HIGH_TEMP_TSL_YP_TY,2
,,Reaches final destination,1,SLAB_RESULT_TY,1
,,Receive,1,INF_SR_TY,1
,,Received,1,EVENT_TY,1
,,Receiving RM Inspection Result,1,INSP_STS,1
,,Recemng Chute,1,STOP_COMPONENT_CD,1
,,Recepit Finish,1,BF_LD_RCV_STS_TY,1
,,Recepit Start,1,BF_LD_RCV_STS_TY,1
,,Red,1,COLOR_STK_CD,1
,,Reduced Ore,1,SIM_BF_CH_CNG_DESC_TP,1
,,Reduced Ore By Stoppage,1,SIM_BF_CH_CNG_DESC_TP,1
,,Refining Priority,1,SMS_OPC_CD,1
,,Refractories Reuse Flag,1,CC_OPC_CD,1
,,Refractory Loss,1,TD_OTBREAK_RPR_CAU_TY,1
,,Register,2,DEV_STS,2
,,Registered,1,REQ_STS,1
,,Reject,1,HTM_CH_DISCH_FL,1
,,Release,1,RM_INST_TY,1
,,Rep.of Congo,1,COUNTRY_CD,1
,,Repair,1,ORD_CLASS_CD,1
,,Report,1,PGM_TY,1
,,Request,1,RTN_SLAB_PROG,1
,,Request Cancel,1,ANAL_STS,1
,,Request Customer,1,RORD_REASON_CD,1
,,Reserved,1,HEAT_RTN_STS,1
,,Result,2,MONI_HEAT_STS3,2
,,Return Order,1,INVOICE_SOURCE,1
,,Return Process,2,PROD_END_REASON_CD,2
,,Return temporary move,1,YD_MOVE_TY,1
,,Reunion,1,COUNTRY_CD,1
,,Rim-Cast,1,DEOXIDATION_CD,1
,,Rinsing1,1,INPUT_AREA_CD,1
,,Rinsing2,1,INPUT_AREA_CD,1
,,Rinsing3,1,INPUT_AREA_CD,1
,,Rinsing4,1,INPUT_AREA_CD,1
,,Rmax,1,CHEM_CD,1
,,Road,1,DISP_MODE_CD,1
,,Road-Maritime,1,DISP_MODE_CD,1
,,Roll Grinder 1(Hot Rolling),1,SYS_MODULE_CD,1
,,Roll Grinder 2(Hot Rolling),1,SYS_MODULE_CD,1
,,Roll Grinder 3(Cold Rolling),1,SYS_MODULE_CD,1
,,Roll Mark,1,RTN_CAU_CD,1
,,Roll Order,1,YD_MTRL_TY,1
,,Roll Order Wait,1,YD_MTRL_TY,1
,,Roll Shop,2,BIZ_CHAIN_CD,2
,,Rollbacked,1,EVENT_TY,1
,,Roller Table,2,YD_BED_TY,2
,,Roller Table #1,1,YD_EQP_TY,1
,,Roller Table #2,1,YD_EQP_TY,1
,,Rolling,1,USAGE_LVL3_CD,1
,,Rolling Mill (TOP 2),1,SLAB_PLAN_DEST,1
,,Romania,1,COUNTRY_CD,1
,,Rough Handling,1,RTN_SLAB_REASON_CD,1
,,Roughing Mill,1,RLG_MILL_TY,1
,,Round,1,RTN_CAU_CD,1
,,Rr0.2,1,TSL_YP_CD,1
,,Rr0.5,1,TSL_YP_CD,1
,,Rt0.2,2,HIGH_TEMP_TSL_YP_TY,2
,,Rt0.5,2,HIGH_TEMP_TSL_YP_TY,2
,,Rt1.0,1,TSL_YP_CD,1
,,Rt1.5,1,TSL_YP_CD,1
,,Rt2.0,1,TSL_YP_CD,1
,,Rt5.0,1,TSL_YP_CD,1
,,Russian Fed.,1,COUNTRY_CD,1
,,Rwanda,1,COUNTRY_CD,1
,,R²,2,CHEM_CD,2
,,S,7,CHEM_CD,4
,,S-Al,2,CHEM_CD,2
,,S. Sandwich Ins,1,COUNTRY_CD,1
,,"S.Tome,Principe",1,COUNTRY_CD,1
,,S1CAR01,1,CAR_STOP_POSIT,1
,,S2CAR01,1,CAR_STOP_POSIT,1
,,S3CAR01,1,CAR_STOP_POSIT,1
,,SAMPLIN CUT,1,SMPING_INST_TP,1
,,SAR,1,CURRENCY_CD,1
,,SBD,1,CURRENCY_CD,1
,,SCO,1,DAO_SERVICE_CD,1
,,SCR,1,CURRENCY_CD,1
,,SCRATCH,3,ROLL_GRIND_RSN_TY,2
,,SCUM,1,RTN_CAU_CD,1
,,SDD,1,CURRENCY_CD,1
,,SDG,1,CURRENCY_CD,1
,,SDP,1,CURRENCY_CD,1
,,SE(B),1,CTOD_SMP_TY,1
,,SEGREGATION,1,SLAB_DEF_CD,1
,,SEK,1,CURRENCY_CD,1
,,SGD,1,CURRENCY_CD,1
,,SHANXIN,1,REQ_SECTOR,1
,,SHIFT,1,DATA_CYCLE,1
,,SHIPBUILDING,4,USAGE_LVL2_CD,1
,,SHP,1,CURRENCY_CD,1
,,SINB,1,RE_BLW_REASON_TY,1
,,SIT,1,CURRENCY_CD,1
,,SKINPASS,1,SKINPASS_TY,1
,,SKK,1,CURRENCY_CD,1
,,SLAG INCRUSTATION,1,SLAB_DEF_CD,1
,,SLIP,1,ROLL_GRIND_RSN_TY,1
,,SLL,1,CURRENCY_CD,1
,,SMS Production,1,KPI_INDEX_CD,1
,,SMS Remain,1,TLC_PI_WGT_STS,1
,,SNB,1,RE_BLW_REASON_TY,1
,,SOS,1,CURRENCY_CD,1
,,SO₃,1,CHEM_CD,1
,,SPALLING,1,ROLL_GRIND_RSN_TY,1
,,SPEC,1,GRIND_TY,1
,,SPIRAL PIPE,3,USAGE_LVL2_CD,1
,,SPM,2,PROC_CD,2
,,SPM L2,1,SYS_MODULE_CD,1
,,SPR,1,SIM_BF_CH_CNG_DESC_TP,1
,,SQUARE DEVIATION,1,SLAB_DEF_CD,1
,,SRD,1,CURRENCY_CD,1
,,SRG,1,CURRENCY_CD,1
,,SSCC,1,PROD_GRP_MECH_KND,1
,,SSP,1,CURRENCY_CD,1
,,SSS,1,CHEM_LVL3_CD,1
,,STAR CRACK,1,SLAB_DEF_CD,1
,,STAT,1,CURRENCY_CD,1
,,STD,1,CURRENCY_CD,1
,,STR#1,1,STR_FL,1
,,STR#2,1,STR_FL,1
,,STRANGE BODY,1,SLAB_DEF_CD,1
,,STRIP ATTACHED,1,ROLL_GRIND_RSN_TY,1
,,SUR,1,CURRENCY_CD,1
,,SURFACE COATING,1,USAGE_LVL2_CD,1
,,SURFACE SHAPE MISS,1,ROLL_GRIND_RSN_TY,1
,,SVC,1,CURRENCY_CD,1
,,SYP,1,CURRENCY_CD,1
,,SZL,1,CURRENCY_CD,1
,,Saint Helena,1,COUNTRY_CD,1
,,"Sakai0.01% ≤C ≤0.07%, V:1.31~",1,MLD_FLUX_CD,1
,,"Sakai0.01% ≤C ≤0.07%, V:1.71~",1,MLD_FLUX_CD,1
,,"Sakai0.08% ≤C ≤0.16%, V:1.31~",1,MLD_FLUX_CD,1
,,"Sakai0.17% ≤C ≤0.29%, V:1.31~",1,MLD_FLUX_CD,1
,,"Sakai0.8% ≤C ≤0.15%, V:1.71~",1,MLD_FLUX_CD,1
,,"SakaiBillet, C>0.30%",1,MLD_FLUX_CD,1
,,"SakaiBloom, C>0.20%",1,MLD_FLUX_CD,1
,,"SakaiC:0.01~0.07%,V:1.21~1.50",1,MLD_FLUX_CD,1
,,"SakaiC:0.01~0.07%,V:1.51~1.75 , C:0.18~0.69%",1,MLD_FLUX_CD,1
,,"SakaiC:0.08~0.17%,V:1.21~1.50",1,MLD_FLUX_CD,1
,,"SakaiC:0.08~0.17%,V>1.51",1,MLD_FLUX_CD,1
,,"SakaiC<0.01%, V:1.21~1.50",1,MLD_FLUX_CD,1
,,"SakaiC<0.01%, V:1.31~",1,MLD_FLUX_CD,1
,,"SakaiC<0.01%, V:1.51~1.75",1,MLD_FLUX_CD,1
,,Sales & Distribution,1,BIZ_CHAIN_CD,1
,,Sales By-Product,1,CAR_USAGE,1
,,Sales Order,1,PREPAYMENT_ASGN_TY,1
,,Sales Order Item no,2,MARKING_CHARS,2
,,Sales Order Marking Text,2,MARKING_CHARS,2
,,Sales Order No,2,MARKING_CHARS,2
,,Sales Product,1,CAR_USAGE,1
,,Same Mc DE-P/C,1,BOF_BALANCE_TY,1
,,Samoa,1,COUNTRY_CD,1
,,"Samoa, America",1,COUNTRY_CD,1
,,Sample Cutting,1,FC_CUT_TP,1
,,Sample Segregate,1,NON_ANAL_RSN_CD,1
,,Sampling Code,2,MECH_CD,1
,,Sampling Cut,2,DS_CUT_TP,2
,,Sampling Cut Again,1,REJ_OCC_REA_CD,1
,,Sampling Instruction Code,1,CC_OPC_CD,1
,,San Marino,1,COUNTRY_CD,1
,,Saudi Arabia,1,COUNTRY_CD,1
,,Save Finish Good Yard,1,RTN_ACTION_TY,1
,,Saved,1,EVENT_TY,1
,,Sawon,1,POSITION_CD,1
,,Sb,4,CHEM_CD,3
,,Scab,1,RTN_CAU_CD,1
,,Scaler 11,2,CAP_SCALE_NO,2
,,Scaler 12,2,CAP_SCALE_NO,2
,,Scarfing,4,RTN_CAU_CD,4
,,Scarfing End,2,MTRL_TRK_CD,2
,,Scarfing Required,1,QLTY_TRK_TREAT_CD,1
,,Scarfing Wait,1,SMS_PROG_CD,1
,,Scarp,1,STEEL_GRD_TY,1
,,Scheduled,1,YD_LIFT_DN_TY,1
,,Scheduling,2,BIZ_CHAIN_CD,2
,,Scheduling Error,1,YD_SCH_REQ_STS,1
,,Scrap,8,JDG_HOLD_ACTION_GRD,8
,,Scrap Cut,1,DS_CUT_TP,1
,,Scrap Cutting,1,FC_CUT_TP,1
,,Scrapped Slabs,1,KPI_INDEX_CD,1
,,Scrapped Slabs (ton),1,KPI_INDEX_CD,1
,,Screen,2,PGM_TY,2
,,Seal Valvs,1,STOP_COMPONENT_CD,1
,,Second Refining BAP Target Work Time,1,SMS_OPC_CD,1
,,Second Refining LF Target Work Time,1,SMS_OPC_CD,1
,,Second Refining RH Target Work Time,1,SMS_OPC_CD,1
,,Second Refining RH Target Work Time1,1,SMS_OPC_CD,1
,,Section Steel for General Structural,1,USAGE_LVL2_CD,1
,,Select Order,1,YD_CRN_SCH_STS,1
,,Send,1,INF_SR_TY,1
,,Send Bay-in Order,1,CAR_LOAD_STS,1
,,Send(Bring Quantity ERP Sending),1,TRK_PROG_STS,1
,,Senegal,1,COUNTRY_CD,1
,,Seoul. Korea,1,DISP_DEST_CD,1
,,Separator,3,ENV_TY,3
,,Sequence Length Shrinkage,1,CC_OPC_CD,1
,,Sequence Length Shrinkage Standards,1,CC_OPC_CD,1
,,Sequence Speed,1,CC_OPC_CD,1
,,Serbia/Monten.,1,COUNTRY_CD,1
,,Severe,1,SEVERITY_CD,1
,,Seychelles,1,COUNTRY_CD,1
,,Shape Abnormal Code,1,ENT_DIV_OCC_REA_CD,1
,,Shiny-Black,1,SCR_THEME,1
,,Ship,1,TRS_METHOD_CD,1
,,Short Sample,1,SMPING_TY,1
,,Short Ton    (1 Ton = 907 Kg),1,PACK_PROD_WGT_CNT_TY,1
,,Si,5,CHEM_CD,3
,,Si + Al Killed,1,DEOXIDATION_CD,1
,,Si Killed,1,DEOXIDATION_CD,1
,,Si+Cr,1,QLT_CHEM_FOMULA,1
,,SiO2,2,CHEM_CD,2
,,SiO₂,2,CHEM_CD,2
,,Sierra Leone,1,COUNTRY_CD,1
,,Silt Edge,1,EDGE_CD,1
,,Singapore,1,COUNTRY_CD,1
,,Sint Maarten,1,COUNTRY_CD,1
,,Sinter,2,EQUIP_FACIL_CD,2
,,Sinter Consumption,1,KPI_INDEX_CD,1
,,Sinter Fuel Material,1,IR_CHE_FRMAT_TY,1
,,Sinter L2,1,SYS_MODULE_CD,1
,,Sinter New Material(Main),1,IR_CHE_FRMAT_TY,1
,,Sinter New Material(Return Ore),1,IR_CHE_FRMAT_TY,1
,,Sinter New Material(Sub),1,IR_CHE_FRMAT_TY,1
,,Sinter Ore From BF,1,CHEM_LVL1_CD,1
,,Sinter Production,1,KPI_INDEX_CD,1
,,Sintered ore,1,CHEM_LVL1_CD,1
,,Sintering,1,SIM_PROC_CD_BIN,1
,,Size Abnormal,1,QLTY_TRK_CD,1
,,Size Check End,1,MTRL_TRK_CD,1
,,Skull Remove,1,TLC_RPR_STS,1
,,Slab,2,MTRL_SHP_TY,2
,,Slab Dimen Length,2,MARKING_CHARS,2
,,Slab Dimen Thickness,2,MARKING_CHARS,2
,,Slab Dimen Width,2,MARKING_CHARS,2
,,Slab Gafe Scaler 13,2,CAP_SCALE_NO,2
,,Slab Gafe Scaler 14,2,CAP_SCALE_NO,2
,,Slab Internal transportation and dispatch,1,KPI_INDEX_CD,1
,,Slab Mix,1,TLC_SKIM_STS,1
,,Slab Movement Yard#1 -> Dispatch,1,KPI_INDEX_CD,1
,,Slab Nominal Length,2,MARKING_CHARS,2
,,Slab Nominal Thickness,2,MARKING_CHARS,2
,,Slab Nominal Width,2,MARKING_CHARS,2
,,Slab Number,2,MARKING_CHARS,2
,,Slab Patch,1,RTN_CAU_CD,1
,,Slab Side Full Scarfing,1,SCARF_TY,1
,,Slab Weight,2,MARKING_CHARS,2
,,Slab info Change,1,PLAN_HEAT_CHG_TY,1
,,Slab_No,1,SHR_CONDITION_KEY,1
,,Slag Coating,1,EQUIP_STOP_CD,1
,,Slag Mixing,1,TLC_AB_TY,1
,,Slag Pitting,1,RTN_CAU_CD,1
,,Slag Quantity Less,1,NON_ANAL_RSN_CD,1
,,Slag solidification,1,TLC_RPR_TY,1
,,SlagVolume,1,SIM_BF_CH_CNG_DESC_TP,1
,,Slit Edge (Final process trimming),1,EDGE_TY,1
,,"Slit Edge (Side trimming, Crop & Tail Cut))",1,EDGE_TY,1
,,Slitting,1,SUBDIV_TY,1
,,Slitting+Cut Length,1,SUBDIV_TY,1
,,Slovakia,1,COUNTRY_CD,1
,,Slovenia,1,COUNTRY_CD,1
,,Small OutFlow,1,TD_MOIST_OTFLOW_TY,1
,,Sn,4,CHEM_CD,3
,,Society of Automotive Engineers,1,SPEC_ORG,1
,,Soft Reduction Pattern,1,CC_OPC_CD,1
,,Sol_Al,1,MECH_TEST_ITEM_CD,1
,,Solid Charge,1,KPI_INDEX_CD,1
,,Solomon Islands,1,COUNTRY_CD,1
,,Somalia,1,COUNTRY_CD,1
,,South Africa,1,COUNTRY_CD,1
,,South Korea,1,COUNTRY_CD,1
,,South Sudan,1,COUNTRY_CD,1
,,Spain,1,COUNTRY_CD,1
,,Special Inspection,1,TLC_RPR_TY,1
,,Specification,3,MARKING_CHARS,3
,,Split,1,MENU_TYPE,1
,,Split Miss,1,REJ_OCC_REA_CD,1
,,Sri Lanka,1,COUNTRY_CD,1
,,St Kitts&Nevis,1,COUNTRY_CD,1
,,"St,ad",1,CHEM_CD,1
,,"St,d",1,CHEM_CD,1
,,St. Lucia,1,COUNTRY_CD,1
,,St. Vincent,1,COUNTRY_CD,1
,,"St.Pier,Miquel.",1,COUNTRY_CD,1
,,Standard Cooling Time (in days for one heat),1,ORDER_FORECAST_DT_LEAD_TIME,1
,,Standard Production Time (in days for one heat),1,ORDER_FORECAST_DT_LEAD_TIME,1
,,Start Work,1,YD_SCH_REQ_STS,1
,,Staves Coolig,1,STOP_COMPONENT_CD,1
,,Steckel ACC L2,1,SYS_MODULE_CD,1
,,Steckel Finishing,1,ROUTING_CD,1
,,Steckel Heat Furnace L2,1,SYS_MODULE_CD,1
,,Steckel Hot Leveller L2,1,SYS_MODULE_CD,1
,,Steckel Plate Mill L2,1,SYS_MODULE_CD,1
,,Steckel Shear Line L2,1,SYS_MODULE_CD,1
,,Steckel-UST,1,PROC_CD_ERP,1
,,"Steel (MAIN), Steel Pig iron",1,CHEM_LVL1_CD,1
,,Steel (Slag),1,CHEM_LVL1_CD,1
,,Steel Making,3,ABNR_REASON_GRP,3
,,Steel Making / CC,1,SYS_MODULE_CD,1
,,Steel Making Shop,1,ORIGIN_CD,1
,,Stock House,1,STOP_SYSTEM_CD,1
,,Stock Info,1,YD_ABNR_TY,1
,,Stock Order,1,TERM_TY,1
,,Stock(Arrange),1,TLC_EVENT_CD,1
,,Stocked(Arrange),1,TLC_TRK_CD,1
,,"Stolberg-Samil0.01% ≤C ≤0.07%, V:1.31~",1,MLD_FLUX_CD,1
,,"Stolberg-Samil0.01% ≤C ≤0.07%, V:1.71~",1,MLD_FLUX_CD,1
,,"Stolberg-Samil0.08% ≤C ≤0.16%, V:1.31~",1,MLD_FLUX_CD,1
,,"Stolberg-Samil0.17% ≤C ≤0.29%, V:1.31~",1,MLD_FLUX_CD,1
,,"Stolberg-Samil0.8% ≤C ≤0.15%, V:1.71~",1,MLD_FLUX_CD,1
,,"Stolberg-SamilBillet, C>0.30%",1,MLD_FLUX_CD,1
,,"Stolberg-SamilBloom, C>0.20%",1,MLD_FLUX_CD,1
,,"Stolberg-SamilC:0.01~0.07%,V:1.21~1.50",1,MLD_FLUX_CD,1
,,"Stolberg-SamilC:0.01~0.07%,V:1.51~1.75 , C:0.18~0.69%",1,MLD_FLUX_CD,1
,,"Stolberg-SamilC:0.08~0.17%,V:1.21~1.50",1,MLD_FLUX_CD,1
,,"Stolberg-SamilC:0.08~0.17%,V>1.51",1,MLD_FLUX_CD,1
,,"Stolberg-SamilC<0.01%, V:1.21~1.50",1,MLD_FLUX_CD,1
,,"Stolberg-SamilC<0.01%, V:1.31~",1,MLD_FLUX_CD,1
,,"Stolberg-SamilC<0.01%, V:1.51~1.75",1,MLD_FLUX_CD,1
,,Stop,2,MONI_DISPLAY_TY,2
,,Stopped,1,BATCH_RESULT,1
,,Strand Cast,2,MARKING_CHARS,2
,,Strand EMS Electric Current,1,CC_OPC_CD,1
,,Strand EMS Frequency,2,CC_OPC_CD,1
,,Strand EMS Pattern,1,CC_OPC_CD,1
,,Strong B/B or Gas Injection,1,TOP_BB_PROC_PTRN,1
,,Sub-Division End,1,SMS_PROG_CD,1
,,Sub-Division Wait,1,SMS_PROG_CD,1
,,Succeeded,1,BATCH_RESULT,1
,,Success,2,INF_TC_STS,2
,,Sudan,1,COUNTRY_CD,1
,,Sulphur Print Test,1,MECH_GRP,1
,,Summer,1,SCR_THEME,1
,,Supervisory System,1,STOP_COMPONENT_CD,1
,,Supply Coil,1,PLAN_COIL_STS_CD,1
,,Supply Delay in Line,1,REJ_OCC_REA_CD,1
,,Surface,1,SLAB_DEF_GRP,1
,,Surface  Skull,1,TLC_AB_TY,1
,,Surface Abnormal Code,1,ENT_DIV_OCC_REA_CD,1
,,Surface Base Metal,1,TLC_SKIM_STS,1
,,Surface Coagulation,1,TLC_SKIM_STS,1
,,Surface Defect,1,NON_ANAL_RSN_CD,1
,,Surface Grade,1,PROD_RTN_CD,1
,,Surface and Shape Abnormal Code,1,ENT_DIV_OCC_REA_CD,1
,,Surface solidification,1,TLC_AB_TY,1
,,Surge Hoppers,1,STOP_COMPONENT_CD,1
,,Suriname,1,COUNTRY_CD,1
,,Surphur-Print Required,1,QLTY_TRK_TREAT_CD,1
,,Surplus Heat,1,HEAT_DIVERT_TREAT_TY,1
,,Surplus Plate Cut,1,DS_CUT_TP,1
,,Surplus Plate Cutting,1,FC_CUT_TP,1
,,Svalbard,1,COUNTRY_CD,1
,,Swaziland,1,COUNTRY_CD,1
,,Sweden,1,COUNTRY_CD,1
,,Switzerland,1,COUNTRY_CD,1
,,Syria,1,COUNTRY_CD,1
,,System Error Check,1,ORD_FL_CHANGE_REASON_CD,1
,,T-Al,2,CHEM_CD,2
,,T-Al/N,1,QLT_CHEM_FOMULA,1
,,T/D,11,CHEM_LVL4_CD,1
,,T/D Over Flow,2,BO_OCC_REASON_CD,2
,,T01,1,BF_LADLE_NO,1
,,T02,1,BF_LADLE_NO,1
,,T03,1,BF_LADLE_NO,1
,,T04,1,BF_LADLE_NO,1
,,T05,1,BF_LADLE_NO,1
,,T06,1,BF_LADLE_NO,1
,,T07,1,BF_LADLE_NO,1
,,T08,1,BF_LADLE_NO,1
,,T09,1,BF_LADLE_NO,1
,,T10,1,BF_LADLE_NO,1
,,T11,1,BF_LADLE_NO,1
,,T12,1,BF_LADLE_NO,1
,,T13,1,BF_LADLE_NO,1
,,T14,1,BF_LADLE_NO,1
,,T15,1,BF_LADLE_NO,1
,,T16,1,BF_LADLE_NO,1
,,T17,1,BF_LADLE_NO,1
,,T18,1,BF_LADLE_NO,1
,,T19,1,BF_LADLE_NO,1
,,T20,1,BF_LADLE_NO,1
,,T21,1,BF_LADLE_NO,1
,,T22,1,BF_LADLE_NO,1
,,T23,1,BF_LADLE_NO,1
,,T24,1,BF_LADLE_NO,1
,,T25,1,BF_LADLE_NO,1
,,T26,1,BF_LADLE_NO,1
,,T27,1,BF_LADLE_NO,1
,,T28,1,BF_LADLE_NO,1
,,T29,1,BF_LADLE_NO,1
,,T30,1,BF_LADLE_NO,1
,,T31,1,BF_LADLE_NO,1
,,T32,1,BF_LADLE_NO,1
,,T33,1,BF_LADLE_NO,1
,,T34,1,BF_LADLE_NO,1
,,TAIL_CENTER,1,MARKING_POSITION,1
,,TAIL_LEFT,1,MARKING_POSITION,1
,,TAIL_RIGHT,1,MARKING_POSITION,1
,,TANDISH ADJUST,1,SLAB_DEF_CD,1
,,TAP,1,GRIND_TY,1
,,TC,1,TC_TRANS_TY,1
,,TCC1,1,TLC_SKIM_FIELD_TY,1
,,TCC2,1,TLC_SKIM_FIELD_TY,1
,,TCC3,1,TLC_SKIM_FIELD_TY,1
,,TCM Cutting End,1,SMS_PROG_CD,1
,,TCM Cutting Wait,1,SMS_PROG_CD,1
,,TCP/IP,1,TC_TRANS_TY,1
,,TEMPERING,1,USAGE_LVL4_CD,1
,,TENACIOUS MARK,1,SLAB_DEF_CD,1
,,TEST B,1,ROLL_MAK_TP,1
,,TFe,2,CHEM_CD,2
,,THB,1,CURRENCY_CD,1
,,THERMAL CRACKCHINK,1,SLAB_DEF_CD,1
,,TIN Plate,1,USAGE_LVL2_CD,1
,,TJR,1,CURRENCY_CD,1
,,TJS,1,CURRENCY_CD,1
,,TLC Discharging End,1,MTRL_TRK_CD,1
,,TMCP,1,SPECIAL_TREAT,1
,,TMM,1,CURRENCY_CD,1
,,TMT,1,CURRENCY_CD,1
,,TNB,1,RE_BLW_REASON_TY,1
,,TND,1,CURRENCY_CD,1
,,TOP,2,CURRENCY_CD,2
,,TORSION,1,SLAB_DEF_CD,1
,,TPE,1,CURRENCY_CD,1
,,TR(TiO2),1,SIM_BF_CH_CNG_DESC_TP,1
,,TRAIN CONTAINER,4,USAGE_LVL2_CD,1
,,TRANSVERSE CRACK,1,SLAB_DEF_CD,1
,,TRAPEZOIDAL SECTION,1,SLAB_DEF_CD,1
,,TRL,1,CURRENCY_CD,1
,,TRY,1,CURRENCY_CD,1
,,TTD,1,CURRENCY_CD,1
,,TUV,1,INSP_AGENCY_CD,1
,,TWD,1,CURRENCY_CD,1
,,TWISTED,1,ROLL_GRIND_RSN_TY,1
,,TZS,1,CURRENCY_CD,1
,,Tail Crop Cut,2,CS_CUT_TP,2
,,Tail Crop Cutting,1,FC_CUT_TP,1
,,Taiwan,1,COUNTRY_CD,1
,,Tajikistan,1,COUNTRY_CD,1
,,Take-In,1,YD_WORK_RSLT_TY,1
,,Take-Out,1,YD_WORK_RSLT_TY,1
,,Tanzania,1,COUNTRY_CD,1
,,Tap Hole,1,STOP_COMPONENT_CD,1
,,Tap Hole Opener,1,STOP_COMPONENT_CD,1
,,Tap to Tap BOF#1,1,KPI_INDEX_CD,1
,,Tap to Tap BOF#2,1,KPI_INDEX_CD,1
,,Tapping End,1,SMS_PROG_CD,1
,,Tapping End(DE-P),1,SMS_PROG_CD,1
,,Tapping Start,1,SMS_PROG_CD,1
,,Tapping Start(DE-P),1,SMS_PROG_CD,1
,,Te,3,CHEM_CD,3
,,Te+P+S,1,QLT_CHEM_FOMULA,1
,,Te+Pb,1,QLT_CHEM_FOMULA,1
,,Te+Pb+P+S,1,QLT_CHEM_FOMULA,1
,,Telescope,2,RTN_CAU_CD,1
,,Temporary move,1,YD_MOVE_TY,1
,,Terminolgy,1,GLOSSARY_TY,1
,,Test Close,2,ANAL_STS,2
,,Test End,1,DEV_STS,1
,,Test Material,1,REJ_OCC_REA_CD,1
,,Test Material Flag,1,CC_OPC_CD,1
,,Test Registeration,1,ANAL_STS,1
,,Test Roll Maker,1,ROLL_MAK_CD,1
,,Test Start,1,DEV_STS,1
,,Testing in Lab,1,ANAL_STS,1
,,Teyeres,1,STOP_COMPONENT_CD,1
,,Tfe,1,CHEM_CD,1
,,Thailand,1,COUNTRY_CD,1
,,Theoretical Solidity Temperature,1,SMS_OPC_CD,1
,,Theory Solidification Temperature,1,CC_OPC_CD,1
,,Thickness Error,1,ENT_DIV_OCC_REA_CD,1
,,Thickness Tolerance,1,TOL_CD,1
,,"Thickness and Width, Length Error",1,ENT_DIV_OCC_REA_CD,1
,,Ti,5,CHEM_CD,3
,,Ti+B,1,QLT_CHEM_FOMULA,1
,,Ti+B+N,1,QLT_CHEM_FOMULA,1
,,Ti+C+N+S,1,QLT_CHEM_FOMULA,1
,,Ti+Cr+B,1,QLT_CHEM_FOMULA,1
,,Ti+Cr+Mo+B,1,QLT_CHEM_FOMULA,1
,,Ti+Mo,1,QLT_CHEM_FOMULA,1
,,Ti+N,1,QLT_CHEM_FOMULA,1
,,Ti+N+Ca,1,QLT_CHEM_FOMULA,1
,,Ti+N+Cu,1,QLT_CHEM_FOMULA,1
,,Ti+N+P,1,QLT_CHEM_FOMULA,1
,,Ti+N+S,1,QLT_CHEM_FOMULA,1
,,Ti+NB,1,QLT_CHEM_FOMULA,1
,,Ti+NB+N,1,QLT_CHEM_FOMULA,1
,,Ti+NB+Zr,1,QLT_CHEM_FOMULA,1
,,Ti+Ni,1,QLT_CHEM_FOMULA,1
,,Ti+Ni+NB+N,1,QLT_CHEM_FOMULA,1
,,Ti+P,1,QLT_CHEM_FOMULA,1
,,Ti+Zr,1,QLT_CHEM_FOMULA,1
,,Ti/(C+N),1,QLT_CHEM_FOMULA,1
,,Ti/C,1,QLT_CHEM_FOMULA,1
,,Ti/N,1,QLT_CHEM_FOMULA,1
,,TiO2,1,CHEM_CD,1
,,TiO₂,2,CHEM_CD,2
,,Timestamp,1,DATA_TY,1
,,To Be Scrap,1,RTN_ACTION_TY,1
,,Togo,1,COUNTRY_CD,1
,,Tokelau Islands,1,COUNTRY_CD,1
,,Ton,1,BYPROD_UOM_CD,1
,,Ton (T),1,GTP_UNIT_CD,1
,,Ton per hour,1,KPI_INDEX_CD,1
,,Ton/Charge,1,OPER_STD_TY,1
,,Ton/Day,1,OPER_STD_TY,1
,,Ton/Hr,1,OPER_STD_TY,1
,,Tong Crane,1,YD_EQUIP_TY,1
,,Tonga,1,COUNTRY_CD,1
,,Top,5,DEFECT_LOC,5
,,Total Quantity of Heat partial return,1,KPI_INDEX_CD,1
,,Total Quantity of Heat return,2,KPI_INDEX_CD,1
,,Total Quantity of Heats,1,KPI_INDEX_CD,1
,,Total Quantity of Partial Return,1,KPI_INDEX_CD,1
,,Total Target Work Time,1,SMS_OPC_CD,1
,,Total_Al,1,MECH_TEST_ITEM_CD,1
,,Train,1,TRS_METHOD_CD,1
,,Transfer Car,2,YD_EQP_TY,2
,,Transfer Stoppage,1,TLC_RPR_TY,1
,,Transfer malfunction,1,TLC_AB_TY,1
,,Transfer-Car,1,YD_BED_TY,1
,,Transfered,1,EVENT_TY,1
,,Transport Accident,1,RORD_REASON_CD,1
,,Transverse position can not be measured,1,YD_STOP_CD,1
,,Treatment1,16,CHEM_LVL4_CD,1
,,Treatment2,16,CHEM_LVL4_CD,1
,,Treatment3,16,CHEM_LVL4_CD,1
,,"Trinidad,Tobago",1,COUNTRY_CD,1
,,Truck,1,TRS_METHOD_CD,1
,,Tundish,1,QLTY_TRK_PROC_CD,1
,,Tundish Flux Steel Weight,1,CC_OPC_CD,1
,,Tundish High Temperature Deceleration Constant,1,CC_OPC_CD,1
,,Tundish Insulation Thickness,1,CC_OPC_CD,1
,,Tundish Insulation Type,1,CC_OPC_CD,1
,,Tundish Min Balance Quantity,1,CC_OPC_CD,1
,,Tundish Nozzle Air Flux,1,CC_OPC_CD,1
,,Tundish Over Heat,1,CC_OPC_CD,1
,,Tundish Sampling Time Steel Weight,1,CC_OPC_CD,1
,,Tundish Steel Min Weight,1,CC_OPC_CD,1
,,Tundish Steel Over Heat Degree,1,SMS_OPC_CD,1
,,Tundish Steel Weight,1,CC_OPC_CD,1
,,Tundish Temperature,2,CC_OPC_CD,2
,,Tundish Temperature Constant,1,CC_OPC_CD,1
,,Tundish UpperNozzle Air Flux,1,CC_OPC_CD,1
,,Tundish △T (+),1,QLTY_TRK_CD,1
,,Tundish △T (-),1,QLTY_TRK_CD,1
,,Tunisia,1,COUNTRY_CD,1
,,Turbina,1,STOP_COMPONENT_CD,1
,,Turkey,1,COUNTRY_CD,1
,,Turkmenistan,1,COUNTRY_CD,1
,,Turksh Caicosin,1,COUNTRY_CD,1
,,Tuvalu,1,COUNTRY_CD,1
,,UAH,1,CURRENCY_CD,1
,,UAK,1,CURRENCY_CD,1
,,UFC,1,PLT_COOL_CD,1
,,UGS,1,CURRENCY_CD,1
,,UGX,1,CURRENCY_CD,1
,,UI Screen,1,SPL_REASON_CD,1
,,UI(Allocation Screend),1,ORD_FL_CHANGE_REASON_CD,1
,,US (Dollar),1,CURRENCY_CD,1
,,USA,1,COUNTRY_CD,1
,,USE,4,BRG_STS,4
,,USINAS SIDERURGICAS DE MINAS,1,CONSIGN_CD,1
,,USN,1,CURRENCY_CD,1
,,USS,1,CURRENCY_CD,1
,,UST,1,CAPA_PROC_CD,1
,,UST(Off-Line),1,SPR_PROC_CD,1
,,UYI,1,CURRENCY_CD,1
,,UYP,1,CURRENCY_CD,1
,,UYU,1,CURRENCY_CD,1
,,UZS,1,CURRENCY_CD,1
,,Uganda,1,COUNTRY_CD,1
,,Ukraine,1,COUNTRY_CD,1
,,Ultra Low Carbon,1,INQ_CATE_CD,1
,,United Kingdom,1,COUNTRY_CD,1
,,United Nations,1,COUNTRY_CD,1
,,Unload Complete,1,YD_TCAR_SCH_STS,1
,,Unnormal,1,ROLL_CHG_RSN_CD,1
,,Update,2,CHANGE_TY,2
,,Updated,1,EVENT_TY,1
,,Upper,1,SCR_UP_DOWN,1
,,Upper Plate Air Flux,1,CC_OPC_CD,1
,,Urgent,1,TERM_TY,1
,,Urgent Order,1,ORD_PRI_ITEM_CD,1
,,Uruguay,1,COUNTRY_CD,1
,,Use Index,5,KPI_INDEX_CD,1
,,Use Index BOF#1,1,KPI_INDEX_CD,1
,,Use Index BOF#2,1,KPI_INDEX_CD,1
,,User,1,EXCHANGE_TY,1
,,User Size,1,PAPER_SIZE,1
,,Utd.Arab Emir.,1,COUNTRY_CD,1
,,Uzbekistan,1,COUNTRY_CD,1
,,V,5,CHEM_CD,3
,,V+Cr,1,QLT_CHEM_FOMULA,1
,,V+Cr+Mo,1,QLT_CHEM_FOMULA,1
,,V+Cr+Mo+B,1,QLT_CHEM_FOMULA,1
,,V+Cr+Ni+Ti+N,1,QLT_CHEM_FOMULA,1
,,V+Cu+Ni,1,QLT_CHEM_FOMULA,1
,,V+Cu+Ni+N,1,QLT_CHEM_FOMULA,1
,,V+Mo+Ti,1,QLT_CHEM_FOMULA,1
,,V+Mo+Ti+B,1,QLT_CHEM_FOMULA,1
,,V+Mo+Ti+Cu+Cr+B,1,QLT_CHEM_FOMULA,1
,,V+Mo+Ti+N,1,QLT_CHEM_FOMULA,1
,,V+N,1,QLT_CHEM_FOMULA,1
,,V+N+Ni+Mo+Cu,1,QLT_CHEM_FOMULA,1
,,V+N+Ti,1,QLT_CHEM_FOMULA,1
,,V+Ni,1,QLT_CHEM_FOMULA,1
,,V+Ni+Cu+Ca,1,QLT_CHEM_FOMULA,1
,,V+Ni+Cu+NB+Ca,1,QLT_CHEM_FOMULA,1
,,V+Ni+Mo,1,QLT_CHEM_FOMULA,1
,,V+Ni+Mo+N,1,QLT_CHEM_FOMULA,1
,,V+Ni+NB,1,QLT_CHEM_FOMULA,1
,,V+Ti,1,QLT_CHEM_FOMULA,1
,,V+Ti+Cr+N,1,QLT_CHEM_FOMULA,1
,,V01 + (V03 + V02) / 4,2,CE,2
,,V01 + (V03+ V02)/6 + (V15 + V16 + V10 + V19)/5 + (V14 + V06)/15,2,CE,2
,,V01 + (V03+V02+V15+V16)/10 + (V14+V15)/16,2,CE,2
,,V01 + (V03+V16)/10 + (V15+V06)/20 + V14/40,4,CE,2
,,V01 + F * (V03/6 + V02/24 + V06/15 + V14/20 + (V15 + V16 + V19 + V10)/5 + 5*V11),2,CE,2
,,V01 + V02 + V03/4 + (V14 + V15 + V06)/2 + 2 (V05 + V04)+ 3 V22,1,CE,1
,,V01 + V02/30 + (V03 + V06 + V15)/20 + V14/60 + V16/15 + V19/10 + 5*V11,1,CE,1
,,V01 + V02/30 + V03/20 + 2*V04 + 4*V05,1,CE,1
,,V01 + V03/10,2,CE,2
,,V01 + V03/3,2,CE,2
,,V01 + V03/4,2,CE,2
,,V01 + V03/4  + V15/10  - V19/10 + (V14 + V06) /20 - V16/50,2,CE,2
,,V01 + V03/5,2,CE,2
,,V01 + V03/5 + 2*V10,2,CE,2
,,V01 + V03/5 + V02/7,2,CE,2
,,V01 + V03/5 + V04 + V02/6 + V15/10,2,CE,2
,,V01 + V03/5 + V19,2,CE,2
,,V01 + V03/5 + V19 + 2*V10,2,CE,2
,,V01 + V03/6,2,CE,2
,,V01 + V03/6  + (V14+V06)/15 + (V15+V16+V19)/5,2,CE,2
,,V01 + V03/6  + V02/24,2,CE,2
,,V01 + V03/6  + V02/24  + V14/40 + V16/4 + V19/14,2,CE,2
,,V01 + V03/6  + V02/24 + V14/40 + V15/5 + V16/4 + V19/14 + V06/13,2,CE,2
,,V01 + V03/6  + V02/24 + V15/5 + V19/14,2,CE,2
,,V01 + V03/6  + V02/24 + V15/5 + V19/14 + V14/40,2,CE,2
,,V01 + V03/6  + V02/24 + V15/5 + V19/14 + V14/40 + V16/4,2,CE,2
,,V01 + V03/6  + V15/10 + V16/50 + V19/10 + V14/20 + V06/40,2,CE,2
,,V01 + V03/6 + (V06+V14)/15 + (V15+V16+V19)/15 +V02/24,1,CE,1
,,V01 + V03/6 + (V15 + V16 + V19 + V18)/5 + (V14 + V06)/15,2,CE,2
,,V01 + V03/6 + (V15 + V16 + V19)/5 + (V14 + V06 + V02)/15,2,CE,2
,,V01 + V03/6 + (V15 + V16 + V19)/5 + (V14 + V06)/15,2,CE,2
,,V01 + V03/6 + (V15 + V16)/5 + (V14 + V06)/15,2,CE,2
,,V01 + V03/6 + (V15+V18+V16+V10+V19)/5 + (V14+V06)/15 + 15*V11,1,CE,1
,,V01 + V03/6 + V02/24,1,CE,1
,,V01 + V03/6 + V02/24 + (V15 + V16 + V19 + V10 + V18)/5 + (V14 + V06)/15 + 5*V11,1,CE,1
,,V01 + V03/6 + V02/24 + (V15 + V16 + V19 + V10)/5 + (V14 + V06)/15 + 5*V11,1,CE,1
,,V01 + V03/6 + V02/24 + V14/40 + V15/5 + V16/4 + V19/14,1,CE,1
,,V01 + V03/6 + V02/24 + V16/4 + V15/5 + V14/40 + V06/13 + V19/14,1,CE,1
,,V01 + V03/6 + V02/4,1,CE,1
,,V01 + V03/6 + V02/6 + (V14 + V06)/15 + (V15 + V16 + V19)/5,1,CE,1
,,V01 + V03/6 + V14/15 + V16/4 + V15/5 + V06/13 + V02/24 + V04/2 + V19/5,1,CE,1
,,V01 + V03/6 + V15 + V16,1,CE,1
,,V01 + V03/6 + V19/5,1,CE,1
,,V01 + V03/8,1,CE,1
,,V01 + V04,1,CE,1
,,V01 + V04 + V03/7 + V15/5 + (V06 + V14)/15 + V02/25 - V11 - (V19 + V10 + V18)/10 - V16/50,1,CE,1
,,V01 + V06 + 2*V16 + 10*V19 + 7*V10 + 5*V18,2,CE,2
,,V01*10000 + V03*100 + V04*1000,1,CE,1
,,V02+2.5*V04,1,CE,1
,,V03/V01,1,CE,1
,,V03/V02,2,CE,1
,,V04 + V05,1,CE,1
,,V06 + 6*V31,1,CE,1
,,V06 + V14,1,CE,1
,,V06 + V14 + V15 + V16 + V10 + V18 + V07 + V36,1,CE,1
,,V06 + V14 + V15 + V16 + V22,1,CE,1
,,V06 + V15 + V14,1,CE,1
,,V06 + V15 + V14 + V22,1,CE,1
,,V06 + V18 + V15,1,CE,1
,,"V06,V10,V14",1,COMP_CHEM_CD,1
,,"V06,V10,V14,V18",1,COMP_CHEM_CD,1
,,"V06,V10,V14,V18,V19",1,COMP_CHEM_CD,1
,,"V06,V10,V14,V19",1,COMP_CHEM_CD,1
,,"V06,V14",1,COMP_CHEM_CD,1
,,"V06,V14,V18",1,COMP_CHEM_CD,1
,,"V06,V14,V19",1,COMP_CHEM_CD,1
,,"V06,V14,V22",1,COMP_CHEM_CD,1
,,"V06,V16",1,COMP_CHEM_CD,1
,,"V06,V16,V10,V14 ,V19",1,COMP_CHEM_CD,1
,,"V06,V16,V10,V14,V18,V19",1,COMP_CHEM_CD,1
,,"V06,V16,V14,V19",1,COMP_CHEM_CD,1
,,"V06,V18",1,COMP_CHEM_CD,1
,,"V06,V19",1,COMP_CHEM_CD,1
,,"V06,V36,V10,V14,V19",1,COMP_CHEM_CD,1
,,"V06,V36,V14,V18,V19",1,COMP_CHEM_CD,1
,,"V06,V36,V22",1,COMP_CHEM_CD,1
,,V07*V36*10000000,1,CE,1
,,V07/V36,1,CE,1
,,V10,1,COMP_CHEM_CD,1
,,V10 + V18,1,CE,1
,,V10 + V19,1,CE,1
,,V10 + V19 + V07,1,CE,1
,,V10 + V19 + V18,1,CE,1
,,V10 + V19 + V18 + V06 + V15 + V16,1,CE,1
,,"V10,V14",1,COMP_CHEM_CD,1
,,"V10,V18",1,COMP_CHEM_CD,1
,,"V10,V18,V19",1,COMP_CHEM_CD,1
,,"V10,V19",1,COMP_CHEM_CD,1
,,V11,1,COMP_CHEM_CD,1
,,"V11,V06,V16,V10,V14,V18",1,COMP_CHEM_CD,1
,,"V11,V06,V36,V10",1,COMP_CHEM_CD,1
,,"V11,V10",1,COMP_CHEM_CD,1
,,"V11,V10,V18",1,COMP_CHEM_CD,1
,,"V11,V15,V06,V10,V14,V18,V19",1,COMP_CHEM_CD,1
,,"V11,V15,V06,V14",1,COMP_CHEM_CD,1
,,"V11,V15,V06,V14,V18",1,COMP_CHEM_CD,1
,,"V11,V15,V06,V14,V18,V19",1,COMP_CHEM_CD,1
,,"V11,V15,V06,V16,V14,V18",1,COMP_CHEM_CD,1
,,"V11,V15,V06,V16,V14,V18,V19",1,COMP_CHEM_CD,1
,,"V11,V15,V06,V16,V36,V10,V14,V18",1,COMP_CHEM_CD,1
,,"V11,V15,V16,V14,V19",1,COMP_CHEM_CD,1
,,"V11,V15,V16,V18",1,COMP_CHEM_CD,1
,,"V11,V15,V16,V18,V19",1,COMP_CHEM_CD,1
,,"V11,V15,V18",1,COMP_CHEM_CD,1
,,"V11,V16,V10",1,COMP_CHEM_CD,1
,,"V11,V16,V10,V14,V18",1,COMP_CHEM_CD,1
,,"V11,V18",1,COMP_CHEM_CD,1
,,"V11,V36",1,COMP_CHEM_CD,1
,,"V11,V36,V10,V14",1,COMP_CHEM_CD,1
,,"V11,V36,V18",1,COMP_CHEM_CD,1
,,V14,1,COMP_CHEM_CD,1
,,V14/V06,1,CE,1
,,V15,1,COMP_CHEM_CD,1
,,V15 + V06 + V16,1,CE,1
,,V15 + V06 + V16 + V14,1,CE,1
,,V15 + V14 + V16 + V22 + V06 + V24 + V36,1,CE,1
,,V15 + V16,1,CE,1
,,V15 + V16 + V14,1,CE,1
,,"V15,V06,V10,V14",1,COMP_CHEM_CD,1
,,"V15,V06,V10,V14,V18",1,COMP_CHEM_CD,1
,,"V15,V06,V10,V14,V18,V19",1,COMP_CHEM_CD,1
,,"V15,V06,V10,V14,V19",1,COMP_CHEM_CD,1
,,"V15,V06,V14",1,COMP_CHEM_CD,1
,,"V15,V06,V14,V19",1,COMP_CHEM_CD,1
,,"V15,V06,V16,V10,V14",1,COMP_CHEM_CD,1
,,"V15,V06,V16,V10,V14,V18,V19",1,COMP_CHEM_CD,1
,,"V15,V06,V16,V14",1,COMP_CHEM_CD,1
,,"V15,V06,V16,V14,V18,V19",1,COMP_CHEM_CD,1
,,"V15,V06,V16,V14,V19",1,COMP_CHEM_CD,1
,,"V15,V06,V16,V36,V10,V14,V19",1,COMP_CHEM_CD,1
,,"V15,V06,V18",1,COMP_CHEM_CD,1
,,"V15,V06,V36",1,COMP_CHEM_CD,1
,,"V15,V10,V14,V19",1,COMP_CHEM_CD,1
,,"V15,V14",1,COMP_CHEM_CD,1
,,"V15,V14,V19",1,COMP_CHEM_CD,1
,,"V15,V16",1,COMP_CHEM_CD,1
,,"V15,V16,V10",1,COMP_CHEM_CD,1
,,"V15,V16,V10,V14,V18",1,COMP_CHEM_CD,1
,,"V15,V16,V10,V18,V19",1,COMP_CHEM_CD,1
,,"V15,V16,V10,V19",1,COMP_CHEM_CD,1
,,"V15,V16,V14",1,COMP_CHEM_CD,1
,,"V15,V16,V14,V19",1,COMP_CHEM_CD,1
,,"V15,V16,V19",1,COMP_CHEM_CD,1
,,"V15,V16,V37",1,COMP_CHEM_CD,1
,,"V15,V18,V19",1,COMP_CHEM_CD,1
,,"V15,V19",1,COMP_CHEM_CD,1
,,"V15,V22",1,COMP_CHEM_CD,1
,,"V15,V36",1,COMP_CHEM_CD,1
,,"V15,V36,V14,V18,V19",1,COMP_CHEM_CD,1
,,"V15,V36,V14,V19",1,COMP_CHEM_CD,1
,,"V15,V36,V18,V19",1,COMP_CHEM_CD,1
,,"V15,V36,V19",1,COMP_CHEM_CD,1
,,V16,1,COMP_CHEM_CD,1
,,"V16,V10",1,COMP_CHEM_CD,1
,,"V16,V10,V14,V18",1,COMP_CHEM_CD,1
,,"V16,V10,V14,V18,V19",1,COMP_CHEM_CD,1
,,"V16,V10,V18",1,COMP_CHEM_CD,1
,,"V16,V10,V18,V19",1,COMP_CHEM_CD,1
,,"V16,V10,V19",1,COMP_CHEM_CD,1
,,"V16,V11",1,COMP_CHEM_CD,1
,,"V16,V14",1,COMP_CHEM_CD,1
,,"V16,V14,V18,V19",1,COMP_CHEM_CD,1
,,"V16,V14,V19",1,COMP_CHEM_CD,1
,,"V16,V18",1,COMP_CHEM_CD,1
,,"V16,V18,V19",1,COMP_CHEM_CD,1
,,"V16,V36,V18,V19",1,COMP_CHEM_CD,1
,,V18,1,COMP_CHEM_CD,1
,,V18 + V06 + V16 + V15 + V19,2,CE,1
,,"V18,V19",1,COMP_CHEM_CD,1
,,V18/V36,2,CE,1
,,V19,1,COMP_CHEM_CD,1
,,V19 + V06,1,CE,1
,,V21,1,COMP_CHEM_CD,1
,,V22 + V23 + V31 + V11,1,CE,1
,,V25,1,COMP_CHEM_CD,1
,,"V25,V06,V10,V14",1,COMP_CHEM_CD,1
,,"V25,V06,V10,V14,V18,V19",1,COMP_CHEM_CD,1
,,"V25,V06,V10,V14,V19",1,COMP_CHEM_CD,1
,,"V25,V06,V14",1,COMP_CHEM_CD,1
,,"V25,V06,V14,V19",1,COMP_CHEM_CD,1
,,"V25,V06,V16,V10,V14,V18,V19",1,COMP_CHEM_CD,1
,,"V25,V10",1,COMP_CHEM_CD,1
,,"V25,V10,V18",1,COMP_CHEM_CD,1
,,"V25,V10,V18,V19",1,COMP_CHEM_CD,1
,,"V25,V10,V19",1,COMP_CHEM_CD,1
,,"V25,V15",1,COMP_CHEM_CD,1
,,"V25,V15,V06,V10,V14,V18",1,COMP_CHEM_CD,1
,,"V25,V15,V06,V14",1,COMP_CHEM_CD,1
,,"V25,V15,V06,V14,V19",1,COMP_CHEM_CD,1
,,"V25,V15,V10",1,COMP_CHEM_CD,1
,,"V25,V15,V16,V10",1,COMP_CHEM_CD,1
,,"V25,V15,V16,V10,V14,V18,V19",1,COMP_CHEM_CD,1
,,"V25,V15,V19",1,COMP_CHEM_CD,1
,,"V25,V16",1,COMP_CHEM_CD,1
,,"V25,V16,V10,V14,V18",1,COMP_CHEM_CD,1
,,"V25,V16,V10,V14,V18,V19",1,COMP_CHEM_CD,1
,,"V25,V16,V10,V18,V19",1,COMP_CHEM_CD,1
,,"V25,V16,V10,V19",1,COMP_CHEM_CD,1
,,"V25,V36,V19",1,COMP_CHEM_CD,1
,,V25/V05,1,CE,1
,,"V30,V11",1,COMP_CHEM_CD,1
,,V36,1,COMP_CHEM_CD,1
,,"V36,V10",1,COMP_CHEM_CD,1
,,"V36,V10,V19",1,COMP_CHEM_CD,1
,,"V36,V18",1,COMP_CHEM_CD,1
,,"V36,V19",1,COMP_CHEM_CD,1
,,"V36,V22",1,COMP_CHEM_CD,1
,,VARCHAR2,1,FILD_TYPE,1
,,VD,1,SECOND_RFN_CD,1
,,VD1,1,TIME_PLAN_PROC_MC_CD,1
,,VEB,1,CURRENCY_CD,1
,,VEF,1,CURRENCY_CD,1
,,VEHICLE FRAME,4,USAGE_LVL2_CD,1
,,VND,1,CURRENCY_CD,1
,,VUV,1,CURRENCY_CD,1
,,Val1,1,PROBE_TY,1
,,Val2,1,PROBE_TY,1
,,Val3,1,PROBE_TY,1
,,Val4,1,PROBE_TY,1
,,Validation Error,1,DSN_ERR_TY,1
,,Vanuatu,1,COUNTRY_CD,1
,,Varchar2,1,DATA_TY,1
,,Vatican City,1,COUNTRY_CD,1
,,Vd,1,CHEM_CD,1
,,Vdaf,1,CHEM_CD,1
,,Vehicle,1,YD_BED_TY,1
,,Vehicle Arrival,2,CAR_LOAD_STS,2
,,Vehicle Departure,1,CAR_PROG,1
,,Vehicle Entry Waitting Lot,1,CAR_PROG,1
,,Vehicle Exit Gate,1,CAR_PROG,1
,,Venezuela,1,COUNTRY_CD,1
,,Vietnam,1,COUNTRY_CD,1
,,Virtual Full Transfer,1,TLC_AB_TY,1
,,Virtual Zone For Sale slab,1,YD_BED_TY,1
,,Virtual Zone For rolling mill,1,YD_BED_TY,1
,,Visible,1,YD_BED_ACTIVE_STS,1
,,Visual Inspection,1,SPL_REASON_CD,1
,,Visual Inspection required,1,QLTY_TRK_TREAT_CD,1
,,W,4,CHEM_CD,3
,,WARPING,1,SLAB_DEF_CD,1
,,WCR,1,QLT_HCR_TY,1
,,WEDGE VARIATION IN LENGTH,1,SLAB_DEF_CD,1
,,WEDGE VARIATION IN WIDTH,1,SLAB_DEF_CD,1
,,WF,2,PLAN_PROC_CD,2
,,WF #1,1,STOP_OCC_EQUIP_LOC_CD,1
,,WF #2,1,STOP_OCC_EQUIP_LOC_CD,1
,,WF Arrival,2,OPER_TRK_CD,2
,,WF Departure,1,OPER_TRK_CD,1
,,WF End,2,OPER_TRK_CD,2
,,WF Start,2,OPER_TRK_CD,2
,,WF Wait,1,SMS_PROG_CD,1
,,WF#1 L2,1,SYS_MODULE_CD,1
,,WF#2 L2,1,SYS_MODULE_CD,1
,,WFDeparture,1,SMS_PROG_CD,1
,,WHITE ELECTRIC appliances,1,USAGE_LVL2_CD,1
,,WLYS1,1,MECH_TEST_ITEM_CD,1
,,WLYS2,1,MECH_TEST_ITEM_CD,1
,,WLYS3,2,MECH_TEST_ITEM_CD,1
,,WLYS4,1,MECH_TEST_ITEM_CD,1
,,WLYS5,1,MECH_TEST_ITEM_CD,1
,,WLYS6,1,MECH_TEST_ITEM_CD,1
,,WLYS7,1,MECH_TEST_ITEM_CD,1
,,WLYS8,1,MECH_TEST_ITEM_CD,1
,,WLYS9,1,MECH_TEST_ITEM_CD,1
,,WST,1,CURRENCY_CD,1
,,Wa,1,WAVIN_TY,1
,,Wa08,1,WAVIN_TY,1
,,Wait,3,MONI_DISPLAY_TY,3
,,Wait Lift-down,1,YD_LAYER_STS,1
,,Wait Lift-up,1,YD_LAYER_STS,1
,,Wait Proc.(Send L2),4,PLAN_COIL_STS_CD,4
,,Waiting,1,MONI_PROC_TY,1
,,Waiting For Confirmation,1,ORD_DSN_STS,1
,,Waiting for Cutting,1,ORD_PROG_QTY_CD,1
,,Waiting for Dispatch,1,ORD_PROG_QTY_CD,1
,,Waiting for Dispatch Order,1,ORD_PROG_QTY_CD,1
,,Waiting for Final Judgement,1,ORD_PROG_QTY_CD,1
,,Waiting for Finishing,1,ORD_PROG_QTY_CD,1
,,Waiting for Tapping,1,ORD_PROG_QTY_CD,1
,,Waiting for Tapping Order,1,ORD_PROG_QTY_CD,1
,,Waiting(Reject),1,PLAN_ROLL_STS_CD,1
,,"Wallis,Futuna",1,COUNTRY_CD,1
,,Warehosing Request,1,TLC_RPR_STS,1
,,Warm PIT,1,TLC_RPR_STS,1
,,Warning,1,MSG_TY,1
,,Water Contain,1,NON_ANAL_RSN_CD,1
,,Water Cooling,1,TD_C_MTD_TY,1
,,Water Mixing,1,TLC_AB_TY,1
,,Water Spray,1,STOP_COMPONENT_CD,1
,,Wca,1,WAVIN_TY,1
,,Web,1,SCR_THEME,1
,,Weel Work,1,TLC_RPR_STS,1
,,Weigh Hoppers,1,STOP_COMPONENT_CD,1
,,Weigh(Weighing Complete),1,TRK_PROG_STS,1
,,Weighing Error,1,REJ_OCC_REA_CD,1
,,Weighing System,1,STOP_COMPONENT_CD,1
,,Weight,2,QTY_TOL_UNIT_CD,2
,,Weight Abnormal,1,QLTY_TRK_CD,1
,,Weight done,1,SLAB_RESULT_TY,1
,,Weitht,1,ORD_WGT_CNT_TY,1
,,West Sahara,1,COUNTRY_CD,1
,,Wet Scrubber,1,STOP_COMPONENT_CD,1
,,Wharf Coke,1,CHEM_LVL1_CD,1
,,Width Error,1,ENT_DIV_OCC_REA_CD,1
,,Width Tolerance,1,TOL_CD,1
,,Width direction Rolling,1,USAGE_LVL3_CD,1
,,Windows-Phone,1,SCR_THEME,1
,,"Wire (Bloom -> Billet, Wire)",1,USAGE_LVL1_CD,1
,,Work Complete,1,YD_SCH_REQ_STS,1
,,Work Request,1,YD_SCH_REQ_STS,1
,,Work Roll,1,ROLL_TY,1
,,Working,1,REQ_STS,1
,,Working End,2,TLC_EVENT_CD,2
,,Working Finished,1,OPER_TRK_CD,1
,,Working Standby,1,OPER_TRK_CD,1
,,Working Start,2,TLC_EVENT_CD,2
,,Wrong Shipment,1,RORD_REASON_CD,1
,,Wsa,1,WAVIN_TY,1
,,X,4,CC_CB_PRST,4
,,XAF,1,CURRENCY_CD,1
,,XAG,1,CURRENCY_CD,1
,,XAU,1,CURRENCY_CD,1
,,XB5,1,CURRENCY_CD,1
,,XBA,1,CURRENCY_CD,1
,,XBB,1,CURRENCY_CD,1
,,XBC,1,CURRENCY_CD,1
,,XBD,1,CURRENCY_CD,1
,,XCD,1,CURRENCY_CD,1
,,XDR,1,CURRENCY_CD,1
,,XEU,1,CURRENCY_CD,1
,,XFO,1,CURRENCY_CD,1
,,XFU,1,CURRENCY_CD,1
,,XOF,1,CURRENCY_CD,1
,,XPD,1,CURRENCY_CD,1
,,XPF,1,CURRENCY_CD,1
,,XPT,1,CURRENCY_CD,1
,,XSU,1,CURRENCY_CD,1
,,XTS,1,CURRENCY_CD,1
,,XUA,1,CURRENCY_CD,1
,,XXX,1,CURRENCY_CD,1
,,Y,9,CHEM_CD,9
,,YARD,1,SLAB_PLAN_DEST_PLAN,1
,,YDD,1,CURRENCY_CD,1
,,YER,1,CURRENCY_CD,1
,,YES,1,ERP_POSTING_YN,1
,,"YMD(Year,Month,Day)",1,FMT_DATE,1
,,YN,1,MECH_JDG_STD_TP,1
,,YSB1,1,MECH_TEST_ITEM_CD,1
,,YSB2,1,MECH_TEST_ITEM_CD,1
,,YSB3,1,MECH_TEST_ITEM_CD,1
,,YSB4,1,MECH_TEST_ITEM_CD,1
,,YSB5,1,MECH_TEST_ITEM_CD,1
,,YSB6,1,MECH_TEST_ITEM_CD,1
,,YSB7,1,MECH_TEST_ITEM_CD,1
,,YUD,1,CURRENCY_CD,1
,,YUM,1,CURRENCY_CD,1
,,YUN,1,CURRENCY_CD,1
,,YYYYMMDD,1,DATE_FORM,1
,,Yard,2,EQUIP_FACIL_CD,2
,,Yard / Dispatch,2,BIZ_CHAIN_CD,2
,,Year,1,CM_CYCLE,1
,,Yellow,1,COLOR_STK_CD,1
,,Yemen,1,COUNTRY_CD,1
,,Yes,6,FORCE_ALLOC_YN,6
,,Yield,2,KPI_INDEX_CD,1
,,Z01,1,ORD_TY_REASON,1
,,Z02,1,ORD_TY_REASON,1
,,Z03,1,ORD_TY_REASON,1
,,Z15,1,Z_TSL_SMP_CD,1
,,Z25,1,Z_TSL_SMP_CD,1
,,Z35,1,Z_TSL_SMP_CD,1
,,ZAL,1,CURRENCY_CD,1
,,ZAR,1,CURRENCY_CD,1
,,ZMK,1,CURRENCY_CD,1
,,ZMW,1,CURRENCY_CD,1
,,ZPE Scaler #1,2,CAP_SCALE_NO,2
,,ZPE Scaler #2,3,CAP_SCALE_NO,2
,,ZPE Scaler #3,1,CAP_SCALE_NO,1
,,ZRN,1,CURRENCY_CD,1
,,ZRZ,1,CURRENCY_CD,1
,,ZT,1,PROC_CD_KR,1
,,ZWD,1,CURRENCY_CD,1
,,ZWL,1,CURRENCY_CD,1
,,Zambia,1,COUNTRY_CD,1
,,Zimbabwe,1,COUNTRY_CD,1
,,Zn,7,CHEM_CD,4
,,ZnO,1,CHEM_CD,1
,,Zr,4,CHEM_CD,3
,,Zr/(C+N),1,QLT_CHEM_FOMULA,1
,,ZrO2,1,LD_REFRACTORY_TY,1
,,a,2,CAP_SMP_TY,2
,,aaaa,1,QLT_TRK_CD,1
,,aaaaaa,1,EQUIP_STOP_CD,1
,,b,2,CAP_SMP_TY,2
,,bay 3,1,YD_BAY_CD_ROLL_H,1
,,bay 4,1,YD_BAY_CD_ROLL_H,1
,,bay 5,1,YD_BAY_CD_ROLL_H,1
,,c,2,CAP_SMP_TY,2
,,"check scarfing (03, 53 slab)",1,SCARF_TY,1
,,colon,1,TIME_SEPA,1
,,comma,1,DECIMAL_SEPA,1
,,d,2,CAP_SMP_TY,2
,,dot,1,DECIMAL_SEPA,1
,,e,2,CAP_SMP_TY,2
,,for Coil Spring,1,USAGE_LVL2_CD,1
,,for Cold Coil,4,USAGE_LVL2_CD,1
,,for General Rails,1,USAGE_LVL2_CD,1
,,for High strength rails,1,USAGE_LVL2_CD,1
,,for Plate Spring,1,USAGE_LVL2_CD,1
,,for special alloy rails,1,USAGE_LVL2_CD,1
,,g/m2,1,UNIT_CD,1
,,hhmmss,1,TIME_FORM,1
,,hyphen,2,DATETIME_SEPA,2
,,kWh,1,BYPROD_UOM_CD,1
,,mg/m2,1,UNIT_CD,1
,,min≤x,1,MECH_JDG_STD_TP,1
,,min≤x≤max,1,MECH_JDG_STD_TP,1
,,mm,4,SLAB_THK,2
,,mm/1m,1,QLT_TOL_UNT_TY,1
,,mm/2m,1,QLT_TOL_UNT_TY,1
,,others in Facility,1,REJ_OCC_REA_CD,1
,,pH,1,CHEM_CD,1
,,partial scarfing,1,SCARF_TY,1
,,português,1,DEF_LANG,1
,,prevention maintenance,1,TLC_RPR_STS,1
,,sTeel Grade,1,STD_TYPE,1
,,slash,1,DATETIME_SEPA,1
,,t <= 0.4,1,THK_GRP_CRL,1
,,test A,1,ROLL_MAK_TP,1
,,test rating,1,STOP_RATING_CD,1
,,test responsibility,1,STOP_RESONSIBLE_CD,1
,,test3,1,ITEM_SPEC,1
,,trough Defect,1,TLC_AB_TY,1
,,w <= 900,1,WTH_GRP_CRL,1
,,x≤max,1,MECH_JDG_STD_TP,1
,,δc,1,CTOD_VAL_TY,1
,,δi,1,CTOD_VAL_TY,1
,,δm,1,CTOD_VAL_TY,1
,,δu,1,CTOD_VAL_TY,1
,,μm,1,UNIT_CD,1
,,≤100mm,1,SLAG_THK_TY,1
,,≤120mm,1,SLAG_THK_TY,1
,,≤150mm,1,SLAG_THK_TY,1
,,≤340IF,1,QA_CRL_STLGRD_TY,1
,,≤50mm,1,SLAG_THK_TY,1
,#1 PorousPlug 단독사용,Use #1 PorousPlug Only,1,PRSPG_USED_POSIT_CD,1
,"#1,2 PorousPlug 동시사용","Use #1,2 PorousPlug Both",1,PRSPG_USED_POSIT_CD,1
,"#1,3 PorousPlug 동시사용","Use #1,3 PorousPlug Both",1,PRSPG_USED_POSIT_CD,1
,#2 PorousPlug 단독사용,Use #2 PorousPlug Only,1,PRSPG_USED_POSIT_CD,1
,"#2,3 PorousPlug 동시사용","Use #2,3 PorousPlug Both",1,PRSPG_USED_POSIT_CD,1
,#3 PorousPlug 단독사용,Use #3 PorousPlug Only,1,PRSPG_USED_POSIT_CD,1
,"(Dart,Ball)미사용 & Stopper미사용","(Dart,Ball) Not Use & Stopper Not Use",1,SLAG_CUT_METHOD,1
,"(Dart,Ball)미사용 & Stopper사용","(Dart,Ball) Not Use & Stopper Use",1,SLAG_CUT_METHOD,1
,"1.GB/T14164 - min≤3개 시편 평균치（그중 1개시편치가 min보다 작고 min*75%는 초과) 2.API SPEC5L - 평균치표준과 개개치 표준(min1≤3개 평균치,min2≤개개치)",B,1,MECH_JDG_STD_TP,1
,1Billet용 수강Ladle,Steel Ladle for Billet,1,SMS_LD_TY,1
,1MC 이상(연주요인),MC Abnormal,1,OB_EXEC_PURPOSE,1
,1랜스,#1 Lance,1,LN_TY,1
,1소결,Sinter #1,1,STOP_OCC_EQUIP_LOC_CD,1
,1전로,,1,PROC_CD_BOF,1
,1제강KR + MC No,KR1,1,PROC_CD_ERP,1
,1제강KR + MC No,KR2,1,PROC_CD_ERP,1
,1제강LF,,1,PROC_CD,1
,1제강LF + MC No,LF1,1,PROC_CD_ERP,1
,1제강RH,,1,PROC_CD,1
,1제강RH + MC No,RH1,1,PROC_CD_ERP,1
,1제강RH + MC No,RH2,1,PROC_CD_ERP,1
,1제강WF,,1,PROC_CD,1
,1제강연주MC,,1,PROC_CD,1
,1제강연주정정,,1,PROC_CD,1
,1제강전로,,1,PROC_CD,1
,1주선기,,1,PROC_CD_AJ,1
,1표결산(운송비포함),1 Invoice (Total Price -> Products Price And Transfer Price),1,INVOICE_MODE,1
,1후판,,1,CAPA_PROC_CD,1
,2 주선,,1,PROC_CD,1
,2000 MM 측정판,2000 MM,1,QLT_TOL_UNT_TY,1
,2MC 이상(연주요인),,1,OB_EXEC_PURPOSE,1
,2랜스,#2 Lance,1,LN_TY,1
,2전로,,1,PROC_CD_BOF,1
,2주선기,,1,PROC_CD_AJ,1
,2차 연소(광양),,1,OB_EXEC_PURPOSE,1
,2차가공취약성시험,,1,PROD_GRP_MECH_KND,1
,2차정련,,1,CAPA_PROC_CD,1
,2차정련공정대기(설비요인),,1,EQUIP_STOP_CD,1
,"2표결산(제품가격), 운송비는 재무에서 처리","2 Invoice (Products Price ,  Transfer Price)",1,INVOICE_MODE,1
,2후판,,1,CAPA_PROC_CD,1
,3/3기 조업대기,,1,EQUIP_STOP_CD,1
,3MC 이상(연주요인),,1,OB_EXEC_PURPOSE,1
,3전로,,1,PROC_CD_BOF,1
,4MC 이상(연주요인),,1,OB_EXEC_PURPOSE,1
,4전로,,1,PROC_CD_BOF,1
,API재 취련,API Category Blowing,1,BLW_PTRN,1
,B/B 대기,,1,EQUIP_STOP_CD,1
,B/C 시스템 Down,,1,EQUIP_STOP_CD,1
,BAP 대기,,1,EQUIP_STOP_CD,1
,BAP 설비이상,BAP Abnormal,1,RTN_CAU_CD,1
,"BAP 합리화, 수리, 휴지등의 영향으로 대기",,1,EQUIP_STOP_CD,1
,"BAP,LF정련 Injection투입 2차","WF,LF 2nd Injection Input",1,INPUT_AREA_CD,1
,"BAP,LF정련 Injection투입 3차","WF,LF 3rd Injection Input",1,INPUT_AREA_CD,1
,"BAP,LF정련 Injection투입 4차","WF,LF 4th Injection Input",1,INPUT_AREA_CD,1
,"BAP,LF정련 Injection투입 5차","WF,LF 5th Injection Input",1,INPUT_AREA_CD,1
,"BAP,LF정련 Injection투입 6차","WF,LF 6th Injection Input",1,INPUT_AREA_CD,1
,"BB Stand 합리화, 수리, 휴지등의 영향으로 대기",,1,EQUIP_STOP_CD,1
,BLOW HOLE 발생,Blwo Hole,1,RTN_CAU_CD,1
,BS&BAP 도착저온,Low Temp. from BAP,1,OB_EXEC_PURPOSE,1
,Back Up Roll교체휴지,,1,EQUIP_STOP_CD,1
,Bar 사행,Bar Scrap,1,BO_OCC_REASON_CD,1
,Bar사행,,1,RTN_CAU_CD,1
,Bottom Bubbling 미실시,No Bottom Bubbling,1,PRSPG_USED_POSIT_CD,1
,C/S 이상,C/S Abnor.,1,BO_OCC_REASON_CD,1
,CAS-OB & 처리미지정(SPACE) & Bottom BB Only,CAS-OB & Process not define(SPACE) & Bottom BB Only,1,BAP_PROC_PTRN,1
,CAS-OB & 처리미지정(SPACE) & Top + Bottom BB,CAS-OB & Process not define(SPACE) & Top + Bottom BB,1,BAP_PROC_PTRN,1
,CAS-OB & 처리미지정(SPACE) & Top BB Only,CAS-OB & Process not define(SPACE) & Top BB Only,1,BAP_PROC_PTRN,1
,CASSATTE 사이  용강유출,,2,BO_OCC_REASON_CD,2
,COIL BACK정밀검사,,1,QLT_MSG_CD,1
,CR2O3계 Filler,CR2O3 Filler,1,LD_FILLER_TY,1
,CRACK 발생,Crack,1,RTN_CAU_CD,1
,CRANE 관계,Crane Related,1,BO_OCC_REASON_CD,1
,CRANE 지원대기(포 2제강),,1,EQUIP_STOP_CD,1
,CRANE계통 점검 및 부품교체,,1,EQUIP_STOP_CD,1
,CRANE낙하,,1,RTN_CAU_CD,1
,CROWN 엄격재,,1,QLT_MSG_CD,1
,CTOD시험,,1,PROD_GRP_MECH_KND,1
,CheckBall사용(성공) & Stopper미사용,CheckBall Use(Success) & Stopper Not Use,1,SLAG_CUT_METHOD,1
,CheckBall사용(성공) & Stopper사용,CheckBall Use(Success) & Stopper Use,1,SLAG_CUT_METHOD,1
,CheckBall사용(실패) & Stopper미사용,CheckBall Use(Failure) & Stopper Not Use,1,SLAG_CUT_METHOD,1
,CheckBall사용(실패) & Stopper사용,CheckBall Use(Failure) & Stopper Use,1,SLAG_CUT_METHOD,1
,Coil Grind요구재,Coil Grind Required,1,RTN_CAU_CD,1
,Coiling Station 이상,Coiling Station Abnormal,1,RTN_CAU_CD,1
,DIA 미달,Below The Standard Effective DIA,1,ROLL_DISCARD_RSN_TY,1
,DWTT(낙중),,1,PROD_GRP_MECH_KND,1
,Dart투입(성공) & Stopper미사용,Dart Use(Success) & Stopper Not Use,1,SLAG_CUT_METHOD,1
,Dart투입(성공) & Stopper사용,Dart Use(Success) & Stopper Use,1,SLAG_CUT_METHOD,1
,Dart투입(실패) & Stopper미사용,Dart Use(Failure) & Stopper Not Use,1,SLAG_CUT_METHOD,1
,Dart투입(실패) & Stopper사용,Dart Use(Failure) & Stopper Use,1,SLAG_CUT_METHOD,1
,Double Slag 대기(Si),,1,EQUIP_STOP_CD,1
,Double Slag(탈 P),Double Slag(De-P),1,OPER_ABNR_REASON_CD,1
,Double Slag(탈 Si),Double Slag(De-Si),1,OPER_ABNR_REASON_CD,1
,Dummy Bar 인발이상,Dummy Bar Drawing Abnor.,1,BO_OCC_REASON_CD,1
,EDGE CRACK 정밀검사,,1,QLT_MSG_CD,1
,EMS  이상,EMS Abnor.,1,BO_OCC_REASON_CD,1
,Erichsen시험,,1,PROD_GRP_MECH_KND,1
,Etc/후도금 or 분산도금/Normal(Proc),,1,MLD_COAT_METHOD,1
,Etc/후도금 or 분산도금/Test,,1,MLD_COAT_METHOD,1
,Filler제거후 개공,"After Filler remove, Opening",1,LD_OPEN_TY,1
,Front/후도금 or 분산도금/Normal(Proc),,1,MLD_COAT_METHOD,1
,Front/후도금 or 분산도금/Test,,1,MLD_COAT_METHOD,1
,GAS절단,,1,CAPA_PROC_CD,1
,GI & 처리미지정(SPACE) & Bottom BB Only,GI & Process not define(SPACE) & Bottom BB Only,1,BAP_PROC_PTRN,1
,GI & 처리미지정(SPACE) & Top + Bottom BB,GI & Process not define(SPACE) & Top + Bottom BB,1,BAP_PROC_PTRN,1
,GI & 처리미지정(SPACE) & Top BB Only,GI & Process not define(SPACE) & Top BB Only,1,BAP_PROC_PTRN,1
,GI and 처리미지정(SPACE) and Bottom BB Only,GI and Process not define(SPACE) and Bottom BB Only,1,LF_PROC_PTRN,1
,GI and 처리미지정(SPACE) and Top + Bottom BB,GI and Process not define(SPACE) and Top + Bottom BB,1,LF_PROC_PTRN,1
,GI and 처리미지정(SPACE) and Top BB Only,GI and Process not define(SPACE) and Top BB Only,1,LF_PROC_PTRN,1
,GK 냉연-도금 Reason etc(冶金-其他原因),,1,APPR_DEF_GRP,1
,GK 냉연-도금 Reason etc(冷轧-其他原因),,1,APPR_DEF_GRP,1
,GK 냉연-도금 Reason etc(热轧-其他原因),,1,APPR_DEF_GRP,1
,GUIDE ROLL 이상,Guide Roll Abnor.,1,BO_OCC_REASON_CD,1
,HCR재 온도 이상,HCR Abnormal Temp.,1,RTN_CAU_CD,1
,HIC시험,,1,PROD_GRP_MECH_KND,1
,I/H 이상,I/H Abnor.,1,BO_OCC_REASON_CD,1
,IMMERSION 1차측정,Immersion 1st Measuring,1,STEEL_MSU_TEMP_AREA_CD,1
,IMMERSION 2차측정,Immersion 2nd Measuring,1,STEEL_MSU_TEMP_AREA_CD,1
,IMMERSION 3차측정,Immersion 3rd Measuring,1,STEEL_MSU_TEMP_AREA_CD,1
,IMMERSION 4차측정,Immersion 4th Measuring,1,STEEL_MSU_TEMP_AREA_CD,1
,IMMERSION 5차측정,Immersion 5th Measuring,1,STEEL_MSU_TEMP_AREA_CD,1
,Inductive Heater 이상,Inductive Heater Abnormal,1,RTN_CAU_CD,1
,"Intocast0.01% ≤C ≤0.07%, V:1.3이하",,1,MLD_FLUX_CD,1
,"Intocast0.01% ≤C ≤0.07%, V:전주속",,1,MLD_FLUX_CD,1
,"Intocast0.08% ≤C ≤0.16%, V:1.3이하",,1,MLD_FLUX_CD,1
,"Intocast0.08% ≤C ≤0.29%, V:전주속",,1,MLD_FLUX_CD,1
,"Intocast0.17% ≤C ≤0.29%, V:1.3이하",,1,MLD_FLUX_CD,1
,"IntocastBillet, C:0.30%이하",,1,MLD_FLUX_CD,1
,"IntocastBloom, C:0.20%이하",,1,MLD_FLUX_CD,1
,"IntocastBloom, 용접봉용강",,1,MLD_FLUX_CD,1
,"IntocastC:0.01~0.07%,V:1.76이상",,1,MLD_FLUX_CD,1
,"IntocastC:0.08~0.17%,V:1.20이하",,1,MLD_FLUX_CD,1
,IntocastC:0.70%이상,,1,MLD_FLUX_CD,1
,"IntocastC<0.01%, V:1.3이하",,1,MLD_FLUX_CD,1
,"IntocastC<0.01%, V:1.76이상",,1,MLD_FLUX_CD,1
,"IntocastC<0.01%, V:전주속",,1,MLD_FLUX_CD,1
,"IntocastC<0.08%, V:1.20이하",,1,MLD_FLUX_CD,1
,"IntocastC<0.08%, V:1.31~,(열간재사용T/D용)",,1,MLD_FLUX_CD,1
,Intocast고내후성강,,1,MLD_FLUX_CD,1
,Intocast전기강판,,1,MLD_FLUX_CD,1
,"Kamogawa0.01% ≤C ≤0.07%, V:1.3이하",,1,MLD_FLUX_CD,1
,"Kamogawa0.01% ≤C ≤0.07%, V:전주속",,1,MLD_FLUX_CD,1
,"Kamogawa0.08% ≤C ≤0.16%, V:1.3이하",,1,MLD_FLUX_CD,1
,"Kamogawa0.08% ≤C ≤0.29%, V:전주속",,1,MLD_FLUX_CD,1
,"Kamogawa0.17% ≤C ≤0.29%, V:1.3이하",,1,MLD_FLUX_CD,1
,"KamogawaBillet, C:0.30%이하",,1,MLD_FLUX_CD,1
,"KamogawaBloom, C:0.20%이하",,1,MLD_FLUX_CD,1
,"KamogawaBloom, 용접봉용강",,1,MLD_FLUX_CD,1
,"KamogawaC:0.01~0.07%,V:1.76이상",,1,MLD_FLUX_CD,1
,"KamogawaC:0.08~0.17%,V:1.20이하",,1,MLD_FLUX_CD,1
,KamogawaC:0.70%이상,,1,MLD_FLUX_CD,1
,"KamogawaC<0.01%, V:1.3이하",,1,MLD_FLUX_CD,1
,"KamogawaC<0.01%, V:1.76이상",,1,MLD_FLUX_CD,1
,"KamogawaC<0.01%, V:전주속",,1,MLD_FLUX_CD,1
,"KamogawaC<0.08%, V:1.20이하",,1,MLD_FLUX_CD,1
,"KamogawaC<0.08%, V:1.31~,(열간재사용T/D용)",,1,MLD_FLUX_CD,1
,Kamogawa고내후성강,,1,MLD_FLUX_CD,1
,Kamogawa전기강판,,1,MLD_FLUX_CD,1
,Kneader재 보강,,1,EQUIP_STOP_CD,1
,Knife교체휴지,,1,EQUIP_STOP_CD,1
,L/D 연결주편,Connection Slab,1,SLAB_CUT_POSIT_CD,1
,L/D 연결주편+1주편,Connection + 1 Slab,1,SLAB_CUT_POSIT_CD,1
,L/D(Ladle Salg) 과다,Over Ladle Slag,1,RTN_CAU_CD,1
,L/D요인 승온,,1,OB_EXEC_PURPOSE,1
,LADLE TURRET 관계,Ladle Turret Related,1,BO_OCC_REASON_CD,1
,LADLE 온도  낮음,LADLE Temp. Low,1,BO_OCC_REASON_CD,1
,LADLE 온도  높음,LADLE Temp. High,1,BO_OCC_REASON_CD,1
,LADLE 온도하락  ( 대기 ),Ladle Temp. Down(Waiting),1,BO_OCC_REASON_CD,1
,LF and 처리미지정(SPACE) and Bottom BB Only,LF and Process not define(SPACE) and Bottom BB Only,1,LF_PROC_PTRN,1
,LF and 처리미지정(SPACE) and Top + Bottom BB,LF and Process not define(SPACE) and Top + Bottom BB,1,LF_PROC_PTRN,1
,LF and 처리미지정(SPACE) and Top BB Only,LF and Process not define(SPACE) and Top BB Only,1,LF_PROC_PTRN,1
,LF 대기,,1,EQUIP_STOP_CD,1
,LF이상,LF Abnormal,1,RTN_CAU_CD,1
,"LF합리화, 수리, 휴지등의 영향으로 대기",,1,EQUIP_STOP_CD,1
,LSP 조업,LSP Operation,1,BLW_PTRN,1
,Ladle 대기,,1,EQUIP_STOP_CD,1
,Ladle개시,Ladle Open Start,1,INPUT_AREA_CD,1
,Ladle완료,Ladle Open End,1,INPUT_AREA_CD,1
,Lance 교환,,1,EQUIP_STOP_CD,1
,MACRO시험,,1,PROD_GRP_MECH_KND,1
,MLAC 이상,MLAC Abnor.,1,BO_OCC_REASON_CD,1
,MOLD 관계,MOLD Abnnor.,1,BO_OCC_REASON_CD,1
,MOLD 탕면제어장치  이상,,1,BO_OCC_REASON_CD,1
,"Metallurgica0.01% ≤C ≤0.07%, V:1.3이하",,1,MLD_FLUX_CD,1
,"Metallurgica0.01% ≤C ≤0.07%, V:전주속",,1,MLD_FLUX_CD,1
,"Metallurgica0.08% ≤C ≤0.16%, V:1.3이하",,1,MLD_FLUX_CD,1
,"Metallurgica0.08% ≤C ≤0.29%, V:전주속",,1,MLD_FLUX_CD,1
,"Metallurgica0.17% ≤C ≤0.29%, V:1.3이하",,1,MLD_FLUX_CD,1
,"MetallurgicaBillet, C:0.30%이하",,1,MLD_FLUX_CD,1
,"MetallurgicaBloom, C:0.20%이하",,1,MLD_FLUX_CD,1
,"MetallurgicaBloom, 용접봉용강",,1,MLD_FLUX_CD,1
,"MetallurgicaC:0.01~0.07%,V:1.76이상",,1,MLD_FLUX_CD,1
,"MetallurgicaC:0.08~0.17%,V:1.20이하",,1,MLD_FLUX_CD,1
,MetallurgicaC:0.70%이상,,1,MLD_FLUX_CD,1
,"MetallurgicaC<0.01%, V:1.3이하",,1,MLD_FLUX_CD,1
,"MetallurgicaC<0.01%, V:1.76이상",,1,MLD_FLUX_CD,1
,"MetallurgicaC<0.01%, V:전주속",,1,MLD_FLUX_CD,1
,"MetallurgicaC<0.08%, V:1.20이하",,1,MLD_FLUX_CD,1
,"MetallurgicaC<0.08%, V:1.31~,(열간재사용T/D용)",,1,MLD_FLUX_CD,1
,Metallurgica고내후성강,,1,MLD_FLUX_CD,1
,Metallurgica전기강판,,1,MLD_FLUX_CD,1
,Mode교체,,1,EQUIP_STOP_CD,1
,NDT시험,,1,PROD_GRP_MECH_KND,1
,NO 고표면,,1,HIGH_SURF_FL,1
,"Nippon Thermochemical0.01% ≤C ≤0.07%, V:1.3이하",,1,MLD_FLUX_CD,1
,"Nippon Thermochemical0.01% ≤C ≤0.07%, V:전주속",,1,MLD_FLUX_CD,1
,"Nippon Thermochemical0.08% ≤C ≤0.16%, V:1.3이하",,1,MLD_FLUX_CD,1
,"Nippon Thermochemical0.08% ≤C ≤0.29%, V:전주속",,1,MLD_FLUX_CD,1
,"Nippon Thermochemical0.17% ≤C ≤0.29%, V:1.3이하",,1,MLD_FLUX_CD,1
,"Nippon ThermochemicalBillet, C:0.30%이하",,1,MLD_FLUX_CD,1
,"Nippon ThermochemicalBloom, C:0.20%이하",,1,MLD_FLUX_CD,1
,"Nippon ThermochemicalBloom, 용접봉용강",,1,MLD_FLUX_CD,1
,"Nippon ThermochemicalC:0.01~0.07%,V:1.76이상",,1,MLD_FLUX_CD,1
,"Nippon ThermochemicalC:0.08~0.17%,V:1.20이하",,1,MLD_FLUX_CD,1
,Nippon ThermochemicalC:0.70%이상,,1,MLD_FLUX_CD,1
,"Nippon ThermochemicalC<0.01%, V:1.3이하",,1,MLD_FLUX_CD,1
,"Nippon ThermochemicalC<0.01%, V:1.76이상",,1,MLD_FLUX_CD,1
,"Nippon ThermochemicalC<0.01%, V:전주속",,1,MLD_FLUX_CD,1
,"Nippon ThermochemicalC<0.08%, V:1.20이하",,1,MLD_FLUX_CD,1
,"Nippon ThermochemicalC<0.08%, V:1.31~,(열간재사용T/D용)",,1,MLD_FLUX_CD,1
,Nippon Thermochemical고내후성강,,1,MLD_FLUX_CD,1
,Nippon Thermochemical전기강판,,1,MLD_FLUX_CD,1
,"Nittex0.01% ≤C ≤0.07%, V:1.3이하",,1,MLD_FLUX_CD,1
,"Nittex0.01% ≤C ≤0.07%, V:전주속",,1,MLD_FLUX_CD,1
,"Nittex0.08% ≤C ≤0.16%, V:1.3이하",,1,MLD_FLUX_CD,1
,"Nittex0.08% ≤C ≤0.29%, V:전주속",,1,MLD_FLUX_CD,1
,"Nittex0.17% ≤C ≤0.29%, V:1.3이하",,1,MLD_FLUX_CD,1
,"NittexBillet, C:0.30%이하",,1,MLD_FLUX_CD,1
,"NittexBloom, C:0.20%이하",,1,MLD_FLUX_CD,1
,"NittexBloom, 용접봉용강",,1,MLD_FLUX_CD,1
,"NittexC:0.01~0.07%,V:1.76이상",,1,MLD_FLUX_CD,1
,"NittexC:0.08~0.17%,V:1.20이하",,1,MLD_FLUX_CD,1
,NittexC:0.70%이상,,1,MLD_FLUX_CD,1
,"NittexC<0.01%, V:1.3이하",,1,MLD_FLUX_CD,1
,"NittexC<0.01%, V:1.76이상",,1,MLD_FLUX_CD,1
,"NittexC<0.01%, V:전주속",,1,MLD_FLUX_CD,1
,"NittexC<0.08%, V:1.20이하",,1,MLD_FLUX_CD,1
,"NittexC<0.08%, V:1.31~,(열간재사용T/D용)",,1,MLD_FLUX_CD,1
,Nittex고내후성강,,1,MLD_FLUX_CD,1
,Nittex전기강판,,1,MLD_FLUX_CD,1
,Normal 주편,Normal Slab,1,SLAB_CUT_POSIT_CD,1
,OG(LT)설비점검,,1,EQUIP_STOP_CD,1
,Oscillation 이상,Oscillation Abnormal,1,BO_OCC_REASON_CD,1
,P/S 이상,P/S Abnor.,1,BO_OCC_REASON_CD,1
,PI & 처리미지정(SPACE) & Bottom BB Only,PI & Process not define(SPACE) & Bottom BB Only,1,BAP_PROC_PTRN,1
,PI & 처리미지정(SPACE) & Top + Bottom BB,PI & Process not define(SPACE) & Top + Bottom BB,1,BAP_PROC_PTRN,1
,PI & 처리미지정(SPACE) & Top BB Only,PI & Process not define(SPACE) & Top BB Only,1,BAP_PROC_PTRN,1
,PI and 처리미지정(SPACE) and Bottom BB Only,PI and Process not define(SPACE) and Bottom BB Only,1,LF_PROC_PTRN,1
,PI and 처리미지정(SPACE) and Top + Bottom BB,PI and Process not define(SPACE) and Top + Bottom BB,1,LF_PROC_PTRN,1
,PI and 처리미지정(SPACE) and Top BB Only,PI and Process not define(SPACE) and Top BB Only,1,LF_PROC_PTRN,1
,PI 처리대기(Double Slag),,1,EQUIP_STOP_CD,1
,PINCH ROLL 이상,Pinch Roll Abnor.,1,BO_OCC_REASON_CD,1
,PI처리 and Powder Injection and Oxygeon Blowing 미실시,PI and Powder Injection and No Oxygeon Blowing,1,RH_PROC_PTRN,1
,PI처리 and Powder Injection and Oxygeon Blowing 실시,PI and Powder Injection and Oxygeon Blowing,1,RH_PROC_PTRN,1
,PI처리 and Wire Feeding and Oxygeon Blowing 미실시,PI and Wire Feeding and No Oxygeon Blowing,1,RH_PROC_PTRN,1
,PI처리 and Wire Feeding and Oxygeon Blowing 실시,PI and Wire Feeding and Oxygeon Blowing,1,RH_PROC_PTRN,1
,PI처리 and 처리미지정(SPACE) and Oxygeon Blowing 미실시,PI and Processing not defined(SPACE) and No Oxygeon Blowing,1,RH_PROC_PTRN,1
,PI처리 and 처리미지정(SPACE) and Oxygeon Blowing 실시,PI and Processing not defined(SPACE) and Oxygeon Blowing,1,RH_PROC_PTRN,1
,PLATE NO  + (선급협회마크 + GRADE) + HEAT NO 타각,,1,ENGRV_MRK_CD,1
,PLATE NO  + (선급협회마크 + GRADE) + 제조사 명 타각,,1,ENGRV_MRK_CD,1
,PLATE NO  + (선급협회마크 + GRADE) 타각,,1,ENGRV_MRK_CD,1
,PLATE NO 타각,,1,ENGRV_MRK_CD,1
,PPL 포장기,,1,COIL_PAK_EQU_NM,1
,PPL인공포장기,,1,COIL_PAK_EQU_NM,1
,PPL제품,,1,CAPA_PROC_CD,1
,Partial/후도금 or 분산도금/Normal(Proc),,1,MLD_COAT_METHOD,1
,Partial/후도금 or 분산도금/Test,,1,MLD_COAT_METHOD,1
,Pendulum Shear 이상,Pendulum Shear Abnormal,1,RTN_CAU_CD,1
,Posled작업대기(광 2제강),,1,EQUIP_STOP_CD,1
,P편석시험,,1,PROD_GRP_MECH_KND,1
,R/T적치,,1,SLAB_CHARG_PROG_TY,1
,R/U 이상,R/U Abnor.,1,BO_OCC_REASON_CD,1
,RCL인공포장기,,1,COIL_PAK_EQU_NM,1
,RH 대기,,1,EQUIP_STOP_CD,1
,RH 필수,,1,QLT_MSG_CD,1
,RH+GI and 처리미지정(SPACE) and Oxygeon Blowing 미실시,RH+GI and Processing not defined(SPACE) and No Oxygeon Blowing,1,RH_PROC_PTRN,1
,RH+GI and 처리미지정(SPACE) and Oxygeon Blowing 실시,RH+GI and Processing not defined(SPACE) and Oxygeon Blowing,1,RH_PROC_PTRN,1
,RH+PI and Powder Injection and Oxygeon Blowing 미실시,RH+PI and Powder Injection and No Oxygeon Blowing,1,RH_PROC_PTRN,1
,RH+PI and Powder Injection and Oxygeon Blowing 실시,RH+PI and Powder Injection and Oxygeon Blowing,1,RH_PROC_PTRN,1
,RH+PI and Wire Feeding and Oxygeon Blowing 미실시,RH+PI and Wire Feeding and No Oxygeon Blowing,1,RH_PROC_PTRN,1
,RH+PI and Wire Feeding and Oxygeon Blowing 실시,RH+PI and Wire Feeding and Oxygeon Blowing,1,RH_PROC_PTRN,1
,RH+PI and 처리미지정(SPACE) and Oxygeon Blowing 미실시,RH+PI and Processing not defined(SPACE) and No Oxygeon Blowing,1,RH_PROC_PTRN,1
,RH+PI and 처리미지정(SPACE) and Oxygeon Blowing 실시,RH+PI and Processing not defined(SPACE) and Oxygeon Blowing,1,RH_PROC_PTRN,1
,"RH,LF 공정대기(연속편성)",,1,EQUIP_STOP_CD,1
,RH-OB설비이상,RHOB Abnormal,1,RTN_CAU_CD,1
,RH이상온도 Drop,RH Temp. Abnormal,1,OB_EXEC_PURPOSE,1
,"RH합리화, 수리, 휴지등의 영향으로 대기",,1,EQUIP_STOP_CD,1
,Redution Unit 이상,Redution Unit Abnormal,1,RTN_CAU_CD,1
,S/F 취소,,1,SLAB_SCRAF_END_TY,1
,SCARFING 불량,Abnormal Scrafing,1,RTN_CAU_CD,1
,SLAB제품,,1,CAPA_PROC_CD,1
,SLAG_LINE 수리,SLAG LINE Repair,1,LD_RPR_RSN_CD,1
,SMP 조업,SMP Operation,1,BLW_PTRN,1
,STOPPER CRACK ( CASSETTE 이상 ),STOPPER Crack ( Cassette Abnor. ),1,BO_OCC_REASON_CD,1
,STOPPER CRACK ( CASSETTE 이상 ),Stopper Crack,1,RTN_CAU_CD,1
,STOPPER Cutting  ( TOP NOZZLE 막힘 ),,1,BO_OCC_REASON_CD,1
,STOPPER RUNNING ( UNIT 이상 ),STOPPER Running ( Unit Abnor ),1,BO_OCC_REASON_CD,1
,STOPPER RUNNING(UNIT 이상 ),Stopper Running,1,RTN_CAU_CD,1
,STOPPER 절단(TOP NOZZLE 막힘 ),Stopper Disconnect,1,RTN_CAU_CD,1
,S_Print시험,,1,PROD_GRP_MECH_KND,1
,"Sakai0.01% ≤C ≤0.07%, V:1.3이하",,1,MLD_FLUX_CD,1
,"Sakai0.01% ≤C ≤0.07%, V:전주속",,1,MLD_FLUX_CD,1
,"Sakai0.08% ≤C ≤0.16%, V:1.3이하",,1,MLD_FLUX_CD,1
,"Sakai0.08% ≤C ≤0.29%, V:전주속",,1,MLD_FLUX_CD,1
,"Sakai0.17% ≤C ≤0.29%, V:1.3이하",,1,MLD_FLUX_CD,1
,"SakaiBillet, C:0.30%이하",,1,MLD_FLUX_CD,1
,"SakaiBloom, C:0.20%이하",,1,MLD_FLUX_CD,1
,"SakaiBloom, 용접봉용강",,1,MLD_FLUX_CD,1
,"SakaiC:0.01~0.07%,V:1.76이상",,1,MLD_FLUX_CD,1
,"SakaiC:0.08~0.17%,V:1.20이하",,1,MLD_FLUX_CD,1
,SakaiC:0.70%이상,,1,MLD_FLUX_CD,1
,"SakaiC<0.01%, V:1.3이하",,1,MLD_FLUX_CD,1
,"SakaiC<0.01%, V:1.76이상",,1,MLD_FLUX_CD,1
,"SakaiC<0.01%, V:전주속",,1,MLD_FLUX_CD,1
,"SakaiC<0.08%, V:1.20이하",,1,MLD_FLUX_CD,1
,"SakaiC<0.08%, V:1.31~,(열간재사용T/D용)",,1,MLD_FLUX_CD,1
,Sakai고내후성강,,1,MLD_FLUX_CD,1
,Sakai전기강판,,1,MLD_FLUX_CD,1
,Segment교환,,1,EQUIP_STOP_CD,1
,"Shinagawa, 일본0.01% ≤C ≤0.07%, V:1.31~",,1,MLD_FLUX_CD,1
,"Shinagawa, 일본0.01% ≤C ≤0.07%, V:1.3이하",,1,MLD_FLUX_CD,1
,"Shinagawa, 일본0.01% ≤C ≤0.07%, V:1.71~",,1,MLD_FLUX_CD,1
,"Shinagawa, 일본0.01% ≤C ≤0.07%, V:전주속",,1,MLD_FLUX_CD,1
,"Shinagawa, 일본0.08% ≤C ≤0.16%, V:1.31~",,1,MLD_FLUX_CD,1
,"Shinagawa, 일본0.08% ≤C ≤0.16%, V:1.3이하",,1,MLD_FLUX_CD,1
,"Shinagawa, 일본0.08% ≤C ≤0.29%, V:전주속",,1,MLD_FLUX_CD,1
,"Shinagawa, 일본0.17% ≤C ≤0.29%, V:1.31~",,1,MLD_FLUX_CD,1
,"Shinagawa, 일본0.17% ≤C ≤0.29%, V:1.3이하",,1,MLD_FLUX_CD,1
,"Shinagawa, 일본0.8% ≤C ≤0.15%, V:1.71~",,1,MLD_FLUX_CD,1
,"Shinagawa, 일본Billet, C:0.30%이하",,1,MLD_FLUX_CD,1
,"Shinagawa, 일본Billet, C>0.30%",,1,MLD_FLUX_CD,1
,"Shinagawa, 일본Bloom, C:0.20%이하",,1,MLD_FLUX_CD,1
,"Shinagawa, 일본Bloom, C>0.20%",,1,MLD_FLUX_CD,1
,"Shinagawa, 일본Bloom, 용접봉용강",,1,MLD_FLUX_CD,1
,"Shinagawa, 일본C:0.01~0.07%,V:1.21~1.50",,1,MLD_FLUX_CD,1
,"Shinagawa, 일본C:0.01~0.07%,V:1.51~1.75 , C:0.18~0.69%",,1,MLD_FLUX_CD,1
,"Shinagawa, 일본C:0.01~0.07%,V:1.76이상",,1,MLD_FLUX_CD,1
,"Shinagawa, 일본C:0.08~0.17%,V:1.20이하",,1,MLD_FLUX_CD,1
,"Shinagawa, 일본C:0.08~0.17%,V:1.21~1.50",,1,MLD_FLUX_CD,1
,"Shinagawa, 일본C:0.08~0.17%,V>1.51",,1,MLD_FLUX_CD,1
,"Shinagawa, 일본C:0.70%이상",,1,MLD_FLUX_CD,1
,"Shinagawa, 일본C<0.01%, V:1.21~1.50",,1,MLD_FLUX_CD,1
,"Shinagawa, 일본C<0.01%, V:1.31~",,1,MLD_FLUX_CD,1
,"Shinagawa, 일본C<0.01%, V:1.3이하",,1,MLD_FLUX_CD,1
,"Shinagawa, 일본C<0.01%, V:1.51~1.75",,1,MLD_FLUX_CD,1
,"Shinagawa, 일본C<0.01%, V:1.76이상",,1,MLD_FLUX_CD,1
,"Shinagawa, 일본C<0.01%, V:전주속",,1,MLD_FLUX_CD,1
,"Shinagawa, 일본C<0.08%, V:1.20이하",,1,MLD_FLUX_CD,1
,"Shinagawa, 일본C<0.08%, V:1.31~,(열간재사용T/D용)",,1,MLD_FLUX_CD,1
,"Shinagawa, 일본고내후성강",,1,MLD_FLUX_CD,1
,"Shinagawa, 일본전기강판",,1,MLD_FLUX_CD,1
,"Shinagawa, 중국0.01% ≤C ≤0.07%, V:1.31~",,1,MLD_FLUX_CD,1
,"Shinagawa, 중국0.01% ≤C ≤0.07%, V:1.3이하",,1,MLD_FLUX_CD,1
,"Shinagawa, 중국0.01% ≤C ≤0.07%, V:1.71~",,1,MLD_FLUX_CD,1
,"Shinagawa, 중국0.01% ≤C ≤0.07%, V:전주속",,1,MLD_FLUX_CD,1
,"Shinagawa, 중국0.08% ≤C ≤0.16%, V:1.31~",,1,MLD_FLUX_CD,1
,"Shinagawa, 중국0.08% ≤C ≤0.16%, V:1.3이하",,1,MLD_FLUX_CD,1
,"Shinagawa, 중국0.08% ≤C ≤0.29%, V:전주속",,1,MLD_FLUX_CD,1
,"Shinagawa, 중국0.17% ≤C ≤0.29%, V:1.31~",,1,MLD_FLUX_CD,1
,"Shinagawa, 중국0.17% ≤C ≤0.29%, V:1.3이하",,1,MLD_FLUX_CD,1
,"Shinagawa, 중국0.8% ≤C ≤0.15%, V:1.71~",,1,MLD_FLUX_CD,1
,"Shinagawa, 중국Billet, C:0.30%이하",,1,MLD_FLUX_CD,1
,"Shinagawa, 중국Billet, C>0.30%",,1,MLD_FLUX_CD,1
,"Shinagawa, 중국Bloom, C:0.20%이하",,1,MLD_FLUX_CD,1
,"Shinagawa, 중국Bloom, C>0.20%",,1,MLD_FLUX_CD,1
,"Shinagawa, 중국Bloom, 용접봉용강",,1,MLD_FLUX_CD,1
,"Shinagawa, 중국C:0.01~0.07%,V:1.21~1.50",,1,MLD_FLUX_CD,1
,"Shinagawa, 중국C:0.01~0.07%,V:1.51~1.75 , C:0.18~0.69%",,1,MLD_FLUX_CD,1
,"Shinagawa, 중국C:0.01~0.07%,V:1.76이상",,1,MLD_FLUX_CD,1
,"Shinagawa, 중국C:0.08~0.17%,V:1.20이하",,1,MLD_FLUX_CD,1
,"Shinagawa, 중국C:0.08~0.17%,V:1.21~1.50",,1,MLD_FLUX_CD,1
,"Shinagawa, 중국C:0.08~0.17%,V>1.51",,1,MLD_FLUX_CD,1
,"Shinagawa, 중국C:0.70%이상",,1,MLD_FLUX_CD,1
,"Shinagawa, 중국C<0.01%, V:1.21~1.50",,1,MLD_FLUX_CD,1
,"Shinagawa, 중국C<0.01%, V:1.31~",,1,MLD_FLUX_CD,1
,"Shinagawa, 중국C<0.01%, V:1.3이하",,1,MLD_FLUX_CD,1
,"Shinagawa, 중국C<0.01%, V:1.51~1.75",,1,MLD_FLUX_CD,1
,"Shinagawa, 중국C<0.01%, V:1.76이상",,1,MLD_FLUX_CD,1
,"Shinagawa, 중국C<0.01%, V:전주속",,1,MLD_FLUX_CD,1
,"Shinagawa, 중국C<0.08%, V:1.20이하",,1,MLD_FLUX_CD,1
,"Shinagawa, 중국C<0.08%, V:1.31~,(열간재사용T/D용)",,1,MLD_FLUX_CD,1
,"Shinagawa, 중국고내후성강",,1,MLD_FLUX_CD,1
,"Shinagawa, 중국전기강판",,1,MLD_FLUX_CD,1
,SiO2계 + Cr2O3계의 혼합사용,Mixed use(SiO2+Cr2O3),1,LD_FILLER_TY,1
,SiO2계 Filler,SiO2 Filler,1,LD_FILLER_TY,1
,Size불량,,1,RESMP_GTH_CAU_TY,1
,Slab반송,,1,SLAB_CHARG_PROG_TY,1
,Slag Pot 대기,,1,EQUIP_STOP_CD,1
,Slag 비잔류,Empty Slag,1,COAT_METHOD,1
,Slag 혼입 : 영차배재처리 요구(Ladle 내부에 Slag 혼입),Slag Mixing,1,TLC_STS,1
,Slag배재,De-Slag,1,PROC_PTRN,1
,Sleeve 미삽입,,1,SLEEVE_YN,1
,Sleeve 삽입,,1,SLEEVE_YN,1
,Slide Gate System 이상,Slide Gate System Abnor.,1,BO_OCC_REASON_CD,1
,Slide Gate System 이상,Slide Gate System Abnormal,1,RTN_CAU_CD,1
,Slide Gate 개폐불량,,1,BO_OCC_REASON_CD,1
,Slide Gate 개폐불량,Slide Gate Open Abnormal,1,RTN_CAU_CD,1
,Slopping발생 대,Slopping,1,OPER_ABNR_REASON_CD,1
,SpringBack시험,,1,PROD_GRP_MECH_KND,1
,"Steckel정정(Steckel 剪切,火焰切割,UST)",,1,PROC_CD,1
,"Stolberg-Samil0.01% ≤C ≤0.07%, V:1.3이하",,1,MLD_FLUX_CD,1
,"Stolberg-Samil0.01% ≤C ≤0.07%, V:전주속",,1,MLD_FLUX_CD,1
,"Stolberg-Samil0.08% ≤C ≤0.16%, V:1.3이하",,1,MLD_FLUX_CD,1
,"Stolberg-Samil0.08% ≤C ≤0.29%, V:전주속",,1,MLD_FLUX_CD,1
,"Stolberg-Samil0.17% ≤C ≤0.29%, V:1.3이하",,1,MLD_FLUX_CD,1
,"Stolberg-SamilBillet, C:0.30%이하",,1,MLD_FLUX_CD,1
,"Stolberg-SamilBloom, C:0.20%이하",,1,MLD_FLUX_CD,1
,"Stolberg-SamilBloom, 용접봉용강",,1,MLD_FLUX_CD,1
,"Stolberg-SamilC:0.01~0.07%,V:1.76이상",,1,MLD_FLUX_CD,1
,"Stolberg-SamilC:0.08~0.17%,V:1.20이하",,1,MLD_FLUX_CD,1
,Stolberg-SamilC:0.70%이상,,1,MLD_FLUX_CD,1
,"Stolberg-SamilC<0.01%, V:1.3이하",,1,MLD_FLUX_CD,1
,"Stolberg-SamilC<0.01%, V:1.76이상",,1,MLD_FLUX_CD,1
,"Stolberg-SamilC<0.01%, V:전주속",,1,MLD_FLUX_CD,1
,"Stolberg-SamilC<0.08%, V:1.20이하",,1,MLD_FLUX_CD,1
,"Stolberg-SamilC<0.08%, V:1.31~,(열간재사용T/D용)",,1,MLD_FLUX_CD,1
,Stolberg-Samil고내후성강,,1,MLD_FLUX_CD,1
,Stolberg-Samil전기강판,,1,MLD_FLUX_CD,1
,T/D~SEN간 용강유출,,2,BO_OCC_REASON_CD,2
,TCM 이상,TCM Abnor.,1,BO_OCC_REASON_CD,1
,TD연결전 마지막,Tundish exchange before(first slab),1,SLAB_CUT_POSIT_CD,1
,TD연결후 처음,Tundish exchange after(last slab) Continuous Casting(first slab),1,SLAB_CUT_POSIT_CD,1
,TUNDISH CAR 이상,T/D Car Abnor.,1,BO_OCC_REASON_CD,1
,TUNDISH 주조말기  온도 하락,,1,BO_OCC_REASON_CD,1
,Trimming요구재,Trimming Required,1,RTN_CAU_CD,1
,UST Extra 가격 적용항목,UST Extra price apply item,1,RXTRA_PRICE_ITEM,1
,UST(Off-Line)개시 UST(Off-Line)开始,Offline UST Start,1,PLT_OPER_TRK_CD,1
,UST(Off-Line)작업대기 UST(Off-Line)等待作业,Offline UST Wait,1,PLT_OPER_TRK_CD,1
,UST(Off-Line)종료 UST(Off-Line)结束,Offline UST Finish,1,PLT_OPER_TRK_CD,1
,UTILITY 점검조정,,1,EQUIP_STOP_CD,1
,Utility계통,,1,EQUIP_STOP_CD,1
,VTD 대기,,1,EQUIP_STOP_CD,1
,"VTD합리화, 수리, 휴지등의 영향으로 대기",,1,EQUIP_STOP_CD,1
,Vessel 지금용해,Vessel Skull melt,1,OB_EXEC_PURPOSE,1
,WAVE 엄격재,,1,QLT_MSG_CD,1
,WAVE 정밀검사,,1,QLT_MSG_CD,1
,"X :CPU Mode(자동)로 2차냉각수량 제어,Y:CPU모드","1:CPU Mode(Auto)-control water flow,Y:CPU Mode",1,COOLING_PTRN,1
,"X :CPU Mode(자동)로 2차냉각수량 제어,Y:수동","1:CPU Mode(Auto)-control water flow,Y:Manaual",1,COOLING_PTRN,1
,"X PLC,Y:수동","1: PLC,Y:Manual",1,COOLING_PTRN,1
,"X 수동,Y:CPU모드","1:Manual,Y:CPU Mode",2,COOLING_PTRN,1
,"X 수동,Y:PLC","1:Manual,Y:PLC",1,COOLING_PTRN,1
,"X 수동,Y:수동","1:Manual,Y:Manaul",1,COOLING_PTRN,1
,"X:CPU Mode(자동)로 2차냉각수량 제어,Y:PLC","1:CPU Mode(Auto)-control water flow,Y:PLC",1,COOLING_PTRN,1
,Z방향인장시험,,1,PROD_GRP_MECH_KND,1
,apered 주편,Taper Slab,1,SLAB_CUT_POSIT_CD,1
,ladle SLAG LINE이상,Ladle SLAG LINE Abnormal,1,LD_STS,1
,"min1≤평균치,min2≤개개치",E,1,MECH_JDG_STD_TP,1
,min≤3개 측정 개개치 모두 만족≤max,C,1,MECH_JDG_STD_TP,1
,否(지정 않함),,1,CUST_SMP_LOT_FL,1
,无指定(무지정),,1,UST_STD_CD,1
,每批一张(매Plate당1개),,1,CUST_SMP_LOT_FL,1
,每炉一张(매Heat당1개),,1,CUST_SMP_LOT_FL,1
,가동계획,Operation Plan,1,OPER_STD_TY,1
,가동시간,Operation Time,1,OPER_STD_TY,1
,가동율(%),Operation Rate(%),1,OPER_STD_TY,1
,가열로 재로시간 상한준수,,1,QLT_MSG_CD,1
,가열로 추출온도 준수,,1,QLT_MSG_CD,1
,가열로장입加热炉装炉,Heating Furnance Charge,1,PLT_OPER_TRK_CD,1
,가열로추출加热炉出炉,Heating Furnance Discharge,1,PLT_OPER_TRK_CD,1
,강종변경,Steel Grade Change,1,OB_EXEC_PURPOSE,1
,강종변경,Steel grade changes,1,UNPLAN_PROC_CD,1
,개공불능,Inability openings,1,LD_OPEN_TY,1
,개공불량,Abnormal Ladle Open,1,RTN_CAU_CD,1
,건조중,Drying,1,LD_RPR_STS,1
,검토대상,,1,SMP_ABNR_ACTION_TY,1
,결함평점1,,1,DEF_GRD,1
,결함평점2,,1,DEF_GRD,1
,결함평점3,,1,DEF_GRD,1
,결함평점4,,1,DEF_GRD,1
,결함평점5,,1,DEF_GRD,1
,결함평점6,,1,DEF_GRD,1
,결함평점7,,1,DEF_GRD,1
,결함평점8,,1,DEF_GRD,1
,결함평점9,,1,DEF_GRD,1
,겹침,,1,RTN_CAU_CD,1
,경도미달,Below Hardness,1,ROLL_DISCARD_RSN_TY,1
,경도시험,,1,PROD_GRP_MECH_KND,1
,경동이상,,1,TLC_AB_TY,1
,경동이상  : 철도 (경동 불량),Abnornal Tilting,1,TLC_STS,1
,경처리 and Powder Injection and Oxygeon Blowing 미실시,,1,RH_PROC_PTRN,1
,경처리 and Powder Injection and Oxygeon Blowing 실시,,1,RH_PROC_PTRN,1
,경처리 and Wire Feeding and Oxygeon Blowing 미실시,,1,RH_PROC_PTRN,1
,경처리 and Wire Feeding and Oxygeon Blowing 실시,,1,RH_PROC_PTRN,1
,경처리 and 처리미지정(SPACE) and Oxygeon Blowing 미실시,,1,RH_PROC_PTRN,1
,경처리 and 처리미지정(SPACE) and Oxygeon Blowing 실시,,1,RH_PROC_PTRN,1
,경화능시험,,1,PROD_GRP_MECH_KND,1
,계장계통 점검 및 부품교체,,1,EQUIP_STOP_CD,1
,계장설비 기타장애,,1,EQUIP_STOP_CD,1
,계획능력,,1,CAPA_FL,1
,계획용-구매반제품,Purchase Semifinished Goods for Planning,1,ITEM_TY,1
,계획용-구매판매품,Purchase Finished Goods for Planning,1,ITEM_TY,1
,계획용-반제품,Semifinished Goods for Planning,1,ITEM_TY,1
,계획용-판매품,Finished Goods for Planning,1,ITEM_TY,1
,계획잔탕(미니밀),Planned Remain,1,RTN_CAU_CD,1
,계획휴지(소재수금조정),Planned Down Time,1,OPER_STD_TY,1
,고객사 인수보류,,1,PROD_HOLD_FL,1
,고객사신용불량,,1,PROD_HOLD_FL,1
,고객자취,,1,QCERT_DELV_CD,1
,고급표면,,1,SURF_GRD,1
,고로,Blast Furnace,1,ROUTING_CD,1
,고로 반제품,,1,WIP_INV_CD,1
,고로 부산물,,1,WIP_INV_CD,1
,고로용선대기,,1,EQUIP_STOP_CD,1
,고온인장시험,,1,PROD_GRP_MECH_KND,1
,고장,,1,KR_EQP_STATUS,1
,고철지연대기,,1,EQUIP_STOP_CD,1
,고탄소 공구강 취련,,1,BLW_PTRN,1
,고표면,,1,HIGH_SURF_FL,1
,공 Ladle,Empty TLC,1,TLC_STS_TY,1
,공장 정전사고,,1,EQUIP_STOP_CD,1
,공장내 Utillity이상,,1,EQUIP_STOP_CD,1
,공장외 Utillity이상,,1,EQUIP_STOP_CD,1
,공정 입측 컨베어,Supplier,2,YD_BED_TY,2
,공정 출측 컨베어,Extract,1,YD_EQUIP_TY,1
,공정 출측 컨베어,Extractor,1,YD_BED_TY,1
,공정Buffer,Process Buffer,1,UNPLAN_PROC_CD,1
,공정TNB,Process TNB,1,RE_BLW_REASON_TY,1
,공정냉각,,1,OPER_ABNR_REASON_CD,1
,공정팀 요구시,,1,RTN_CAU_CD,1
,공차 하한 상한을 직접입력,,2,ORD_LTH_TOL_CD,2
,구매반제품,Purchase Semifinished Goods,1,ITEM_TY,1
,구매재입고,,1,ERP_REPORT_TY,1
,구매판매품,Purchase Goods,1,ITEM_TY,1
,굴곡시험,,1,PROD_GRP_MECH_KND,1
,권취불량,Abnormal Pickup,1,RTN_CAU_CD,1
,규정치1≤3개 시편 평균치；규정치2≤2면 각 1개 시편치 총합；규정치3≤단면 1개 시편치。,D,1,MECH_JDG_STD_TP,1
,긁힘,,1,RTN_CAU_CD,1
,금상현미조직시험,,1,PROD_GRP_MECH_KND,1
,급냉추출(急冷出炉),Plate is discharged out of quench,1,HTM_CH_DISCH_FL,1
,급지계통  이상,,1,BO_OCC_REASON_CD,1
,기계 + 전기수리,Mechanical+Electronic Repair,1,LD_RPR_RSN_CD,1
,기계설비 점검 및 부품교체,,1,EQUIP_STOP_CD,1
,기계설비기타장애,,1,EQUIP_STOP_CD,1
,기계수리,Mechanical Repair,1,LD_RPR_RSN_CD,1
,기공발생,Air in the Roll,1,ROLL_DISCARD_RSN_TY,1
,기타,Etc,2,LD_FILLER_TY,2
,기타,Etc.,1,OB_EXEC_PURPOSE,1
,기타,Misc.,1,RTN_CAU_CD,1
,기타  S/N 관계,Etc S/N Related,1,BO_OCC_REASON_CD,1
,기타  S/N 관계,Etc.(Related S/N),1,RTN_CAU_CD,1
,기타  STOPPER 관계,Etc STOPPER Related,1,BO_OCC_REASON_CD,1
,기타  STOPPER 관계,Etc.(Related Stopper),1,RTN_CAU_CD,1
,기타  설비이상,Etc Equip. Abnor.,1,BO_OCC_REASON_CD,1
,기타  온도관계,Etc Temp. Related,1,BO_OCC_REASON_CD,1
,기타  침지노즐  관계,,1,RTN_CAU_CD,1
,기타 공정대기,,1,EQUIP_STOP_CD,1
,기타 미니밀 설비이상,Etc.(Related Mini-Mill),1,RTN_CAU_CD,1
,기타 침지노즐  관계,Misc. SN Related,1,BO_OCC_REASON_CD,1
,기타(Billet),Etc.(Billet),1,RTN_CAU_CD,1
,기타(연주요인）,Etc(C.Cast）,1,BO_OCC_REASON_CD,1
,기타(제강요인),Etc.(SMS),1,RTN_CAU_CD,1
,기타(제강요인）,Etc(SMS）,1,BO_OCC_REASON_CD,1
,기타/S+T/Test,Etc/S+T/Test,1,MLD_COAT_METHOD,1
,기타/S+T/일반(공정),Etc/S+T/Normal(Proc),1,MLD_COAT_METHOD,1
,기타/Shot Blasting 처리/Test,Etc/Shot Blasting Processing/Test,1,MLD_COAT_METHOD,1
,기타/Shot Blasting 처리/일반(공정),Etc/Shot Blasting Processing/Normal(Proc),1,MLD_COAT_METHOD,1
,기타/기타/Test,Etc/Etc/Test,1,MLD_COAT_METHOD,1
,기타/기타/일반(공정),Etc/Etc/Normal(Proc),1,MLD_COAT_METHOD,1
,기타/일반/Test,Etc/Normal/Test,1,MLD_COAT_METHOD,1
,기타/일반/일반(공정),Etc/Normal/Normal(Proc),1,MLD_COAT_METHOD,1
,"기타0.01% ≤C ≤0.07%, V:1.31~",,1,MLD_FLUX_CD,1
,"기타0.01% ≤C ≤0.07%, V:1.3이하",,1,MLD_FLUX_CD,1
,"기타0.01% ≤C ≤0.07%, V:1.71~",,1,MLD_FLUX_CD,1
,"기타0.01% ≤C ≤0.07%, V:전주속",,1,MLD_FLUX_CD,1
,"기타0.08% ≤C ≤0.16%, V:1.31~",,1,MLD_FLUX_CD,1
,"기타0.08% ≤C ≤0.16%, V:1.3이하",,1,MLD_FLUX_CD,1
,"기타0.08% ≤C ≤0.29%, V:전주속",,1,MLD_FLUX_CD,1
,"기타0.17% ≤C ≤0.29%, V:1.31~",,1,MLD_FLUX_CD,1
,"기타0.17% ≤C ≤0.29%, V:1.3이하",,1,MLD_FLUX_CD,1
,"기타0.8% ≤C ≤0.15%, V:1.71~",,1,MLD_FLUX_CD,1
,"기타Billet, C:0.30%이하",,1,MLD_FLUX_CD,1
,"기타Billet, C>0.30%",,1,MLD_FLUX_CD,1
,"기타Bloom, C:0.20%이하",,1,MLD_FLUX_CD,1
,"기타Bloom, C>0.20%",,1,MLD_FLUX_CD,1
,"기타Bloom, 용접봉용강",,1,MLD_FLUX_CD,1
,"기타C:0.01~0.07%,V:1.21~1.50",,1,MLD_FLUX_CD,1
,"기타C:0.01~0.07%,V:1.51~1.75 , C:0.18~0.69%",,1,MLD_FLUX_CD,1
,"기타C:0.01~0.07%,V:1.76이상",,1,MLD_FLUX_CD,1
,"기타C:0.08~0.17%,V:1.20이하",,1,MLD_FLUX_CD,1
,"기타C:0.08~0.17%,V:1.21~1.50",,1,MLD_FLUX_CD,1
,"기타C:0.08~0.17%,V>1.51",,1,MLD_FLUX_CD,1
,기타C:0.70%이상,,1,MLD_FLUX_CD,1
,"기타C<0.01%, V:1.21~1.50",,1,MLD_FLUX_CD,1
,"기타C<0.01%, V:1.31~",,1,MLD_FLUX_CD,1
,"기타C<0.01%, V:1.3이하",,1,MLD_FLUX_CD,1
,"기타C<0.01%, V:1.51~1.75",,1,MLD_FLUX_CD,1
,"기타C<0.01%, V:1.76이상",,1,MLD_FLUX_CD,1
,"기타C<0.01%, V:전주속",,1,MLD_FLUX_CD,1
,"기타C<0.08%, V:1.20이하",,1,MLD_FLUX_CD,1
,"기타C<0.08%, V:1.31~,(열간재사용T/D용)",,1,MLD_FLUX_CD,1
,기타Etc,,1,PROD_TOT_UNJDG_CAU_TY,1
,기타고내후성강,,1,MLD_FLUX_CD,1
,기타수리,Etc Repair,1,LD_RPR_RSN_CD,1
,기타수리,Other Shutdown,1,OPER_STD_TY,1
,기타연주설비이상,Etc.(CC Abnormal),1,RTN_CAU_CD,1
,기타전기강판,,1,MLD_FLUX_CD,1
,기타처리(단순BB) and Powder Injection and Bottom BB Only,Misc. Proc.(Simple BB) and Powder Injection and Bottom BB Only,1,LF_PROC_PTRN,1
,기타처리(단순BB) and Powder Injection and Oxygeon Blowing 미실시,,1,RH_PROC_PTRN,1
,기타처리(단순BB) and Powder Injection and Oxygeon Blowing 실시,,1,RH_PROC_PTRN,1
,기타처리(단순BB) and Powder Injection and Top + Bottom BB,Misc. Proc.(Simple BB) and Powder Injection and Top + Bottom BB,1,LF_PROC_PTRN,1
,기타처리(단순BB) and Powder Injection and Top BB Only,Misc. Proc.(Simple BB) and Powder Injection and Top BB Only,1,LF_PROC_PTRN,1
,기타처리(단순BB) and Wire Feeding and Bottom BB Only,Misc. Proc.(Simple BB) and Wire Feeding and Bottom BB Only,1,LF_PROC_PTRN,1
,기타처리(단순BB) and Wire Feeding and Oxygeon Blowing 미실시,,1,RH_PROC_PTRN,1
,기타처리(단순BB) and Wire Feeding and Oxygeon Blowing 실시,,1,RH_PROC_PTRN,1
,기타처리(단순BB) and Wire Feeding and Top + Bottom BB,Misc. Proc.(Simple BB) and Wire Feeding and Top + Bottom BB,1,LF_PROC_PTRN,1
,기타처리(단순BB) and Wire Feeding and Top BB Only,Misc. Proc.(Simple BB) and Wire Feeding and Top BB Only,1,LF_PROC_PTRN,1
,기타처리(단순BB) and 처리미지정(SPACE) and Bottom BB Only,Misc. Proc.(Simple BB) and Process not define(SPACE) and Bottom BB Only,1,LF_PROC_PTRN,1
,기타처리(단순BB) and 처리미지정(SPACE) and Oxygeon Blowing 미실시,,1,RH_PROC_PTRN,1
,기타처리(단순BB) and 처리미지정(SPACE) and Oxygeon Blowing 실시,,1,RH_PROC_PTRN,1
,기타처리(단순BB) and 처리미지정(SPACE) and Top + Bottom BB,Misc. Proc.(Simple BB) and Process not define(SPACE) and Top + Bottom BB,1,LF_PROC_PTRN,1
,기타처리(단순BB) and 처리미지정(SPACE) and Top BB Only,Misc. Proc.(Simple BB) and Process not define(SPACE) and Top BB Only,1,LF_PROC_PTRN,1
,길이 Extra 가격 적용항목,Length Extra price apply item,1,RXTRA_PRICE_ITEM,1
,길이부족,Shortage Length,1,RTN_CAU_CD,1
,길이불량,Abnormal Length,1,RTN_CAU_CD,1
,날판,,1,MTRL_SHP_TP,1
,남방향불출 형태,,1,IR_YRD_PILE_SHP_TY,1
,납기지연,,1,DELV_DELEY_TY,1
,납지지연예정,,1,DELV_DELEY_TY,1
,내부지금 : TCC + 공차 후배재처리(Ladle 내부에 지금 부착),Inner Slag,1,TLC_STS,1
,내수,,1,ORD_RCPT_TY,1
,내화물교체,,1,EQUIP_STOP_CD,1
,내화물수리,Refractory Repair,1,LD_RPR_RSN_CD,1
,냉ladle,Cold Ladle,1,LD_STS,1
,냉각 HOSE 탈락,,1,BO_OCC_REASON_CD,1
,냉각개시冷却开始,Cooling Bed Start,1,PLT_OPER_TRK_CD,1
,냉각종료冷却结束,Cooling Bed Finish,1,PLT_OPER_TRK_CD,1
,냉각중,In Cooling,1,LD_RPR_STS,1
,냉각힘,,1,RTN_CAU_CD,1
,냉권재,,1,RTN_CAU_CD,1
,냉연 부산물 창고,,1,WIP_INV_CD,1
,냉연 소재 창고,,1,WIP_INV_CD,1
,냉연권치,RCL,1,ROUTING_CD,1
,냉연도금,,1,FAC_PROC_CD,1
,냉연도금제품,,1,CAPA_PROC_CD,1
,냉연생산지연,,1,DELV_DELEY_CAU_CD,1
,냉연소둔,,1,FAC_PROC_CD,1
,냉연소둔1Line,,1,FAC_PROC_CD,1
,냉연소둔2Line,,1,FAC_PROC_CD,1
,냉연소둔제품,,1,CAPA_PROC_CD,1
,냉연압연,,1,FAC_PROC_CD,1
,냉연정정,,1,FAC_PROC_CD,1
,냉연정정1Line,,1,FAC_PROC_CD,1
,냉연정정2Line,,1,FAC_PROC_CD,1
,냉연정정3Line,,1,FAC_PROC_CD,1
,네크절손,Neak breakdown,1,ROLL_DISCARD_RSN_TY,1
,노구지금제거,,1,EQUIP_STOP_CD,1
,노벽보수,,1,EQUIP_STOP_CD,1
,노외설비계장,,1,EQUIP_STOP_CD,1
,노외설비기계,,2,EQUIP_STOP_CD,1
,노외설비전기,,1,EQUIP_STOP_CD,1
,노즐막힘방지,Prevent nozzle clogging,1,UNPLAN_PROC_CD,1
,노체 Spray,,1,EQUIP_STOP_CD,1
,노하청소,,1,EQUIP_STOP_CD,1
,단순 Bubbling,Simple Bubbling,1,TOP_BB_PROC_PTRN,1
,단순Bubbling & Powder Injection & Bottom BB Only,Simple Bubbling & Powder Injection & Bottom BB Only,1,BAP_PROC_PTRN,1
,단순Bubbling & Powder Injection & Top + Bottom BB,Simple Bubbling & Powder Injection & Top + Bottom BB,1,BAP_PROC_PTRN,1
,단순Bubbling & Powder Injection & Top BB Only,Simple Bubbling & Powder Injection & Top BB Only,1,BAP_PROC_PTRN,1
,단순Bubbling & Wire Feeding & Bottom BB Only,Simple Bubbling & Wire Feeding & Bottom BB Only,1,BAP_PROC_PTRN,1
,단순Bubbling & Wire Feeding & Top + Bottom BB,Simple Bubbling & Wire Feeding & Top + Bottom BB,1,BAP_PROC_PTRN,1
,단순Bubbling & Wire Feeding & Top BB Only,Simple Bubbling & Wire Feeding & Top BB Only,1,BAP_PROC_PTRN,1
,단순Bubbling & 처리미지정(SPACE) & Bottom BB Only,Simple Bubbling & Process not define(SPACE) & Bottom BB Only,1,BAP_PROC_PTRN,1
,단순Bubbling & 처리미지정(SPACE) & Top + Bottom BB,Simple Bubbling & Process not define(SPACE) & Top + Bottom BB,1,BAP_PROC_PTRN,1
,단순Bubbling & 처리미지정(SPACE) & Top BB Only,Simple Bubbling & Process not define(SPACE) & Top BB Only,1,BAP_PROC_PTRN,1
,대/중수리,Large/Medium Shutdown,1,OPER_STD_TY,1
,대수리,,1,EQUIP_STOP_CD,1
,대수리후 신ladle,"After Large stoppage, New Ladle",1,LD_STS,1
,대차설비기계,,1,EQUIP_STOP_CD,1
,대차설비전기,,1,EQUIP_STOP_CD,1
,대차이상  : 철도 (대차 불량),Abnormal Trans Car,1,TLC_STS,1
,대표,,1,REP_YN,1
,도금층부착성측험시험,,1,PROD_GRP_MECH_KND,1
,도금층품질시험,,1,PROD_GRP_MECH_KND,1
,도금후처리,,1,PROD_GRP_MECH_KND,1
,도유량측정,,1,PROD_GRP_MECH_KND,1
,동랜스,East Lance,1,LN_TY,1
,두께 Extra 가격 적용항목,Thickness Extra price apply item,1,RXTRA_PRICE_ITEM,1
,두께 정밀검사,,1,QLT_MSG_CD,1
,"두께,폭 엄격재",,1,QLT_MSG_CD,1
,"두께,폭 정밀검사",,1,QLT_MSG_CD,1
,두께불량,,1,RESMP_GTH_CAU_TY,1
,두께불량,Abnormal Thickness,1,RTN_CAU_CD,1
,란산항원료창고,,1,WIP_INV_CD,1
,"래들 상태가 양호하고, 정상일 시 미입력",Good Status,1,LD_STS,1
,래들관련,Ladle related,1,UNPLAN_PROC_CD,1
,르짜오원료창고,,1,WIP_INV_CD,1
,말-1 주편,Last - 1 slab,1,SLAB_CUT_POSIT_CD,1
,말주편,Continuous Casting(last slab),1,SLAB_CUT_POSIT_CD,1
,무효,Levelling not valid,1,CPL_STS_CD,1
,미불출 형태,,1,IR_YRD_PILE_SHP_TY,1
,미사용,Not Use,1,ROLL_STS,1
,미용괴 고철 발생,Scrap not melt,1,OPER_ABNR_REASON_CD,1
,미조치,,1,HOLD_MTL_STS_CD,1
,미지정 일반취련,"Not Defined, Normal Blowing",1,BLW_PTRN,1
,미처리 반송,Full Return,1,CAST_COMP_TY,1
,미처리제강직송,Direct to SMS,1,PI_TY,1
,미탈산,Not De-oxide,1,BO_OCC_REASON_CD,1
,미확정,,1,FAC_DCN_ERR_FL,1
,반송용강 처리대기(연주요인),,1,EQUIP_STOP_CD,1
,반송용강 처리대기(제강요인),,1,EQUIP_STOP_CD,1
,반전 미실시 또는 비도금면 전면지정,,1,RVRS_COIL_YN,1
,"반전권취 지점 또는 비도금면 후면지정, 전면검사 후 반전권취 지정",,1,RVRS_COIL_YN,1
,반제품,Semifinished Goods,1,ITEM_TY,1
,배분누계,,1,CAPA_FL,1
,배분량,,1,CAPA_FL,1
,베아링소손,Bearing Breakdown,1,ROLL_DISCARD_RSN_TY,1
,변경,,1,ERP_REPORT_TY,1
,변형,Transforming,1,ROLL_DISCARD_RSN_TY,1
,보온ladle 상태보통,Warm Ladle Status Normal,1,LD_STS,1
,보온ladle 상태불량,Warm Ladle Status Abuse,1,LD_STS,1
,보험증권,,1,COLLATERAL_KIND,1
,복합판지시,,1,PROD_GRP_MECH_KND,1
,복후판(复合制坯),,1,PROC_CD,1
,봉쑤심후 개공,"After the rods ssusim, Opening",1,LD_OPEN_TY,1
,부동산 근저장,,1,COLLATERAL_KIND,1
,부분/S+T/Test,Partial/S+T/Test,1,MLD_COAT_METHOD,1
,부분/S+T/일반(공정),Partial/S+T/Normal(Proc),1,MLD_COAT_METHOD,1
,부분/Shot Blasting 처리/Test,Partial/Shot Blasting Processing/Test,1,MLD_COAT_METHOD,1
,부분/Shot Blasting 처리/일반(공정),Partial/Shot Blasting Processing/Normal(Proc),1,MLD_COAT_METHOD,1
,부분/기타/Test,Partial/Misc./Test,1,MLD_COAT_METHOD,1
,부분/기타/일반(공정),Partial/Misc./Normal(Proc),1,MLD_COAT_METHOD,1
,부분/일반/Test,Partial/Normal/Test,1,MLD_COAT_METHOD,1
,부분/일반/일반(공정),Partial/Normal/Normal(Proc),1,MLD_COAT_METHOD,1
,부원료 투입이상,,1,EQUIP_STOP_CD,1
,"부원료투입이상(시기,량)",Sub Material Abnr.,1,OPER_ABNR_REASON_CD,1
,북방향불출 형태,,1,IR_YRD_PILE_SHP_TY,1
,분기계획,Quarter,1,PLAN_TY,1
,분석대기,,1,EQUIP_STOP_CD,1
,불합격,N,1,JDG_CD,1
,비금속개재물검측,,1,PROD_GRP_MECH_KND,1
,비틀림,,1,RTN_CAU_CD,1
,"사상압연출측온도준수,권취온도준수",,1,QLT_MSG_CD,1
,사용,,1,LD_USE_RPR_TY,1
,사용,Use,1,ROLL_STS,1
,사용중,In Use,1,LD_RPR_STS,1
,산소세척 실시후 개공,"After Oxygen cleaning, Opening",1,LD_OPEN_TY,1
,산화10,Oxidation10,1,INPUT_AREA_CD,1
,산화11,Oxidation11,1,INPUT_AREA_CD,1
,산화12,Oxidation12,1,INPUT_AREA_CD,1
,산화13,Oxidation13,1,INPUT_AREA_CD,1
,산화14,Oxidation14,1,INPUT_AREA_CD,1
,산화15,Oxidation15,1,INPUT_AREA_CD,1
,산화9,Blowing9,1,INPUT_AREA_CD,1
,상취패턴이 지정패턴과 상이,Diff Pattern of Upper Blowing,1,OPER_ABNR_REASON_CD,1
,생산가능,,1,INQ_REVIEW_RSLT_FL,1
,생산계획용,Production Plan,1,OPER_PLAN_TY,1
,생산불가,,1,INQ_REVIEW_RSLT_FL,1
,생산설비 점검,,1,EQUIP_STOP_CD,1
,생산조정휴지,,1,EQUIP_STOP_CD,1
,생산투입지연,,1,DELV_DELEY_CAU_CD,1
,서랜스,West Lance,1,LN_TY,1
,선급용,RSGRZG 11/12-04,1,MTC_TY,1
,선상,,1,RTN_CAU_CD,1
,선출강 공정대기,,1,EQUIP_STOP_CD,1
,선출강(공정Buffer),Advanced Tapping(Process Buffer),1,OB_EXEC_PURPOSE,1
,설비이상,Over facility,1,UNPLAN_PROC_CD,1
,설비처리능력,,1,CAPA_KIND,1
,설비합리화,,1,EQUIP_STOP_CD,1
,성분격외(Billet일품단위),Chemical Fail(Billet),1,RTN_CAU_CD,1
,성분격외(제강공정),Chemical Fail,1,RTN_CAU_CD,1
,성분분석시험,,1,PROD_GRP_MECH_KND,1
,성분불합격成分不合格,,1,PROD_TOT_UNJDG_CAU_TY,1
,성분이상,,1,SPL_CAU_CD,1
,성분이상,Abnormal Chemical,1,UNPLAN_PROC_CD,1
,소 LOT 주문,,1,PROD_HOLD_FL,1
,소결,Sinter,1,ROUTING_CD,1
,소결 반제품,,1,WIP_INV_CD,1
,소결 부산물,,1,WIP_INV_CD,1
,소결광(KG),Sinter(KG),1,OPER_STD_TY,1
,소결배합,,1,RM_USAGE_TY,1
,소단중,,1,RTN_CAU_CD,1
,소부경화치시험,,1,PROD_GRP_MECH_KND,1
,소수리,,1,EQUIP_STOP_CD,1
,소수리,Operational Stoppage,1,LD_RPR_TY,1
,소수리후 신ladle,"After Operational stoppage, New Ladle",1,LD_STS,1
,소재 길이 이상,Abnormal Material Length,1,RTN_CAU_CD,1
,소재 두께 이상,Abnormal Material Thickness,1,RTN_CAU_CD,1
,소재 폭 이상,Abnormal Material Width,1,RTN_CAU_CD,1
,소재단척,Short Slab,1,RTN_CAU_CD,1
,소재처리능력,Processing Capa,1,OPER_STD_TY,1
,소형Pile(10m이하),,1,IR_YRD_PILE_SHP_TY,1
,수강(주조)Ladle,,1,SMS_LD_TY,1
,수리,,1,LD_USE_RPR_TY,1
,수리작업준비,,1,EQUIP_STOP_CD,1
,수리후 운전준비,,1,EQUIP_STOP_CD,1
,수분혼입  : Ladle 내부에 수분이 혼입,Moisture Mixing,1,TLC_STS,1
,수소투과성시험,,1,PROD_GRP_MECH_KND,1
,수주계획용,Order Taking,1,OPER_PLAN_TY,1
,"스크랩, 구매","Scrap, Outbound",1,RMTRL_TY,1
,"스크랩, 자가","Scrap, Inbound",1,RMTRL_TY,1
,스풀링,Spooling,1,ROLL_DISCARD_RSN_TY,1
,승열,,1,EQUIP_STOP_CD,1
,승온,,1,TLC_RPR_STS,1
,승온대기,,1,TLC_RPR_STS,1
,시공양생,,1,TLC_RPR_STS,1
,시작,,1,LD_RCV_STS_TY,1
,시편미인도,,1,RESMP_GTH_CAU_TY,1
,시편미채취试样未采集,,1,PROD_TOT_UNJDG_CAU_TY,1
,시편번호,Sampling No,1,SMP_CONDITION_KEY,1
,시편번호 확인불가,,1,RESMP_GTH_CAU_TY,1
,시편인도일,SMP Delivery Date,1,SMP_CONDITION_DATE,1
,시편입고일,SMP Receipt Date,1,SMP_CONDITION_DATE,1
,시편채취일,SMP Gather Date,1,SMP_CONDITION_DATE,1
,시편현물누락,,1,RESMP_GTH_CAU_TY,1
,시험생산,,1,ORD_RCPT_TY,1
,시효시험,,1,PROD_GRP_MECH_KND,1
,신ladle 2회째 사용,2nd times of New Ladle,1,LD_STS,1
,신규,,2,IR_YRD_PILE_SHP_TY,2
,신용장,Letter of Credit,1,EXP_DOC_TY,1
,실물반납,,1,RTN_PROC_TY,1
,실수율(%),Yield(%),1,OPER_STD_TY,1
,압연개시轧制开始,Plate Rolling Start,1,PLT_OPER_TRK_CD,1
,압연종료轧制结束,Plate Rolling Finish,1,PLT_OPER_TRK_CD,1
,양도각서,,1,COLLATERAL_KIND,1
,양방향불출 형태,,1,IR_YRD_PILE_SHP_TY,1
,양쪽 불출,,1,IR_YRD_PILE_SHP_TY,1
,여재,NAPO,1,ORD_FL,1
,역시간,Calendar Hours,1,OPER_STD_TY,1
,연속소둔,CAL,1,ROUTING_CD,1
,연와,,1,RTN_CAU_CD,1
,연주,Cont. Casting,1,ROUTING_CD,1
,연주 부산물 창고,,1,WIP_INV_CD,1
,"연주 합리화, 수리, 휴지등의 영향으로 대기",,1,EQUIP_STOP_CD,1
,연주공장,,1,FAC_PROC_CD,1
,연주기1,CCM1,1,CCM_CD,1
,연주도착,C. Casting Arrival,1,INPUT_AREA_CD,1
,연주설비요인대기,,1,EQUIP_STOP_CD,1
,연주이상,Abnormal CC,1,UNPLAN_PROC_CD,1
,연주정정,CC. Finishing,1,ROUTING_CD,1
,연주조업요인대기,,1,EQUIP_STOP_CD,1
,연주포장,CC. Packing,1,ROUTING_CD,1
,열연,,1,CAPA_PROC_CD,1
,열연,Hot Rolling,1,ROUTING_CD,1
,열연 권취온도 준수,,1,QLT_MSG_CD,1
,열연 부산물 창고,,1,WIP_INV_CD,1
,열연 사상압연출측온도 준수,,1,QLT_MSG_CD,1
,열연공장,,1,FAC_PROC_CD,1
,열연산세,,1,FAC_PROC_CD,1
,열연생산지연,,1,DELV_DELEY_CAU_CD,1
,열연정정,,1,FAC_PROC_CD,1
,열연제품,,1,CAPA_PROC_CD,1
,열처리,,1,CAPA_PROC_CD,1
,열처리 Extra 가격 적용항목,Heat Treatment Extra price apply item,1,RXTRA_PRICE_ITEM,1
,열처리로 장입 热处理加热炉装炉,Heat Treatment Chearge,1,PLT_OPER_TRK_CD,1
,열처리로 추출 热处理加热炉出炉,Heat Treatment Dischearge,1,PLT_OPER_TRK_CD,1
,영 Ladle,Full TLC,1,TLC_STS_TY,1
,예비처리 Injection투입,Preparation Process - Injection Input,1,INPUT_AREA_CD,1
,예비처리 TopCharging투입,Preparation Process - TopCharging,1,INPUT_AREA_CD,1
,예정지시,Preschedule Production Instruction,1,INQ_TP,1
,오른쪽 불출,,1,IR_YRD_PILE_SHP_TY,1
,온도 및 산소측정(T-O),Measuring Temperature/Oxygen(T-O),1,PROBE_TY,1
,"온도 및 카본측정(T-C), 용강Sampling 가능","Measuring Temperature/Carbon(T-C), Possible Pig Iron Sampling",1,PROBE_TY,1
,"온도, 산소 및 Sampling",Measuring Temperature/Oxygen and Pig Iron Sampling,1,PROBE_TY,1
,온도이상 관리재,,1,QLT_MSG_CD,1
,온도측정,emperature,1,PROC_PTRN,1
,와구불량 : TCC처리필수 (와구부 불량),Inner Slag,1,TLC_STS,1
,완료,,1,LD_RCV_STS_TY,1
,외관미판정外观未判定,,1,PROD_TOT_UNJDG_CAU_TY,1
,외관불량外观不良,,1,PROD_TOT_UNJDG_CAU_TY,1
,외판Slab,RSGRZG 11/12-05,1,MTC_TY,1
,왼쪽 불출,,1,IR_YRD_PILE_SHP_TY,1
,용강 미탈산,No De-oxide,1,RTN_CAU_CD,1
,용강온도 고온,High Steel Temp.,1,RTN_CAU_CD,1
,용강온도 저온,Low Steel Temp.,1,RTN_CAU_CD,1
,용강온도 준수,,1,QLT_MSG_CD,1
,용강유출사고,,1,EQUIP_STOP_CD,1
,용선지연대기(이동),,1,EQUIP_STOP_CD,1
,용융도금,CGL,1,ROUTING_CD,1
,용접후열처리시험,,1,PROD_GRP_MECH_KND,1
,운송지연,,1,DELV_DELEY_CAU_CD,1
,운전설비계장,,1,EQUIP_STOP_CD,1
,원료,Raw Material,1,ITEM_TY,1
,원형(잔탄),,1,IR_YRD_PILE_SHP_TY,1
,월간계획,Month,1,PLAN_TY,1
,유압계통,,1,EQUIP_STOP_CD,1
,유압설비 점검 및 부품교체,,1,EQUIP_STOP_CD,1
,유효,Levelling valid,1,CPL_STS_CD,1
,은행예금,,1,COLLATERAL_KIND,1
,"이면검사실시, 단 1회에 이면검사 불가시 반전권취 하면서 이면검사실시",,1,RVRS_COIL_YN,1
,이물,,1,RTN_CAU_CD,1
,이상재,,1,ERP_REPORT_TY,1
,이중주입,Double Injectionn,1,RTN_CAU_CD,1
,이중출강,Dubble Tapping,1,OPER_ABNR_REASON_CD,1
,인도허용차 초과,Overroll,1,SPL_CAU_CD,1
,인수인도,Documents against Acceptance,1,EXP_DOC_TY,1
,인장시험,,1,PROD_GRP_MECH_KND,1
,인장추가시험1,,1,PROD_GRP_MECH_KND,1
,인장추가시험2,,1,PROD_GRP_MECH_KND,1
,일반SLAB용AL2O3재질,SLAB-AL2O3,1,LD_TY,1
,일반SLAB용SiO2재질,SLAB-SiO2,1,LD_TY,1
,일반SLAB용ZrO2재질,SLAB-ZrO2,1,LD_TY,1
,일반수강Ladle,Steel Ladle,1,SMS_LD_TY,1
,일반용,RSGRZG 11/12-03,1,MTC_TY,1
,일반코팅,Normal Coating,1,COAT_METHOD,1
,일반표면,,1,SURF_GRD,1
,일조유한공사,,1,ERP_ORG_CD,1
,입고처리 Miss,,1,RESMP_GTH_CAU_TY,1
,입측,ENTRY,1,ENT_DLV_TP,1
,입측,Entry Side,1,EQUIP_LOC,1
,입측분할,,1,ERP_REPORT_TY,1
,자연개공,Natural Opening,1,LD_OPEN_TY,1
,작업 Miss로인한 Schedule변경,,1,EQUIP_STOP_CD,1
,작업 지시 대기,,1,EQUIP_STOP_CD,1
,작업율(%),Work Rate(%),1,OPER_STD_TY,1
,작업자 조작Miss,,1,EQUIP_STOP_CD,1
,작업할시간,Net Hours,1,OPER_STD_TY,1
,잔량,,1,IR_YRD_PILE_SHP_TY,1
,잔선 Ladle(고로),Remain TLC(BF),1,TLC_STS_TY,1
,잔선 Ladle(제강),Remain TLC(SMS),1,TLC_STS_TY,1
,잔존측정,,1,EQUIP_STOP_CD,1
,장입,Charging,1,INPUT_AREA_CD,1
,장입(装炉),,1,CH_DISCH_FL,1
,장입(装炉),Plate is charged into furnace,1,HTM_CH_DISCH_FL,1
,장입Ladle,PI Ladle,1,SMS_LD_TY,1
,장입대기,,1,EQUIP_STOP_CD,1
,장입완료,,1,SLAB_CHARG_PROG_TY,1
,재고이동(반납포함),,1,ERP_REPORT_TY,1
,재장입(再装炉),,1,CH_DISCH_FL,1
,재질불합격,,1,RESMP_GTH_CAU_TY,1
,재질불합격材质不合格,,1,PROD_TOT_UNJDG_CAU_TY,1
,재질시험 Extra 가격 적용항목,Material Test Extra price apply item,1,RXTRA_PRICE_ITEM,1
,재질시험중材质试验中,,1,PROD_TOT_UNJDG_CAU_TY,1
,재질이상,,1,SPL_CAU_CD,1
,재추출(再出炉),,1,CH_DISCH_FL,1
,재취련후 Imm 1차측정,"Arfer Re-blowing, 1st Imm measuring",1,IMMS_MSU_AREA_CD,1
,재취련후 Imm 2차측정,"Arfer Re-blowing, 2nd Imm measuring",1,IMMS_MSU_AREA_CD,1
,재취련후 Sub-Lance 1차측정,"After Re-Blowing, Sub-Lance 1st Measuring",1,STEEL_MSU_TEMP_AREA_CD,1
,재취련후 Sub-Lance 2차측정,"After Re-Blowing, Sub-Lance 2nd Measuring",1,STEEL_MSU_TEMP_AREA_CD,1
,재취련후 Sub-Lance 3차측정,"After Re-Blowing, Sub-Lance 3rd Measuring",1,STEEL_MSU_TEMP_AREA_CD,1
,재취련후 Sub-Lance 4차측정,"After Re-Blowing, Sub-Lance 4th Measuring",1,STEEL_MSU_TEMP_AREA_CD,1
,재취련후 Sub-Lance 5차측정,"After Re-Blowing, Sub-Lance 5th Measuring",1,STEEL_MSU_TEMP_AREA_CD,1
,저취패턴이 지정패턴과 상이,Diff Pattern of Lower Blowing,1,OPER_ABNR_REASON_CD,1
,전  CHARGE 미완주,Prev. Heat not complete,1,BO_OCC_REASON_CD,1
,전 CHARGE 말기  TUNDISH 탕면유지 불가,,1,BO_OCC_REASON_CD,1
,전 CH회송,Prev. Heat Return,1,RTN_CAU_CD,1
,전 Ch [P]첨가 ladle,Pre.Heat Add[P] Ladle,1,LD_STS,1
,전 Ch반송 ladle,Pre.Heat Return Ladle,1,LD_STS,1
,전공정 처리지연,Prev. Process delay,1,BO_OCC_REASON_CD,1
,전기계통  이상,Electronic Part Abnor.,1,BO_OCC_REASON_CD,1
,전기로1Basket합탕(STS제강),,1,RTN_CAU_CD,1
,전기설비 기타장애,,1,EQUIP_STOP_CD,1
,전기수리,Electronic Repair,1,LD_RPR_RSN_CD,1
,전기장치 점검 및 부품교체,,1,EQUIP_STOP_CD,1
,전로(CDPS)탈린,,1,EQUIP_STOP_CD,1
,전로설비계장,,1,EQUIP_STOP_CD,1
,전로설비기계,,1,EQUIP_STOP_CD,1
,전로설비전기,,1,EQUIP_STOP_CD,1
,전로수리교체,,1,EQUIP_STOP_CD,1
,전로용강 미분탕 L/D (미니밀),,1,RTN_CAU_CD,1
,전로용강 분탕량 부족(미니밀),,1,RTN_CAU_CD,1
,전로조업 이상대기,,1,EQUIP_STOP_CD,1
,전로측 대기위치,Waiting Position at BOF Side,1,PIT_NO,1
,전로탈린후 온도 및 용선Sampling,"After Dephosphorization, Measuring Temperature/Pig Iron Sampling",1,PROBE_TY,1
,전로투입(용선장입전),Input at BOF(Before Charging),1,INPUT_AREA_CD,1
,전로투입(출강개시전),Input at BOF(Before Tapping),1,INPUT_AREA_CD,1
,전로투입(취련개시전),Input at BOF(Before Blwoing Start),1,INPUT_AREA_CD,1
,전로투입(취련종료전),Input at BOF(Before Blwoing End),1,INPUT_AREA_CD,1
,전면/S+T/Test,Front/S+T/Test,1,MLD_COAT_METHOD,1
,전면/S+T/일반(공정),Front/S+T/Normal(Proc),1,MLD_COAT_METHOD,1
,전면/Shot Blasting 처리/Test,Front/Shot Blasting Processing/Test,1,MLD_COAT_METHOD,1
,전면/Shot Blasting 처리/일반(공정),Front/Shot Blasting Processing/Normal(Proc),1,MLD_COAT_METHOD,1
,전면/기타/Test,Front/Misc./Test,1,MLD_COAT_METHOD,1
,전면/기타/일반(공정),Front/Misc./Normal(Proc),1,MLD_COAT_METHOD,1
,전면/일반/Test,Front/Normal/Test,1,MLD_COAT_METHOD,1
,전면/일반/일반(공정),Front/Normal/Normal(Proc),1,MLD_COAT_METHOD,1
,전신환,Telegraphic Transfer,1,EXP_DOC_TY,1
,절단설미제거,,1,RTN_CAU_CD,1
,정기수리,,1,EQUIP_STOP_CD,1
,정기수리,Based Shutdown,1,OPER_STD_TY,1
,정보반납,,2,PROD_RTN_TP,2
,정보이상,Abnormal Information,1,RTN_CAU_CD,1
,정산,,1,ERP_REPORT_TY,1
,정상,,1,KR_EQP_STATUS,1
,정상/취소,,1,ERP_REPORT_TY,1
,정상주조,Normal,1,CAST_COMP_TY,1
,정정(Off-Line)개시 精整(Off-Line)开始,Offline Finshing Start,1,PLT_OPER_TRK_CD,1
,정정(Off-Line)작업대기 精整(Off-Line)等待作业,Offline Finshing Wait,1,PLT_OPER_TRK_CD,1
,정정(Off-Line)종료 精整(Off-Line)结束,Offline Finshing Finish,1,PLT_OPER_TRK_CD,1
,정정개시 精整开始,Finishing Line Start,1,PLT_OPER_TRK_CD,1
,정정종료 精整结束,Finishing Line Finish,1,PLT_OPER_TRK_CD,1
,제강,,1,ERP_REPORT_TY,1
,제강,Steel Making,1,ROUTING_CD,1
,제강 배재장,De-Slagging,1,STOP_OCC_EQUIP_LOC_CD,1
,제강 부산물 창고,,1,WIP_INV_CD,1
,제강KR,,1,PROC_CD,1
,제강연주,,1,CAPA_PROC_CD,1
,제강연주생산지연,,1,DELV_DELEY_CAU_CD,1
,제강제품성분용,RSGRZG 11/12-06,1,MTC_TY,1
,제선,,1,ERP_REPORT_TY,1
,제원치,Operation Standard,1,OPER_STD_TY,1
,제품출고(Claim포함),,1,ERP_REPORT_TY,1
,조금고급표면,,1,SURF_GRD,1
,조선내화Ar Slit Type+15˚Ar Inlet Socket부 용강유출,,1,SN_TY,1
,조선내화Ar Slit Type+15˚Body부 펑크,,1,SN_TY,1
,조선내화Ar Slit Type+15˚Flange부 절단,,1,SN_TY,1
,조선내화Ar Slit Type+15˚Lower,,1,SN_TY,1
,조선내화Ar Slit Type+15˚S/L부 과다 용손 절단,,1,SN_TY,1
,조선내화Ar Slit Type+15˚S/L부 열충격 절단,,1,SN_TY,1
,조선내화Ar Slit Type+15˚Steel Band부 절단,,1,SN_TY,1
,조선내화Ar Slit Type+15˚개재물 부착 노즐 막힘으로 주조 중단,,1,SN_TY,1
,조선내화Ar Slit Type+15˚기타 이상,,1,SN_TY,1
,조선내화Ar Slit Type+15˚슬래그 라인부 펑크,,1,SN_TY,1
,조선내화Ar Slit Type+15˚이물질(Quility),,1,SN_TY,1
,조선내화Ar Slit Type+15˚저속주조(Row speed),,1,SN_TY,1
,조선내화Ar Slit Type+15˚저온 막힘으로 주조 중단,,1,SN_TY,1
,조선내화Ar Slit Type+15˚정상(Pass),,1,SN_TY,1
,조선내화Ar Slit Type+15˚종크랙(Body부),,1,SN_TY,1
,조선내화Ar Slit Type+15˚토출구 상부 절단,,1,SN_TY,1
,조선내화Ar Slit Type+15˚토출구 하부 절단,,1,SN_TY,1
,조선내화Ar Slit Type+15˚횡크랙(Body부),,1,SN_TY,1
,조선내화Ar Slit Type- 25˚Ar Inlet Socket부 용강유출,,1,SN_TY,1
,조선내화Ar Slit Type- 25˚Body부 펑크,,1,SN_TY,1
,조선내화Ar Slit Type- 25˚Flange부 절단,,1,SN_TY,1
,조선내화Ar Slit Type- 25˚Lower,,1,SN_TY,1
,조선내화Ar Slit Type- 25˚S/L부 과다 용손 절단,,1,SN_TY,1
,조선내화Ar Slit Type- 25˚S/L부 열충격 절단,,1,SN_TY,1
,조선내화Ar Slit Type- 25˚Steel Band부 절단,,1,SN_TY,1
,조선내화Ar Slit Type- 25˚개재물 부착 노즐 막힘으로 주조 중단,,1,SN_TY,1
,조선내화Ar Slit Type- 25˚기타 이상,,1,SN_TY,1
,조선내화Ar Slit Type- 25˚슬래그 라인부 펑크,,1,SN_TY,1
,조선내화Ar Slit Type- 25˚이물질(Quility),,1,SN_TY,1
,조선내화Ar Slit Type- 25˚저속주조(Row speed),,1,SN_TY,1
,조선내화Ar Slit Type- 25˚저온 막힘으로 주조 중단,,1,SN_TY,1
,조선내화Ar Slit Type- 25˚정상(Pass),,1,SN_TY,1
,조선내화Ar Slit Type- 25˚종크랙(Body부),,1,SN_TY,1
,조선내화Ar Slit Type- 25˚토출구 상부 절단,,1,SN_TY,1
,조선내화Ar Slit Type- 25˚토출구 하부 절단,,1,SN_TY,1
,조선내화Ar Slit Type- 25˚횡크랙(Body부),,1,SN_TY,1
,조선내화Ar Slit Type-15˚Ar Inlet Socket부 용강유출,,1,SN_TY,1
,조선내화Ar Slit Type-15˚Body부 펑크,,1,SN_TY,1
,조선내화Ar Slit Type-15˚Flange부 절단,,1,SN_TY,1
,조선내화Ar Slit Type-15˚Lower,,1,SN_TY,1
,조선내화Ar Slit Type-15˚S/L부 과다 용손 절단,,1,SN_TY,1
,조선내화Ar Slit Type-15˚S/L부 열충격 절단,,1,SN_TY,1
,조선내화Ar Slit Type-15˚Steel Band부 절단,,1,SN_TY,1
,조선내화Ar Slit Type-15˚개재물 부착 노즐 막힘으로 주조 중단,,1,SN_TY,1
,조선내화Ar Slit Type-15˚기타 이상,,1,SN_TY,1
,조선내화Ar Slit Type-15˚슬래그 라인부 펑크,,1,SN_TY,1
,조선내화Ar Slit Type-15˚이물질(Quility),,1,SN_TY,1
,조선내화Ar Slit Type-15˚저속주조(Row speed),,1,SN_TY,1
,조선내화Ar Slit Type-15˚저온 막힘으로 주조 중단,,1,SN_TY,1
,조선내화Ar Slit Type-15˚정상(Pass),,1,SN_TY,1
,조선내화Ar Slit Type-15˚종크랙(Body부),,1,SN_TY,1
,조선내화Ar Slit Type-15˚토출구 상부 절단,,1,SN_TY,1
,조선내화Ar Slit Type-15˚토출구 하부 절단,,1,SN_TY,1
,조선내화Ar Slit Type-15˚횡크랙(Body부),,1,SN_TY,1
,조선내화Ar Slit Type-35˚Ar Inlet Socket부 용강유출,,1,SN_TY,1
,조선내화Ar Slit Type-35˚Body부 펑크,,1,SN_TY,1
,조선내화Ar Slit Type-35˚Flange부 절단,,1,SN_TY,1
,조선내화Ar Slit Type-35˚Lower,,1,SN_TY,1
,조선내화Ar Slit Type-35˚S/L부 과다 용손 절단,,1,SN_TY,1
,조선내화Ar Slit Type-35˚S/L부 열충격 절단,,1,SN_TY,1
,조선내화Ar Slit Type-35˚Steel Band부 절단,,1,SN_TY,1
,조선내화Ar Slit Type-35˚개재물 부착 노즐 막힘으로 주조 중단,,1,SN_TY,1
,조선내화Ar Slit Type-35˚기타 이상,,1,SN_TY,1
,조선내화Ar Slit Type-35˚슬래그 라인부 펑크,,1,SN_TY,1
,조선내화Ar Slit Type-35˚이물질(Quility),,1,SN_TY,1
,조선내화Ar Slit Type-35˚저속주조(Row speed),,1,SN_TY,1
,조선내화Ar Slit Type-35˚저온 막힘으로 주조 중단,,1,SN_TY,1
,조선내화Ar Slit Type-35˚정상(Pass),,1,SN_TY,1
,조선내화Ar Slit Type-35˚종크랙(Body부),,1,SN_TY,1
,조선내화Ar Slit Type-35˚토출구 상부 절단,,1,SN_TY,1
,조선내화Ar Slit Type-35˚토출구 하부 절단,,1,SN_TY,1
,조선내화Ar Slit Type-35˚횡크랙(Body부),,1,SN_TY,1
,조선내화Ar Slit Type-45˚Ar Inlet Socket부 용강유출,,1,SN_TY,1
,조선내화Ar Slit Type-45˚Body부 펑크,,1,SN_TY,1
,조선내화Ar Slit Type-45˚Flange부 절단,,1,SN_TY,1
,조선내화Ar Slit Type-45˚Lower,,1,SN_TY,1
,조선내화Ar Slit Type-45˚S/L부 과다 용손 절단,,1,SN_TY,1
,조선내화Ar Slit Type-45˚S/L부 열충격 절단,,1,SN_TY,1
,조선내화Ar Slit Type-45˚Steel Band부 절단,,1,SN_TY,1
,조선내화Ar Slit Type-45˚개재물 부착 노즐 막힘으로 주조 중단,,1,SN_TY,1
,조선내화Ar Slit Type-45˚기타 이상,,1,SN_TY,1
,조선내화Ar Slit Type-45˚슬래그 라인부 펑크,,1,SN_TY,1
,조선내화Ar Slit Type-45˚이물질(Quility),,1,SN_TY,1
,조선내화Ar Slit Type-45˚저속주조(Row speed),,1,SN_TY,1
,조선내화Ar Slit Type-45˚저온 막힘으로 주조 중단,,1,SN_TY,1
,조선내화Ar Slit Type-45˚정상(Pass),,1,SN_TY,1
,조선내화Ar Slit Type-45˚종크랙(Body부),,1,SN_TY,1
,조선내화Ar Slit Type-45˚토출구 상부 절단,,1,SN_TY,1
,조선내화Ar Slit Type-45˚토출구 하부 절단,,1,SN_TY,1
,조선내화Ar Slit Type-45˚횡크랙(Body부),,1,SN_TY,1
,조선내화Ar Slit Type-7.5˚Ar Inlet Socket부 용강유출,,1,SN_TY,1
,조선내화Ar Slit Type-7.5˚Body부 펑크,,1,SN_TY,1
,조선내화Ar Slit Type-7.5˚Flange부 절단,,1,SN_TY,1
,조선내화Ar Slit Type-7.5˚Lower,,1,SN_TY,1
,조선내화Ar Slit Type-7.5˚S/L부 과다 용손 절단,,1,SN_TY,1
,조선내화Ar Slit Type-7.5˚S/L부 열충격 절단,,1,SN_TY,1
,조선내화Ar Slit Type-7.5˚Steel Band부 절단,,1,SN_TY,1
,조선내화Ar Slit Type-7.5˚개재물 부착 노즐 막힘으로 주조 중단,,1,SN_TY,1
,조선내화Ar Slit Type-7.5˚기타 이상,,1,SN_TY,1
,조선내화Ar Slit Type-7.5˚슬래그 라인부 펑크,,1,SN_TY,1
,조선내화Ar Slit Type-7.5˚이물질(Quility),,1,SN_TY,1
,조선내화Ar Slit Type-7.5˚저속주조(Row speed),,1,SN_TY,1
,조선내화Ar Slit Type-7.5˚저온 막힘으로 주조 중단,,1,SN_TY,1
,조선내화Ar Slit Type-7.5˚정상(Pass),,1,SN_TY,1
,조선내화Ar Slit Type-7.5˚종크랙(Body부),,1,SN_TY,1
,조선내화Ar Slit Type-7.5˚토출구 상부 절단,,1,SN_TY,1
,조선내화Ar Slit Type-7.5˚토출구 하부 절단,,1,SN_TY,1
,조선내화Ar Slit Type-7.5˚횡크랙(Body부),,1,SN_TY,1
,조선내화Ar Slit Type0˚Ar Inlet Socket부 용강유출,,1,SN_TY,1
,조선내화Ar Slit Type0˚Body부 펑크,,1,SN_TY,1
,조선내화Ar Slit Type0˚Flange부 절단,,1,SN_TY,1
,조선내화Ar Slit Type0˚Lower 노즐 ∼ 침지노즐 Setting부 용강유출,,1,SN_TY,1
,조선내화Ar Slit Type0˚S/L부 과다 용손 절단,,1,SN_TY,1
,조선내화Ar Slit Type0˚S/L부 열충격 절단,,1,SN_TY,1
,조선내화Ar Slit Type0˚Steel Band부 절단,,1,SN_TY,1
,조선내화Ar Slit Type0˚개재물 부착 노즐 막힘으로 주조 중단,,1,SN_TY,1
,조선내화Ar Slit Type0˚기타 이상,,1,SN_TY,1
,조선내화Ar Slit Type0˚슬래그 라인부 펑크,,1,SN_TY,1
,조선내화Ar Slit Type0˚이물질(Quility),,1,SN_TY,1
,조선내화Ar Slit Type0˚저속주조(Row speed),,1,SN_TY,1
,조선내화Ar Slit Type0˚저온 막힘으로 주조 중단,,1,SN_TY,1
,조선내화Ar Slit Type0˚정상(Pass),,1,SN_TY,1
,조선내화Ar Slit Type0˚종크랙(Body부),,1,SN_TY,1
,조선내화Ar Slit Type0˚토출구 상부 절단,,1,SN_TY,1
,조선내화Ar Slit Type0˚토출구 하부 절단,,1,SN_TY,1
,조선내화Ar Slit Type0˚횡크랙(Body부),,1,SN_TY,1
,조선내화Jumbo+15˚Ar Inlet Socket부 용강유출,,1,SN_TY,1
,조선내화Jumbo+15˚Body부 펑크,,1,SN_TY,1
,조선내화Jumbo+15˚Flange부 절단,,1,SN_TY,1
,조선내화Jumbo+15˚Lower 노즐 ∼ 침지노즐 Setting부 용강유출,,1,SN_TY,1
,조선내화Jumbo+15˚S/L부 과다 용손 절단,,1,SN_TY,1
,조선내화Jumbo+15˚S/L부 열충격 절단,,1,SN_TY,1
,조선내화Jumbo+15˚Steel Band부 절단,,1,SN_TY,1
,조선내화Jumbo+15˚개재물 부착 노즐 막힘으로 주조 중단,,1,SN_TY,1
,조선내화Jumbo+15˚기타 이상,,1,SN_TY,1
,조선내화Jumbo+15˚슬래그 라인부 펑크,,1,SN_TY,1
,조선내화Jumbo+15˚이물질(Quility),,1,SN_TY,1
,조선내화Jumbo+15˚저온 막힘으로 주조 중단,,1,SN_TY,1
,조선내화Jumbo+15˚정상(Pass),,1,SN_TY,1
,조선내화Jumbo+15˚종크랙(Body부),,1,SN_TY,1
,조선내화Jumbo+15˚토출구 상부 절단,,1,SN_TY,1
,조선내화Jumbo+15˚토출구 하부 절단,,1,SN_TY,1
,조선내화Jumbo+15˚횡크랙(Body부),,1,SN_TY,1
,조선내화Jumbo- 25˚Ar Inlet Socket부 용강유출,,1,SN_TY,1
,조선내화Jumbo- 25˚Body부 펑크,,1,SN_TY,1
,조선내화Jumbo- 25˚Flange부 절단,,1,SN_TY,1
,조선내화Jumbo- 25˚Lower 노즐 ∼ 침지노즐 Setting부 용강유출,,1,SN_TY,1
,조선내화Jumbo- 25˚S/L부 과다 용손 절단,,1,SN_TY,1
,조선내화Jumbo- 25˚S/L부 열충격 절단,,1,SN_TY,1
,조선내화Jumbo- 25˚Steel Band부 절단,,1,SN_TY,1
,조선내화Jumbo- 25˚개재물 부착 노즐 막힘으로 주조 중단,,1,SN_TY,1
,조선내화Jumbo- 25˚기타 이상,,1,SN_TY,1
,조선내화Jumbo- 25˚슬래그 라인부 펑크,,1,SN_TY,1
,조선내화Jumbo- 25˚이물질(Quility),,1,SN_TY,1
,조선내화Jumbo- 25˚저속주조(Row speed),,1,SN_TY,1
,조선내화Jumbo- 25˚저온 막힘으로 주조 중단,,1,SN_TY,1
,조선내화Jumbo- 25˚정상(Pass),,1,SN_TY,1
,조선내화Jumbo- 25˚종크랙(Body부),,1,SN_TY,1
,조선내화Jumbo- 25˚토출구 상부 절단,,1,SN_TY,1
,조선내화Jumbo- 25˚토출구 하부 절단,,1,SN_TY,1
,조선내화Jumbo- 25˚횡크랙(Body부),,1,SN_TY,1
,조선내화Jumbo-15˚Ar Inlet Socket부 용강유출,,1,SN_TY,1
,조선내화Jumbo-15˚Body부 펑크,,1,SN_TY,1
,조선내화Jumbo-15˚Flange부 절단,,1,SN_TY,1
,조선내화Jumbo-15˚Lower 노즐 ∼ 침지노즐 Setting부 용강유출,,1,SN_TY,1
,조선내화Jumbo-15˚S/L부 과다 용손 절단,,1,SN_TY,1
,조선내화Jumbo-15˚S/L부 열충격 절단,,1,SN_TY,1
,조선내화Jumbo-15˚Steel Band부 절단,,1,SN_TY,1
,조선내화Jumbo-15˚개재물 부착 노즐 막힘으로 주조 중단,,1,SN_TY,1
,조선내화Jumbo-15˚기타 이상,,1,SN_TY,1
,조선내화Jumbo-15˚슬래그 라인부 펑크,,1,SN_TY,1
,조선내화Jumbo-15˚이물질(Quility),,1,SN_TY,1
,조선내화Jumbo-15˚저속주조(Row speed),,1,SN_TY,1
,조선내화Jumbo-15˚저온 막힘으로 주조 중단,,1,SN_TY,1
,조선내화Jumbo-15˚정상(Pass),,1,SN_TY,1
,조선내화Jumbo-15˚종크랙(Body부),,1,SN_TY,1
,조선내화Jumbo-15˚토출구 상부 절단,,1,SN_TY,1
,조선내화Jumbo-15˚토출구 하부 절단,,1,SN_TY,1
,조선내화Jumbo-15˚횡크랙(Body부),,1,SN_TY,1
,조선내화Jumbo-35˚Ar Inlet Socket부 용강유출,,1,SN_TY,1
,조선내화Jumbo-35˚Body부 펑크,,1,SN_TY,1
,조선내화Jumbo-35˚Flange부 절단,,1,SN_TY,1
,조선내화Jumbo-35˚Lower 노즐 ∼ 침지노즐 Setting부 용강유출,,1,SN_TY,1
,조선내화Jumbo-35˚S/L부 과다 용손 절단,,1,SN_TY,1
,조선내화Jumbo-35˚S/L부 열충격 절단,,1,SN_TY,1
,조선내화Jumbo-35˚Steel Band부 절단,,1,SN_TY,1
,조선내화Jumbo-35˚개재물 부착 노즐 막힘으로 주조 중단,,1,SN_TY,1
,조선내화Jumbo-35˚기타 이상,,1,SN_TY,1
,조선내화Jumbo-35˚슬래그 라인부 펑크,,1,SN_TY,1
,조선내화Jumbo-35˚이물질(Quility),,1,SN_TY,1
,조선내화Jumbo-35˚저속주조(Row speed),,1,SN_TY,1
,조선내화Jumbo-35˚저온 막힘으로 주조 중단,,1,SN_TY,1
,조선내화Jumbo-35˚정상(Pass),,1,SN_TY,1
,조선내화Jumbo-35˚종크랙(Body부),,1,SN_TY,1
,조선내화Jumbo-35˚토출구 상부 절단,,1,SN_TY,1
,조선내화Jumbo-35˚토출구 하부 절단,,1,SN_TY,1
,조선내화Jumbo-35˚횡크랙(Body부),,1,SN_TY,1
,조선내화Jumbo-45˚Ar Inlet Socket부 용강유출,,1,SN_TY,1
,조선내화Jumbo-45˚Body부 펑크,,1,SN_TY,1
,조선내화Jumbo-45˚Flange부 절단,,1,SN_TY,1
,조선내화Jumbo-45˚Lower 노즐 ∼ 침지노즐 Setting부 용강유출,,1,SN_TY,1
,조선내화Jumbo-45˚S/L부 과다 용손 절단,,1,SN_TY,1
,조선내화Jumbo-45˚S/L부 열충격 절단,,1,SN_TY,1
,조선내화Jumbo-45˚Steel Band부 절단,,1,SN_TY,1
,조선내화Jumbo-45˚개재물 부착 노즐 막힘으로 주조 중단,,1,SN_TY,1
,조선내화Jumbo-45˚기타 이상,,1,SN_TY,1
,조선내화Jumbo-45˚슬래그 라인부 펑크,,1,SN_TY,1
,조선내화Jumbo-45˚이물질(Quility),,1,SN_TY,1
,조선내화Jumbo-45˚저속주조(Row speed),,1,SN_TY,1
,조선내화Jumbo-45˚저온 막힘으로 주조 중단,,1,SN_TY,1
,조선내화Jumbo-45˚정상(Pass),,1,SN_TY,1
,조선내화Jumbo-45˚종크랙(Body부),,1,SN_TY,1
,조선내화Jumbo-45˚토출구 상부 절단,,1,SN_TY,1
,조선내화Jumbo-45˚토출구 하부 절단,,1,SN_TY,1
,조선내화Jumbo-45˚횡크랙(Body부),,1,SN_TY,1
,조선내화Jumbo-7.5˚Ar Inlet Socket부 용강유출,,1,SN_TY,1
,조선내화Jumbo-7.5˚Body부 펑크,,1,SN_TY,1
,조선내화Jumbo-7.5˚Flange부 절단,,1,SN_TY,1
,조선내화Jumbo-7.5˚Lower 노즐 ∼ 침지노즐 Setting부 용강유출,,1,SN_TY,1
,조선내화Jumbo-7.5˚S/L부 과다 용손 절단,,1,SN_TY,1
,조선내화Jumbo-7.5˚S/L부 열충격 절단,,1,SN_TY,1
,조선내화Jumbo-7.5˚Steel Band부 절단,,1,SN_TY,1
,조선내화Jumbo-7.5˚개재물 부착 노즐 막힘으로 주조 중단,,1,SN_TY,1
,조선내화Jumbo-7.5˚기타 이상,,1,SN_TY,1
,조선내화Jumbo-7.5˚슬래그 라인부 펑크,,1,SN_TY,1
,조선내화Jumbo-7.5˚이물질(Quility),,1,SN_TY,1
,조선내화Jumbo-7.5˚저속주조(Row speed),,1,SN_TY,1
,조선내화Jumbo-7.5˚저온 막힘으로 주조 중단,,1,SN_TY,1
,조선내화Jumbo-7.5˚정상(Pass),,1,SN_TY,1
,조선내화Jumbo-7.5˚종크랙(Body부),,1,SN_TY,1
,조선내화Jumbo-7.5˚토출구 상부 절단,,1,SN_TY,1
,조선내화Jumbo-7.5˚토출구 하부 절단,,1,SN_TY,1
,조선내화Jumbo-7.5˚횡크랙(Body부),,1,SN_TY,1
,조선내화Jumbo0˚Ar Inlet Socket부 용강유출,,1,SN_TY,1
,조선내화Jumbo0˚Body부 펑크,,1,SN_TY,1
,조선내화Jumbo0˚Flange부 절단,,1,SN_TY,1
,조선내화Jumbo0˚Lower 노즐 ∼ 침지노즐 Setting부 용강유출,,1,SN_TY,1
,조선내화Jumbo0˚S/L부 과다 용손 절단,,1,SN_TY,1
,조선내화Jumbo0˚S/L부 열충격 절단,,1,SN_TY,1
,조선내화Jumbo0˚Steel Band부 절단,,1,SN_TY,1
,조선내화Jumbo0˚개재물 부착 노즐 막힘으로 주조 중단,,1,SN_TY,1
,조선내화Jumbo0˚기타 이상,,1,SN_TY,1
,조선내화Jumbo0˚슬래그 라인부 펑크,,1,SN_TY,1
,조선내화Jumbo0˚이물질(Quility),,1,SN_TY,1
,조선내화Jumbo0˚저속주조(Row speed),,1,SN_TY,1
,조선내화Jumbo0˚저온 막힘으로 주조 중단,,1,SN_TY,1
,조선내화Jumbo0˚정상(Pass),,1,SN_TY,1
,조선내화Jumbo0˚종크랙(Body부),,1,SN_TY,1
,조선내화Jumbo0˚토출구 상부 절단,,1,SN_TY,1
,조선내화Jumbo0˚토출구 하부 절단,,1,SN_TY,1
,조선내화Jumbo0˚횡크랙(Body부),,1,SN_TY,1
,조선내화Non-Slit Type+15˚Ar Inlet Socket부 용강유출,,1,SN_TY,1
,조선내화Non-Slit Type+15˚Body부 펑크,,1,SN_TY,1
,조선내화Non-Slit Type+15˚Flange부 절단,,1,SN_TY,1
,조선내화Non-Slit Type+15˚Lower,,1,SN_TY,1
,조선내화Non-Slit Type+15˚S/L부 과다 용손 절단,,1,SN_TY,1
,조선내화Non-Slit Type+15˚S/L부 열충격 절단,,1,SN_TY,1
,조선내화Non-Slit Type+15˚Steel Band부 절단,,1,SN_TY,1
,조선내화Non-Slit Type+15˚개재물 부착 노즐 막힘으로 주조 중단,,1,SN_TY,1
,조선내화Non-Slit Type+15˚기타 이상,,1,SN_TY,1
,조선내화Non-Slit Type+15˚슬래그 라인부 펑크,,1,SN_TY,1
,조선내화Non-Slit Type+15˚이물질(Quility),,1,SN_TY,1
,조선내화Non-Slit Type+15˚저속주조(Row speed),,1,SN_TY,1
,조선내화Non-Slit Type+15˚저온 막힘으로 주조 중단,,1,SN_TY,1
,조선내화Non-Slit Type+15˚정상(Pass),,1,SN_TY,1
,조선내화Non-Slit Type+15˚종크랙(Body부),,1,SN_TY,1
,조선내화Non-Slit Type+15˚토출구 상부 절단,,1,SN_TY,1
,조선내화Non-Slit Type+15˚토출구 하부 절단,,1,SN_TY,1
,조선내화Non-Slit Type+15˚횡크랙(Body부),,1,SN_TY,1
,조선내화Non-Slit Type- 25˚Ar Inlet Socket부 용강유출,,1,SN_TY,1
,조선내화Non-Slit Type- 25˚Body부 펑크,,1,SN_TY,1
,조선내화Non-Slit Type- 25˚Flange부 절단,,1,SN_TY,1
,조선내화Non-Slit Type- 25˚Lowe,,1,SN_TY,1
,조선내화Non-Slit Type- 25˚S/L부 과다 용손 절단,,1,SN_TY,1
,조선내화Non-Slit Type- 25˚S/L부 열충격 절단,,1,SN_TY,1
,조선내화Non-Slit Type- 25˚Steel Band부 절단,,1,SN_TY,1
,조선내화Non-Slit Type- 25˚개재물,,1,SN_TY,1
,조선내화Non-Slit Type- 25˚기타 이상,,1,SN_TY,1
,조선내화Non-Slit Type- 25˚슬래그 라인부 펑크,,1,SN_TY,1
,조선내화Non-Slit Type- 25˚이물질(Quility),,1,SN_TY,1
,조선내화Non-Slit Type- 25˚저속주조(Row speed),,1,SN_TY,1
,조선내화Non-Slit Type- 25˚저온 막힘으로 주조 중단,,1,SN_TY,1
,조선내화Non-Slit Type- 25˚정상(Pass),,1,SN_TY,1
,조선내화Non-Slit Type- 25˚종크랙(Body부),,1,SN_TY,1
,조선내화Non-Slit Type- 25˚토출구 상부 절단,,1,SN_TY,1
,조선내화Non-Slit Type- 25˚토출구 하부 절단,,1,SN_TY,1
,조선내화Non-Slit Type- 25˚횡크랙(Body부),,1,SN_TY,1
,조선내화Non-Slit Type-15˚Ar Inlet Socket부 용강유출,,1,SN_TY,1
,조선내화Non-Slit Type-15˚Body부 펑크,,1,SN_TY,1
,조선내화Non-Slit Type-15˚Flange부 절단,,1,SN_TY,1
,조선내화Non-Slit Type-15˚Lower,,1,SN_TY,1
,조선내화Non-Slit Type-15˚S/L부 과다 용손 절단,,1,SN_TY,1
,조선내화Non-Slit Type-15˚S/L부 열충격 절단,,1,SN_TY,1
,조선내화Non-Slit Type-15˚Steel Band부 절단,,1,SN_TY,1
,조선내화Non-Slit Type-15˚개재물 부착 노즐 막힘으로 주조 중단,,1,SN_TY,1
,조선내화Non-Slit Type-15˚기타 이상,,1,SN_TY,1
,조선내화Non-Slit Type-15˚슬래그 라인부 펑크,,1,SN_TY,1
,조선내화Non-Slit Type-15˚이물질(Quility),,1,SN_TY,1
,조선내화Non-Slit Type-15˚저속주조(Row speed),,1,SN_TY,1
,조선내화Non-Slit Type-15˚저온 막힘으로 주조 중단,,1,SN_TY,1
,조선내화Non-Slit Type-15˚정상(Pass),,1,SN_TY,1
,조선내화Non-Slit Type-15˚종크랙(Body부),,1,SN_TY,1
,조선내화Non-Slit Type-15˚토출구 상부 절단,,1,SN_TY,1
,조선내화Non-Slit Type-15˚토출구 하부 절단,,1,SN_TY,1
,조선내화Non-Slit Type-15˚횡크랙(Body부),,1,SN_TY,1
,조선내화Non-Slit Type-35˚Ar Inlet Socket부 용강유출,,1,SN_TY,1
,조선내화Non-Slit Type-35˚Body부 펑크,,1,SN_TY,1
,조선내화Non-Slit Type-35˚Flange부 절단,,1,SN_TY,1
,조선내화Non-Slit Type-35˚Lower,,1,SN_TY,1
,조선내화Non-Slit Type-35˚S/L부 과다 용손 절단,,1,SN_TY,1
,조선내화Non-Slit Type-35˚S/L부 열충격 절단,,1,SN_TY,1
,조선내화Non-Slit Type-35˚Steel Band부 절단,,1,SN_TY,1
,조선내화Non-Slit Type-35˚개재물 부착 노즐 막힘으로 주조 중단,,1,SN_TY,1
,조선내화Non-Slit Type-35˚기타 이상,,1,SN_TY,1
,조선내화Non-Slit Type-35˚슬래그 라인부 펑크,,1,SN_TY,1
,조선내화Non-Slit Type-35˚이물질(Quility),,1,SN_TY,1
,조선내화Non-Slit Type-35˚저속주조(Row speed),,1,SN_TY,1
,조선내화Non-Slit Type-35˚저온 막힘으로 주조 중단,,1,SN_TY,1
,조선내화Non-Slit Type-35˚정상(Pass),,1,SN_TY,1
,조선내화Non-Slit Type-35˚종크랙(Body부),,1,SN_TY,1
,조선내화Non-Slit Type-35˚토출구 상부 절단,,1,SN_TY,1
,조선내화Non-Slit Type-35˚토출구 하부 절단,,1,SN_TY,1
,조선내화Non-Slit Type-35˚횡크랙(Body부),,1,SN_TY,1
,조선내화Non-Slit Type-45˚Ar Inlet Socket부 용강유출,,1,SN_TY,1
,조선내화Non-Slit Type-45˚Body부 펑크,,1,SN_TY,1
,조선내화Non-Slit Type-45˚Flange부 절단,,1,SN_TY,1
,조선내화Non-Slit Type-45˚Lower,,1,SN_TY,1
,조선내화Non-Slit Type-45˚S/L부 과다 용손 절단,,1,SN_TY,1
,조선내화Non-Slit Type-45˚S/L부 열충격 절단,,1,SN_TY,1
,조선내화Non-Slit Type-45˚Steel Band부 절단,,1,SN_TY,1
,조선내화Non-Slit Type-45˚개재물 부착 노즐 막힘으로 주조 중단,,1,SN_TY,1
,조선내화Non-Slit Type-45˚기타 이상,,1,SN_TY,1
,조선내화Non-Slit Type-45˚슬래그 라인부 펑크,,1,SN_TY,1
,조선내화Non-Slit Type-45˚이물질(Quility),,1,SN_TY,1
,조선내화Non-Slit Type-45˚저속주조(Row speed),,1,SN_TY,1
,조선내화Non-Slit Type-45˚저온 막힘으로 주조 중단,,1,SN_TY,1
,조선내화Non-Slit Type-45˚정상(Pass),,1,SN_TY,1
,조선내화Non-Slit Type-45˚종크랙(Body부),,1,SN_TY,1
,조선내화Non-Slit Type-45˚토출구 상부 절단,,1,SN_TY,1
,조선내화Non-Slit Type-45˚토출구 하부 절단,,1,SN_TY,1
,조선내화Non-Slit Type-45˚횡크랙(Body부),,1,SN_TY,1
,조선내화Non-Slit Type-7.5˚Ar Inlet Socket부 용강유출,,1,SN_TY,1
,조선내화Non-Slit Type-7.5˚Body부 펑크,,1,SN_TY,1
,조선내화Non-Slit Type-7.5˚Flange부 절단,,1,SN_TY,1
,조선내화Non-Slit Type-7.5˚Lowe,,1,SN_TY,1
,조선내화Non-Slit Type-7.5˚S/L부 과다 용손 절단,,1,SN_TY,1
,조선내화Non-Slit Type-7.5˚S/L부 열충격 절단,,1,SN_TY,1
,조선내화Non-Slit Type-7.5˚Steel Band부 절단,,1,SN_TY,1
,조선내화Non-Slit Type-7.5˚개재물,,1,SN_TY,1
,조선내화Non-Slit Type-7.5˚기타 이상,,1,SN_TY,1
,조선내화Non-Slit Type-7.5˚슬래그 라인부 펑크,,1,SN_TY,1
,조선내화Non-Slit Type-7.5˚이물질(Quility),,1,SN_TY,1
,조선내화Non-Slit Type-7.5˚저속주조(Row speed),,1,SN_TY,1
,조선내화Non-Slit Type-7.5˚저온 막힘으로 주조 중단,,1,SN_TY,1
,조선내화Non-Slit Type-7.5˚정상(Pass),,1,SN_TY,1
,조선내화Non-Slit Type-7.5˚종크랙(Body부),,1,SN_TY,1
,조선내화Non-Slit Type-7.5˚토출구 상부 절단,,1,SN_TY,1
,조선내화Non-Slit Type-7.5˚토출구 하부 절단,,1,SN_TY,1
,조선내화Non-Slit Type-7.5˚횡크랙(Body부),,1,SN_TY,1
,조선내화Non-Slit Type0˚Ar Inlet Socket부 용강유출,,1,SN_TY,1
,조선내화Non-Slit Type0˚Body부 펑크,,1,SN_TY,1
,조선내화Non-Slit Type0˚Flange부 절단,,1,SN_TY,1
,조선내화Non-Slit Type0˚Lower 노,,1,SN_TY,1
,조선내화Non-Slit Type0˚S/L부 과다 용손 절단,,1,SN_TY,1
,조선내화Non-Slit Type0˚S/L부 열충격 절단,,1,SN_TY,1
,조선내화Non-Slit Type0˚Steel Band부 절단,,1,SN_TY,1
,조선내화Non-Slit Type0˚개재물 부착 노즐 막힘으로 주조 중단,,1,SN_TY,1
,조선내화Non-Slit Type0˚기타 이상,,1,SN_TY,1
,조선내화Non-Slit Type0˚슬래그 라인부 펑크,,1,SN_TY,1
,조선내화Non-Slit Type0˚이물질(Quility),,1,SN_TY,1
,조선내화Non-Slit Type0˚저속주조(Row speed),,1,SN_TY,1
,조선내화Non-Slit Type0˚저온 막힘으로 주조 중단,,1,SN_TY,1
,조선내화Non-Slit Type0˚정상(Pass),,1,SN_TY,1
,조선내화Non-Slit Type0˚종크랙(Body부),,1,SN_TY,1
,조선내화Non-Slit Type0˚토출구 상부 절단,,1,SN_TY,1
,조선내화Non-Slit Type0˚토출구 하부 절단,,1,SN_TY,1
,조선내화Non-Slit Type0˚횡크랙(Body부),,1,SN_TY,1
,조선내화Non-Slit 용손형+15˚Ar Inlet Socket부 용강유출,,1,SN_TY,1
,조선내화Non-Slit 용손형+15˚Body부 펑크,,1,SN_TY,1
,조선내화Non-Slit 용손형+15˚Flange부 절단,,1,SN_TY,1
,조선내화Non-Slit 용손형+15˚Lower,,1,SN_TY,1
,조선내화Non-Slit 용손형+15˚S/L부 과다 용손 절단,,1,SN_TY,1
,조선내화Non-Slit 용손형+15˚S/L부 열충격 절단,,1,SN_TY,1
,조선내화Non-Slit 용손형+15˚Steel Band부 절단,,1,SN_TY,1
,조선내화Non-Slit 용손형+15˚개재물 부착,,1,SN_TY,1
,조선내화Non-Slit 용손형+15˚기타 이상,,1,SN_TY,1
,조선내화Non-Slit 용손형+15˚슬래그 라인부 펑크,,1,SN_TY,1
,조선내화Non-Slit 용손형+15˚이물질(Quility),,1,SN_TY,1
,조선내화Non-Slit 용손형+15˚저속주조(Row speed),,1,SN_TY,1
,조선내화Non-Slit 용손형+15˚저온 막힘으로 주조 중단,,1,SN_TY,1
,조선내화Non-Slit 용손형+15˚정상(Pass),,1,SN_TY,1
,조선내화Non-Slit 용손형+15˚종크랙(Body부),,1,SN_TY,1
,조선내화Non-Slit 용손형+15˚토출구 상부 절단,,1,SN_TY,1
,조선내화Non-Slit 용손형+15˚토출구 하부 절단,,1,SN_TY,1
,조선내화Non-Slit 용손형+15˚횡크랙(Body부),,1,SN_TY,1
,조선내화Non-Slit 용손형- 25˚Ar Inlet Socket부 용강유출,,1,SN_TY,1
,조선내화Non-Slit 용손형- 25˚Body부 펑크,,1,SN_TY,1
,조선내화Non-Slit 용손형- 25˚Flange부 절단,,1,SN_TY,1
,조선내화Non-Slit 용손형- 25˚Lower,,1,SN_TY,1
,조선내화Non-Slit 용손형- 25˚S/L부 과다 용손 절단,,1,SN_TY,1
,조선내화Non-Slit 용손형- 25˚S/L부 열충격 절단,,1,SN_TY,1
,조선내화Non-Slit 용손형- 25˚Steel Band부 절단,,1,SN_TY,1
,조선내화Non-Slit 용손형- 25˚개재물 부,,1,SN_TY,1
,조선내화Non-Slit 용손형- 25˚기타 이상,,1,SN_TY,1
,조선내화Non-Slit 용손형- 25˚슬래그 라인부 펑크,,1,SN_TY,1
,조선내화Non-Slit 용손형- 25˚이물질(Quility),,1,SN_TY,1
,조선내화Non-Slit 용손형- 25˚저속주조(Row speed),,1,SN_TY,1
,조선내화Non-Slit 용손형- 25˚저온 막힘으로 주조 중단,,1,SN_TY,1
,조선내화Non-Slit 용손형- 25˚정상(Pass),,1,SN_TY,1
,조선내화Non-Slit 용손형- 25˚종크랙(Body부),,1,SN_TY,1
,조선내화Non-Slit 용손형- 25˚토출구 상부 절단,,1,SN_TY,1
,조선내화Non-Slit 용손형- 25˚토출구 하부 절단,,1,SN_TY,1
,조선내화Non-Slit 용손형- 25˚횡크랙(Body부),,1,SN_TY,1
,조선내화Non-Slit 용손형-15˚Ar Inlet Socket부 용강유출,,1,SN_TY,1
,조선내화Non-Slit 용손형-15˚Body부 펑크,,1,SN_TY,1
,조선내화Non-Slit 용손형-15˚Flange부 절단,,1,SN_TY,1
,조선내화Non-Slit 용손형-15˚Lower,,1,SN_TY,1
,조선내화Non-Slit 용손형-15˚S/L부 과다 용손 절단,,1,SN_TY,1
,조선내화Non-Slit 용손형-15˚S/L부 열충격 절단,,1,SN_TY,1
,조선내화Non-Slit 용손형-15˚Steel Band부 절단,,1,SN_TY,1
,조선내화Non-Slit 용손형-15˚개재물 부착,,1,SN_TY,1
,조선내화Non-Slit 용손형-15˚기타 이상,,1,SN_TY,1
,조선내화Non-Slit 용손형-15˚슬래그 라인부 펑크,,1,SN_TY,1
,조선내화Non-Slit 용손형-15˚이물질(Quility),,1,SN_TY,1
,조선내화Non-Slit 용손형-15˚저속주조(Row speed),,1,SN_TY,1
,조선내화Non-Slit 용손형-15˚저온 막힘으로 주조 중단,,1,SN_TY,1
,조선내화Non-Slit 용손형-15˚정상(Pass),,1,SN_TY,1
,조선내화Non-Slit 용손형-15˚종크랙(Body부),,1,SN_TY,1
,조선내화Non-Slit 용손형-15˚토출구 상부 절단,,1,SN_TY,1
,조선내화Non-Slit 용손형-15˚토출구 하부 절단,,1,SN_TY,1
,조선내화Non-Slit 용손형-15˚횡크랙(Body부),,1,SN_TY,1
,조선내화Non-Slit 용손형-35˚Ar Inlet Socket부 용강유출,,1,SN_TY,1
,조선내화Non-Slit 용손형-35˚Body부 펑크,,1,SN_TY,1
,조선내화Non-Slit 용손형-35˚Flange부 절단,,1,SN_TY,1
,조선내화Non-Slit 용손형-35˚Lower,,1,SN_TY,1
,조선내화Non-Slit 용손형-35˚S/L부 과다 용손 절단,,1,SN_TY,1
,조선내화Non-Slit 용손형-35˚S/L부 열충격 절단,,1,SN_TY,1
,조선내화Non-Slit 용손형-35˚Steel Band부 절단,,1,SN_TY,1
,조선내화Non-Slit 용손형-35˚개재물 부착,,1,SN_TY,1
,조선내화Non-Slit 용손형-35˚기타 이상,,1,SN_TY,1
,조선내화Non-Slit 용손형-35˚슬래그 라인부 펑크,,1,SN_TY,1
,조선내화Non-Slit 용손형-35˚이물질(Quility),,1,SN_TY,1
,조선내화Non-Slit 용손형-35˚저속주조(Row speed),,1,SN_TY,1
,조선내화Non-Slit 용손형-35˚저온 막힘으로 주조 중단,,1,SN_TY,1
,조선내화Non-Slit 용손형-35˚정상(Pass),,1,SN_TY,1
,조선내화Non-Slit 용손형-35˚종크랙(Body부),,1,SN_TY,1
,조선내화Non-Slit 용손형-35˚토출구 상부 절단,,1,SN_TY,1
,조선내화Non-Slit 용손형-35˚토출구 하부 절단,,1,SN_TY,1
,조선내화Non-Slit 용손형-35˚횡크랙(Body부),,1,SN_TY,1
,조선내화Non-Slit 용손형-45˚Ar Inlet Socket부 용강유출,,1,SN_TY,1
,조선내화Non-Slit 용손형-45˚Body부 펑크,,1,SN_TY,1
,조선내화Non-Slit 용손형-45˚Flange부 절단,,1,SN_TY,1
,조선내화Non-Slit 용손형-45˚Lower,,1,SN_TY,1
,조선내화Non-Slit 용손형-45˚S/L부 과다 용손 절단,,1,SN_TY,1
,조선내화Non-Slit 용손형-45˚S/L부 열충격 절단,,1,SN_TY,1
,조선내화Non-Slit 용손형-45˚Steel Band부 절단,,1,SN_TY,1
,조선내화Non-Slit 용손형-45˚개재물 부착,,1,SN_TY,1
,조선내화Non-Slit 용손형-45˚기타 이상,,1,SN_TY,1
,조선내화Non-Slit 용손형-45˚슬래그 라인부 펑크,,1,SN_TY,1
,조선내화Non-Slit 용손형-45˚이물질(Quility),,1,SN_TY,1
,조선내화Non-Slit 용손형-45˚저속주조(Row speed),,1,SN_TY,1
,조선내화Non-Slit 용손형-45˚저온 막힘으로 주조 중단,,1,SN_TY,1
,조선내화Non-Slit 용손형-45˚정상(Pass),,1,SN_TY,1
,조선내화Non-Slit 용손형-45˚종크랙(Body부),,1,SN_TY,1
,조선내화Non-Slit 용손형-45˚토출구 상부 절단,,1,SN_TY,1
,조선내화Non-Slit 용손형-45˚토출구 하부 절단,,1,SN_TY,1
,조선내화Non-Slit 용손형-45˚횡크랙(Body부),,1,SN_TY,1
,조선내화Non-Slit 용손형-7.5˚Ar Inlet Socket부 용강유출,,1,SN_TY,1
,조선내화Non-Slit 용손형-7.5˚Body부 펑크,,1,SN_TY,1
,조선내화Non-Slit 용손형-7.5˚Flange부 절단,,1,SN_TY,1
,조선내화Non-Slit 용손형-7.5˚Lower,,1,SN_TY,1
,조선내화Non-Slit 용손형-7.5˚S/L부 과다 용손 절단,,1,SN_TY,1
,조선내화Non-Slit 용손형-7.5˚S/L부 열충격 절단,,1,SN_TY,1
,조선내화Non-Slit 용손형-7.5˚Steel Band부 절단,,1,SN_TY,1
,조선내화Non-Slit 용손형-7.5˚개재물 부,,1,SN_TY,1
,조선내화Non-Slit 용손형-7.5˚기타 이상,,1,SN_TY,1
,조선내화Non-Slit 용손형-7.5˚슬래그 라인부 펑크,,1,SN_TY,1
,조선내화Non-Slit 용손형-7.5˚이물질(Quility),,1,SN_TY,1
,조선내화Non-Slit 용손형-7.5˚저속주조(Row speed),,1,SN_TY,1
,조선내화Non-Slit 용손형-7.5˚저온 막힘으로 주조 중단,,1,SN_TY,1
,조선내화Non-Slit 용손형-7.5˚정상(Pass),,1,SN_TY,1
,조선내화Non-Slit 용손형-7.5˚종크랙(Body부),,1,SN_TY,1
,조선내화Non-Slit 용손형-7.5˚토출구 상부 절단,,1,SN_TY,1
,조선내화Non-Slit 용손형-7.5˚토출구 하부 절단,,1,SN_TY,1
,조선내화Non-Slit 용손형-7.5˚횡크랙(Body부),,1,SN_TY,1
,조선내화Non-Slit 용손형0˚Ar Inlet Socket부 용강유출,,1,SN_TY,1
,조선내화Non-Slit 용손형0˚Body부 펑크,,1,SN_TY,1
,조선내화Non-Slit 용손형0˚Flange부 절단,,1,SN_TY,1
,조선내화Non-Slit 용손형0˚Lower 노즐,,1,SN_TY,1
,조선내화Non-Slit 용손형0˚S/L부 과다 용손 절단,,1,SN_TY,1
,조선내화Non-Slit 용손형0˚S/L부 열충격 절단,,1,SN_TY,1
,조선내화Non-Slit 용손형0˚Steel Band부 절단,,1,SN_TY,1
,조선내화Non-Slit 용손형0˚개재물 부착 노,,1,SN_TY,1
,조선내화Non-Slit 용손형0˚기타 이상,,1,SN_TY,1
,조선내화Non-Slit 용손형0˚슬래그 라인부 펑크,,1,SN_TY,1
,조선내화Non-Slit 용손형0˚이물질(Quility),,1,SN_TY,1
,조선내화Non-Slit 용손형0˚저속주조(Row speed),,1,SN_TY,1
,조선내화Non-Slit 용손형0˚저온 막힘으로 주조 중단,,1,SN_TY,1
,조선내화Non-Slit 용손형0˚정상(Pass),,1,SN_TY,1
,조선내화Non-Slit 용손형0˚종크랙(Body부),,1,SN_TY,1
,조선내화Non-Slit 용손형0˚토출구 상부 절단,,1,SN_TY,1
,조선내화Non-Slit 용손형0˚토출구 하부 절단,,1,SN_TY,1
,조선내화Non-Slit 용손형0˚횡크랙(Body부),,1,SN_TY,1
,조선내화Round+15˚Ar Inlet Socket부 용강유출,,1,SN_TY,1
,조선내화Round+15˚Body부 펑크,,1,SN_TY,1
,조선내화Round+15˚Flange부 절단,,1,SN_TY,1
,조선내화Round+15˚Lower 노즐 ∼ 침지노즐 Setting부 용강유출,,1,SN_TY,1
,조선내화Round+15˚S/L부 과다 용손 절단,,1,SN_TY,1
,조선내화Round+15˚S/L부 열충격 절단,,1,SN_TY,1
,조선내화Round+15˚Steel Band부 절단,,1,SN_TY,1
,조선내화Round+15˚개재물 부착 노즐 막힘으로 주조 중단,,1,SN_TY,1
,조선내화Round+15˚기타 이상,,1,SN_TY,1
,조선내화Round+15˚슬래그 라인부 펑크,,1,SN_TY,1
,조선내화Round+15˚이물질(Quility),,1,SN_TY,1
,조선내화Round+15˚저속주조(Row speed),,1,SN_TY,1
,조선내화Round+15˚저온 막힘으로 주조 중단,,1,SN_TY,1
,조선내화Round+15˚정상(Pass),,1,SN_TY,1
,조선내화Round+15˚종크랙(Body부),,1,SN_TY,1
,조선내화Round+15˚토출구 상부 절단,,1,SN_TY,1
,조선내화Round+15˚토출구 하부 절단,,1,SN_TY,1
,조선내화Round+15˚횡크랙(Body부),,1,SN_TY,1
,조선내화Round- 25˚Ar Inlet Socket부 용강유출,,1,SN_TY,1
,조선내화Round- 25˚Body부 펑크,,1,SN_TY,1
,조선내화Round- 25˚Flange부 절단,,1,SN_TY,1
,조선내화Round- 25˚Lower 노즐 ∼ 침지노즐 Setting부 용강유출,,1,SN_TY,1
,조선내화Round- 25˚S/L부 과다 용손 절단,,1,SN_TY,1
,조선내화Round- 25˚S/L부 열충격 절단,,1,SN_TY,1
,조선내화Round- 25˚Steel Band부 절단,,1,SN_TY,1
,조선내화Round- 25˚개재물 부착 노즐 막힘으로 주조 중단,,1,SN_TY,1
,조선내화Round- 25˚기타 이상,,1,SN_TY,1
,조선내화Round- 25˚슬래그 라인부 펑크,,1,SN_TY,1
,조선내화Round- 25˚이물질(Quility),,1,SN_TY,1
,조선내화Round- 25˚저속주조(Row speed),,1,SN_TY,1
,조선내화Round- 25˚저온 막힘으로 주조 중단,,1,SN_TY,1
,조선내화Round- 25˚정상(Pass),,1,SN_TY,1
,조선내화Round- 25˚종크랙(Body부),,1,SN_TY,1
,조선내화Round- 25˚토출구 상부 절단,,1,SN_TY,1
,조선내화Round- 25˚토출구 하부 절단,,1,SN_TY,1
,조선내화Round- 25˚횡크랙(Body부),,1,SN_TY,1
,조선내화Round-15˚Ar Inlet Socket부 용강유출,,1,SN_TY,1
,조선내화Round-15˚Body부 펑크,,1,SN_TY,1
,조선내화Round-15˚Flange부 절단,,1,SN_TY,1
,조선내화Round-15˚Lower 노즐 ∼ 침지노즐 Setting부 용강유출,,1,SN_TY,1
,조선내화Round-15˚S/L부 과다 용손 절단,,1,SN_TY,1
,조선내화Round-15˚S/L부 열충격 절단,,1,SN_TY,1
,조선내화Round-15˚Steel Band부 절단,,1,SN_TY,1
,조선내화Round-15˚개재물 부착 노즐 막힘으로 주조 중단,,1,SN_TY,1
,조선내화Round-15˚기타 이상,,1,SN_TY,1
,조선내화Round-15˚슬래그 라인부 펑크,,1,SN_TY,1
,조선내화Round-15˚이물질(Quility),,1,SN_TY,1
,조선내화Round-15˚저속주조(Row speed),,1,SN_TY,1
,조선내화Round-15˚저온 막힘으로 주조 중단,,1,SN_TY,1
,조선내화Round-15˚정상(Pass),,1,SN_TY,1
,조선내화Round-15˚종크랙(Body부),,1,SN_TY,1
,조선내화Round-15˚토출구 상부 절단,,1,SN_TY,1
,조선내화Round-15˚토출구 하부 절단,,1,SN_TY,1
,조선내화Round-15˚횡크랙(Body부),,1,SN_TY,1
,조선내화Round-35˚Ar Inlet Socket부 용강유출,,1,SN_TY,1
,조선내화Round-35˚Body부 펑크,,1,SN_TY,1
,조선내화Round-35˚Flange부 절단,,1,SN_TY,1
,조선내화Round-35˚Lower 노즐 ∼ 침지노즐 Setting부 용강유출,,1,SN_TY,1
,조선내화Round-35˚S/L부 과다 용손 절단,,1,SN_TY,1
,조선내화Round-35˚S/L부 열충격 절단,,1,SN_TY,1
,조선내화Round-35˚Steel Band부 절단,,1,SN_TY,1
,조선내화Round-35˚개재물 부착 노즐 막힘으로 주조 중단,,1,SN_TY,1
,조선내화Round-35˚기타 이상,,1,SN_TY,1
,조선내화Round-35˚슬래그 라인부 펑크,,1,SN_TY,1
,조선내화Round-35˚이물질(Quility),,1,SN_TY,1
,조선내화Round-35˚저속주조(Row speed),,1,SN_TY,1
,조선내화Round-35˚저온 막힘으로 주조 중단,,1,SN_TY,1
,조선내화Round-35˚정상(Pass),,1,SN_TY,1
,조선내화Round-35˚종크랙(Body부),,1,SN_TY,1
,조선내화Round-35˚토출구 상부 절단,,1,SN_TY,1
,조선내화Round-35˚토출구 하부 절단,,1,SN_TY,1
,조선내화Round-35˚횡크랙(Body부),,1,SN_TY,1
,조선내화Round-45˚Ar Inlet Socket부 용강유출,,1,SN_TY,1
,조선내화Round-45˚Body부 펑크,,1,SN_TY,1
,조선내화Round-45˚Flange부 절단,,1,SN_TY,1
,조선내화Round-45˚Lower 노즐 ∼ 침지노즐 Setting부 용강유출,,1,SN_TY,1
,조선내화Round-45˚S/L부 과다 용손 절단,,1,SN_TY,1
,조선내화Round-45˚S/L부 열충격 절단,,1,SN_TY,1
,조선내화Round-45˚Steel Band부 절단,,1,SN_TY,1
,조선내화Round-45˚개재물 부착 노즐 막힘으로 주조 중단,,1,SN_TY,1
,조선내화Round-45˚기타 이상,,1,SN_TY,1
,조선내화Round-45˚슬래그 라인부 펑크,,1,SN_TY,1
,조선내화Round-45˚이물질(Quility),,1,SN_TY,1
,조선내화Round-45˚저속주조(Row speed),,1,SN_TY,1
,조선내화Round-45˚저온 막힘으로 주조 중단,,1,SN_TY,1
,조선내화Round-45˚정상(Pass),,1,SN_TY,1
,조선내화Round-45˚종크랙(Body부),,1,SN_TY,1
,조선내화Round-45˚토출구 상부 절단,,1,SN_TY,1
,조선내화Round-45˚토출구 하부 절단,,1,SN_TY,1
,조선내화Round-45˚횡크랙(Body부),,1,SN_TY,1
,조선내화Round-7.5˚Ar Inlet Socket부 용강유출,,1,SN_TY,1
,조선내화Round-7.5˚Body부 펑크,,1,SN_TY,1
,조선내화Round-7.5˚Flange부 절단,,1,SN_TY,1
,조선내화Round-7.5˚Lower 노즐 ∼ 침지노즐 Setting부 용강유출,,1,SN_TY,1
,조선내화Round-7.5˚S/L부 과다 용손 절단,,1,SN_TY,1
,조선내화Round-7.5˚S/L부 열충격 절단,,1,SN_TY,1
,조선내화Round-7.5˚Steel Band부 절단,,1,SN_TY,1
,조선내화Round-7.5˚개재물 부착 노즐 막힘으로 주조 중단,,1,SN_TY,1
,조선내화Round-7.5˚기타 이상,,1,SN_TY,1
,조선내화Round-7.5˚슬래그 라인부 펑크,,1,SN_TY,1
,조선내화Round-7.5˚이물질(Quility),,1,SN_TY,1
,조선내화Round-7.5˚저속주조(Row speed),,1,SN_TY,1
,조선내화Round-7.5˚저온 막힘으로 주조 중단,,1,SN_TY,1
,조선내화Round-7.5˚정상(Pass),,1,SN_TY,1
,조선내화Round-7.5˚종크랙(Body부),,1,SN_TY,1
,조선내화Round-7.5˚토출구 상부 절단,,1,SN_TY,1
,조선내화Round-7.5˚토출구 하부 절단,,1,SN_TY,1
,조선내화Round-7.5˚횡크랙(Body부),,1,SN_TY,1
,조선내화Round0˚Ar Inlet Socket부 용강유출,,1,SN_TY,1
,조선내화Round0˚Body부 펑크,,1,SN_TY,1
,조선내화Round0˚Flange부 절단,,1,SN_TY,1
,조선내화Round0˚Lower 노즐 ∼ 침지노즐 Setting부 용강유출,,1,SN_TY,1
,조선내화Round0˚S/L부 과다 용손 절단,,1,SN_TY,1
,조선내화Round0˚S/L부 열충격 절단,,1,SN_TY,1
,조선내화Round0˚Steel Band부 절단,,1,SN_TY,1
,조선내화Round0˚개재물 부착 노즐 막힘으로 주조 중단,,1,SN_TY,1
,조선내화Round0˚기타 이상,,1,SN_TY,1
,조선내화Round0˚슬래그 라인부 펑크,,1,SN_TY,1
,조선내화Round0˚이물질(Quility),,1,SN_TY,1
,조선내화Round0˚저속주조(Row speed),,1,SN_TY,1
,조선내화Round0˚저온 막힘으로 주조 중단,,1,SN_TY,1
,조선내화Round0˚정상(Pass),,1,SN_TY,1
,조선내화Round0˚종크랙(Body부),,1,SN_TY,1
,조선내화Round0˚토출구 상부 절단,,1,SN_TY,1
,조선내화Round0˚토출구 하부 절단,,1,SN_TY,1
,조선내화Round0˚횡크랙(Body부),,1,SN_TY,1
,조선내화단열 Slit 용손형+15˚Ar Inlet Socket부 용강유출,,1,SN_TY,1
,조선내화단열 Slit 용손형+15˚Body부 펑크,,1,SN_TY,1
,조선내화단열 Slit 용손형+15˚Flange부 절단,,1,SN_TY,1
,조선내화단열 Slit 용손형+15˚Lower 노,,1,SN_TY,1
,조선내화단열 Slit 용손형+15˚S/L부 과다 용손 절단,,1,SN_TY,1
,조선내화단열 Slit 용손형+15˚S/L부 열충격 절단,,1,SN_TY,1
,조선내화단열 Slit 용손형+15˚Steel Band부 절단,,1,SN_TY,1
,조선내화단열 Slit 용손형+15˚개재물 부착,,1,SN_TY,1
,조선내화단열 Slit 용손형+15˚기타 이상,,1,SN_TY,1
,조선내화단열 Slit 용손형+15˚슬래그 라인부 펑크,,1,SN_TY,1
,조선내화단열 Slit 용손형+15˚이물질(Quility),,1,SN_TY,1
,조선내화단열 Slit 용손형+15˚저속주조(Row speed),,1,SN_TY,1
,조선내화단열 Slit 용손형+15˚저온 막힘으로 주조 중단,,1,SN_TY,1
,조선내화단열 Slit 용손형+15˚정상(Pass),,1,SN_TY,1
,조선내화단열 Slit 용손형+15˚종크랙(Body부),,1,SN_TY,1
,조선내화단열 Slit 용손형+15˚토출구 상부 절단,,1,SN_TY,1
,조선내화단열 Slit 용손형+15˚토출구 하부 절단,,1,SN_TY,1
,조선내화단열 Slit 용손형+15˚횡크랙(Body부),,1,SN_TY,1
,조선내화단열 Slit 용손형- 25˚Ar Inlet Socket부 용강유출,,1,SN_TY,1
,조선내화단열 Slit 용손형- 25˚Body부 펑크,,1,SN_TY,1
,조선내화단열 Slit 용손형- 25˚Flange부 절단,,1,SN_TY,1
,조선내화단열 Slit 용손형- 25˚Lower,,1,SN_TY,1
,조선내화단열 Slit 용손형- 25˚S/L부 과다 용손 절단,,1,SN_TY,1
,조선내화단열 Slit 용손형- 25˚S/L부 열충격 절단,,1,SN_TY,1
,조선내화단열 Slit 용손형- 25˚Steel Band부 절단,,1,SN_TY,1
,조선내화단열 Slit 용손형- 25˚개재물 부착,,1,SN_TY,1
,조선내화단열 Slit 용손형- 25˚기타 이상,,1,SN_TY,1
,조선내화단열 Slit 용손형- 25˚슬래그 라인부 펑크,,1,SN_TY,1
,조선내화단열 Slit 용손형- 25˚이물질(Quility),,1,SN_TY,1
,조선내화단열 Slit 용손형- 25˚저속주조(Row speed),,1,SN_TY,1
,조선내화단열 Slit 용손형- 25˚저온 막힘으로 주조 중단,,1,SN_TY,1
,조선내화단열 Slit 용손형- 25˚정상(Pass),,1,SN_TY,1
,조선내화단열 Slit 용손형- 25˚종크랙(Body부),,1,SN_TY,1
,조선내화단열 Slit 용손형- 25˚토출구 상부 절단,,1,SN_TY,1
,조선내화단열 Slit 용손형- 25˚토출구 하부 절단,,1,SN_TY,1
,조선내화단열 Slit 용손형- 25˚횡크랙(Body부),,1,SN_TY,1
,조선내화단열 Slit 용손형-15˚Ar Inlet Socket부 용강유출,,1,SN_TY,1
,조선내화단열 Slit 용손형-15˚Body부 펑크,,1,SN_TY,1
,조선내화단열 Slit 용손형-15˚Flange부 절단,,1,SN_TY,1
,조선내화단열 Slit 용손형-15˚Lower 노,,1,SN_TY,1
,조선내화단열 Slit 용손형-15˚S/L부 과다 용손 절단,,1,SN_TY,1
,조선내화단열 Slit 용손형-15˚S/L부 열충격 절단,,1,SN_TY,1
,조선내화단열 Slit 용손형-15˚Steel Band부 절단,,1,SN_TY,1
,조선내화단열 Slit 용손형-15˚개재물 부착,,1,SN_TY,1
,조선내화단열 Slit 용손형-15˚기타 이상,,1,SN_TY,1
,조선내화단열 Slit 용손형-15˚슬래그 라인부 펑크,,1,SN_TY,1
,조선내화단열 Slit 용손형-15˚이물질(Quility),,1,SN_TY,1
,조선내화단열 Slit 용손형-15˚저속주조(Row speed),,1,SN_TY,1
,조선내화단열 Slit 용손형-15˚저온 막힘으로 주조 중단,,1,SN_TY,1
,조선내화단열 Slit 용손형-15˚정상(Pass),,1,SN_TY,1
,조선내화단열 Slit 용손형-15˚종크랙(Body부),,1,SN_TY,1
,조선내화단열 Slit 용손형-15˚토출구 상부 절단,,1,SN_TY,1
,조선내화단열 Slit 용손형-15˚토출구 하부 절단,,1,SN_TY,1
,조선내화단열 Slit 용손형-15˚횡크랙(Body부),,1,SN_TY,1
,조선내화단열 Slit 용손형-35˚Ar Inlet Socket부 용강유출,,1,SN_TY,1
,조선내화단열 Slit 용손형-35˚Body부 펑크,,1,SN_TY,1
,조선내화단열 Slit 용손형-35˚Flange부 절단,,1,SN_TY,1
,조선내화단열 Slit 용손형-35˚Lower 노,,1,SN_TY,1
,조선내화단열 Slit 용손형-35˚S/L부 과다 용손 절단,,1,SN_TY,1
,조선내화단열 Slit 용손형-35˚S/L부 열충격 절단,,1,SN_TY,1
,조선내화단열 Slit 용손형-35˚Steel Band부 절단,,1,SN_TY,1
,조선내화단열 Slit 용손형-35˚개재물 부착,,1,SN_TY,1
,조선내화단열 Slit 용손형-35˚기타 이상,,1,SN_TY,1
,조선내화단열 Slit 용손형-35˚슬래그 라인부 펑크,,1,SN_TY,1
,조선내화단열 Slit 용손형-35˚이물질(Quility),,1,SN_TY,1
,조선내화단열 Slit 용손형-35˚저속주조(Row speed),,1,SN_TY,1
,조선내화단열 Slit 용손형-35˚저온 막힘으로 주조 중단,,1,SN_TY,1
,조선내화단열 Slit 용손형-35˚정상(Pass),,1,SN_TY,1
,조선내화단열 Slit 용손형-35˚종크랙(Body부),,1,SN_TY,1
,조선내화단열 Slit 용손형-35˚토출구 상부 절단,,1,SN_TY,1
,조선내화단열 Slit 용손형-35˚토출구 하부 절단,,1,SN_TY,1
,조선내화단열 Slit 용손형-35˚횡크랙(Body부),,1,SN_TY,1
,조선내화단열 Slit 용손형-45˚Ar Inlet Socket부 용강유출,,1,SN_TY,1
,조선내화단열 Slit 용손형-45˚Body부 펑크,,1,SN_TY,1
,조선내화단열 Slit 용손형-45˚Flange부 절단,,1,SN_TY,1
,조선내화단열 Slit 용손형-45˚Lower 노,,1,SN_TY,1
,조선내화단열 Slit 용손형-45˚S/L부 과다 용손 절단,,1,SN_TY,1
,조선내화단열 Slit 용손형-45˚S/L부 열충격 절단,,1,SN_TY,1
,조선내화단열 Slit 용손형-45˚Steel Band부 절단,,1,SN_TY,1
,조선내화단열 Slit 용손형-45˚개재물 부착,,1,SN_TY,1
,조선내화단열 Slit 용손형-45˚기타 이상,,1,SN_TY,1
,조선내화단열 Slit 용손형-45˚슬래그 라인부 펑크,,1,SN_TY,1
,조선내화단열 Slit 용손형-45˚이물질(Quility),,1,SN_TY,1
,조선내화단열 Slit 용손형-45˚저속주조(Row speed),,1,SN_TY,1
,조선내화단열 Slit 용손형-45˚저온 막힘으로 주조 중단,,1,SN_TY,1
,조선내화단열 Slit 용손형-45˚정상(Pass),,1,SN_TY,1
,조선내화단열 Slit 용손형-45˚종크랙(Body부),,1,SN_TY,1
,조선내화단열 Slit 용손형-45˚토출구 상부 절단,,1,SN_TY,1
,조선내화단열 Slit 용손형-45˚토출구 하부 절단,,1,SN_TY,1
,조선내화단열 Slit 용손형-45˚횡크랙(Body부),,1,SN_TY,1
,조선내화단열 Slit 용손형-7.5˚Ar Inlet Socket부 용강유출,,1,SN_TY,1
,조선내화단열 Slit 용손형-7.5˚Body부 펑크,,1,SN_TY,1
,조선내화단열 Slit 용손형-7.5˚Flange부 절단,,1,SN_TY,1
,조선내화단열 Slit 용손형-7.5˚Lower,,1,SN_TY,1
,조선내화단열 Slit 용손형-7.5˚S/L부 과다 용손 절단,,1,SN_TY,1
,조선내화단열 Slit 용손형-7.5˚S/L부 열충격 절단,,1,SN_TY,1
,조선내화단열 Slit 용손형-7.5˚Steel Band부 절단,,1,SN_TY,1
,조선내화단열 Slit 용손형-7.5˚개재물 부착,,1,SN_TY,1
,조선내화단열 Slit 용손형-7.5˚기타 이상,,1,SN_TY,1
,조선내화단열 Slit 용손형-7.5˚슬래그 라인부 펑크,,1,SN_TY,1
,조선내화단열 Slit 용손형-7.5˚이물질(Quility),,1,SN_TY,1
,조선내화단열 Slit 용손형-7.5˚저속주조(Row speed),,1,SN_TY,1
,조선내화단열 Slit 용손형-7.5˚저온 막힘으로 주조 중단,,1,SN_TY,1
,조선내화단열 Slit 용손형-7.5˚정상(Pass),,1,SN_TY,1
,조선내화단열 Slit 용손형-7.5˚종크랙(Body부),,1,SN_TY,1
,조선내화단열 Slit 용손형-7.5˚토출구 상부 절단,,1,SN_TY,1
,조선내화단열 Slit 용손형-7.5˚토출구 하부 절단,,1,SN_TY,1
,조선내화단열 Slit 용손형-7.5˚횡크랙(Body부),,1,SN_TY,1
,조선내화단열 Slit 용손형0˚Ar Inlet Socket부 용강유출,,1,SN_TY,1
,조선내화단열 Slit 용손형0˚Body부 펑크,,1,SN_TY,1
,조선내화단열 Slit 용손형0˚Flange부 절단,,1,SN_TY,1
,조선내화단열 Slit 용손형0˚Lower 노즐,,1,SN_TY,1
,조선내화단열 Slit 용손형0˚S/L부 과다 용손 절단,,1,SN_TY,1
,조선내화단열 Slit 용손형0˚S/L부 열충격 절단,,1,SN_TY,1
,조선내화단열 Slit 용손형0˚Steel Band부 절단,,1,SN_TY,1
,조선내화단열 Slit 용손형0˚개재물 부착 노즐,,1,SN_TY,1
,조선내화단열 Slit 용손형0˚기타 이상,,1,SN_TY,1
,조선내화단열 Slit 용손형0˚슬래그 라인부 펑크,,1,SN_TY,1
,조선내화단열 Slit 용손형0˚이물질(Quility),,1,SN_TY,1
,조선내화단열 Slit 용손형0˚저속주조(Row speed),,1,SN_TY,1
,조선내화단열 Slit 용손형0˚저온 막힘으로 주조 중단,,1,SN_TY,1
,조선내화단열 Slit 용손형0˚정상(Pass),,1,SN_TY,1
,조선내화단열 Slit 용손형0˚종크랙(Body부),,1,SN_TY,1
,조선내화단열 Slit 용손형0˚토출구 상부 절단,,1,SN_TY,1
,조선내화단열 Slit 용손형0˚토출구 하부 절단,,1,SN_TY,1
,조선내화단열 Slit 용손형0˚횡크랙(Body부),,1,SN_TY,1
,조업도달성휴지,,1,EQUIP_STOP_CD,1
,조정 후 생산가능,,1,INQ_REVIEW_RSLT_FL,1
,조정능력,,1,CAPA_FL,1
,조정대상,,1,WK_INST_YN,1
,조치,,1,HOLD_MTL_STS_CD,1
,조치대상,,1,SMP_ABNR_ACTION_TY,1
,조치완료,,1,SMP_ABNR_ACTION_TY,1
,종속,,1,REP_YN,1
,종합판정등급 불합격综合判定等级 不合格,,1,PROD_TOT_UNJDG_CAU_TY,1
,종합판정지연,,1,DELV_DELEY_CAU_CD,1
,주간계획,Week,1,PLAN_TY,1
,주문재,APO,1,ORD_FL,1
,주문투입계획,,1,CAPA_KIND,1
,주편냉각기준 준수,,1,QLT_MSG_CD,1
,주편없는 미완주 반송,Partial Return w/o slab,1,CAST_COMP_TY,1
,주편인출,Cut Slab Drawing,1,INPUT_AREA_CD,1
,주편있는 미완주 반송,Partial Return with slab,1,CAST_COMP_TY,1
,죽순,,1,RTN_CAU_CD,1
,"중,대수리","Middle,Large Stoppage",1,LD_RPR_TY,1
,중간소수리,Intermediate Operational Stoppage,1,LD_RPR_TY,1
,중간수리,Intermediate Stoppage,1,LD_RPR_TY,1
,중간중수리,Intermediate Middle Stoppage,1,LD_RPR_TY,1
,중국규격 외곡,GB Standatd,1,QLT_TOL_UNT_TY,1
,중국규격 중곡,GB Standatd,1,QLT_TOL_UNT_TY,1
,중량불량,,1,SPL_CAU_CD,1
,중성염무시험,,1,PROD_GRP_MECH_KND,1
,중수리,,1,EQUIP_STOP_CD,1
,중수리후 신ladle,"After Middle stoppage, New Ladle",1,LD_STS,1
,중처리 and Powder Injection and Oxygeon Blowing 미실시,,1,RH_PROC_PTRN,1
,중처리 and Powder Injection and Oxygeon Blowing 실시,,1,RH_PROC_PTRN,1
,중처리 and Wire Feeding and Oxygeon Blowing 미실시,,1,RH_PROC_PTRN,1
,중처리 and Wire Feeding and Oxygeon Blowing 실시,,1,RH_PROC_PTRN,1
,중처리 and 처리미지정(SPACE) and Oxygeon Blowing 미실시,,1,RH_PROC_PTRN,1
,중처리 and 처리미지정(SPACE) and Oxygeon Blowing 실시,,1,RH_PROC_PTRN,1
,지급인도,Documents against Payment,1,EXP_DOC_TY,1
,지시,,1,SLAB_CHARG_PROG_TY,1
,지시대상,,1,WK_INST_YN,1
,지시재료번호,Inst Material No,1,SMP_CONDITION_KEY,1
,지시확정,,1,WK_INST_YN,1
,직각도.형상불량,"Abnormal Camber, Shape",1,RTN_CAU_CD,1
,직수출,,1,ORD_RCPT_TY,1
,진입측 대기위치,Waiting Position at Entry Side,1,PIT_NO,1
,질소첨가강 취련,,1,BLW_PTRN,1
,질소코팅,N2 Coating,1,COAT_METHOD,1
,짱구,,1,RTN_CAU_CD,1
,차량과 동행(기본치),,1,QCERT_DELV_CD,1
,철피수리,,1,TLC_RPR_STS,1
,철피적열,,1,TLC_RPR_TY,1
,청정도시험,,1,PROD_GRP_MECH_KND,1
,초+1주편,First + 1 slab,1,SLAB_CUT_POSIT_CD,1
,"초,말주편 여재",,1,QLT_MSG_CD,1
,초고급표면,,1,SURF_GRD,1
,초주편,Continuous Casting(first slab),1,SLAB_CUT_POSIT_CD,1
,최대 수주량 기준관리,,1,ORD_QTY_STD_TY,1
,최대 칫수 초과,Exceed Max Size,1,RTN_CAU_CD,1
,최소 수주량 기준관리,,1,ORD_QTY_STD_TY,1
,최소 칫수 미달,Under Min Size,1,RTN_CAU_CD,1
,추출(出炉),,1,CH_DISCH_FL,1
,추출(出炉),Plate is discharged out of furnace,1,HTM_CH_DISCH_FL,1
,축조완료,Constrcution Complete,1,LD_RPR_STS,1
,축조중,Under Construction,1,LD_RPR_STS,1
,출강,Tapping,1,INPUT_AREA_CD,1
,출강  CYCLE 부적,Tapping CYCLE Abnoraml,1,BO_OCC_REASON_CD,1
,출강구 Spray,,1,EQUIP_STOP_CD,1
,출강구 교환,,1,EQUIP_STOP_CD,1
,출강구지금제거,,1,EQUIP_STOP_CD,1
,출강류상태불량,Tapping Abnormal,1,OPER_ABNR_REASON_CD,1
,출강온도상한엄격,,1,QLT_MSG_CD,1
,출강온도엄격 관리재,,1,QLT_MSG_CD,1
,출강온도하한엄격,,1,QLT_MSG_CD,1
,출강저온,Low Temp. from Tapping,1,OB_EXEC_PURPOSE,1
,출강저온,Low Temperature,1,UNPLAN_PROC_CD,1
,출강지연,Delayed Tapping,1,RTN_CAU_CD,1
,출고지연,,1,DELV_DELEY_CAU_CD,1
,출측,DELIVARY,1,ENT_DLV_TP,1
,출측,Delivary Side,1,EQUIP_LOC,1
,충격시험,,1,PROD_GRP_MECH_KND,1
,충격추가시험1,,1,PROD_GRP_MECH_KND,1
,충격추가시험2,,1,PROD_GRP_MECH_KND,1
,충격추가시험3,,1,PROD_GRP_MECH_KND,1
,충격추가시험4,,1,PROD_GRP_MECH_KND,1
,충당/목전,,1,ERP_REPORT_TY,1
,취련1,Blowing1,1,INPUT_AREA_CD,1
,취련2,Blowing2,1,INPUT_AREA_CD,1
,취련3,Blowing3,1,INPUT_AREA_CD,1
,취련4,Blowing4,1,INPUT_AREA_CD,1
,취련5,Blowing5,1,INPUT_AREA_CD,1
,취련6,Blowing6,1,INPUT_AREA_CD,1
,취련7,Blowing7,1,INPUT_AREA_CD,1
,취련8,Blowing8,1,INPUT_AREA_CD,1
,취련대기,,1,EQUIP_STOP_CD,1
,취련비상정지,Blowing Abnormal Stop,1,OPER_ABNR_REASON_CD,1
,취련중 Sub-Lance 1차측정,"During Blowing, Sub-Lance 1st Measuring",1,STEEL_MSU_TEMP_AREA_CD,1
,취련중 Sub-Lance 2차측정,"During Blowing, Sub-Lance 2nd Measuring",1,STEEL_MSU_TEMP_AREA_CD,1
,취련중 Sub-Lance 3차측정,"During Blowing, Sub-Lance 3rd Measuring",1,STEEL_MSU_TEMP_AREA_CD,1
,취련중 Sub-Lance 4차측정,"During Blowing, Sub-Lance 4th Measuring",1,STEEL_MSU_TEMP_AREA_CD,1
,취련중 Sub-Lance 5차측정,"During Blowing, Sub-Lance 5th Measuring",1,STEEL_MSU_TEMP_AREA_CD,1
,취련후 Imm 1차측정,"Arfer blowing, 1st Imm measuring",1,IMMS_MSU_AREA_CD,1
,취련후 Imm 2차측정,"Arfer blowing, 2nd Imm measuring",1,IMMS_MSU_AREA_CD,1
,취련후 Imm 3차측정,"Arfer blowing, 3rd Imm measuring",1,IMMS_MSU_AREA_CD,1
,취련후 Sub-Lance 1차측정,"After Blowing, Sub-Lance 1st Measuring",1,STEEL_MSU_TEMP_AREA_CD,1
,취련후 Sub-Lance 2차측정,"After Blowing, Sub-Lance 2nd Measuring",1,STEEL_MSU_TEMP_AREA_CD,1
,취련후 Sub-Lance 3차측정,"After Blowing, Sub-Lance 3rd Measuring",1,STEEL_MSU_TEMP_AREA_CD,1
,취련후 Sub-Lance 4차측정,"After Blowing, Sub-Lance 4th Measuring",1,STEEL_MSU_TEMP_AREA_CD,1
,취련후 Sub-Lance 5차측정,"After Blowing, Sub-Lance 5th Measuring",1,STEEL_MSU_TEMP_AREA_CD,1
,취소 대상 주문,,1,PROD_HOLD_FL,1
,치수불량,,1,SPL_CAU_CD,1
,치출,,1,RTN_CAU_CD,1
,침지개공,Immersed Opening,1,LD_OPEN_TY,1
,침지노즐  CRACK,SN Crack,1,RTN_CAU_CD,1
,침지노즐  탈락,,1,RTN_CAU_CD,1
,침지노즐  폐쇄,SN Close,1,RTN_CAU_CD,1
,침지노즐 CRACK,Settle Nozzle CRACK,1,BO_OCC_REASON_CD,1
,침지노즐 용손과다,,2,BO_OCC_REASON_CD,2
,침지노즐 탈락,Settle Nozzle Abnormal,1,BO_OCC_REASON_CD,1
,침지노즐 폐쇄,Settle Nozzle Close,1,BO_OCC_REASON_CD,1
,컨베이어,Conveyor,1,YD_EQUIP_TY,1
,코크스,Cokes,1,ROUTING_CD,1
,코크스 반제품,,1,WIP_INV_CD,1
,코크스 부산물,,1,WIP_INV_CD,1
,크랙잔류,Crack,1,ROLL_DISCARD_RSN_TY,1
,타각 불필요,,1,ENGRV_MRK_CD,1
,탈 Sol-Al,De-Sol-Al,1,OB_EXEC_PURPOSE,1
,탈 수소,De-hydrogen,1,UNPLAN_PROC_CD,1
,탈P,De-P,1,PI_TY,1
,탈P+미처리,De-P+Not Process,1,PI_TY,1
,탈S,De-S,1,PI_TY,1
,탈S+미처리,De-S+Not Process,1,PI_TY,1
,탈S+탈P,De-S+De-P,1,PI_TY,1
,탈S+탈P+미처리,De-S+De-P+Not Process,1,PI_TY,1
,탈Si,De-Si,1,PROC_PTRN,1
,탈류,De-S,1,PROC_PTRN,1
,"탈류,탈린 용선대기",,1,EQUIP_STOP_CD,1
,탈인,De-P,1,PROC_PTRN,1
,탈인+탈류,De-P + De-S,1,PROC_PTRN,1
,탈탄(산소에 의한 탈탄),De-C(Cause of  Oxygen),1,OB_EXEC_PURPOSE,1
,탈탄(온도에 의한 탈탄),De-C(Cause of Temp.),1,OB_EXEC_PURPOSE,1
,탕면측정,,1,EQUIP_STOP_CD,1
,탕면측정,Measuring Pig Iron Surface,1,PROBE_TY,1
,택배,,1,QCERT_DELV_CD,1
,터짐,,1,RTN_CAU_CD,1
,투입소재 원단위,Mat. Input Unit Wgt.,1,OPER_STD_TY,1
,특이강종 취련,Special Steel Grade Blowing,1,BLW_PTRN,1
,파문도시험,,1,PROD_GRP_MECH_KND,1
,판매계획생산,,1,ORD_RCPT_TY,1
,판매품,Finished Goods,1,ITEM_TY,1
,펠릿 반제품,,1,WIP_INV_CD,1
,펠릿 부산물,,1,WIP_INV_CD,1
,폐기,Discard,1,ROLL_STS,1
,폭 Extra 가격 적용항목,Width Extra price apply item,1,RXTRA_PRICE_ITEM,1
,폭 정밀검사,,1,QLT_MSG_CD,1
,폭발 및 화재사고,,1,EQUIP_STOP_CD,1
,폭불량,Abnormal Width,1,RTN_CAU_CD,1
,표면불량,,1,SPL_CAU_CD,1
,표면응고 : 주선기처리 + O2 Blowing(용선이 응고),Surface Coagulation,1,TLC_STS,1
,표면조도시험,,1,PROD_GRP_MECH_KND,1
,표면지금 : TCC + 공차 후배재처리 (외부에 지금 부착),Surface Slag,1,TLC_STS,1
,표면흠 등급 적용,,1,QLT_MSG_CD,1
,표준규격별로 판정기준이 구별됨,A,1,MECH_JDG_STD_TP,1
,품질 엄격재,,1,QLT_MSG_CD,1
,품질설계지연,,1,DELV_DELEY_CAU_CD,1
,피로시험,,1,PROD_GRP_MECH_KND,1
,한국어,,1,LANG_CD,1
,한국어,korean,1,DEF_LANG,1
,합격,Y,1,JDG_CD,1
,"합금철, Cr류",Ferro Alloy - Cr,1,RMTRL_TY,1
,"합금철, Ni류",Ferro Alloy - Ni,1,RMTRL_TY,1
,"합금철,탈산제 투입이상(량,시기)","Ferro Arroy, De-Oxide Abnr.",1,OPER_ABNR_REASON_CD,1
,해체중,In Disassembling,1,LD_RPR_STS,1
,현물반납,,1,PROD_RTN_TP,1
,협폭재 생산 대기,,1,EQUIP_STOP_CD,1
,형상불량,,1,SPL_CAU_CD,1
,화살,,1,RTN_CAU_CD,1
,화염절단개시 火焰切割开始,Frame Cutting Start,1,PLT_OPER_TRK_CD,1
,화염절단종료 火焰切割结束,Frame Cutting Finish,1,PLT_OPER_TRK_CD,1
,확공시험,,1,PROD_GRP_MECH_KND,1
,확정,,1,FAC_DCN_ERR_FL,1
,확정지시,On Working Production Instruction,1,INQ_TP,1
,회송용강 ６０톤 이상 재장입,Re-Charging over 6 Ton.,1,OPER_ABNR_REASON_CD,1
,후배재필수 : T-STOPPER사용 및 내부 SLAG 잔존 후배재처리,Need Post de-slagging,1,TLC_STS,1
,후판 두께계산시 공차미적용,,1,THK_CAL_FL,1
,후판 두께계산시 공차적용,,1,THK_CAL_FL,1
,후판(4300厚板轧制),,1,PLT_PROC_CD,1
,휴지시간,Duration Hours,1,OPER_STD_TY,1
,흠,Defect,1,RTN_CAU_CD,1
,１차냉각계통  이상,１st Cooling Abnor.,1,BO_OCC_REASON_CD,1
,２차냉각계통  이상,２nd cooling Abnor.,1,BO_OCC_REASON_CD,1
